[2026-05-06T19:12:15.007+0000] {processor.py:161} INFO - Started process (PID=160) to work on /opt/airflow/dags/pipeline_dag.py
[2026-05-06T19:12:15.012+0000] {processor.py:830} INFO - Processing file /opt/airflow/dags/pipeline_dag.py for tasks to queue
[2026-05-06T19:12:15.034+0000] {logging_mixin.py:188} INFO - [2026-05-06T19:12:15.031+0000] {dagbag.py:545} INFO - Filling up the DagBag from /opt/airflow/dags/pipeline_dag.py
[2026-05-06T19:12:15.230+0000] {processor.py:840} INFO - DAG(s) 'ab_test_medallion_pipeline' retrieved from /opt/airflow/dags/pipeline_dag.py
[2026-05-06T19:12:16.730+0000] {logging_mixin.py:188} INFO - [2026-05-06T19:12:16.718+0000] {override.py:1829} INFO - Created Permission View: can read on DAG:ab_test_medallion_pipeline
[2026-05-06T19:12:16.832+0000] {logging_mixin.py:188} INFO - [2026-05-06T19:12:16.831+0000] {override.py:1829} INFO - Created Permission View: can delete on DAG:ab_test_medallion_pipeline
[2026-05-06T19:12:16.907+0000] {logging_mixin.py:188} INFO - [2026-05-06T19:12:16.907+0000] {override.py:1829} INFO - Created Permission View: can edit on DAG:ab_test_medallion_pipeline
[2026-05-06T19:12:16.914+0000] {logging_mixin.py:188} INFO - [2026-05-06T19:12:16.913+0000] {dag.py:3096} INFO - Sync 1 DAGs
[2026-05-06T19:12:17.093+0000] {logging_mixin.py:188} INFO - [2026-05-06T19:12:17.092+0000] {dag.py:3118} INFO - Creating ORM DAG for ab_test_medallion_pipeline
[2026-05-06T19:12:17.211+0000] {logging_mixin.py:188} INFO - [2026-05-06T19:12:17.210+0000] {dag.py:3954} INFO - Setting next_dagrun for ab_test_medallion_pipeline to 2026-05-05 00:00:00+00:00, run_after=2026-05-06 00:00:00+00:00
[2026-05-06T19:12:17.398+0000] {processor.py:183} INFO - Processing /opt/airflow/dags/pipeline_dag.py took 2.475 seconds
[2026-05-06T19:12:47.699+0000] {processor.py:161} INFO - Started process (PID=166) to work on /opt/airflow/dags/pipeline_dag.py
[2026-05-06T19:12:47.705+0000] {processor.py:830} INFO - Processing file /opt/airflow/dags/pipeline_dag.py for tasks to queue
[2026-05-06T19:12:47.721+0000] {logging_mixin.py:188} INFO - [2026-05-06T19:12:47.720+0000] {dagbag.py:545} INFO - Filling up the DagBag from /opt/airflow/dags/pipeline_dag.py
[2026-05-06T19:12:47.814+0000] {processor.py:840} INFO - DAG(s) 'ab_test_medallion_pipeline' retrieved from /opt/airflow/dags/pipeline_dag.py
[2026-05-06T19:12:48.025+0000] {logging_mixin.py:188} INFO - [2026-05-06T19:12:48.025+0000] {dag.py:3096} INFO - Sync 1 DAGs
[2026-05-06T19:12:48.162+0000] {logging_mixin.py:188} INFO - [2026-05-06T19:12:48.161+0000] {dag.py:3954} INFO - Setting next_dagrun for ab_test_medallion_pipeline to 2026-05-05 00:00:00+00:00, run_after=2026-05-06 00:00:00+00:00
[2026-05-06T19:12:48.215+0000] {processor.py:183} INFO - Processing /opt/airflow/dags/pipeline_dag.py took 0.578 seconds
[2026-05-06T19:13:18.464+0000] {processor.py:161} INFO - Started process (PID=171) to work on /opt/airflow/dags/pipeline_dag.py
[2026-05-06T19:13:18.469+0000] {processor.py:830} INFO - Processing file /opt/airflow/dags/pipeline_dag.py for tasks to queue
[2026-05-06T19:13:18.480+0000] {logging_mixin.py:188} INFO - [2026-05-06T19:13:18.479+0000] {dagbag.py:545} INFO - Filling up the DagBag from /opt/airflow/dags/pipeline_dag.py
[2026-05-06T19:13:18.552+0000] {processor.py:840} INFO - DAG(s) 'ab_test_medallion_pipeline' retrieved from /opt/airflow/dags/pipeline_dag.py
[2026-05-06T19:13:18.666+0000] {logging_mixin.py:188} INFO - [2026-05-06T19:13:18.666+0000] {dag.py:3096} INFO - Sync 1 DAGs
[2026-05-06T19:13:18.809+0000] {logging_mixin.py:188} INFO - [2026-05-06T19:13:18.809+0000] {dag.py:3954} INFO - Setting next_dagrun for ab_test_medallion_pipeline to 2026-05-05 00:00:00+00:00, run_after=2026-05-06 00:00:00+00:00
[2026-05-06T19:13:18.867+0000] {processor.py:183} INFO - Processing /opt/airflow/dags/pipeline_dag.py took 0.434 seconds
[2026-05-06T19:13:49.108+0000] {processor.py:161} INFO - Started process (PID=176) to work on /opt/airflow/dags/pipeline_dag.py
[2026-05-06T19:13:49.111+0000] {processor.py:830} INFO - Processing file /opt/airflow/dags/pipeline_dag.py for tasks to queue
[2026-05-06T19:13:49.115+0000] {logging_mixin.py:188} INFO - [2026-05-06T19:13:49.114+0000] {dagbag.py:545} INFO - Filling up the DagBag from /opt/airflow/dags/pipeline_dag.py
[2026-05-06T19:13:49.150+0000] {processor.py:840} INFO - DAG(s) 'ab_test_medallion_pipeline' retrieved from /opt/airflow/dags/pipeline_dag.py
[2026-05-06T19:13:49.264+0000] {logging_mixin.py:188} INFO - [2026-05-06T19:13:49.264+0000] {dag.py:3096} INFO - Sync 1 DAGs
[2026-05-06T19:13:49.331+0000] {logging_mixin.py:188} INFO - [2026-05-06T19:13:49.331+0000] {dag.py:3954} INFO - Setting next_dagrun for ab_test_medallion_pipeline to 2026-05-05 00:00:00+00:00, run_after=2026-05-06 00:00:00+00:00
[2026-05-06T19:13:49.371+0000] {processor.py:183} INFO - Processing /opt/airflow/dags/pipeline_dag.py took 0.283 seconds
[2026-05-06T19:14:19.629+0000] {processor.py:161} INFO - Started process (PID=181) to work on /opt/airflow/dags/pipeline_dag.py
[2026-05-06T19:14:19.656+0000] {processor.py:830} INFO - Processing file /opt/airflow/dags/pipeline_dag.py for tasks to queue
[2026-05-06T19:14:19.660+0000] {logging_mixin.py:188} INFO - [2026-05-06T19:14:19.659+0000] {dagbag.py:545} INFO - Filling up the DagBag from /opt/airflow/dags/pipeline_dag.py
[2026-05-06T19:14:19.721+0000] {processor.py:840} INFO - DAG(s) 'ab_test_medallion_pipeline' retrieved from /opt/airflow/dags/pipeline_dag.py
[2026-05-06T19:14:19.807+0000] {logging_mixin.py:188} INFO - [2026-05-06T19:14:19.806+0000] {dag.py:3096} INFO - Sync 1 DAGs
[2026-05-06T19:14:19.863+0000] {logging_mixin.py:188} INFO - [2026-05-06T19:14:19.862+0000] {dag.py:3954} INFO - Setting next_dagrun for ab_test_medallion_pipeline to 2026-05-05 00:00:00+00:00, run_after=2026-05-06 00:00:00+00:00
[2026-05-06T19:14:19.900+0000] {processor.py:183} INFO - Processing /opt/airflow/dags/pipeline_dag.py took 0.289 seconds
[2026-05-06T19:14:50.121+0000] {processor.py:161} INFO - Started process (PID=186) to work on /opt/airflow/dags/pipeline_dag.py
[2026-05-06T19:14:50.124+0000] {processor.py:830} INFO - Processing file /opt/airflow/dags/pipeline_dag.py for tasks to queue
[2026-05-06T19:14:50.128+0000] {logging_mixin.py:188} INFO - [2026-05-06T19:14:50.127+0000] {dagbag.py:545} INFO - Filling up the DagBag from /opt/airflow/dags/pipeline_dag.py
[2026-05-06T19:14:50.163+0000] {processor.py:840} INFO - DAG(s) 'ab_test_medallion_pipeline' retrieved from /opt/airflow/dags/pipeline_dag.py
[2026-05-06T19:14:50.227+0000] {logging_mixin.py:188} INFO - [2026-05-06T19:14:50.227+0000] {dag.py:3096} INFO - Sync 1 DAGs
[2026-05-06T19:14:50.294+0000] {logging_mixin.py:188} INFO - [2026-05-06T19:14:50.293+0000] {dag.py:3954} INFO - Setting next_dagrun for ab_test_medallion_pipeline to 2026-05-05 00:00:00+00:00, run_after=2026-05-06 00:00:00+00:00
[2026-05-06T19:14:50.341+0000] {processor.py:183} INFO - Processing /opt/airflow/dags/pipeline_dag.py took 0.240 seconds
[2026-05-06T19:15:20.648+0000] {processor.py:161} INFO - Started process (PID=203) to work on /opt/airflow/dags/pipeline_dag.py
[2026-05-06T19:15:20.700+0000] {processor.py:830} INFO - Processing file /opt/airflow/dags/pipeline_dag.py for tasks to queue
[2026-05-06T19:15:20.755+0000] {logging_mixin.py:188} INFO - [2026-05-06T19:15:20.753+0000] {dagbag.py:545} INFO - Filling up the DagBag from /opt/airflow/dags/pipeline_dag.py
[2026-05-06T19:15:20.955+0000] {processor.py:840} INFO - DAG(s) 'ab_test_medallion_pipeline' retrieved from /opt/airflow/dags/pipeline_dag.py
[2026-05-06T19:15:21.228+0000] {logging_mixin.py:188} INFO - [2026-05-06T19:15:21.228+0000] {dag.py:3096} INFO - Sync 1 DAGs
[2026-05-06T19:15:21.552+0000] {logging_mixin.py:188} INFO - [2026-05-06T19:15:21.551+0000] {dag.py:3954} INFO - Setting next_dagrun for ab_test_medallion_pipeline to 2026-05-06 00:00:00+00:00, run_after=2026-05-07 00:00:00+00:00
[2026-05-06T19:15:21.795+0000] {processor.py:183} INFO - Processing /opt/airflow/dags/pipeline_dag.py took 1.214 seconds
[2026-05-06T19:15:52.686+0000] {processor.py:161} INFO - Started process (PID=351) to work on /opt/airflow/dags/pipeline_dag.py
[2026-05-06T19:15:52.690+0000] {processor.py:830} INFO - Processing file /opt/airflow/dags/pipeline_dag.py for tasks to queue
[2026-05-06T19:15:52.726+0000] {logging_mixin.py:188} INFO - [2026-05-06T19:15:52.714+0000] {dagbag.py:545} INFO - Filling up the DagBag from /opt/airflow/dags/pipeline_dag.py
[2026-05-06T19:15:53.125+0000] {processor.py:840} INFO - DAG(s) 'ab_test_medallion_pipeline' retrieved from /opt/airflow/dags/pipeline_dag.py
[2026-05-06T19:15:54.290+0000] {logging_mixin.py:188} INFO - [2026-05-06T19:15:54.289+0000] {dag.py:3096} INFO - Sync 1 DAGs
[2026-05-06T19:15:55.026+0000] {logging_mixin.py:188} INFO - [2026-05-06T19:15:55.026+0000] {dag.py:3954} INFO - Setting next_dagrun for ab_test_medallion_pipeline to 2026-05-06 00:00:00+00:00, run_after=2026-05-07 00:00:00+00:00
[2026-05-06T19:15:55.561+0000] {processor.py:183} INFO - Processing /opt/airflow/dags/pipeline_dag.py took 2.994 seconds
[2026-05-06T19:16:25.813+0000] {processor.py:161} INFO - Started process (PID=356) to work on /opt/airflow/dags/pipeline_dag.py
[2026-05-06T19:16:25.824+0000] {processor.py:830} INFO - Processing file /opt/airflow/dags/pipeline_dag.py for tasks to queue
[2026-05-06T19:16:25.830+0000] {logging_mixin.py:188} INFO - [2026-05-06T19:16:25.829+0000] {dagbag.py:545} INFO - Filling up the DagBag from /opt/airflow/dags/pipeline_dag.py
[2026-05-06T19:16:26.083+0000] {processor.py:840} INFO - DAG(s) 'ab_test_medallion_pipeline' retrieved from /opt/airflow/dags/pipeline_dag.py
[2026-05-06T19:16:26.382+0000] {logging_mixin.py:188} INFO - [2026-05-06T19:16:26.381+0000] {dag.py:3096} INFO - Sync 1 DAGs
[2026-05-06T19:16:26.648+0000] {logging_mixin.py:188} INFO - [2026-05-06T19:16:26.646+0000] {dag.py:3954} INFO - Setting next_dagrun for ab_test_medallion_pipeline to 2026-05-06 00:00:00+00:00, run_after=2026-05-07 00:00:00+00:00
[2026-05-06T19:16:26.806+0000] {processor.py:183} INFO - Processing /opt/airflow/dags/pipeline_dag.py took 1.053 seconds
[2026-05-06T19:16:57.803+0000] {processor.py:161} INFO - Started process (PID=361) to work on /opt/airflow/dags/pipeline_dag.py
[2026-05-06T19:16:57.822+0000] {processor.py:830} INFO - Processing file /opt/airflow/dags/pipeline_dag.py for tasks to queue
[2026-05-06T19:16:57.884+0000] {logging_mixin.py:188} INFO - [2026-05-06T19:16:57.870+0000] {dagbag.py:545} INFO - Filling up the DagBag from /opt/airflow/dags/pipeline_dag.py
[2026-05-06T19:16:58.206+0000] {processor.py:840} INFO - DAG(s) 'ab_test_medallion_pipeline' retrieved from /opt/airflow/dags/pipeline_dag.py
[2026-05-06T19:16:58.572+0000] {logging_mixin.py:188} INFO - [2026-05-06T19:16:58.571+0000] {dag.py:3096} INFO - Sync 1 DAGs
[2026-05-06T19:16:58.898+0000] {logging_mixin.py:188} INFO - [2026-05-06T19:16:58.891+0000] {dag.py:3954} INFO - Setting next_dagrun for ab_test_medallion_pipeline to 2026-05-06 00:00:00+00:00, run_after=2026-05-07 00:00:00+00:00
[2026-05-06T19:16:59.083+0000] {processor.py:183} INFO - Processing /opt/airflow/dags/pipeline_dag.py took 1.435 seconds
[2026-05-06T19:17:29.786+0000] {processor.py:161} INFO - Started process (PID=366) to work on /opt/airflow/dags/pipeline_dag.py
[2026-05-06T19:17:29.797+0000] {processor.py:830} INFO - Processing file /opt/airflow/dags/pipeline_dag.py for tasks to queue
[2026-05-06T19:17:29.842+0000] {logging_mixin.py:188} INFO - [2026-05-06T19:17:29.837+0000] {dagbag.py:545} INFO - Filling up the DagBag from /opt/airflow/dags/pipeline_dag.py
[2026-05-06T19:17:30.022+0000] {processor.py:840} INFO - DAG(s) 'ab_test_medallion_pipeline' retrieved from /opt/airflow/dags/pipeline_dag.py
[2026-05-06T19:17:30.461+0000] {logging_mixin.py:188} INFO - [2026-05-06T19:17:30.460+0000] {dag.py:3096} INFO - Sync 1 DAGs
[2026-05-06T19:17:30.724+0000] {logging_mixin.py:188} INFO - [2026-05-06T19:17:30.723+0000] {dag.py:3954} INFO - Setting next_dagrun for ab_test_medallion_pipeline to 2026-05-06 00:00:00+00:00, run_after=2026-05-07 00:00:00+00:00
[2026-05-06T19:17:30.878+0000] {processor.py:183} INFO - Processing /opt/airflow/dags/pipeline_dag.py took 1.150 seconds
[2026-05-06T19:18:01.349+0000] {processor.py:161} INFO - Started process (PID=371) to work on /opt/airflow/dags/pipeline_dag.py
[2026-05-06T19:18:01.373+0000] {processor.py:830} INFO - Processing file /opt/airflow/dags/pipeline_dag.py for tasks to queue
[2026-05-06T19:18:01.424+0000] {logging_mixin.py:188} INFO - [2026-05-06T19:18:01.390+0000] {dagbag.py:545} INFO - Filling up the DagBag from /opt/airflow/dags/pipeline_dag.py
[2026-05-06T19:18:01.595+0000] {processor.py:840} INFO - DAG(s) 'ab_test_medallion_pipeline' retrieved from /opt/airflow/dags/pipeline_dag.py
[2026-05-06T19:18:01.981+0000] {logging_mixin.py:188} INFO - [2026-05-06T19:18:01.980+0000] {dag.py:3096} INFO - Sync 1 DAGs
[2026-05-06T19:18:02.210+0000] {logging_mixin.py:188} INFO - [2026-05-06T19:18:02.209+0000] {dag.py:3954} INFO - Setting next_dagrun for ab_test_medallion_pipeline to 2026-05-06 00:00:00+00:00, run_after=2026-05-07 00:00:00+00:00
[2026-05-06T19:18:02.544+0000] {processor.py:183} INFO - Processing /opt/airflow/dags/pipeline_dag.py took 1.328 seconds
[2026-05-06T19:18:33.137+0000] {processor.py:161} INFO - Started process (PID=381) to work on /opt/airflow/dags/pipeline_dag.py
[2026-05-06T19:18:33.139+0000] {processor.py:830} INFO - Processing file /opt/airflow/dags/pipeline_dag.py for tasks to queue
[2026-05-06T19:18:33.144+0000] {logging_mixin.py:188} INFO - [2026-05-06T19:18:33.142+0000] {dagbag.py:545} INFO - Filling up the DagBag from /opt/airflow/dags/pipeline_dag.py
[2026-05-06T19:18:33.183+0000] {processor.py:840} INFO - DAG(s) 'ab_test_medallion_pipeline' retrieved from /opt/airflow/dags/pipeline_dag.py
[2026-05-06T19:18:33.265+0000] {logging_mixin.py:188} INFO - [2026-05-06T19:18:33.264+0000] {dag.py:3096} INFO - Sync 1 DAGs
[2026-05-06T19:18:33.338+0000] {logging_mixin.py:188} INFO - [2026-05-06T19:18:33.338+0000] {dag.py:3954} INFO - Setting next_dagrun for ab_test_medallion_pipeline to 2026-05-06 00:00:00+00:00, run_after=2026-05-07 00:00:00+00:00
[2026-05-06T19:18:33.396+0000] {processor.py:183} INFO - Processing /opt/airflow/dags/pipeline_dag.py took 0.277 seconds
[2026-05-06T19:19:03.563+0000] {processor.py:161} INFO - Started process (PID=386) to work on /opt/airflow/dags/pipeline_dag.py
[2026-05-06T19:19:03.566+0000] {processor.py:830} INFO - Processing file /opt/airflow/dags/pipeline_dag.py for tasks to queue
[2026-05-06T19:19:03.570+0000] {logging_mixin.py:188} INFO - [2026-05-06T19:19:03.570+0000] {dagbag.py:545} INFO - Filling up the DagBag from /opt/airflow/dags/pipeline_dag.py
[2026-05-06T19:19:03.613+0000] {processor.py:840} INFO - DAG(s) 'ab_test_medallion_pipeline' retrieved from /opt/airflow/dags/pipeline_dag.py
[2026-05-06T19:19:03.692+0000] {logging_mixin.py:188} INFO - [2026-05-06T19:19:03.692+0000] {dag.py:3096} INFO - Sync 1 DAGs
[2026-05-06T19:19:03.813+0000] {logging_mixin.py:188} INFO - [2026-05-06T19:19:03.809+0000] {dag.py:3954} INFO - Setting next_dagrun for ab_test_medallion_pipeline to 2026-05-06 00:00:00+00:00, run_after=2026-05-07 00:00:00+00:00
[2026-05-06T19:19:03.984+0000] {processor.py:183} INFO - Processing /opt/airflow/dags/pipeline_dag.py took 0.459 seconds
[2026-05-06T19:19:34.216+0000] {processor.py:161} INFO - Started process (PID=391) to work on /opt/airflow/dags/pipeline_dag.py
[2026-05-06T19:19:34.219+0000] {processor.py:830} INFO - Processing file /opt/airflow/dags/pipeline_dag.py for tasks to queue
[2026-05-06T19:19:34.223+0000] {logging_mixin.py:188} INFO - [2026-05-06T19:19:34.222+0000] {dagbag.py:545} INFO - Filling up the DagBag from /opt/airflow/dags/pipeline_dag.py
[2026-05-06T19:19:34.254+0000] {processor.py:840} INFO - DAG(s) 'ab_test_medallion_pipeline' retrieved from /opt/airflow/dags/pipeline_dag.py
[2026-05-06T19:19:34.310+0000] {logging_mixin.py:188} INFO - [2026-05-06T19:19:34.309+0000] {dag.py:3096} INFO - Sync 1 DAGs
[2026-05-06T19:19:34.346+0000] {logging_mixin.py:188} INFO - [2026-05-06T19:19:34.346+0000] {dag.py:3954} INFO - Setting next_dagrun for ab_test_medallion_pipeline to 2026-05-06 00:00:00+00:00, run_after=2026-05-07 00:00:00+00:00
[2026-05-06T19:19:34.381+0000] {processor.py:183} INFO - Processing /opt/airflow/dags/pipeline_dag.py took 0.177 seconds
[2026-05-06T19:20:04.653+0000] {processor.py:161} INFO - Started process (PID=396) to work on /opt/airflow/dags/pipeline_dag.py
[2026-05-06T19:20:04.659+0000] {processor.py:830} INFO - Processing file /opt/airflow/dags/pipeline_dag.py for tasks to queue
[2026-05-06T19:20:04.663+0000] {logging_mixin.py:188} INFO - [2026-05-06T19:20:04.662+0000] {dagbag.py:545} INFO - Filling up the DagBag from /opt/airflow/dags/pipeline_dag.py
[2026-05-06T19:20:04.695+0000] {processor.py:840} INFO - DAG(s) 'ab_test_medallion_pipeline' retrieved from /opt/airflow/dags/pipeline_dag.py
[2026-05-06T19:20:04.790+0000] {logging_mixin.py:188} INFO - [2026-05-06T19:20:04.789+0000] {dag.py:3096} INFO - Sync 1 DAGs
[2026-05-06T19:20:04.864+0000] {logging_mixin.py:188} INFO - [2026-05-06T19:20:04.864+0000] {dag.py:3954} INFO - Setting next_dagrun for ab_test_medallion_pipeline to 2026-05-06 00:00:00+00:00, run_after=2026-05-07 00:00:00+00:00
[2026-05-06T19:20:04.908+0000] {processor.py:183} INFO - Processing /opt/airflow/dags/pipeline_dag.py took 0.282 seconds
[2026-05-06T19:20:35.289+0000] {processor.py:161} INFO - Started process (PID=512) to work on /opt/airflow/dags/pipeline_dag.py
[2026-05-06T19:20:35.299+0000] {processor.py:830} INFO - Processing file /opt/airflow/dags/pipeline_dag.py for tasks to queue
[2026-05-06T19:20:35.309+0000] {logging_mixin.py:188} INFO - [2026-05-06T19:20:35.308+0000] {dagbag.py:545} INFO - Filling up the DagBag from /opt/airflow/dags/pipeline_dag.py
[2026-05-06T19:20:35.411+0000] {processor.py:840} INFO - DAG(s) 'ab_test_medallion_pipeline' retrieved from /opt/airflow/dags/pipeline_dag.py
[2026-05-06T19:20:35.639+0000] {logging_mixin.py:188} INFO - [2026-05-06T19:20:35.639+0000] {dag.py:3096} INFO - Sync 1 DAGs
[2026-05-06T19:20:35.896+0000] {logging_mixin.py:188} INFO - [2026-05-06T19:20:35.895+0000] {dag.py:3954} INFO - Setting next_dagrun for ab_test_medallion_pipeline to 2026-05-06 00:00:00+00:00, run_after=2026-05-07 00:00:00+00:00
[2026-05-06T19:20:36.131+0000] {processor.py:183} INFO - Processing /opt/airflow/dags/pipeline_dag.py took 0.879 seconds
[2026-05-06T19:21:08.559+0000] {processor.py:161} INFO - Started process (PID=594) to work on /opt/airflow/dags/pipeline_dag.py
[2026-05-06T19:21:08.675+0000] {processor.py:830} INFO - Processing file /opt/airflow/dags/pipeline_dag.py for tasks to queue
[2026-05-06T19:21:08.941+0000] {logging_mixin.py:188} INFO - [2026-05-06T19:21:08.915+0000] {dagbag.py:545} INFO - Filling up the DagBag from /opt/airflow/dags/pipeline_dag.py
[2026-05-06T19:21:10.261+0000] {processor.py:840} INFO - DAG(s) 'ab_test_medallion_pipeline' retrieved from /opt/airflow/dags/pipeline_dag.py
[2026-05-06T19:21:12.082+0000] {logging_mixin.py:188} INFO - [2026-05-06T19:21:12.081+0000] {dag.py:3096} INFO - Sync 1 DAGs
[2026-05-06T19:21:12.566+0000] {logging_mixin.py:188} INFO - [2026-05-06T19:21:12.563+0000] {dag.py:3954} INFO - Setting next_dagrun for ab_test_medallion_pipeline to 2026-05-06 00:00:00+00:00, run_after=2026-05-07 00:00:00+00:00
[2026-05-06T19:21:12.855+0000] {processor.py:183} INFO - Processing /opt/airflow/dags/pipeline_dag.py took 5.550 seconds
[2026-05-06T19:21:44.211+0000] {processor.py:161} INFO - Started process (PID=761) to work on /opt/airflow/dags/pipeline_dag.py
[2026-05-06T19:21:44.245+0000] {processor.py:830} INFO - Processing file /opt/airflow/dags/pipeline_dag.py for tasks to queue
[2026-05-06T19:21:44.294+0000] {logging_mixin.py:188} INFO - [2026-05-06T19:21:44.292+0000] {dagbag.py:545} INFO - Filling up the DagBag from /opt/airflow/dags/pipeline_dag.py
[2026-05-06T19:21:44.841+0000] {processor.py:840} INFO - DAG(s) 'ab_test_medallion_pipeline' retrieved from /opt/airflow/dags/pipeline_dag.py
[2026-05-06T19:21:45.933+0000] {logging_mixin.py:188} INFO - [2026-05-06T19:21:45.933+0000] {dag.py:3096} INFO - Sync 1 DAGs
[2026-05-06T19:21:47.022+0000] {logging_mixin.py:188} INFO - [2026-05-06T19:21:47.021+0000] {dag.py:3954} INFO - Setting next_dagrun for ab_test_medallion_pipeline to 2026-05-06 00:00:00+00:00, run_after=2026-05-07 00:00:00+00:00
[2026-05-06T19:21:47.653+0000] {processor.py:183} INFO - Processing /opt/airflow/dags/pipeline_dag.py took 3.666 seconds
[2026-05-06T19:22:18.713+0000] {processor.py:161} INFO - Started process (PID=821) to work on /opt/airflow/dags/pipeline_dag.py
[2026-05-06T19:22:18.724+0000] {processor.py:830} INFO - Processing file /opt/airflow/dags/pipeline_dag.py for tasks to queue
[2026-05-06T19:22:18.763+0000] {logging_mixin.py:188} INFO - [2026-05-06T19:22:18.756+0000] {dagbag.py:545} INFO - Filling up the DagBag from /opt/airflow/dags/pipeline_dag.py
[2026-05-06T19:22:19.357+0000] {processor.py:840} INFO - DAG(s) 'ab_test_medallion_pipeline' retrieved from /opt/airflow/dags/pipeline_dag.py
[2026-05-06T19:22:19.755+0000] {logging_mixin.py:188} INFO - [2026-05-06T19:22:19.751+0000] {dag.py:3096} INFO - Sync 1 DAGs
[2026-05-06T19:22:19.922+0000] {logging_mixin.py:188} INFO - [2026-05-06T19:22:19.921+0000] {dag.py:3954} INFO - Setting next_dagrun for ab_test_medallion_pipeline to 2026-05-06 00:00:00+00:00, run_after=2026-05-07 00:00:00+00:00
[2026-05-06T19:22:20.014+0000] {processor.py:183} INFO - Processing /opt/airflow/dags/pipeline_dag.py took 1.436 seconds
[2026-05-06T19:22:50.626+0000] {processor.py:161} INFO - Started process (PID=888) to work on /opt/airflow/dags/pipeline_dag.py
[2026-05-06T19:22:50.629+0000] {processor.py:830} INFO - Processing file /opt/airflow/dags/pipeline_dag.py for tasks to queue
[2026-05-06T19:22:50.645+0000] {logging_mixin.py:188} INFO - [2026-05-06T19:22:50.644+0000] {dagbag.py:545} INFO - Filling up the DagBag from /opt/airflow/dags/pipeline_dag.py
[2026-05-06T19:22:50.759+0000] {processor.py:840} INFO - DAG(s) 'ab_test_medallion_pipeline' retrieved from /opt/airflow/dags/pipeline_dag.py
[2026-05-06T19:22:50.947+0000] {logging_mixin.py:188} INFO - [2026-05-06T19:22:50.947+0000] {dag.py:3096} INFO - Sync 1 DAGs
[2026-05-06T19:22:51.073+0000] {logging_mixin.py:188} INFO - [2026-05-06T19:22:51.073+0000] {dag.py:3954} INFO - Setting next_dagrun for ab_test_medallion_pipeline to 2026-05-06 00:00:00+00:00, run_after=2026-05-07 00:00:00+00:00
[2026-05-06T19:22:51.195+0000] {processor.py:183} INFO - Processing /opt/airflow/dags/pipeline_dag.py took 0.644 seconds
[2026-05-06T19:23:21.379+0000] {processor.py:161} INFO - Started process (PID=968) to work on /opt/airflow/dags/pipeline_dag.py
[2026-05-06T19:23:21.382+0000] {processor.py:830} INFO - Processing file /opt/airflow/dags/pipeline_dag.py for tasks to queue
[2026-05-06T19:23:21.422+0000] {logging_mixin.py:188} INFO - [2026-05-06T19:23:21.420+0000] {dagbag.py:545} INFO - Filling up the DagBag from /opt/airflow/dags/pipeline_dag.py
[2026-05-06T19:23:21.532+0000] {processor.py:840} INFO - DAG(s) 'ab_test_medallion_pipeline' retrieved from /opt/airflow/dags/pipeline_dag.py
[2026-05-06T19:23:21.815+0000] {logging_mixin.py:188} INFO - [2026-05-06T19:23:21.814+0000] {dag.py:3096} INFO - Sync 1 DAGs
[2026-05-06T19:23:21.982+0000] {logging_mixin.py:188} INFO - [2026-05-06T19:23:21.981+0000] {dag.py:3954} INFO - Setting next_dagrun for ab_test_medallion_pipeline to 2026-05-06 00:00:00+00:00, run_after=2026-05-07 00:00:00+00:00
[2026-05-06T19:23:22.083+0000] {processor.py:183} INFO - Processing /opt/airflow/dags/pipeline_dag.py took 0.739 seconds
[2026-05-06T19:23:52.263+0000] {processor.py:161} INFO - Started process (PID=1132) to work on /opt/airflow/dags/pipeline_dag.py
[2026-05-06T19:23:52.266+0000] {processor.py:830} INFO - Processing file /opt/airflow/dags/pipeline_dag.py for tasks to queue
[2026-05-06T19:23:52.272+0000] {logging_mixin.py:188} INFO - [2026-05-06T19:23:52.270+0000] {dagbag.py:545} INFO - Filling up the DagBag from /opt/airflow/dags/pipeline_dag.py
[2026-05-06T19:23:52.345+0000] {processor.py:840} INFO - DAG(s) 'ab_test_medallion_pipeline' retrieved from /opt/airflow/dags/pipeline_dag.py
[2026-05-06T19:23:52.535+0000] {logging_mixin.py:188} INFO - [2026-05-06T19:23:52.535+0000] {dag.py:3096} INFO - Sync 1 DAGs
[2026-05-06T19:23:52.647+0000] {logging_mixin.py:188} INFO - [2026-05-06T19:23:52.647+0000] {dag.py:3954} INFO - Setting next_dagrun for ab_test_medallion_pipeline to 2026-05-06 00:00:00+00:00, run_after=2026-05-07 00:00:00+00:00
[2026-05-06T19:23:52.786+0000] {processor.py:183} INFO - Processing /opt/airflow/dags/pipeline_dag.py took 0.539 seconds
[2026-05-06T19:24:23.691+0000] {processor.py:161} INFO - Started process (PID=1190) to work on /opt/airflow/dags/pipeline_dag.py
[2026-05-06T19:24:23.708+0000] {processor.py:830} INFO - Processing file /opt/airflow/dags/pipeline_dag.py for tasks to queue
[2026-05-06T19:24:23.725+0000] {logging_mixin.py:188} INFO - [2026-05-06T19:24:23.724+0000] {dagbag.py:545} INFO - Filling up the DagBag from /opt/airflow/dags/pipeline_dag.py
[2026-05-06T19:24:24.007+0000] {processor.py:840} INFO - DAG(s) 'ab_test_medallion_pipeline' retrieved from /opt/airflow/dags/pipeline_dag.py
[2026-05-06T19:24:24.480+0000] {logging_mixin.py:188} INFO - [2026-05-06T19:24:24.480+0000] {dag.py:3096} INFO - Sync 1 DAGs
[2026-05-06T19:24:24.866+0000] {logging_mixin.py:188} INFO - [2026-05-06T19:24:24.865+0000] {dag.py:3954} INFO - Setting next_dagrun for ab_test_medallion_pipeline to 2026-05-06 00:00:00+00:00, run_after=2026-05-07 00:00:00+00:00
[2026-05-06T19:24:25.012+0000] {processor.py:183} INFO - Processing /opt/airflow/dags/pipeline_dag.py took 1.409 seconds
[2026-05-06T19:24:55.763+0000] {processor.py:161} INFO - Started process (PID=1233) to work on /opt/airflow/dags/pipeline_dag.py
[2026-05-06T19:24:55.784+0000] {processor.py:830} INFO - Processing file /opt/airflow/dags/pipeline_dag.py for tasks to queue
[2026-05-06T19:24:55.793+0000] {logging_mixin.py:188} INFO - [2026-05-06T19:24:55.791+0000] {dagbag.py:545} INFO - Filling up the DagBag from /opt/airflow/dags/pipeline_dag.py
[2026-05-06T19:24:55.920+0000] {processor.py:840} INFO - DAG(s) 'ab_test_medallion_pipeline' retrieved from /opt/airflow/dags/pipeline_dag.py
[2026-05-06T19:24:56.131+0000] {logging_mixin.py:188} INFO - [2026-05-06T19:24:56.131+0000] {dag.py:3096} INFO - Sync 1 DAGs
[2026-05-06T19:24:56.347+0000] {logging_mixin.py:188} INFO - [2026-05-06T19:24:56.347+0000] {dag.py:3954} INFO - Setting next_dagrun for ab_test_medallion_pipeline to 2026-05-06 00:00:00+00:00, run_after=2026-05-07 00:00:00+00:00
[2026-05-06T19:24:56.430+0000] {processor.py:183} INFO - Processing /opt/airflow/dags/pipeline_dag.py took 0.724 seconds
[2026-05-06T19:25:27.108+0000] {processor.py:161} INFO - Started process (PID=1312) to work on /opt/airflow/dags/pipeline_dag.py
[2026-05-06T19:25:27.118+0000] {processor.py:830} INFO - Processing file /opt/airflow/dags/pipeline_dag.py for tasks to queue
[2026-05-06T19:25:27.125+0000] {logging_mixin.py:188} INFO - [2026-05-06T19:25:27.124+0000] {dagbag.py:545} INFO - Filling up the DagBag from /opt/airflow/dags/pipeline_dag.py
[2026-05-06T19:25:27.167+0000] {processor.py:840} INFO - DAG(s) 'ab_test_medallion_pipeline' retrieved from /opt/airflow/dags/pipeline_dag.py
[2026-05-06T19:25:27.438+0000] {logging_mixin.py:188} INFO - [2026-05-06T19:25:27.437+0000] {dag.py:3096} INFO - Sync 1 DAGs
[2026-05-06T19:25:27.525+0000] {logging_mixin.py:188} INFO - [2026-05-06T19:25:27.525+0000] {dag.py:3954} INFO - Setting next_dagrun for ab_test_medallion_pipeline to 2026-05-06 00:00:00+00:00, run_after=2026-05-07 00:00:00+00:00
[2026-05-06T19:25:27.600+0000] {processor.py:183} INFO - Processing /opt/airflow/dags/pipeline_dag.py took 0.515 seconds
[2026-05-06T19:25:58.206+0000] {processor.py:161} INFO - Started process (PID=1318) to work on /opt/airflow/dags/pipeline_dag.py
[2026-05-06T19:25:58.209+0000] {processor.py:830} INFO - Processing file /opt/airflow/dags/pipeline_dag.py for tasks to queue
[2026-05-06T19:25:58.216+0000] {logging_mixin.py:188} INFO - [2026-05-06T19:25:58.215+0000] {dagbag.py:545} INFO - Filling up the DagBag from /opt/airflow/dags/pipeline_dag.py
[2026-05-06T19:25:58.271+0000] {processor.py:840} INFO - DAG(s) 'ab_test_medallion_pipeline' retrieved from /opt/airflow/dags/pipeline_dag.py
[2026-05-06T19:25:58.391+0000] {logging_mixin.py:188} INFO - [2026-05-06T19:25:58.391+0000] {dag.py:3096} INFO - Sync 1 DAGs
[2026-05-06T19:25:58.449+0000] {logging_mixin.py:188} INFO - [2026-05-06T19:25:58.448+0000] {dag.py:3954} INFO - Setting next_dagrun for ab_test_medallion_pipeline to 2026-05-06 00:00:00+00:00, run_after=2026-05-07 00:00:00+00:00
[2026-05-06T19:25:58.499+0000] {processor.py:183} INFO - Processing /opt/airflow/dags/pipeline_dag.py took 0.321 seconds
[2026-05-06T19:26:28.767+0000] {processor.py:161} INFO - Started process (PID=1323) to work on /opt/airflow/dags/pipeline_dag.py
[2026-05-06T19:26:28.769+0000] {processor.py:830} INFO - Processing file /opt/airflow/dags/pipeline_dag.py for tasks to queue
[2026-05-06T19:26:28.777+0000] {logging_mixin.py:188} INFO - [2026-05-06T19:26:28.777+0000] {dagbag.py:545} INFO - Filling up the DagBag from /opt/airflow/dags/pipeline_dag.py
[2026-05-06T19:26:28.850+0000] {processor.py:840} INFO - DAG(s) 'ab_test_medallion_pipeline' retrieved from /opt/airflow/dags/pipeline_dag.py
[2026-05-06T19:26:28.967+0000] {logging_mixin.py:188} INFO - [2026-05-06T19:26:28.966+0000] {dag.py:3096} INFO - Sync 1 DAGs
[2026-05-06T19:26:29.067+0000] {logging_mixin.py:188} INFO - [2026-05-06T19:26:29.066+0000] {dag.py:3954} INFO - Setting next_dagrun for ab_test_medallion_pipeline to 2026-05-06 00:00:00+00:00, run_after=2026-05-07 00:00:00+00:00
[2026-05-06T19:26:29.121+0000] {processor.py:183} INFO - Processing /opt/airflow/dags/pipeline_dag.py took 0.389 seconds
[2026-05-06T19:26:59.456+0000] {processor.py:161} INFO - Started process (PID=1328) to work on /opt/airflow/dags/pipeline_dag.py
[2026-05-06T19:26:59.458+0000] {processor.py:830} INFO - Processing file /opt/airflow/dags/pipeline_dag.py for tasks to queue
[2026-05-06T19:26:59.476+0000] {logging_mixin.py:188} INFO - [2026-05-06T19:26:59.466+0000] {dagbag.py:545} INFO - Filling up the DagBag from /opt/airflow/dags/pipeline_dag.py
[2026-05-06T19:26:59.582+0000] {processor.py:840} INFO - DAG(s) 'ab_test_medallion_pipeline' retrieved from /opt/airflow/dags/pipeline_dag.py
[2026-05-06T19:26:59.735+0000] {logging_mixin.py:188} INFO - [2026-05-06T19:26:59.735+0000] {dag.py:3096} INFO - Sync 1 DAGs
[2026-05-06T19:27:00.173+0000] {logging_mixin.py:188} INFO - [2026-05-06T19:27:00.172+0000] {dag.py:3954} INFO - Setting next_dagrun for ab_test_medallion_pipeline to 2026-05-06 00:00:00+00:00, run_after=2026-05-07 00:00:00+00:00
[2026-05-06T19:27:00.518+0000] {processor.py:183} INFO - Processing /opt/airflow/dags/pipeline_dag.py took 1.089 seconds
[2026-05-06T19:27:30.674+0000] {processor.py:161} INFO - Started process (PID=1333) to work on /opt/airflow/dags/pipeline_dag.py
[2026-05-06T19:27:30.677+0000] {processor.py:830} INFO - Processing file /opt/airflow/dags/pipeline_dag.py for tasks to queue
[2026-05-06T19:27:30.687+0000] {logging_mixin.py:188} INFO - [2026-05-06T19:27:30.686+0000] {dagbag.py:545} INFO - Filling up the DagBag from /opt/airflow/dags/pipeline_dag.py
[2026-05-06T19:27:30.739+0000] {processor.py:840} INFO - DAG(s) 'ab_test_medallion_pipeline' retrieved from /opt/airflow/dags/pipeline_dag.py
[2026-05-06T19:27:30.941+0000] {logging_mixin.py:188} INFO - [2026-05-06T19:27:30.940+0000] {dag.py:3096} INFO - Sync 1 DAGs
[2026-05-06T19:27:31.120+0000] {logging_mixin.py:188} INFO - [2026-05-06T19:27:31.119+0000] {dag.py:3954} INFO - Setting next_dagrun for ab_test_medallion_pipeline to 2026-05-06 00:00:00+00:00, run_after=2026-05-07 00:00:00+00:00
[2026-05-06T19:27:31.228+0000] {processor.py:183} INFO - Processing /opt/airflow/dags/pipeline_dag.py took 0.578 seconds
[2026-05-06T19:28:01.604+0000] {processor.py:161} INFO - Started process (PID=1338) to work on /opt/airflow/dags/pipeline_dag.py
[2026-05-06T19:28:01.612+0000] {processor.py:830} INFO - Processing file /opt/airflow/dags/pipeline_dag.py for tasks to queue
[2026-05-06T19:28:01.622+0000] {logging_mixin.py:188} INFO - [2026-05-06T19:28:01.617+0000] {dagbag.py:545} INFO - Filling up the DagBag from /opt/airflow/dags/pipeline_dag.py
[2026-05-06T19:28:01.663+0000] {processor.py:840} INFO - DAG(s) 'ab_test_medallion_pipeline' retrieved from /opt/airflow/dags/pipeline_dag.py
[2026-05-06T19:28:01.731+0000] {logging_mixin.py:188} INFO - [2026-05-06T19:28:01.730+0000] {dag.py:3096} INFO - Sync 1 DAGs
[2026-05-06T19:28:01.802+0000] {logging_mixin.py:188} INFO - [2026-05-06T19:28:01.801+0000] {dag.py:3954} INFO - Setting next_dagrun for ab_test_medallion_pipeline to 2026-05-06 00:00:00+00:00, run_after=2026-05-07 00:00:00+00:00
[2026-05-06T19:28:01.926+0000] {processor.py:183} INFO - Processing /opt/airflow/dags/pipeline_dag.py took 0.349 seconds
[2026-05-06T19:28:32.233+0000] {processor.py:161} INFO - Started process (PID=1343) to work on /opt/airflow/dags/pipeline_dag.py
[2026-05-06T19:28:32.235+0000] {processor.py:830} INFO - Processing file /opt/airflow/dags/pipeline_dag.py for tasks to queue
[2026-05-06T19:28:32.240+0000] {logging_mixin.py:188} INFO - [2026-05-06T19:28:32.239+0000] {dagbag.py:545} INFO - Filling up the DagBag from /opt/airflow/dags/pipeline_dag.py
[2026-05-06T19:28:32.286+0000] {processor.py:840} INFO - DAG(s) 'ab_test_medallion_pipeline' retrieved from /opt/airflow/dags/pipeline_dag.py
[2026-05-06T19:28:32.348+0000] {logging_mixin.py:188} INFO - [2026-05-06T19:28:32.347+0000] {dag.py:3096} INFO - Sync 1 DAGs
[2026-05-06T19:28:32.392+0000] {logging_mixin.py:188} INFO - [2026-05-06T19:28:32.392+0000] {dag.py:3954} INFO - Setting next_dagrun for ab_test_medallion_pipeline to 2026-05-06 00:00:00+00:00, run_after=2026-05-07 00:00:00+00:00
[2026-05-06T19:28:32.455+0000] {processor.py:183} INFO - Processing /opt/airflow/dags/pipeline_dag.py took 0.235 seconds
[2026-05-06T19:29:02.704+0000] {processor.py:161} INFO - Started process (PID=1348) to work on /opt/airflow/dags/pipeline_dag.py
[2026-05-06T19:29:02.706+0000] {processor.py:830} INFO - Processing file /opt/airflow/dags/pipeline_dag.py for tasks to queue
[2026-05-06T19:29:02.710+0000] {logging_mixin.py:188} INFO - [2026-05-06T19:29:02.710+0000] {dagbag.py:545} INFO - Filling up the DagBag from /opt/airflow/dags/pipeline_dag.py
[2026-05-06T19:29:02.740+0000] {processor.py:840} INFO - DAG(s) 'ab_test_medallion_pipeline' retrieved from /opt/airflow/dags/pipeline_dag.py
[2026-05-06T19:29:02.821+0000] {logging_mixin.py:188} INFO - [2026-05-06T19:29:02.820+0000] {dag.py:3096} INFO - Sync 1 DAGs
[2026-05-06T19:29:02.896+0000] {logging_mixin.py:188} INFO - [2026-05-06T19:29:02.895+0000] {dag.py:3954} INFO - Setting next_dagrun for ab_test_medallion_pipeline to 2026-05-06 00:00:00+00:00, run_after=2026-05-07 00:00:00+00:00
[2026-05-06T19:29:02.943+0000] {processor.py:183} INFO - Processing /opt/airflow/dags/pipeline_dag.py took 0.258 seconds
[2026-05-06T19:29:33.247+0000] {processor.py:161} INFO - Started process (PID=1353) to work on /opt/airflow/dags/pipeline_dag.py
[2026-05-06T19:29:33.259+0000] {processor.py:830} INFO - Processing file /opt/airflow/dags/pipeline_dag.py for tasks to queue
[2026-05-06T19:29:33.281+0000] {logging_mixin.py:188} INFO - [2026-05-06T19:29:33.280+0000] {dagbag.py:545} INFO - Filling up the DagBag from /opt/airflow/dags/pipeline_dag.py
[2026-05-06T19:29:33.421+0000] {processor.py:840} INFO - DAG(s) 'ab_test_medallion_pipeline' retrieved from /opt/airflow/dags/pipeline_dag.py
[2026-05-06T19:29:33.664+0000] {logging_mixin.py:188} INFO - [2026-05-06T19:29:33.664+0000] {dag.py:3096} INFO - Sync 1 DAGs
[2026-05-06T19:29:33.938+0000] {logging_mixin.py:188} INFO - [2026-05-06T19:29:33.937+0000] {dag.py:3954} INFO - Setting next_dagrun for ab_test_medallion_pipeline to 2026-05-06 00:00:00+00:00, run_after=2026-05-07 00:00:00+00:00
[2026-05-06T19:29:34.171+0000] {processor.py:183} INFO - Processing /opt/airflow/dags/pipeline_dag.py took 0.973 seconds
[2026-05-06T19:30:04.532+0000] {processor.py:161} INFO - Started process (PID=1358) to work on /opt/airflow/dags/pipeline_dag.py
[2026-05-06T19:30:04.535+0000] {processor.py:830} INFO - Processing file /opt/airflow/dags/pipeline_dag.py for tasks to queue
[2026-05-06T19:30:04.540+0000] {logging_mixin.py:188} INFO - [2026-05-06T19:30:04.539+0000] {dagbag.py:545} INFO - Filling up the DagBag from /opt/airflow/dags/pipeline_dag.py
[2026-05-06T19:30:04.584+0000] {processor.py:840} INFO - DAG(s) 'ab_test_medallion_pipeline' retrieved from /opt/airflow/dags/pipeline_dag.py
[2026-05-06T19:30:04.651+0000] {logging_mixin.py:188} INFO - [2026-05-06T19:30:04.651+0000] {dag.py:3096} INFO - Sync 1 DAGs
[2026-05-06T19:30:04.701+0000] {logging_mixin.py:188} INFO - [2026-05-06T19:30:04.700+0000] {dag.py:3954} INFO - Setting next_dagrun for ab_test_medallion_pipeline to 2026-05-06 00:00:00+00:00, run_after=2026-05-07 00:00:00+00:00
[2026-05-06T19:30:04.735+0000] {processor.py:183} INFO - Processing /opt/airflow/dags/pipeline_dag.py took 0.227 seconds
[2026-05-06T19:30:34.916+0000] {processor.py:161} INFO - Started process (PID=1368) to work on /opt/airflow/dags/pipeline_dag.py
[2026-05-06T19:30:34.918+0000] {processor.py:830} INFO - Processing file /opt/airflow/dags/pipeline_dag.py for tasks to queue
[2026-05-06T19:30:34.921+0000] {logging_mixin.py:188} INFO - [2026-05-06T19:30:34.920+0000] {dagbag.py:545} INFO - Filling up the DagBag from /opt/airflow/dags/pipeline_dag.py
[2026-05-06T19:30:34.945+0000] {processor.py:840} INFO - DAG(s) 'ab_test_medallion_pipeline' retrieved from /opt/airflow/dags/pipeline_dag.py
[2026-05-06T19:30:35.022+0000] {logging_mixin.py:188} INFO - [2026-05-06T19:30:35.021+0000] {dag.py:3096} INFO - Sync 1 DAGs
[2026-05-06T19:30:35.059+0000] {logging_mixin.py:188} INFO - [2026-05-06T19:30:35.059+0000] {dag.py:3954} INFO - Setting next_dagrun for ab_test_medallion_pipeline to 2026-05-06 00:00:00+00:00, run_after=2026-05-07 00:00:00+00:00
[2026-05-06T19:30:35.092+0000] {processor.py:183} INFO - Processing /opt/airflow/dags/pipeline_dag.py took 0.187 seconds
[2026-05-06T19:31:05.182+0000] {processor.py:161} INFO - Started process (PID=1373) to work on /opt/airflow/dags/pipeline_dag.py
[2026-05-06T19:31:05.185+0000] {processor.py:830} INFO - Processing file /opt/airflow/dags/pipeline_dag.py for tasks to queue
[2026-05-06T19:31:05.192+0000] {logging_mixin.py:188} INFO - [2026-05-06T19:31:05.191+0000] {dagbag.py:545} INFO - Filling up the DagBag from /opt/airflow/dags/pipeline_dag.py
[2026-05-06T19:31:05.226+0000] {processor.py:840} INFO - DAG(s) 'ab_test_medallion_pipeline' retrieved from /opt/airflow/dags/pipeline_dag.py
[2026-05-06T19:31:05.311+0000] {logging_mixin.py:188} INFO - [2026-05-06T19:31:05.310+0000] {dag.py:3096} INFO - Sync 1 DAGs
[2026-05-06T19:31:05.417+0000] {logging_mixin.py:188} INFO - [2026-05-06T19:31:05.416+0000] {dag.py:3954} INFO - Setting next_dagrun for ab_test_medallion_pipeline to 2026-05-06 00:00:00+00:00, run_after=2026-05-07 00:00:00+00:00
[2026-05-06T19:31:05.514+0000] {processor.py:183} INFO - Processing /opt/airflow/dags/pipeline_dag.py took 0.352 seconds
[2026-05-06T19:31:35.809+0000] {processor.py:161} INFO - Started process (PID=1378) to work on /opt/airflow/dags/pipeline_dag.py
[2026-05-06T19:31:35.811+0000] {processor.py:830} INFO - Processing file /opt/airflow/dags/pipeline_dag.py for tasks to queue
[2026-05-06T19:31:35.815+0000] {logging_mixin.py:188} INFO - [2026-05-06T19:31:35.814+0000] {dagbag.py:545} INFO - Filling up the DagBag from /opt/airflow/dags/pipeline_dag.py
[2026-05-06T19:31:35.840+0000] {processor.py:840} INFO - DAG(s) 'ab_test_medallion_pipeline' retrieved from /opt/airflow/dags/pipeline_dag.py
[2026-05-06T19:31:35.887+0000] {logging_mixin.py:188} INFO - [2026-05-06T19:31:35.887+0000] {dag.py:3096} INFO - Sync 1 DAGs
[2026-05-06T19:31:35.940+0000] {logging_mixin.py:188} INFO - [2026-05-06T19:31:35.939+0000] {dag.py:3954} INFO - Setting next_dagrun for ab_test_medallion_pipeline to 2026-05-06 00:00:00+00:00, run_after=2026-05-07 00:00:00+00:00
[2026-05-06T19:31:35.984+0000] {processor.py:183} INFO - Processing /opt/airflow/dags/pipeline_dag.py took 0.187 seconds
[2026-05-06T19:32:06.274+0000] {processor.py:161} INFO - Started process (PID=1486) to work on /opt/airflow/dags/pipeline_dag.py
[2026-05-06T19:32:06.277+0000] {processor.py:830} INFO - Processing file /opt/airflow/dags/pipeline_dag.py for tasks to queue
[2026-05-06T19:32:06.293+0000] {logging_mixin.py:188} INFO - [2026-05-06T19:32:06.292+0000] {dagbag.py:545} INFO - Filling up the DagBag from /opt/airflow/dags/pipeline_dag.py
[2026-05-06T19:32:06.366+0000] {processor.py:840} INFO - DAG(s) 'ab_test_medallion_pipeline' retrieved from /opt/airflow/dags/pipeline_dag.py
[2026-05-06T19:32:06.478+0000] {logging_mixin.py:188} INFO - [2026-05-06T19:32:06.477+0000] {dag.py:3096} INFO - Sync 1 DAGs
[2026-05-06T19:32:06.567+0000] {logging_mixin.py:188} INFO - [2026-05-06T19:32:06.566+0000] {dag.py:3954} INFO - Setting next_dagrun for ab_test_medallion_pipeline to 2026-05-06 00:00:00+00:00, run_after=2026-05-07 00:00:00+00:00
[2026-05-06T19:32:06.615+0000] {processor.py:183} INFO - Processing /opt/airflow/dags/pipeline_dag.py took 0.374 seconds
[2026-05-06T19:32:36.945+0000] {processor.py:161} INFO - Started process (PID=1547) to work on /opt/airflow/dags/pipeline_dag.py
[2026-05-06T19:32:36.949+0000] {processor.py:830} INFO - Processing file /opt/airflow/dags/pipeline_dag.py for tasks to queue
[2026-05-06T19:32:36.964+0000] {logging_mixin.py:188} INFO - [2026-05-06T19:32:36.963+0000] {dagbag.py:545} INFO - Filling up the DagBag from /opt/airflow/dags/pipeline_dag.py
[2026-05-06T19:32:37.057+0000] {processor.py:840} INFO - DAG(s) 'ab_test_medallion_pipeline' retrieved from /opt/airflow/dags/pipeline_dag.py
[2026-05-06T19:32:37.150+0000] {logging_mixin.py:188} INFO - [2026-05-06T19:32:37.150+0000] {dag.py:3096} INFO - Sync 1 DAGs
[2026-05-06T19:32:37.271+0000] {logging_mixin.py:188} INFO - [2026-05-06T19:32:37.271+0000] {dag.py:3954} INFO - Setting next_dagrun for ab_test_medallion_pipeline to 2026-05-06 00:00:00+00:00, run_after=2026-05-07 00:00:00+00:00
[2026-05-06T19:32:37.350+0000] {processor.py:183} INFO - Processing /opt/airflow/dags/pipeline_dag.py took 0.429 seconds
[2026-05-06T19:33:07.580+0000] {processor.py:161} INFO - Started process (PID=1601) to work on /opt/airflow/dags/pipeline_dag.py
[2026-05-06T19:33:07.583+0000] {processor.py:830} INFO - Processing file /opt/airflow/dags/pipeline_dag.py for tasks to queue
[2026-05-06T19:33:07.599+0000] {logging_mixin.py:188} INFO - [2026-05-06T19:33:07.596+0000] {dagbag.py:545} INFO - Filling up the DagBag from /opt/airflow/dags/pipeline_dag.py
[2026-05-06T19:33:07.734+0000] {processor.py:840} INFO - DAG(s) 'ab_test_medallion_pipeline' retrieved from /opt/airflow/dags/pipeline_dag.py
[2026-05-06T19:33:07.788+0000] {logging_mixin.py:188} INFO - [2026-05-06T19:33:07.788+0000] {dag.py:3096} INFO - Sync 1 DAGs
[2026-05-06T19:33:07.871+0000] {logging_mixin.py:188} INFO - [2026-05-06T19:33:07.870+0000] {dag.py:3954} INFO - Setting next_dagrun for ab_test_medallion_pipeline to 2026-05-06 00:00:00+00:00, run_after=2026-05-07 00:00:00+00:00
[2026-05-06T19:33:07.919+0000] {processor.py:183} INFO - Processing /opt/airflow/dags/pipeline_dag.py took 0.366 seconds
[2026-05-06T19:33:38.207+0000] {processor.py:161} INFO - Started process (PID=1606) to work on /opt/airflow/dags/pipeline_dag.py
[2026-05-06T19:33:38.208+0000] {processor.py:830} INFO - Processing file /opt/airflow/dags/pipeline_dag.py for tasks to queue
[2026-05-06T19:33:38.212+0000] {logging_mixin.py:188} INFO - [2026-05-06T19:33:38.212+0000] {dagbag.py:545} INFO - Filling up the DagBag from /opt/airflow/dags/pipeline_dag.py
[2026-05-06T19:33:38.236+0000] {processor.py:840} INFO - DAG(s) 'ab_test_medallion_pipeline' retrieved from /opt/airflow/dags/pipeline_dag.py
[2026-05-06T19:33:38.284+0000] {logging_mixin.py:188} INFO - [2026-05-06T19:33:38.284+0000] {dag.py:3096} INFO - Sync 1 DAGs
[2026-05-06T19:33:38.323+0000] {logging_mixin.py:188} INFO - [2026-05-06T19:33:38.322+0000] {dag.py:3954} INFO - Setting next_dagrun for ab_test_medallion_pipeline to 2026-05-06 00:00:00+00:00, run_after=2026-05-07 00:00:00+00:00
[2026-05-06T19:33:38.351+0000] {processor.py:183} INFO - Processing /opt/airflow/dags/pipeline_dag.py took 0.156 seconds
[2026-05-06T19:34:08.610+0000] {processor.py:161} INFO - Started process (PID=1611) to work on /opt/airflow/dags/pipeline_dag.py
[2026-05-06T19:34:08.616+0000] {processor.py:830} INFO - Processing file /opt/airflow/dags/pipeline_dag.py for tasks to queue
[2026-05-06T19:34:08.622+0000] {logging_mixin.py:188} INFO - [2026-05-06T19:34:08.621+0000] {dagbag.py:545} INFO - Filling up the DagBag from /opt/airflow/dags/pipeline_dag.py
[2026-05-06T19:34:08.665+0000] {processor.py:840} INFO - DAG(s) 'ab_test_medallion_pipeline' retrieved from /opt/airflow/dags/pipeline_dag.py
[2026-05-06T19:34:08.789+0000] {logging_mixin.py:188} INFO - [2026-05-06T19:34:08.789+0000] {dag.py:3096} INFO - Sync 1 DAGs
[2026-05-06T19:34:08.874+0000] {logging_mixin.py:188} INFO - [2026-05-06T19:34:08.873+0000] {dag.py:3954} INFO - Setting next_dagrun for ab_test_medallion_pipeline to 2026-05-06 00:00:00+00:00, run_after=2026-05-07 00:00:00+00:00
[2026-05-06T19:34:08.922+0000] {processor.py:183} INFO - Processing /opt/airflow/dags/pipeline_dag.py took 0.329 seconds
[2026-05-06T19:34:39.184+0000] {processor.py:161} INFO - Started process (PID=1616) to work on /opt/airflow/dags/pipeline_dag.py
[2026-05-06T19:34:39.188+0000] {processor.py:830} INFO - Processing file /opt/airflow/dags/pipeline_dag.py for tasks to queue
[2026-05-06T19:34:39.193+0000] {logging_mixin.py:188} INFO - [2026-05-06T19:34:39.192+0000] {dagbag.py:545} INFO - Filling up the DagBag from /opt/airflow/dags/pipeline_dag.py
[2026-05-06T19:34:39.228+0000] {processor.py:840} INFO - DAG(s) 'ab_test_medallion_pipeline' retrieved from /opt/airflow/dags/pipeline_dag.py
[2026-05-06T19:34:39.302+0000] {logging_mixin.py:188} INFO - [2026-05-06T19:34:39.301+0000] {dag.py:3096} INFO - Sync 1 DAGs
[2026-05-06T19:34:39.383+0000] {logging_mixin.py:188} INFO - [2026-05-06T19:34:39.383+0000] {dag.py:3954} INFO - Setting next_dagrun for ab_test_medallion_pipeline to 2026-05-06 00:00:00+00:00, run_after=2026-05-07 00:00:00+00:00
[2026-05-06T19:34:39.432+0000] {processor.py:183} INFO - Processing /opt/airflow/dags/pipeline_dag.py took 0.273 seconds
[2026-05-06T19:35:09.681+0000] {processor.py:161} INFO - Started process (PID=1621) to work on /opt/airflow/dags/pipeline_dag.py
[2026-05-06T19:35:09.685+0000] {processor.py:830} INFO - Processing file /opt/airflow/dags/pipeline_dag.py for tasks to queue
[2026-05-06T19:35:09.688+0000] {logging_mixin.py:188} INFO - [2026-05-06T19:35:09.687+0000] {dagbag.py:545} INFO - Filling up the DagBag from /opt/airflow/dags/pipeline_dag.py
[2026-05-06T19:35:09.709+0000] {processor.py:840} INFO - DAG(s) 'ab_test_medallion_pipeline' retrieved from /opt/airflow/dags/pipeline_dag.py
[2026-05-06T19:35:09.752+0000] {logging_mixin.py:188} INFO - [2026-05-06T19:35:09.752+0000] {dag.py:3096} INFO - Sync 1 DAGs
[2026-05-06T19:35:09.790+0000] {logging_mixin.py:188} INFO - [2026-05-06T19:35:09.790+0000] {dag.py:3954} INFO - Setting next_dagrun for ab_test_medallion_pipeline to 2026-05-06 00:00:00+00:00, run_after=2026-05-07 00:00:00+00:00
[2026-05-06T19:35:09.822+0000] {processor.py:183} INFO - Processing /opt/airflow/dags/pipeline_dag.py took 0.151 seconds
[2026-05-06T19:35:39.951+0000] {processor.py:161} INFO - Started process (PID=1626) to work on /opt/airflow/dags/pipeline_dag.py
[2026-05-06T19:35:39.954+0000] {processor.py:830} INFO - Processing file /opt/airflow/dags/pipeline_dag.py for tasks to queue
[2026-05-06T19:35:39.961+0000] {logging_mixin.py:188} INFO - [2026-05-06T19:35:39.960+0000] {dagbag.py:545} INFO - Filling up the DagBag from /opt/airflow/dags/pipeline_dag.py
[2026-05-06T19:35:40.019+0000] {processor.py:840} INFO - DAG(s) 'ab_test_medallion_pipeline' retrieved from /opt/airflow/dags/pipeline_dag.py
[2026-05-06T19:35:40.129+0000] {logging_mixin.py:188} INFO - [2026-05-06T19:35:40.128+0000] {dag.py:3096} INFO - Sync 1 DAGs
[2026-05-06T19:35:40.195+0000] {logging_mixin.py:188} INFO - [2026-05-06T19:35:40.195+0000] {dag.py:3954} INFO - Setting next_dagrun for ab_test_medallion_pipeline to 2026-05-06 00:00:00+00:00, run_after=2026-05-07 00:00:00+00:00
[2026-05-06T19:35:40.245+0000] {processor.py:183} INFO - Processing /opt/airflow/dags/pipeline_dag.py took 0.314 seconds
[2026-05-06T19:36:10.560+0000] {processor.py:161} INFO - Started process (PID=1631) to work on /opt/airflow/dags/pipeline_dag.py
[2026-05-06T19:36:10.563+0000] {processor.py:830} INFO - Processing file /opt/airflow/dags/pipeline_dag.py for tasks to queue
[2026-05-06T19:36:10.570+0000] {logging_mixin.py:188} INFO - [2026-05-06T19:36:10.569+0000] {dagbag.py:545} INFO - Filling up the DagBag from /opt/airflow/dags/pipeline_dag.py
[2026-05-06T19:36:10.631+0000] {processor.py:840} INFO - DAG(s) 'ab_test_medallion_pipeline' retrieved from /opt/airflow/dags/pipeline_dag.py
[2026-05-06T19:36:10.764+0000] {logging_mixin.py:188} INFO - [2026-05-06T19:36:10.763+0000] {dag.py:3096} INFO - Sync 1 DAGs
[2026-05-06T19:36:10.862+0000] {logging_mixin.py:188} INFO - [2026-05-06T19:36:10.861+0000] {dag.py:3954} INFO - Setting next_dagrun for ab_test_medallion_pipeline to 2026-05-06 00:00:00+00:00, run_after=2026-05-07 00:00:00+00:00
[2026-05-06T19:36:10.937+0000] {processor.py:183} INFO - Processing /opt/airflow/dags/pipeline_dag.py took 0.403 seconds
[2026-05-06T19:36:41.254+0000] {processor.py:161} INFO - Started process (PID=1636) to work on /opt/airflow/dags/pipeline_dag.py
[2026-05-06T19:36:41.257+0000] {processor.py:830} INFO - Processing file /opt/airflow/dags/pipeline_dag.py for tasks to queue
[2026-05-06T19:36:41.267+0000] {logging_mixin.py:188} INFO - [2026-05-06T19:36:41.263+0000] {dagbag.py:545} INFO - Filling up the DagBag from /opt/airflow/dags/pipeline_dag.py
[2026-05-06T19:36:41.306+0000] {processor.py:840} INFO - DAG(s) 'ab_test_medallion_pipeline' retrieved from /opt/airflow/dags/pipeline_dag.py
[2026-05-06T19:36:41.382+0000] {logging_mixin.py:188} INFO - [2026-05-06T19:36:41.382+0000] {dag.py:3096} INFO - Sync 1 DAGs
[2026-05-06T19:36:41.452+0000] {logging_mixin.py:188} INFO - [2026-05-06T19:36:41.452+0000] {dag.py:3954} INFO - Setting next_dagrun for ab_test_medallion_pipeline to 2026-05-06 00:00:00+00:00, run_after=2026-05-07 00:00:00+00:00
[2026-05-06T19:36:41.509+0000] {processor.py:183} INFO - Processing /opt/airflow/dags/pipeline_dag.py took 0.272 seconds
[2026-05-06T19:37:11.814+0000] {processor.py:161} INFO - Started process (PID=1641) to work on /opt/airflow/dags/pipeline_dag.py
[2026-05-06T19:37:11.819+0000] {processor.py:830} INFO - Processing file /opt/airflow/dags/pipeline_dag.py for tasks to queue
[2026-05-06T19:37:11.825+0000] {logging_mixin.py:188} INFO - [2026-05-06T19:37:11.823+0000] {dagbag.py:545} INFO - Filling up the DagBag from /opt/airflow/dags/pipeline_dag.py
[2026-05-06T19:37:11.850+0000] {processor.py:840} INFO - DAG(s) 'ab_test_medallion_pipeline' retrieved from /opt/airflow/dags/pipeline_dag.py
[2026-05-06T19:37:11.906+0000] {logging_mixin.py:188} INFO - [2026-05-06T19:37:11.905+0000] {dag.py:3096} INFO - Sync 1 DAGs
[2026-05-06T19:37:11.945+0000] {logging_mixin.py:188} INFO - [2026-05-06T19:37:11.945+0000] {dag.py:3954} INFO - Setting next_dagrun for ab_test_medallion_pipeline to 2026-05-06 00:00:00+00:00, run_after=2026-05-07 00:00:00+00:00
[2026-05-06T19:37:11.980+0000] {processor.py:183} INFO - Processing /opt/airflow/dags/pipeline_dag.py took 0.183 seconds
[2026-05-06T19:37:42.174+0000] {processor.py:161} INFO - Started process (PID=1646) to work on /opt/airflow/dags/pipeline_dag.py
[2026-05-06T19:37:42.177+0000] {processor.py:830} INFO - Processing file /opt/airflow/dags/pipeline_dag.py for tasks to queue
[2026-05-06T19:37:42.184+0000] {logging_mixin.py:188} INFO - [2026-05-06T19:37:42.182+0000] {dagbag.py:545} INFO - Filling up the DagBag from /opt/airflow/dags/pipeline_dag.py
[2026-05-06T19:37:42.218+0000] {processor.py:840} INFO - DAG(s) 'ab_test_medallion_pipeline' retrieved from /opt/airflow/dags/pipeline_dag.py
[2026-05-06T19:37:42.282+0000] {logging_mixin.py:188} INFO - [2026-05-06T19:37:42.281+0000] {dag.py:3096} INFO - Sync 1 DAGs
[2026-05-06T19:37:42.318+0000] {logging_mixin.py:188} INFO - [2026-05-06T19:37:42.318+0000] {dag.py:3954} INFO - Setting next_dagrun for ab_test_medallion_pipeline to 2026-05-06 00:00:00+00:00, run_after=2026-05-07 00:00:00+00:00
[2026-05-06T19:37:42.352+0000] {processor.py:183} INFO - Processing /opt/airflow/dags/pipeline_dag.py took 0.211 seconds
[2026-05-06T19:38:12.538+0000] {processor.py:161} INFO - Started process (PID=1651) to work on /opt/airflow/dags/pipeline_dag.py
[2026-05-06T19:38:12.543+0000] {processor.py:830} INFO - Processing file /opt/airflow/dags/pipeline_dag.py for tasks to queue
[2026-05-06T19:38:12.549+0000] {logging_mixin.py:188} INFO - [2026-05-06T19:38:12.548+0000] {dagbag.py:545} INFO - Filling up the DagBag from /opt/airflow/dags/pipeline_dag.py
[2026-05-06T19:38:12.572+0000] {processor.py:840} INFO - DAG(s) 'ab_test_medallion_pipeline' retrieved from /opt/airflow/dags/pipeline_dag.py
[2026-05-06T19:38:12.649+0000] {logging_mixin.py:188} INFO - [2026-05-06T19:38:12.648+0000] {dag.py:3096} INFO - Sync 1 DAGs
[2026-05-06T19:38:12.686+0000] {logging_mixin.py:188} INFO - [2026-05-06T19:38:12.685+0000] {dag.py:3954} INFO - Setting next_dagrun for ab_test_medallion_pipeline to 2026-05-06 00:00:00+00:00, run_after=2026-05-07 00:00:00+00:00
[2026-05-06T19:38:12.717+0000] {processor.py:183} INFO - Processing /opt/airflow/dags/pipeline_dag.py took 0.198 seconds
[2026-05-06T19:38:42.841+0000] {processor.py:161} INFO - Started process (PID=1656) to work on /opt/airflow/dags/pipeline_dag.py
[2026-05-06T19:38:42.844+0000] {processor.py:830} INFO - Processing file /opt/airflow/dags/pipeline_dag.py for tasks to queue
[2026-05-06T19:38:42.849+0000] {logging_mixin.py:188} INFO - [2026-05-06T19:38:42.849+0000] {dagbag.py:545} INFO - Filling up the DagBag from /opt/airflow/dags/pipeline_dag.py
[2026-05-06T19:38:42.878+0000] {processor.py:840} INFO - DAG(s) 'ab_test_medallion_pipeline' retrieved from /opt/airflow/dags/pipeline_dag.py
[2026-05-06T19:38:43.001+0000] {logging_mixin.py:188} INFO - [2026-05-06T19:38:43.000+0000] {dag.py:3096} INFO - Sync 1 DAGs
[2026-05-06T19:38:43.115+0000] {logging_mixin.py:188} INFO - [2026-05-06T19:38:43.114+0000] {dag.py:3954} INFO - Setting next_dagrun for ab_test_medallion_pipeline to 2026-05-06 00:00:00+00:00, run_after=2026-05-07 00:00:00+00:00
[2026-05-06T19:38:43.202+0000] {processor.py:183} INFO - Processing /opt/airflow/dags/pipeline_dag.py took 0.380 seconds
[2026-05-06T19:39:13.297+0000] {processor.py:161} INFO - Started process (PID=1661) to work on /opt/airflow/dags/pipeline_dag.py
[2026-05-06T19:39:13.299+0000] {processor.py:830} INFO - Processing file /opt/airflow/dags/pipeline_dag.py for tasks to queue
[2026-05-06T19:39:13.306+0000] {logging_mixin.py:188} INFO - [2026-05-06T19:39:13.305+0000] {dagbag.py:545} INFO - Filling up the DagBag from /opt/airflow/dags/pipeline_dag.py
[2026-05-06T19:39:13.342+0000] {processor.py:840} INFO - DAG(s) 'ab_test_medallion_pipeline' retrieved from /opt/airflow/dags/pipeline_dag.py
[2026-05-06T19:39:13.476+0000] {logging_mixin.py:188} INFO - [2026-05-06T19:39:13.475+0000] {dag.py:3096} INFO - Sync 1 DAGs
[2026-05-06T19:39:13.562+0000] {logging_mixin.py:188} INFO - [2026-05-06T19:39:13.561+0000] {dag.py:3954} INFO - Setting next_dagrun for ab_test_medallion_pipeline to 2026-05-06 00:00:00+00:00, run_after=2026-05-07 00:00:00+00:00
[2026-05-06T19:39:13.598+0000] {processor.py:183} INFO - Processing /opt/airflow/dags/pipeline_dag.py took 0.317 seconds
[2026-05-06T19:39:43.789+0000] {processor.py:161} INFO - Started process (PID=1666) to work on /opt/airflow/dags/pipeline_dag.py
[2026-05-06T19:39:43.792+0000] {processor.py:830} INFO - Processing file /opt/airflow/dags/pipeline_dag.py for tasks to queue
[2026-05-06T19:39:43.801+0000] {logging_mixin.py:188} INFO - [2026-05-06T19:39:43.800+0000] {dagbag.py:545} INFO - Filling up the DagBag from /opt/airflow/dags/pipeline_dag.py
[2026-05-06T19:39:43.848+0000] {processor.py:840} INFO - DAG(s) 'ab_test_medallion_pipeline' retrieved from /opt/airflow/dags/pipeline_dag.py
[2026-05-06T19:39:43.951+0000] {logging_mixin.py:188} INFO - [2026-05-06T19:39:43.950+0000] {dag.py:3096} INFO - Sync 1 DAGs
[2026-05-06T19:39:44.048+0000] {logging_mixin.py:188} INFO - [2026-05-06T19:39:44.047+0000] {dag.py:3954} INFO - Setting next_dagrun for ab_test_medallion_pipeline to 2026-05-06 00:00:00+00:00, run_after=2026-05-07 00:00:00+00:00
[2026-05-06T19:39:44.105+0000] {processor.py:183} INFO - Processing /opt/airflow/dags/pipeline_dag.py took 0.344 seconds
[2026-05-06T19:40:14.409+0000] {processor.py:161} INFO - Started process (PID=1671) to work on /opt/airflow/dags/pipeline_dag.py
[2026-05-06T19:40:14.412+0000] {processor.py:830} INFO - Processing file /opt/airflow/dags/pipeline_dag.py for tasks to queue
[2026-05-06T19:40:14.429+0000] {logging_mixin.py:188} INFO - [2026-05-06T19:40:14.428+0000] {dagbag.py:545} INFO - Filling up the DagBag from /opt/airflow/dags/pipeline_dag.py
[2026-05-06T19:40:14.514+0000] {processor.py:840} INFO - DAG(s) 'ab_test_medallion_pipeline' retrieved from /opt/airflow/dags/pipeline_dag.py
[2026-05-06T19:40:14.631+0000] {logging_mixin.py:188} INFO - [2026-05-06T19:40:14.630+0000] {dag.py:3096} INFO - Sync 1 DAGs
[2026-05-06T19:40:14.745+0000] {logging_mixin.py:188} INFO - [2026-05-06T19:40:14.744+0000] {dag.py:3954} INFO - Setting next_dagrun for ab_test_medallion_pipeline to 2026-05-06 00:00:00+00:00, run_after=2026-05-07 00:00:00+00:00
[2026-05-06T19:40:14.844+0000] {processor.py:183} INFO - Processing /opt/airflow/dags/pipeline_dag.py took 0.475 seconds
[2026-05-06T19:40:45.183+0000] {processor.py:161} INFO - Started process (PID=1676) to work on /opt/airflow/dags/pipeline_dag.py
[2026-05-06T19:40:45.188+0000] {processor.py:830} INFO - Processing file /opt/airflow/dags/pipeline_dag.py for tasks to queue
[2026-05-06T19:40:45.195+0000] {logging_mixin.py:188} INFO - [2026-05-06T19:40:45.193+0000] {dagbag.py:545} INFO - Filling up the DagBag from /opt/airflow/dags/pipeline_dag.py
[2026-05-06T19:40:45.245+0000] {processor.py:840} INFO - DAG(s) 'ab_test_medallion_pipeline' retrieved from /opt/airflow/dags/pipeline_dag.py
[2026-05-06T19:40:45.352+0000] {logging_mixin.py:188} INFO - [2026-05-06T19:40:45.352+0000] {dag.py:3096} INFO - Sync 1 DAGs
[2026-05-06T19:40:45.461+0000] {logging_mixin.py:188} INFO - [2026-05-06T19:40:45.460+0000] {dag.py:3954} INFO - Setting next_dagrun for ab_test_medallion_pipeline to 2026-05-06 00:00:00+00:00, run_after=2026-05-07 00:00:00+00:00
[2026-05-06T19:40:45.539+0000] {processor.py:183} INFO - Processing /opt/airflow/dags/pipeline_dag.py took 0.390 seconds
[2026-05-06T19:41:15.782+0000] {processor.py:161} INFO - Started process (PID=1681) to work on /opt/airflow/dags/pipeline_dag.py
[2026-05-06T19:41:15.787+0000] {processor.py:830} INFO - Processing file /opt/airflow/dags/pipeline_dag.py for tasks to queue
[2026-05-06T19:41:15.796+0000] {logging_mixin.py:188} INFO - [2026-05-06T19:41:15.795+0000] {dagbag.py:545} INFO - Filling up the DagBag from /opt/airflow/dags/pipeline_dag.py
[2026-05-06T19:41:15.842+0000] {processor.py:840} INFO - DAG(s) 'ab_test_medallion_pipeline' retrieved from /opt/airflow/dags/pipeline_dag.py
[2026-05-06T19:41:15.912+0000] {logging_mixin.py:188} INFO - [2026-05-06T19:41:15.911+0000] {dag.py:3096} INFO - Sync 1 DAGs
[2026-05-06T19:41:15.963+0000] {logging_mixin.py:188} INFO - [2026-05-06T19:41:15.963+0000] {dag.py:3954} INFO - Setting next_dagrun for ab_test_medallion_pipeline to 2026-05-06 00:00:00+00:00, run_after=2026-05-07 00:00:00+00:00
[2026-05-06T19:41:16.003+0000] {processor.py:183} INFO - Processing /opt/airflow/dags/pipeline_dag.py took 0.252 seconds
[2026-05-06T19:41:46.145+0000] {processor.py:161} INFO - Started process (PID=1686) to work on /opt/airflow/dags/pipeline_dag.py
[2026-05-06T19:41:46.151+0000] {processor.py:830} INFO - Processing file /opt/airflow/dags/pipeline_dag.py for tasks to queue
[2026-05-06T19:41:46.168+0000] {logging_mixin.py:188} INFO - [2026-05-06T19:41:46.167+0000] {dagbag.py:545} INFO - Filling up the DagBag from /opt/airflow/dags/pipeline_dag.py
[2026-05-06T19:41:46.242+0000] {processor.py:840} INFO - DAG(s) 'ab_test_medallion_pipeline' retrieved from /opt/airflow/dags/pipeline_dag.py
[2026-05-06T19:41:46.389+0000] {logging_mixin.py:188} INFO - [2026-05-06T19:41:46.389+0000] {dag.py:3096} INFO - Sync 1 DAGs
[2026-05-06T19:41:46.446+0000] {logging_mixin.py:188} INFO - [2026-05-06T19:41:46.446+0000] {dag.py:3954} INFO - Setting next_dagrun for ab_test_medallion_pipeline to 2026-05-06 00:00:00+00:00, run_after=2026-05-07 00:00:00+00:00
[2026-05-06T19:41:46.499+0000] {processor.py:183} INFO - Processing /opt/airflow/dags/pipeline_dag.py took 0.414 seconds
[2026-05-06T19:42:16.612+0000] {processor.py:161} INFO - Started process (PID=1691) to work on /opt/airflow/dags/pipeline_dag.py
[2026-05-06T19:42:16.616+0000] {processor.py:830} INFO - Processing file /opt/airflow/dags/pipeline_dag.py for tasks to queue
[2026-05-06T19:42:16.626+0000] {logging_mixin.py:188} INFO - [2026-05-06T19:42:16.624+0000] {dagbag.py:545} INFO - Filling up the DagBag from /opt/airflow/dags/pipeline_dag.py
[2026-05-06T19:42:16.664+0000] {processor.py:840} INFO - DAG(s) 'ab_test_medallion_pipeline' retrieved from /opt/airflow/dags/pipeline_dag.py
[2026-05-06T19:42:16.747+0000] {logging_mixin.py:188} INFO - [2026-05-06T19:42:16.747+0000] {dag.py:3096} INFO - Sync 1 DAGs
[2026-05-06T19:42:16.888+0000] {logging_mixin.py:188} INFO - [2026-05-06T19:42:16.888+0000] {dag.py:3954} INFO - Setting next_dagrun for ab_test_medallion_pipeline to 2026-05-06 00:00:00+00:00, run_after=2026-05-07 00:00:00+00:00
[2026-05-06T19:42:16.942+0000] {processor.py:183} INFO - Processing /opt/airflow/dags/pipeline_dag.py took 0.359 seconds
[2026-05-06T19:42:47.209+0000] {processor.py:161} INFO - Started process (PID=1696) to work on /opt/airflow/dags/pipeline_dag.py
[2026-05-06T19:42:47.213+0000] {processor.py:830} INFO - Processing file /opt/airflow/dags/pipeline_dag.py for tasks to queue
[2026-05-06T19:42:47.219+0000] {logging_mixin.py:188} INFO - [2026-05-06T19:42:47.218+0000] {dagbag.py:545} INFO - Filling up the DagBag from /opt/airflow/dags/pipeline_dag.py
[2026-05-06T19:42:47.254+0000] {processor.py:840} INFO - DAG(s) 'ab_test_medallion_pipeline' retrieved from /opt/airflow/dags/pipeline_dag.py
[2026-05-06T19:42:47.308+0000] {logging_mixin.py:188} INFO - [2026-05-06T19:42:47.308+0000] {dag.py:3096} INFO - Sync 1 DAGs
[2026-05-06T19:42:47.357+0000] {logging_mixin.py:188} INFO - [2026-05-06T19:42:47.357+0000] {dag.py:3954} INFO - Setting next_dagrun for ab_test_medallion_pipeline to 2026-05-06 00:00:00+00:00, run_after=2026-05-07 00:00:00+00:00
[2026-05-06T19:42:47.421+0000] {processor.py:183} INFO - Processing /opt/airflow/dags/pipeline_dag.py took 0.232 seconds
[2026-05-06T19:43:17.853+0000] {processor.py:161} INFO - Started process (PID=1701) to work on /opt/airflow/dags/pipeline_dag.py
[2026-05-06T19:43:17.868+0000] {processor.py:830} INFO - Processing file /opt/airflow/dags/pipeline_dag.py for tasks to queue
[2026-05-06T19:43:17.880+0000] {logging_mixin.py:188} INFO - [2026-05-06T19:43:17.879+0000] {dagbag.py:545} INFO - Filling up the DagBag from /opt/airflow/dags/pipeline_dag.py
[2026-05-06T19:43:17.988+0000] {processor.py:840} INFO - DAG(s) 'ab_test_medallion_pipeline' retrieved from /opt/airflow/dags/pipeline_dag.py
[2026-05-06T19:43:18.289+0000] {logging_mixin.py:188} INFO - [2026-05-06T19:43:18.288+0000] {dag.py:3096} INFO - Sync 1 DAGs
[2026-05-06T19:43:18.420+0000] {logging_mixin.py:188} INFO - [2026-05-06T19:43:18.420+0000] {dag.py:3954} INFO - Setting next_dagrun for ab_test_medallion_pipeline to 2026-05-06 00:00:00+00:00, run_after=2026-05-07 00:00:00+00:00
[2026-05-06T19:43:18.494+0000] {processor.py:183} INFO - Processing /opt/airflow/dags/pipeline_dag.py took 0.701 seconds
[2026-05-06T19:43:48.816+0000] {processor.py:161} INFO - Started process (PID=1706) to work on /opt/airflow/dags/pipeline_dag.py
[2026-05-06T19:43:48.818+0000] {processor.py:830} INFO - Processing file /opt/airflow/dags/pipeline_dag.py for tasks to queue
[2026-05-06T19:43:48.825+0000] {logging_mixin.py:188} INFO - [2026-05-06T19:43:48.824+0000] {dagbag.py:545} INFO - Filling up the DagBag from /opt/airflow/dags/pipeline_dag.py
[2026-05-06T19:43:48.867+0000] {processor.py:840} INFO - DAG(s) 'ab_test_medallion_pipeline' retrieved from /opt/airflow/dags/pipeline_dag.py
[2026-05-06T19:43:48.964+0000] {logging_mixin.py:188} INFO - [2026-05-06T19:43:48.964+0000] {dag.py:3096} INFO - Sync 1 DAGs
[2026-05-06T19:43:49.035+0000] {logging_mixin.py:188} INFO - [2026-05-06T19:43:49.035+0000] {dag.py:3954} INFO - Setting next_dagrun for ab_test_medallion_pipeline to 2026-05-06 00:00:00+00:00, run_after=2026-05-07 00:00:00+00:00
[2026-05-06T19:43:49.088+0000] {processor.py:183} INFO - Processing /opt/airflow/dags/pipeline_dag.py took 0.288 seconds
[2026-05-06T19:44:19.158+0000] {processor.py:161} INFO - Started process (PID=1711) to work on /opt/airflow/dags/pipeline_dag.py
[2026-05-06T19:44:19.159+0000] {processor.py:830} INFO - Processing file /opt/airflow/dags/pipeline_dag.py for tasks to queue
[2026-05-06T19:44:19.165+0000] {logging_mixin.py:188} INFO - [2026-05-06T19:44:19.162+0000] {dagbag.py:545} INFO - Filling up the DagBag from /opt/airflow/dags/pipeline_dag.py
[2026-05-06T19:44:19.236+0000] {processor.py:840} INFO - DAG(s) 'ab_test_medallion_pipeline' retrieved from /opt/airflow/dags/pipeline_dag.py
[2026-05-06T19:44:19.384+0000] {logging_mixin.py:188} INFO - [2026-05-06T19:44:19.383+0000] {dag.py:3096} INFO - Sync 1 DAGs
[2026-05-06T19:44:19.543+0000] {logging_mixin.py:188} INFO - [2026-05-06T19:44:19.543+0000] {dag.py:3954} INFO - Setting next_dagrun for ab_test_medallion_pipeline to 2026-05-06 00:00:00+00:00, run_after=2026-05-07 00:00:00+00:00
[2026-05-06T19:44:19.691+0000] {processor.py:183} INFO - Processing /opt/airflow/dags/pipeline_dag.py took 0.548 seconds
[2026-05-06T19:44:50.020+0000] {processor.py:161} INFO - Started process (PID=1716) to work on /opt/airflow/dags/pipeline_dag.py
[2026-05-06T19:44:50.034+0000] {processor.py:830} INFO - Processing file /opt/airflow/dags/pipeline_dag.py for tasks to queue
[2026-05-06T19:44:50.109+0000] {logging_mixin.py:188} INFO - [2026-05-06T19:44:50.095+0000] {dagbag.py:545} INFO - Filling up the DagBag from /opt/airflow/dags/pipeline_dag.py
[2026-05-06T19:44:50.644+0000] {processor.py:840} INFO - DAG(s) 'ab_test_medallion_pipeline' retrieved from /opt/airflow/dags/pipeline_dag.py
[2026-05-06T19:44:51.399+0000] {logging_mixin.py:188} INFO - [2026-05-06T19:44:51.398+0000] {dag.py:3096} INFO - Sync 1 DAGs
[2026-05-06T19:44:51.536+0000] {logging_mixin.py:188} INFO - [2026-05-06T19:44:51.535+0000] {dag.py:3954} INFO - Setting next_dagrun for ab_test_medallion_pipeline to 2026-05-06 00:00:00+00:00, run_after=2026-05-07 00:00:00+00:00
[2026-05-06T19:44:51.702+0000] {processor.py:183} INFO - Processing /opt/airflow/dags/pipeline_dag.py took 1.697 seconds
[2026-05-06T19:45:22.098+0000] {processor.py:161} INFO - Started process (PID=1721) to work on /opt/airflow/dags/pipeline_dag.py
[2026-05-06T19:45:22.108+0000] {processor.py:830} INFO - Processing file /opt/airflow/dags/pipeline_dag.py for tasks to queue
[2026-05-06T19:45:22.122+0000] {logging_mixin.py:188} INFO - [2026-05-06T19:45:22.120+0000] {dagbag.py:545} INFO - Filling up the DagBag from /opt/airflow/dags/pipeline_dag.py
[2026-05-06T19:45:22.183+0000] {processor.py:840} INFO - DAG(s) 'ab_test_medallion_pipeline' retrieved from /opt/airflow/dags/pipeline_dag.py
[2026-05-06T19:45:22.363+0000] {logging_mixin.py:188} INFO - [2026-05-06T19:45:22.362+0000] {dag.py:3096} INFO - Sync 1 DAGs
[2026-05-06T19:45:22.437+0000] {logging_mixin.py:188} INFO - [2026-05-06T19:45:22.436+0000] {dag.py:3954} INFO - Setting next_dagrun for ab_test_medallion_pipeline to 2026-05-06 00:00:00+00:00, run_after=2026-05-07 00:00:00+00:00
[2026-05-06T19:45:22.570+0000] {processor.py:183} INFO - Processing /opt/airflow/dags/pipeline_dag.py took 0.511 seconds
[2026-05-06T19:45:52.889+0000] {processor.py:161} INFO - Started process (PID=1726) to work on /opt/airflow/dags/pipeline_dag.py
[2026-05-06T19:45:52.891+0000] {processor.py:830} INFO - Processing file /opt/airflow/dags/pipeline_dag.py for tasks to queue
[2026-05-06T19:45:52.898+0000] {logging_mixin.py:188} INFO - [2026-05-06T19:45:52.897+0000] {dagbag.py:545} INFO - Filling up the DagBag from /opt/airflow/dags/pipeline_dag.py
[2026-05-06T19:45:52.942+0000] {processor.py:840} INFO - DAG(s) 'ab_test_medallion_pipeline' retrieved from /opt/airflow/dags/pipeline_dag.py
[2026-05-06T19:45:53.152+0000] {logging_mixin.py:188} INFO - [2026-05-06T19:45:53.151+0000] {dag.py:3096} INFO - Sync 1 DAGs
[2026-05-06T19:45:53.466+0000] {logging_mixin.py:188} INFO - [2026-05-06T19:45:53.464+0000] {dag.py:3954} INFO - Setting next_dagrun for ab_test_medallion_pipeline to 2026-05-06 00:00:00+00:00, run_after=2026-05-07 00:00:00+00:00
[2026-05-06T19:45:53.629+0000] {processor.py:183} INFO - Processing /opt/airflow/dags/pipeline_dag.py took 0.757 seconds
[2026-05-06T19:46:23.723+0000] {processor.py:161} INFO - Started process (PID=1731) to work on /opt/airflow/dags/pipeline_dag.py
[2026-05-06T19:46:23.725+0000] {processor.py:830} INFO - Processing file /opt/airflow/dags/pipeline_dag.py for tasks to queue
[2026-05-06T19:46:23.732+0000] {logging_mixin.py:188} INFO - [2026-05-06T19:46:23.731+0000] {dagbag.py:545} INFO - Filling up the DagBag from /opt/airflow/dags/pipeline_dag.py
[2026-05-06T19:46:23.777+0000] {processor.py:840} INFO - DAG(s) 'ab_test_medallion_pipeline' retrieved from /opt/airflow/dags/pipeline_dag.py
[2026-05-06T19:46:23.878+0000] {logging_mixin.py:188} INFO - [2026-05-06T19:46:23.878+0000] {dag.py:3096} INFO - Sync 1 DAGs
[2026-05-06T19:46:23.964+0000] {logging_mixin.py:188} INFO - [2026-05-06T19:46:23.961+0000] {dag.py:3954} INFO - Setting next_dagrun for ab_test_medallion_pipeline to 2026-05-06 00:00:00+00:00, run_after=2026-05-07 00:00:00+00:00
[2026-05-06T19:46:24.096+0000] {processor.py:183} INFO - Processing /opt/airflow/dags/pipeline_dag.py took 0.394 seconds
[2026-05-06T19:46:54.393+0000] {processor.py:161} INFO - Started process (PID=1736) to work on /opt/airflow/dags/pipeline_dag.py
[2026-05-06T19:46:54.395+0000] {processor.py:830} INFO - Processing file /opt/airflow/dags/pipeline_dag.py for tasks to queue
[2026-05-06T19:46:54.402+0000] {logging_mixin.py:188} INFO - [2026-05-06T19:46:54.401+0000] {dagbag.py:545} INFO - Filling up the DagBag from /opt/airflow/dags/pipeline_dag.py
[2026-05-06T19:46:54.433+0000] {processor.py:840} INFO - DAG(s) 'ab_test_medallion_pipeline' retrieved from /opt/airflow/dags/pipeline_dag.py
[2026-05-06T19:46:54.574+0000] {logging_mixin.py:188} INFO - [2026-05-06T19:46:54.573+0000] {dag.py:3096} INFO - Sync 1 DAGs
[2026-05-06T19:46:54.684+0000] {logging_mixin.py:188} INFO - [2026-05-06T19:46:54.683+0000] {dag.py:3954} INFO - Setting next_dagrun for ab_test_medallion_pipeline to 2026-05-06 00:00:00+00:00, run_after=2026-05-07 00:00:00+00:00
[2026-05-06T19:46:54.881+0000] {processor.py:183} INFO - Processing /opt/airflow/dags/pipeline_dag.py took 0.503 seconds
[2026-05-06T19:47:25.123+0000] {processor.py:161} INFO - Started process (PID=1741) to work on /opt/airflow/dags/pipeline_dag.py
[2026-05-06T19:47:25.125+0000] {processor.py:830} INFO - Processing file /opt/airflow/dags/pipeline_dag.py for tasks to queue
[2026-05-06T19:47:25.130+0000] {logging_mixin.py:188} INFO - [2026-05-06T19:47:25.129+0000] {dagbag.py:545} INFO - Filling up the DagBag from /opt/airflow/dags/pipeline_dag.py
[2026-05-06T19:47:25.173+0000] {processor.py:840} INFO - DAG(s) 'ab_test_medallion_pipeline' retrieved from /opt/airflow/dags/pipeline_dag.py
[2026-05-06T19:47:25.273+0000] {logging_mixin.py:188} INFO - [2026-05-06T19:47:25.272+0000] {dag.py:3096} INFO - Sync 1 DAGs
[2026-05-06T19:47:25.361+0000] {logging_mixin.py:188} INFO - [2026-05-06T19:47:25.360+0000] {dag.py:3954} INFO - Setting next_dagrun for ab_test_medallion_pipeline to 2026-05-06 00:00:00+00:00, run_after=2026-05-07 00:00:00+00:00
[2026-05-06T19:47:25.417+0000] {processor.py:183} INFO - Processing /opt/airflow/dags/pipeline_dag.py took 0.310 seconds
[2026-05-06T19:47:55.670+0000] {processor.py:161} INFO - Started process (PID=1746) to work on /opt/airflow/dags/pipeline_dag.py
[2026-05-06T19:47:55.674+0000] {processor.py:830} INFO - Processing file /opt/airflow/dags/pipeline_dag.py for tasks to queue
[2026-05-06T19:47:55.678+0000] {logging_mixin.py:188} INFO - [2026-05-06T19:47:55.678+0000] {dagbag.py:545} INFO - Filling up the DagBag from /opt/airflow/dags/pipeline_dag.py
[2026-05-06T19:47:55.732+0000] {processor.py:840} INFO - DAG(s) 'ab_test_medallion_pipeline' retrieved from /opt/airflow/dags/pipeline_dag.py
[2026-05-06T19:47:55.802+0000] {logging_mixin.py:188} INFO - [2026-05-06T19:47:55.802+0000] {dag.py:3096} INFO - Sync 1 DAGs
[2026-05-06T19:47:55.838+0000] {logging_mixin.py:188} INFO - [2026-05-06T19:47:55.838+0000] {dag.py:3954} INFO - Setting next_dagrun for ab_test_medallion_pipeline to 2026-05-06 00:00:00+00:00, run_after=2026-05-07 00:00:00+00:00
[2026-05-06T19:47:55.870+0000] {processor.py:183} INFO - Processing /opt/airflow/dags/pipeline_dag.py took 0.212 seconds
[2026-05-06T19:48:25.939+0000] {processor.py:161} INFO - Started process (PID=1751) to work on /opt/airflow/dags/pipeline_dag.py
[2026-05-06T19:48:25.941+0000] {processor.py:830} INFO - Processing file /opt/airflow/dags/pipeline_dag.py for tasks to queue
[2026-05-06T19:48:25.955+0000] {logging_mixin.py:188} INFO - [2026-05-06T19:48:25.948+0000] {dagbag.py:545} INFO - Filling up the DagBag from /opt/airflow/dags/pipeline_dag.py
[2026-05-06T19:48:26.009+0000] {processor.py:840} INFO - DAG(s) 'ab_test_medallion_pipeline' retrieved from /opt/airflow/dags/pipeline_dag.py
[2026-05-06T19:48:26.088+0000] {logging_mixin.py:188} INFO - [2026-05-06T19:48:26.088+0000] {dag.py:3096} INFO - Sync 1 DAGs
[2026-05-06T19:48:26.131+0000] {logging_mixin.py:188} INFO - [2026-05-06T19:48:26.130+0000] {dag.py:3954} INFO - Setting next_dagrun for ab_test_medallion_pipeline to 2026-05-06 00:00:00+00:00, run_after=2026-05-07 00:00:00+00:00
[2026-05-06T19:48:26.278+0000] {processor.py:183} INFO - Processing /opt/airflow/dags/pipeline_dag.py took 0.355 seconds
[2026-05-06T19:48:56.687+0000] {processor.py:161} INFO - Started process (PID=1756) to work on /opt/airflow/dags/pipeline_dag.py
[2026-05-06T19:48:56.690+0000] {processor.py:830} INFO - Processing file /opt/airflow/dags/pipeline_dag.py for tasks to queue
[2026-05-06T19:48:56.700+0000] {logging_mixin.py:188} INFO - [2026-05-06T19:48:56.699+0000] {dagbag.py:545} INFO - Filling up the DagBag from /opt/airflow/dags/pipeline_dag.py
[2026-05-06T19:48:56.758+0000] {processor.py:840} INFO - DAG(s) 'ab_test_medallion_pipeline' retrieved from /opt/airflow/dags/pipeline_dag.py
[2026-05-06T19:48:56.866+0000] {logging_mixin.py:188} INFO - [2026-05-06T19:48:56.866+0000] {dag.py:3096} INFO - Sync 1 DAGs
[2026-05-06T19:48:56.938+0000] {logging_mixin.py:188} INFO - [2026-05-06T19:48:56.937+0000] {dag.py:3954} INFO - Setting next_dagrun for ab_test_medallion_pipeline to 2026-05-06 00:00:00+00:00, run_after=2026-05-07 00:00:00+00:00
[2026-05-06T19:48:56.993+0000] {processor.py:183} INFO - Processing /opt/airflow/dags/pipeline_dag.py took 0.338 seconds
[2026-05-06T19:49:27.279+0000] {processor.py:161} INFO - Started process (PID=1761) to work on /opt/airflow/dags/pipeline_dag.py
[2026-05-06T19:49:27.283+0000] {processor.py:830} INFO - Processing file /opt/airflow/dags/pipeline_dag.py for tasks to queue
[2026-05-06T19:49:27.289+0000] {logging_mixin.py:188} INFO - [2026-05-06T19:49:27.288+0000] {dagbag.py:545} INFO - Filling up the DagBag from /opt/airflow/dags/pipeline_dag.py
[2026-05-06T19:49:27.337+0000] {processor.py:840} INFO - DAG(s) 'ab_test_medallion_pipeline' retrieved from /opt/airflow/dags/pipeline_dag.py
[2026-05-06T19:49:27.435+0000] {logging_mixin.py:188} INFO - [2026-05-06T19:49:27.434+0000] {dag.py:3096} INFO - Sync 1 DAGs
[2026-05-06T19:49:27.539+0000] {logging_mixin.py:188} INFO - [2026-05-06T19:49:27.538+0000] {dag.py:3954} INFO - Setting next_dagrun for ab_test_medallion_pipeline to 2026-05-06 00:00:00+00:00, run_after=2026-05-07 00:00:00+00:00
[2026-05-06T19:49:27.691+0000] {processor.py:183} INFO - Processing /opt/airflow/dags/pipeline_dag.py took 0.435 seconds
[2026-05-06T19:49:57.978+0000] {processor.py:161} INFO - Started process (PID=1766) to work on /opt/airflow/dags/pipeline_dag.py
[2026-05-06T19:49:57.981+0000] {processor.py:830} INFO - Processing file /opt/airflow/dags/pipeline_dag.py for tasks to queue
[2026-05-06T19:49:57.986+0000] {logging_mixin.py:188} INFO - [2026-05-06T19:49:57.985+0000] {dagbag.py:545} INFO - Filling up the DagBag from /opt/airflow/dags/pipeline_dag.py
[2026-05-06T19:49:58.017+0000] {processor.py:840} INFO - DAG(s) 'ab_test_medallion_pipeline' retrieved from /opt/airflow/dags/pipeline_dag.py
[2026-05-06T19:49:58.082+0000] {logging_mixin.py:188} INFO - [2026-05-06T19:49:58.081+0000] {dag.py:3096} INFO - Sync 1 DAGs
[2026-05-06T19:49:58.302+0000] {logging_mixin.py:188} INFO - [2026-05-06T19:49:58.302+0000] {dag.py:3954} INFO - Setting next_dagrun for ab_test_medallion_pipeline to 2026-05-06 00:00:00+00:00, run_after=2026-05-07 00:00:00+00:00
[2026-05-06T19:49:58.371+0000] {processor.py:183} INFO - Processing /opt/airflow/dags/pipeline_dag.py took 0.407 seconds
[2026-05-06T19:50:28.668+0000] {processor.py:161} INFO - Started process (PID=1771) to work on /opt/airflow/dags/pipeline_dag.py
[2026-05-06T19:50:28.669+0000] {processor.py:830} INFO - Processing file /opt/airflow/dags/pipeline_dag.py for tasks to queue
[2026-05-06T19:50:28.679+0000] {logging_mixin.py:188} INFO - [2026-05-06T19:50:28.678+0000] {dagbag.py:545} INFO - Filling up the DagBag from /opt/airflow/dags/pipeline_dag.py
[2026-05-06T19:50:28.709+0000] {processor.py:840} INFO - DAG(s) 'ab_test_medallion_pipeline' retrieved from /opt/airflow/dags/pipeline_dag.py
[2026-05-06T19:50:28.783+0000] {logging_mixin.py:188} INFO - [2026-05-06T19:50:28.782+0000] {dag.py:3096} INFO - Sync 1 DAGs
[2026-05-06T19:50:28.824+0000] {logging_mixin.py:188} INFO - [2026-05-06T19:50:28.824+0000] {dag.py:3954} INFO - Setting next_dagrun for ab_test_medallion_pipeline to 2026-05-06 00:00:00+00:00, run_after=2026-05-07 00:00:00+00:00
[2026-05-06T19:50:28.874+0000] {processor.py:183} INFO - Processing /opt/airflow/dags/pipeline_dag.py took 0.228 seconds
[2026-05-06T19:50:59.110+0000] {processor.py:161} INFO - Started process (PID=1776) to work on /opt/airflow/dags/pipeline_dag.py
[2026-05-06T19:50:59.112+0000] {processor.py:830} INFO - Processing file /opt/airflow/dags/pipeline_dag.py for tasks to queue
[2026-05-06T19:50:59.119+0000] {logging_mixin.py:188} INFO - [2026-05-06T19:50:59.119+0000] {dagbag.py:545} INFO - Filling up the DagBag from /opt/airflow/dags/pipeline_dag.py
[2026-05-06T19:50:59.151+0000] {processor.py:840} INFO - DAG(s) 'ab_test_medallion_pipeline' retrieved from /opt/airflow/dags/pipeline_dag.py
[2026-05-06T19:50:59.215+0000] {logging_mixin.py:188} INFO - [2026-05-06T19:50:59.215+0000] {dag.py:3096} INFO - Sync 1 DAGs
[2026-05-06T19:50:59.276+0000] {logging_mixin.py:188} INFO - [2026-05-06T19:50:59.275+0000] {dag.py:3954} INFO - Setting next_dagrun for ab_test_medallion_pipeline to 2026-05-06 00:00:00+00:00, run_after=2026-05-07 00:00:00+00:00
[2026-05-06T19:50:59.341+0000] {processor.py:183} INFO - Processing /opt/airflow/dags/pipeline_dag.py took 0.247 seconds
[2026-05-06T19:51:29.705+0000] {processor.py:161} INFO - Started process (PID=1781) to work on /opt/airflow/dags/pipeline_dag.py
[2026-05-06T19:51:29.708+0000] {processor.py:830} INFO - Processing file /opt/airflow/dags/pipeline_dag.py for tasks to queue
[2026-05-06T19:51:29.725+0000] {logging_mixin.py:188} INFO - [2026-05-06T19:51:29.723+0000] {dagbag.py:545} INFO - Filling up the DagBag from /opt/airflow/dags/pipeline_dag.py
[2026-05-06T19:51:29.792+0000] {processor.py:840} INFO - DAG(s) 'ab_test_medallion_pipeline' retrieved from /opt/airflow/dags/pipeline_dag.py
[2026-05-06T19:51:29.988+0000] {logging_mixin.py:188} INFO - [2026-05-06T19:51:29.987+0000] {dag.py:3096} INFO - Sync 1 DAGs
[2026-05-06T19:51:30.199+0000] {logging_mixin.py:188} INFO - [2026-05-06T19:51:30.198+0000] {dag.py:3954} INFO - Setting next_dagrun for ab_test_medallion_pipeline to 2026-05-06 00:00:00+00:00, run_after=2026-05-07 00:00:00+00:00
[2026-05-06T19:51:30.282+0000] {processor.py:183} INFO - Processing /opt/airflow/dags/pipeline_dag.py took 0.628 seconds
[2026-05-06T19:52:00.626+0000] {processor.py:161} INFO - Started process (PID=1786) to work on /opt/airflow/dags/pipeline_dag.py
[2026-05-06T19:52:00.628+0000] {processor.py:830} INFO - Processing file /opt/airflow/dags/pipeline_dag.py for tasks to queue
[2026-05-06T19:52:00.646+0000] {logging_mixin.py:188} INFO - [2026-05-06T19:52:00.645+0000] {dagbag.py:545} INFO - Filling up the DagBag from /opt/airflow/dags/pipeline_dag.py
[2026-05-06T19:52:00.719+0000] {processor.py:840} INFO - DAG(s) 'ab_test_medallion_pipeline' retrieved from /opt/airflow/dags/pipeline_dag.py
[2026-05-06T19:52:00.938+0000] {logging_mixin.py:188} INFO - [2026-05-06T19:52:00.935+0000] {dag.py:3096} INFO - Sync 1 DAGs
[2026-05-06T19:52:01.121+0000] {logging_mixin.py:188} INFO - [2026-05-06T19:52:01.120+0000] {dag.py:3954} INFO - Setting next_dagrun for ab_test_medallion_pipeline to 2026-05-06 00:00:00+00:00, run_after=2026-05-07 00:00:00+00:00
[2026-05-06T19:52:01.190+0000] {processor.py:183} INFO - Processing /opt/airflow/dags/pipeline_dag.py took 0.613 seconds
[2026-05-06T19:52:31.537+0000] {processor.py:161} INFO - Started process (PID=1791) to work on /opt/airflow/dags/pipeline_dag.py
[2026-05-06T19:52:31.543+0000] {processor.py:830} INFO - Processing file /opt/airflow/dags/pipeline_dag.py for tasks to queue
[2026-05-06T19:52:31.568+0000] {logging_mixin.py:188} INFO - [2026-05-06T19:52:31.565+0000] {dagbag.py:545} INFO - Filling up the DagBag from /opt/airflow/dags/pipeline_dag.py
[2026-05-06T19:52:31.889+0000] {processor.py:840} INFO - DAG(s) 'ab_test_medallion_pipeline' retrieved from /opt/airflow/dags/pipeline_dag.py
[2026-05-06T19:52:32.290+0000] {logging_mixin.py:188} INFO - [2026-05-06T19:52:32.289+0000] {dag.py:3096} INFO - Sync 1 DAGs
[2026-05-06T19:52:32.635+0000] {logging_mixin.py:188} INFO - [2026-05-06T19:52:32.633+0000] {dag.py:3954} INFO - Setting next_dagrun for ab_test_medallion_pipeline to 2026-05-06 00:00:00+00:00, run_after=2026-05-07 00:00:00+00:00
[2026-05-06T19:52:32.719+0000] {processor.py:183} INFO - Processing /opt/airflow/dags/pipeline_dag.py took 1.202 seconds
[2026-05-06T19:53:02.961+0000] {processor.py:161} INFO - Started process (PID=1796) to work on /opt/airflow/dags/pipeline_dag.py
[2026-05-06T19:53:02.963+0000] {processor.py:830} INFO - Processing file /opt/airflow/dags/pipeline_dag.py for tasks to queue
[2026-05-06T19:53:02.967+0000] {logging_mixin.py:188} INFO - [2026-05-06T19:53:02.967+0000] {dagbag.py:545} INFO - Filling up the DagBag from /opt/airflow/dags/pipeline_dag.py
[2026-05-06T19:53:03.002+0000] {processor.py:840} INFO - DAG(s) 'ab_test_medallion_pipeline' retrieved from /opt/airflow/dags/pipeline_dag.py
[2026-05-06T19:53:03.082+0000] {logging_mixin.py:188} INFO - [2026-05-06T19:53:03.082+0000] {dag.py:3096} INFO - Sync 1 DAGs
[2026-05-06T19:53:03.169+0000] {logging_mixin.py:188} INFO - [2026-05-06T19:53:03.169+0000] {dag.py:3954} INFO - Setting next_dagrun for ab_test_medallion_pipeline to 2026-05-06 00:00:00+00:00, run_after=2026-05-07 00:00:00+00:00
[2026-05-06T19:53:03.224+0000] {processor.py:183} INFO - Processing /opt/airflow/dags/pipeline_dag.py took 0.286 seconds
[2026-05-06T19:53:33.500+0000] {processor.py:161} INFO - Started process (PID=1801) to work on /opt/airflow/dags/pipeline_dag.py
[2026-05-06T19:53:33.503+0000] {processor.py:830} INFO - Processing file /opt/airflow/dags/pipeline_dag.py for tasks to queue
[2026-05-06T19:53:33.507+0000] {logging_mixin.py:188} INFO - [2026-05-06T19:53:33.506+0000] {dagbag.py:545} INFO - Filling up the DagBag from /opt/airflow/dags/pipeline_dag.py
[2026-05-06T19:53:33.546+0000] {processor.py:840} INFO - DAG(s) 'ab_test_medallion_pipeline' retrieved from /opt/airflow/dags/pipeline_dag.py
[2026-05-06T19:53:33.618+0000] {logging_mixin.py:188} INFO - [2026-05-06T19:53:33.618+0000] {dag.py:3096} INFO - Sync 1 DAGs
[2026-05-06T19:53:33.667+0000] {logging_mixin.py:188} INFO - [2026-05-06T19:53:33.667+0000] {dag.py:3954} INFO - Setting next_dagrun for ab_test_medallion_pipeline to 2026-05-06 00:00:00+00:00, run_after=2026-05-07 00:00:00+00:00
[2026-05-06T19:53:33.706+0000] {processor.py:183} INFO - Processing /opt/airflow/dags/pipeline_dag.py took 0.220 seconds
[2026-05-06T19:54:04.004+0000] {processor.py:161} INFO - Started process (PID=1806) to work on /opt/airflow/dags/pipeline_dag.py
[2026-05-06T19:54:04.005+0000] {processor.py:830} INFO - Processing file /opt/airflow/dags/pipeline_dag.py for tasks to queue
[2026-05-06T19:54:04.009+0000] {logging_mixin.py:188} INFO - [2026-05-06T19:54:04.008+0000] {dagbag.py:545} INFO - Filling up the DagBag from /opt/airflow/dags/pipeline_dag.py
[2026-05-06T19:54:04.043+0000] {processor.py:840} INFO - DAG(s) 'ab_test_medallion_pipeline' retrieved from /opt/airflow/dags/pipeline_dag.py
[2026-05-06T19:54:04.120+0000] {logging_mixin.py:188} INFO - [2026-05-06T19:54:04.119+0000] {dag.py:3096} INFO - Sync 1 DAGs
[2026-05-06T19:54:04.173+0000] {logging_mixin.py:188} INFO - [2026-05-06T19:54:04.173+0000] {dag.py:3954} INFO - Setting next_dagrun for ab_test_medallion_pipeline to 2026-05-06 00:00:00+00:00, run_after=2026-05-07 00:00:00+00:00
[2026-05-06T19:54:04.242+0000] {processor.py:183} INFO - Processing /opt/airflow/dags/pipeline_dag.py took 0.255 seconds
[2026-05-06T19:54:34.498+0000] {processor.py:161} INFO - Started process (PID=1811) to work on /opt/airflow/dags/pipeline_dag.py
[2026-05-06T19:54:34.500+0000] {processor.py:830} INFO - Processing file /opt/airflow/dags/pipeline_dag.py for tasks to queue
[2026-05-06T19:54:34.508+0000] {logging_mixin.py:188} INFO - [2026-05-06T19:54:34.507+0000] {dagbag.py:545} INFO - Filling up the DagBag from /opt/airflow/dags/pipeline_dag.py
[2026-05-06T19:54:34.548+0000] {processor.py:840} INFO - DAG(s) 'ab_test_medallion_pipeline' retrieved from /opt/airflow/dags/pipeline_dag.py
[2026-05-06T19:54:34.661+0000] {logging_mixin.py:188} INFO - [2026-05-06T19:54:34.661+0000] {dag.py:3096} INFO - Sync 1 DAGs
[2026-05-06T19:54:34.707+0000] {logging_mixin.py:188} INFO - [2026-05-06T19:54:34.706+0000] {dag.py:3954} INFO - Setting next_dagrun for ab_test_medallion_pipeline to 2026-05-06 00:00:00+00:00, run_after=2026-05-07 00:00:00+00:00
[2026-05-06T19:54:34.736+0000] {processor.py:183} INFO - Processing /opt/airflow/dags/pipeline_dag.py took 0.254 seconds
[2026-05-06T19:55:05.013+0000] {processor.py:161} INFO - Started process (PID=1816) to work on /opt/airflow/dags/pipeline_dag.py
[2026-05-06T19:55:05.018+0000] {processor.py:830} INFO - Processing file /opt/airflow/dags/pipeline_dag.py for tasks to queue
[2026-05-06T19:55:05.024+0000] {logging_mixin.py:188} INFO - [2026-05-06T19:55:05.023+0000] {dagbag.py:545} INFO - Filling up the DagBag from /opt/airflow/dags/pipeline_dag.py
[2026-05-06T19:55:05.079+0000] {processor.py:840} INFO - DAG(s) 'ab_test_medallion_pipeline' retrieved from /opt/airflow/dags/pipeline_dag.py
[2026-05-06T19:55:05.169+0000] {logging_mixin.py:188} INFO - [2026-05-06T19:55:05.169+0000] {dag.py:3096} INFO - Sync 1 DAGs
[2026-05-06T19:55:05.250+0000] {logging_mixin.py:188} INFO - [2026-05-06T19:55:05.249+0000] {dag.py:3954} INFO - Setting next_dagrun for ab_test_medallion_pipeline to 2026-05-06 00:00:00+00:00, run_after=2026-05-07 00:00:00+00:00
[2026-05-06T19:55:05.310+0000] {processor.py:183} INFO - Processing /opt/airflow/dags/pipeline_dag.py took 0.315 seconds
[2026-05-06T19:55:35.566+0000] {processor.py:161} INFO - Started process (PID=1821) to work on /opt/airflow/dags/pipeline_dag.py
[2026-05-06T19:55:35.568+0000] {processor.py:830} INFO - Processing file /opt/airflow/dags/pipeline_dag.py for tasks to queue
[2026-05-06T19:55:35.575+0000] {logging_mixin.py:188} INFO - [2026-05-06T19:55:35.571+0000] {dagbag.py:545} INFO - Filling up the DagBag from /opt/airflow/dags/pipeline_dag.py
[2026-05-06T19:55:35.602+0000] {processor.py:840} INFO - DAG(s) 'ab_test_medallion_pipeline' retrieved from /opt/airflow/dags/pipeline_dag.py
[2026-05-06T19:55:35.663+0000] {logging_mixin.py:188} INFO - [2026-05-06T19:55:35.663+0000] {dag.py:3096} INFO - Sync 1 DAGs
[2026-05-06T19:55:35.703+0000] {logging_mixin.py:188} INFO - [2026-05-06T19:55:35.703+0000] {dag.py:3954} INFO - Setting next_dagrun for ab_test_medallion_pipeline to 2026-05-06 00:00:00+00:00, run_after=2026-05-07 00:00:00+00:00
[2026-05-06T19:55:35.792+0000] {processor.py:183} INFO - Processing /opt/airflow/dags/pipeline_dag.py took 0.241 seconds
[2026-05-06T19:56:06.065+0000] {processor.py:161} INFO - Started process (PID=1826) to work on /opt/airflow/dags/pipeline_dag.py
[2026-05-06T19:56:06.068+0000] {processor.py:830} INFO - Processing file /opt/airflow/dags/pipeline_dag.py for tasks to queue
[2026-05-06T19:56:06.075+0000] {logging_mixin.py:188} INFO - [2026-05-06T19:56:06.073+0000] {dagbag.py:545} INFO - Filling up the DagBag from /opt/airflow/dags/pipeline_dag.py
[2026-05-06T19:56:06.119+0000] {processor.py:840} INFO - DAG(s) 'ab_test_medallion_pipeline' retrieved from /opt/airflow/dags/pipeline_dag.py
[2026-05-06T19:56:06.209+0000] {logging_mixin.py:188} INFO - [2026-05-06T19:56:06.209+0000] {dag.py:3096} INFO - Sync 1 DAGs
[2026-05-06T19:56:06.301+0000] {logging_mixin.py:188} INFO - [2026-05-06T19:56:06.300+0000] {dag.py:3954} INFO - Setting next_dagrun for ab_test_medallion_pipeline to 2026-05-06 00:00:00+00:00, run_after=2026-05-07 00:00:00+00:00
[2026-05-06T19:56:06.386+0000] {processor.py:183} INFO - Processing /opt/airflow/dags/pipeline_dag.py took 0.345 seconds
[2026-05-06T19:56:36.695+0000] {processor.py:161} INFO - Started process (PID=1831) to work on /opt/airflow/dags/pipeline_dag.py
[2026-05-06T19:56:36.698+0000] {processor.py:830} INFO - Processing file /opt/airflow/dags/pipeline_dag.py for tasks to queue
[2026-05-06T19:56:36.708+0000] {logging_mixin.py:188} INFO - [2026-05-06T19:56:36.707+0000] {dagbag.py:545} INFO - Filling up the DagBag from /opt/airflow/dags/pipeline_dag.py
[2026-05-06T19:56:36.764+0000] {processor.py:840} INFO - DAG(s) 'ab_test_medallion_pipeline' retrieved from /opt/airflow/dags/pipeline_dag.py
[2026-05-06T19:56:36.883+0000] {logging_mixin.py:188} INFO - [2026-05-06T19:56:36.882+0000] {dag.py:3096} INFO - Sync 1 DAGs
[2026-05-06T19:56:36.966+0000] {logging_mixin.py:188} INFO - [2026-05-06T19:56:36.966+0000] {dag.py:3954} INFO - Setting next_dagrun for ab_test_medallion_pipeline to 2026-05-06 00:00:00+00:00, run_after=2026-05-07 00:00:00+00:00
[2026-05-06T19:56:37.028+0000] {processor.py:183} INFO - Processing /opt/airflow/dags/pipeline_dag.py took 0.355 seconds
[2026-05-06T19:57:07.296+0000] {processor.py:161} INFO - Started process (PID=1836) to work on /opt/airflow/dags/pipeline_dag.py
[2026-05-06T19:57:07.298+0000] {processor.py:830} INFO - Processing file /opt/airflow/dags/pipeline_dag.py for tasks to queue
[2026-05-06T19:57:07.303+0000] {logging_mixin.py:188} INFO - [2026-05-06T19:57:07.302+0000] {dagbag.py:545} INFO - Filling up the DagBag from /opt/airflow/dags/pipeline_dag.py
[2026-05-06T19:57:07.342+0000] {processor.py:840} INFO - DAG(s) 'ab_test_medallion_pipeline' retrieved from /opt/airflow/dags/pipeline_dag.py
[2026-05-06T19:57:07.426+0000] {logging_mixin.py:188} INFO - [2026-05-06T19:57:07.426+0000] {dag.py:3096} INFO - Sync 1 DAGs
[2026-05-06T19:57:07.497+0000] {logging_mixin.py:188} INFO - [2026-05-06T19:57:07.496+0000] {dag.py:3954} INFO - Setting next_dagrun for ab_test_medallion_pipeline to 2026-05-06 00:00:00+00:00, run_after=2026-05-07 00:00:00+00:00
[2026-05-06T19:57:07.582+0000] {processor.py:183} INFO - Processing /opt/airflow/dags/pipeline_dag.py took 0.305 seconds
[2026-05-06T19:57:38.144+0000] {processor.py:161} INFO - Started process (PID=1841) to work on /opt/airflow/dags/pipeline_dag.py
[2026-05-06T19:57:38.145+0000] {processor.py:830} INFO - Processing file /opt/airflow/dags/pipeline_dag.py for tasks to queue
[2026-05-06T19:57:38.161+0000] {logging_mixin.py:188} INFO - [2026-05-06T19:57:38.160+0000] {dagbag.py:545} INFO - Filling up the DagBag from /opt/airflow/dags/pipeline_dag.py
[2026-05-06T19:57:38.342+0000] {processor.py:840} INFO - DAG(s) 'ab_test_medallion_pipeline' retrieved from /opt/airflow/dags/pipeline_dag.py
[2026-05-06T19:57:38.940+0000] {logging_mixin.py:188} INFO - [2026-05-06T19:57:38.938+0000] {dag.py:3096} INFO - Sync 1 DAGs
[2026-05-06T19:57:39.562+0000] {logging_mixin.py:188} INFO - [2026-05-06T19:57:39.560+0000] {dag.py:3954} INFO - Setting next_dagrun for ab_test_medallion_pipeline to 2026-05-06 00:00:00+00:00, run_after=2026-05-07 00:00:00+00:00
[2026-05-06T19:57:39.859+0000] {processor.py:183} INFO - Processing /opt/airflow/dags/pipeline_dag.py took 1.765 seconds
[2026-05-06T19:58:10.329+0000] {processor.py:161} INFO - Started process (PID=1846) to work on /opt/airflow/dags/pipeline_dag.py
[2026-05-06T19:58:10.344+0000] {processor.py:830} INFO - Processing file /opt/airflow/dags/pipeline_dag.py for tasks to queue
[2026-05-06T19:58:10.362+0000] {logging_mixin.py:188} INFO - [2026-05-06T19:58:10.361+0000] {dagbag.py:545} INFO - Filling up the DagBag from /opt/airflow/dags/pipeline_dag.py
[2026-05-06T19:58:10.506+0000] {processor.py:840} INFO - DAG(s) 'ab_test_medallion_pipeline' retrieved from /opt/airflow/dags/pipeline_dag.py
[2026-05-06T19:58:10.896+0000] {logging_mixin.py:188} INFO - [2026-05-06T19:58:10.895+0000] {dag.py:3096} INFO - Sync 1 DAGs
[2026-05-06T19:58:11.263+0000] {logging_mixin.py:188} INFO - [2026-05-06T19:58:11.262+0000] {dag.py:3954} INFO - Setting next_dagrun for ab_test_medallion_pipeline to 2026-05-06 00:00:00+00:00, run_after=2026-05-07 00:00:00+00:00
[2026-05-06T19:58:11.406+0000] {processor.py:183} INFO - Processing /opt/airflow/dags/pipeline_dag.py took 1.155 seconds
[2026-05-06T19:58:41.830+0000] {processor.py:161} INFO - Started process (PID=1851) to work on /opt/airflow/dags/pipeline_dag.py
[2026-05-06T19:58:41.832+0000] {processor.py:830} INFO - Processing file /opt/airflow/dags/pipeline_dag.py for tasks to queue
[2026-05-06T19:58:41.837+0000] {logging_mixin.py:188} INFO - [2026-05-06T19:58:41.836+0000] {dagbag.py:545} INFO - Filling up the DagBag from /opt/airflow/dags/pipeline_dag.py
[2026-05-06T19:58:41.922+0000] {processor.py:840} INFO - DAG(s) 'ab_test_medallion_pipeline' retrieved from /opt/airflow/dags/pipeline_dag.py
[2026-05-06T19:58:42.769+0000] {logging_mixin.py:188} INFO - [2026-05-06T19:58:42.769+0000] {dag.py:3096} INFO - Sync 1 DAGs
[2026-05-06T19:58:43.153+0000] {logging_mixin.py:188} INFO - [2026-05-06T19:58:43.152+0000] {dag.py:3954} INFO - Setting next_dagrun for ab_test_medallion_pipeline to 2026-05-06 00:00:00+00:00, run_after=2026-05-07 00:00:00+00:00
[2026-05-06T19:58:43.309+0000] {processor.py:183} INFO - Processing /opt/airflow/dags/pipeline_dag.py took 1.501 seconds
[2026-05-06T19:59:13.626+0000] {processor.py:161} INFO - Started process (PID=1856) to work on /opt/airflow/dags/pipeline_dag.py
[2026-05-06T19:59:13.629+0000] {processor.py:830} INFO - Processing file /opt/airflow/dags/pipeline_dag.py for tasks to queue
[2026-05-06T19:59:13.641+0000] {logging_mixin.py:188} INFO - [2026-05-06T19:59:13.640+0000] {dagbag.py:545} INFO - Filling up the DagBag from /opt/airflow/dags/pipeline_dag.py
[2026-05-06T19:59:13.680+0000] {processor.py:840} INFO - DAG(s) 'ab_test_medallion_pipeline' retrieved from /opt/airflow/dags/pipeline_dag.py
[2026-05-06T19:59:13.751+0000] {logging_mixin.py:188} INFO - [2026-05-06T19:59:13.750+0000] {dag.py:3096} INFO - Sync 1 DAGs
[2026-05-06T19:59:13.793+0000] {logging_mixin.py:188} INFO - [2026-05-06T19:59:13.792+0000] {dag.py:3954} INFO - Setting next_dagrun for ab_test_medallion_pipeline to 2026-05-06 00:00:00+00:00, run_after=2026-05-07 00:00:00+00:00
[2026-05-06T19:59:13.829+0000] {processor.py:183} INFO - Processing /opt/airflow/dags/pipeline_dag.py took 0.232 seconds
[2026-05-06T19:59:44.094+0000] {processor.py:161} INFO - Started process (PID=1861) to work on /opt/airflow/dags/pipeline_dag.py
[2026-05-06T19:59:44.095+0000] {processor.py:830} INFO - Processing file /opt/airflow/dags/pipeline_dag.py for tasks to queue
[2026-05-06T19:59:44.099+0000] {logging_mixin.py:188} INFO - [2026-05-06T19:59:44.099+0000] {dagbag.py:545} INFO - Filling up the DagBag from /opt/airflow/dags/pipeline_dag.py
[2026-05-06T19:59:44.126+0000] {processor.py:840} INFO - DAG(s) 'ab_test_medallion_pipeline' retrieved from /opt/airflow/dags/pipeline_dag.py
[2026-05-06T19:59:44.182+0000] {logging_mixin.py:188} INFO - [2026-05-06T19:59:44.181+0000] {dag.py:3096} INFO - Sync 1 DAGs
[2026-05-06T19:59:44.220+0000] {logging_mixin.py:188} INFO - [2026-05-06T19:59:44.220+0000] {dag.py:3954} INFO - Setting next_dagrun for ab_test_medallion_pipeline to 2026-05-06 00:00:00+00:00, run_after=2026-05-07 00:00:00+00:00
[2026-05-06T19:59:44.261+0000] {processor.py:183} INFO - Processing /opt/airflow/dags/pipeline_dag.py took 0.180 seconds
[2026-05-06T20:00:14.437+0000] {processor.py:161} INFO - Started process (PID=1866) to work on /opt/airflow/dags/pipeline_dag.py
[2026-05-06T20:00:14.439+0000] {processor.py:830} INFO - Processing file /opt/airflow/dags/pipeline_dag.py for tasks to queue
[2026-05-06T20:00:14.444+0000] {logging_mixin.py:188} INFO - [2026-05-06T20:00:14.443+0000] {dagbag.py:545} INFO - Filling up the DagBag from /opt/airflow/dags/pipeline_dag.py
[2026-05-06T20:00:14.464+0000] {processor.py:840} INFO - DAG(s) 'ab_test_medallion_pipeline' retrieved from /opt/airflow/dags/pipeline_dag.py
[2026-05-06T20:00:14.508+0000] {logging_mixin.py:188} INFO - [2026-05-06T20:00:14.508+0000] {dag.py:3096} INFO - Sync 1 DAGs
[2026-05-06T20:00:14.549+0000] {logging_mixin.py:188} INFO - [2026-05-06T20:00:14.549+0000] {dag.py:3954} INFO - Setting next_dagrun for ab_test_medallion_pipeline to 2026-05-06 00:00:00+00:00, run_after=2026-05-07 00:00:00+00:00
[2026-05-06T20:00:14.584+0000] {processor.py:183} INFO - Processing /opt/airflow/dags/pipeline_dag.py took 0.165 seconds
[2026-05-06T20:00:44.763+0000] {processor.py:161} INFO - Started process (PID=1871) to work on /opt/airflow/dags/pipeline_dag.py
[2026-05-06T20:00:44.764+0000] {processor.py:830} INFO - Processing file /opt/airflow/dags/pipeline_dag.py for tasks to queue
[2026-05-06T20:00:44.770+0000] {logging_mixin.py:188} INFO - [2026-05-06T20:00:44.769+0000] {dagbag.py:545} INFO - Filling up the DagBag from /opt/airflow/dags/pipeline_dag.py
[2026-05-06T20:00:44.790+0000] {processor.py:840} INFO - DAG(s) 'ab_test_medallion_pipeline' retrieved from /opt/airflow/dags/pipeline_dag.py
[2026-05-06T20:00:44.833+0000] {logging_mixin.py:188} INFO - [2026-05-06T20:00:44.833+0000] {dag.py:3096} INFO - Sync 1 DAGs
[2026-05-06T20:00:44.869+0000] {logging_mixin.py:188} INFO - [2026-05-06T20:00:44.869+0000] {dag.py:3954} INFO - Setting next_dagrun for ab_test_medallion_pipeline to 2026-05-06 00:00:00+00:00, run_after=2026-05-07 00:00:00+00:00
[2026-05-06T20:00:44.906+0000] {processor.py:183} INFO - Processing /opt/airflow/dags/pipeline_dag.py took 0.155 seconds
[2026-05-06T20:01:15.055+0000] {processor.py:161} INFO - Started process (PID=1876) to work on /opt/airflow/dags/pipeline_dag.py
[2026-05-06T20:01:15.060+0000] {processor.py:830} INFO - Processing file /opt/airflow/dags/pipeline_dag.py for tasks to queue
[2026-05-06T20:01:15.067+0000] {logging_mixin.py:188} INFO - [2026-05-06T20:01:15.066+0000] {dagbag.py:545} INFO - Filling up the DagBag from /opt/airflow/dags/pipeline_dag.py
[2026-05-06T20:01:15.153+0000] {processor.py:840} INFO - DAG(s) 'ab_test_medallion_pipeline' retrieved from /opt/airflow/dags/pipeline_dag.py
[2026-05-06T20:01:15.256+0000] {logging_mixin.py:188} INFO - [2026-05-06T20:01:15.256+0000] {dag.py:3096} INFO - Sync 1 DAGs
[2026-05-06T20:01:15.315+0000] {logging_mixin.py:188} INFO - [2026-05-06T20:01:15.314+0000] {dag.py:3954} INFO - Setting next_dagrun for ab_test_medallion_pipeline to 2026-05-06 00:00:00+00:00, run_after=2026-05-07 00:00:00+00:00
[2026-05-06T20:01:15.395+0000] {processor.py:183} INFO - Processing /opt/airflow/dags/pipeline_dag.py took 0.367 seconds
[2026-05-06T20:01:45.720+0000] {processor.py:161} INFO - Started process (PID=1881) to work on /opt/airflow/dags/pipeline_dag.py
[2026-05-06T20:01:45.722+0000] {processor.py:830} INFO - Processing file /opt/airflow/dags/pipeline_dag.py for tasks to queue
[2026-05-06T20:01:45.727+0000] {logging_mixin.py:188} INFO - [2026-05-06T20:01:45.726+0000] {dagbag.py:545} INFO - Filling up the DagBag from /opt/airflow/dags/pipeline_dag.py
[2026-05-06T20:01:45.750+0000] {processor.py:840} INFO - DAG(s) 'ab_test_medallion_pipeline' retrieved from /opt/airflow/dags/pipeline_dag.py
[2026-05-06T20:01:45.799+0000] {logging_mixin.py:188} INFO - [2026-05-06T20:01:45.798+0000] {dag.py:3096} INFO - Sync 1 DAGs
[2026-05-06T20:01:45.928+0000] {logging_mixin.py:188} INFO - [2026-05-06T20:01:45.927+0000] {dag.py:3954} INFO - Setting next_dagrun for ab_test_medallion_pipeline to 2026-05-06 00:00:00+00:00, run_after=2026-05-07 00:00:00+00:00
[2026-05-06T20:01:46.156+0000] {processor.py:183} INFO - Processing /opt/airflow/dags/pipeline_dag.py took 0.454 seconds
[2026-05-06T20:02:16.459+0000] {processor.py:161} INFO - Started process (PID=1886) to work on /opt/airflow/dags/pipeline_dag.py
[2026-05-06T20:02:16.461+0000] {processor.py:830} INFO - Processing file /opt/airflow/dags/pipeline_dag.py for tasks to queue
[2026-05-06T20:02:16.467+0000] {logging_mixin.py:188} INFO - [2026-05-06T20:02:16.466+0000] {dagbag.py:545} INFO - Filling up the DagBag from /opt/airflow/dags/pipeline_dag.py
[2026-05-06T20:02:16.486+0000] {processor.py:840} INFO - DAG(s) 'ab_test_medallion_pipeline' retrieved from /opt/airflow/dags/pipeline_dag.py
[2026-05-06T20:02:16.530+0000] {logging_mixin.py:188} INFO - [2026-05-06T20:02:16.529+0000] {dag.py:3096} INFO - Sync 1 DAGs
[2026-05-06T20:02:16.569+0000] {logging_mixin.py:188} INFO - [2026-05-06T20:02:16.569+0000] {dag.py:3954} INFO - Setting next_dagrun for ab_test_medallion_pipeline to 2026-05-06 00:00:00+00:00, run_after=2026-05-07 00:00:00+00:00
[2026-05-06T20:02:16.709+0000] {processor.py:183} INFO - Processing /opt/airflow/dags/pipeline_dag.py took 0.260 seconds
[2026-05-06T20:02:47.020+0000] {processor.py:161} INFO - Started process (PID=1891) to work on /opt/airflow/dags/pipeline_dag.py
[2026-05-06T20:02:47.021+0000] {processor.py:830} INFO - Processing file /opt/airflow/dags/pipeline_dag.py for tasks to queue
[2026-05-06T20:02:47.025+0000] {logging_mixin.py:188} INFO - [2026-05-06T20:02:47.024+0000] {dagbag.py:545} INFO - Filling up the DagBag from /opt/airflow/dags/pipeline_dag.py
[2026-05-06T20:02:47.045+0000] {processor.py:840} INFO - DAG(s) 'ab_test_medallion_pipeline' retrieved from /opt/airflow/dags/pipeline_dag.py
[2026-05-06T20:02:47.091+0000] {logging_mixin.py:188} INFO - [2026-05-06T20:02:47.091+0000] {dag.py:3096} INFO - Sync 1 DAGs
[2026-05-06T20:02:47.137+0000] {logging_mixin.py:188} INFO - [2026-05-06T20:02:47.135+0000] {dag.py:3954} INFO - Setting next_dagrun for ab_test_medallion_pipeline to 2026-05-06 00:00:00+00:00, run_after=2026-05-07 00:00:00+00:00
[2026-05-06T20:02:47.312+0000] {processor.py:183} INFO - Processing /opt/airflow/dags/pipeline_dag.py took 0.305 seconds
[2026-05-06T20:03:17.594+0000] {processor.py:161} INFO - Started process (PID=1896) to work on /opt/airflow/dags/pipeline_dag.py
[2026-05-06T20:03:17.597+0000] {processor.py:830} INFO - Processing file /opt/airflow/dags/pipeline_dag.py for tasks to queue
[2026-05-06T20:03:17.604+0000] {logging_mixin.py:188} INFO - [2026-05-06T20:03:17.603+0000] {dagbag.py:545} INFO - Filling up the DagBag from /opt/airflow/dags/pipeline_dag.py
[2026-05-06T20:03:17.639+0000] {processor.py:840} INFO - DAG(s) 'ab_test_medallion_pipeline' retrieved from /opt/airflow/dags/pipeline_dag.py
[2026-05-06T20:03:17.723+0000] {logging_mixin.py:188} INFO - [2026-05-06T20:03:17.722+0000] {dag.py:3096} INFO - Sync 1 DAGs
[2026-05-06T20:03:17.817+0000] {logging_mixin.py:188} INFO - [2026-05-06T20:03:17.816+0000] {dag.py:3954} INFO - Setting next_dagrun for ab_test_medallion_pipeline to 2026-05-06 00:00:00+00:00, run_after=2026-05-07 00:00:00+00:00
[2026-05-06T20:03:17.908+0000] {processor.py:183} INFO - Processing /opt/airflow/dags/pipeline_dag.py took 0.339 seconds
[2026-05-06T20:03:48.247+0000] {processor.py:161} INFO - Started process (PID=1901) to work on /opt/airflow/dags/pipeline_dag.py
[2026-05-06T20:03:48.255+0000] {processor.py:830} INFO - Processing file /opt/airflow/dags/pipeline_dag.py for tasks to queue
[2026-05-06T20:03:48.265+0000] {logging_mixin.py:188} INFO - [2026-05-06T20:03:48.263+0000] {dagbag.py:545} INFO - Filling up the DagBag from /opt/airflow/dags/pipeline_dag.py
[2026-05-06T20:03:48.327+0000] {processor.py:840} INFO - DAG(s) 'ab_test_medallion_pipeline' retrieved from /opt/airflow/dags/pipeline_dag.py
[2026-05-06T20:03:48.485+0000] {logging_mixin.py:188} INFO - [2026-05-06T20:03:48.485+0000] {dag.py:3096} INFO - Sync 1 DAGs
[2026-05-06T20:03:48.601+0000] {logging_mixin.py:188} INFO - [2026-05-06T20:03:48.601+0000] {dag.py:3954} INFO - Setting next_dagrun for ab_test_medallion_pipeline to 2026-05-06 00:00:00+00:00, run_after=2026-05-07 00:00:00+00:00
[2026-05-06T20:03:48.689+0000] {processor.py:183} INFO - Processing /opt/airflow/dags/pipeline_dag.py took 0.473 seconds
[2026-05-06T20:04:19.012+0000] {processor.py:161} INFO - Started process (PID=1906) to work on /opt/airflow/dags/pipeline_dag.py
[2026-05-06T20:04:19.014+0000] {processor.py:830} INFO - Processing file /opt/airflow/dags/pipeline_dag.py for tasks to queue
[2026-05-06T20:04:19.017+0000] {logging_mixin.py:188} INFO - [2026-05-06T20:04:19.017+0000] {dagbag.py:545} INFO - Filling up the DagBag from /opt/airflow/dags/pipeline_dag.py
[2026-05-06T20:04:19.042+0000] {processor.py:840} INFO - DAG(s) 'ab_test_medallion_pipeline' retrieved from /opt/airflow/dags/pipeline_dag.py
[2026-05-06T20:04:19.104+0000] {logging_mixin.py:188} INFO - [2026-05-06T20:04:19.103+0000] {dag.py:3096} INFO - Sync 1 DAGs
[2026-05-06T20:04:19.148+0000] {logging_mixin.py:188} INFO - [2026-05-06T20:04:19.147+0000] {dag.py:3954} INFO - Setting next_dagrun for ab_test_medallion_pipeline to 2026-05-06 00:00:00+00:00, run_after=2026-05-07 00:00:00+00:00
[2026-05-06T20:04:19.181+0000] {processor.py:183} INFO - Processing /opt/airflow/dags/pipeline_dag.py took 0.181 seconds
[2026-05-06T20:04:49.249+0000] {processor.py:161} INFO - Started process (PID=1911) to work on /opt/airflow/dags/pipeline_dag.py
[2026-05-06T20:04:49.251+0000] {processor.py:830} INFO - Processing file /opt/airflow/dags/pipeline_dag.py for tasks to queue
[2026-05-06T20:04:49.256+0000] {logging_mixin.py:188} INFO - [2026-05-06T20:04:49.255+0000] {dagbag.py:545} INFO - Filling up the DagBag from /opt/airflow/dags/pipeline_dag.py
[2026-05-06T20:04:49.283+0000] {processor.py:840} INFO - DAG(s) 'ab_test_medallion_pipeline' retrieved from /opt/airflow/dags/pipeline_dag.py
[2026-05-06T20:04:49.329+0000] {logging_mixin.py:188} INFO - [2026-05-06T20:04:49.328+0000] {dag.py:3096} INFO - Sync 1 DAGs
[2026-05-06T20:04:49.381+0000] {logging_mixin.py:188} INFO - [2026-05-06T20:04:49.380+0000] {dag.py:3954} INFO - Setting next_dagrun for ab_test_medallion_pipeline to 2026-05-06 00:00:00+00:00, run_after=2026-05-07 00:00:00+00:00
[2026-05-06T20:04:49.446+0000] {processor.py:183} INFO - Processing /opt/airflow/dags/pipeline_dag.py took 0.211 seconds
[2026-05-06T20:05:19.831+0000] {processor.py:161} INFO - Started process (PID=1916) to work on /opt/airflow/dags/pipeline_dag.py
[2026-05-06T20:05:19.833+0000] {processor.py:830} INFO - Processing file /opt/airflow/dags/pipeline_dag.py for tasks to queue
[2026-05-06T20:05:19.837+0000] {logging_mixin.py:188} INFO - [2026-05-06T20:05:19.836+0000] {dagbag.py:545} INFO - Filling up the DagBag from /opt/airflow/dags/pipeline_dag.py
[2026-05-06T20:05:19.862+0000] {processor.py:840} INFO - DAG(s) 'ab_test_medallion_pipeline' retrieved from /opt/airflow/dags/pipeline_dag.py
[2026-05-06T20:05:19.933+0000] {logging_mixin.py:188} INFO - [2026-05-06T20:05:19.932+0000] {dag.py:3096} INFO - Sync 1 DAGs
[2026-05-06T20:05:19.974+0000] {logging_mixin.py:188} INFO - [2026-05-06T20:05:19.974+0000] {dag.py:3954} INFO - Setting next_dagrun for ab_test_medallion_pipeline to 2026-05-06 00:00:00+00:00, run_after=2026-05-07 00:00:00+00:00
[2026-05-06T20:05:20.004+0000] {processor.py:183} INFO - Processing /opt/airflow/dags/pipeline_dag.py took 0.185 seconds
[2026-05-06T20:05:50.127+0000] {processor.py:161} INFO - Started process (PID=1921) to work on /opt/airflow/dags/pipeline_dag.py
[2026-05-06T20:05:50.129+0000] {processor.py:830} INFO - Processing file /opt/airflow/dags/pipeline_dag.py for tasks to queue
[2026-05-06T20:05:50.133+0000] {logging_mixin.py:188} INFO - [2026-05-06T20:05:50.132+0000] {dagbag.py:545} INFO - Filling up the DagBag from /opt/airflow/dags/pipeline_dag.py
[2026-05-06T20:05:50.160+0000] {processor.py:840} INFO - DAG(s) 'ab_test_medallion_pipeline' retrieved from /opt/airflow/dags/pipeline_dag.py
[2026-05-06T20:05:50.208+0000] {logging_mixin.py:188} INFO - [2026-05-06T20:05:50.207+0000] {dag.py:3096} INFO - Sync 1 DAGs
[2026-05-06T20:05:50.295+0000] {logging_mixin.py:188} INFO - [2026-05-06T20:05:50.293+0000] {dag.py:3954} INFO - Setting next_dagrun for ab_test_medallion_pipeline to 2026-05-06 00:00:00+00:00, run_after=2026-05-07 00:00:00+00:00
[2026-05-06T20:05:50.501+0000] {processor.py:183} INFO - Processing /opt/airflow/dags/pipeline_dag.py took 0.389 seconds
[2026-05-06T20:06:20.754+0000] {processor.py:161} INFO - Started process (PID=1926) to work on /opt/airflow/dags/pipeline_dag.py
[2026-05-06T20:06:20.757+0000] {processor.py:830} INFO - Processing file /opt/airflow/dags/pipeline_dag.py for tasks to queue
[2026-05-06T20:06:20.761+0000] {logging_mixin.py:188} INFO - [2026-05-06T20:06:20.760+0000] {dagbag.py:545} INFO - Filling up the DagBag from /opt/airflow/dags/pipeline_dag.py
[2026-05-06T20:06:20.785+0000] {processor.py:840} INFO - DAG(s) 'ab_test_medallion_pipeline' retrieved from /opt/airflow/dags/pipeline_dag.py
[2026-05-06T20:06:20.832+0000] {logging_mixin.py:188} INFO - [2026-05-06T20:06:20.832+0000] {dag.py:3096} INFO - Sync 1 DAGs
[2026-05-06T20:06:20.870+0000] {logging_mixin.py:188} INFO - [2026-05-06T20:06:20.870+0000] {dag.py:3954} INFO - Setting next_dagrun for ab_test_medallion_pipeline to 2026-05-06 00:00:00+00:00, run_after=2026-05-07 00:00:00+00:00
[2026-05-06T20:06:20.903+0000] {processor.py:183} INFO - Processing /opt/airflow/dags/pipeline_dag.py took 0.162 seconds
[2026-05-06T20:06:51.013+0000] {processor.py:161} INFO - Started process (PID=1931) to work on /opt/airflow/dags/pipeline_dag.py
[2026-05-06T20:06:51.015+0000] {processor.py:830} INFO - Processing file /opt/airflow/dags/pipeline_dag.py for tasks to queue
[2026-05-06T20:06:51.023+0000] {logging_mixin.py:188} INFO - [2026-05-06T20:06:51.021+0000] {dagbag.py:545} INFO - Filling up the DagBag from /opt/airflow/dags/pipeline_dag.py
[2026-05-06T20:06:51.061+0000] {processor.py:840} INFO - DAG(s) 'ab_test_medallion_pipeline' retrieved from /opt/airflow/dags/pipeline_dag.py
[2026-05-06T20:06:51.141+0000] {logging_mixin.py:188} INFO - [2026-05-06T20:06:51.140+0000] {dag.py:3096} INFO - Sync 1 DAGs
[2026-05-06T20:06:51.174+0000] {logging_mixin.py:188} INFO - [2026-05-06T20:06:51.174+0000] {dag.py:3954} INFO - Setting next_dagrun for ab_test_medallion_pipeline to 2026-05-06 00:00:00+00:00, run_after=2026-05-07 00:00:00+00:00
[2026-05-06T20:06:51.210+0000] {processor.py:183} INFO - Processing /opt/airflow/dags/pipeline_dag.py took 0.218 seconds
[2026-05-06T20:07:21.516+0000] {processor.py:161} INFO - Started process (PID=1936) to work on /opt/airflow/dags/pipeline_dag.py
[2026-05-06T20:07:21.518+0000] {processor.py:830} INFO - Processing file /opt/airflow/dags/pipeline_dag.py for tasks to queue
[2026-05-06T20:07:21.535+0000] {logging_mixin.py:188} INFO - [2026-05-06T20:07:21.533+0000] {dagbag.py:545} INFO - Filling up the DagBag from /opt/airflow/dags/pipeline_dag.py
[2026-05-06T20:07:21.647+0000] {processor.py:840} INFO - DAG(s) 'ab_test_medallion_pipeline' retrieved from /opt/airflow/dags/pipeline_dag.py
[2026-05-06T20:07:21.904+0000] {logging_mixin.py:188} INFO - [2026-05-06T20:07:21.903+0000] {dag.py:3096} INFO - Sync 1 DAGs
[2026-05-06T20:07:22.080+0000] {logging_mixin.py:188} INFO - [2026-05-06T20:07:22.079+0000] {dag.py:3954} INFO - Setting next_dagrun for ab_test_medallion_pipeline to 2026-05-06 00:00:00+00:00, run_after=2026-05-07 00:00:00+00:00
[2026-05-06T20:07:22.205+0000] {processor.py:183} INFO - Processing /opt/airflow/dags/pipeline_dag.py took 0.752 seconds
[2026-05-06T20:07:52.554+0000] {processor.py:161} INFO - Started process (PID=1941) to work on /opt/airflow/dags/pipeline_dag.py
[2026-05-06T20:07:52.556+0000] {processor.py:830} INFO - Processing file /opt/airflow/dags/pipeline_dag.py for tasks to queue
[2026-05-06T20:07:52.560+0000] {logging_mixin.py:188} INFO - [2026-05-06T20:07:52.560+0000] {dagbag.py:545} INFO - Filling up the DagBag from /opt/airflow/dags/pipeline_dag.py
[2026-05-06T20:07:52.606+0000] {processor.py:840} INFO - DAG(s) 'ab_test_medallion_pipeline' retrieved from /opt/airflow/dags/pipeline_dag.py
[2026-05-06T20:07:52.695+0000] {logging_mixin.py:188} INFO - [2026-05-06T20:07:52.694+0000] {dag.py:3096} INFO - Sync 1 DAGs
[2026-05-06T20:07:52.919+0000] {logging_mixin.py:188} INFO - [2026-05-06T20:07:52.918+0000] {dag.py:3954} INFO - Setting next_dagrun for ab_test_medallion_pipeline to 2026-05-06 00:00:00+00:00, run_after=2026-05-07 00:00:00+00:00
[2026-05-06T20:07:52.994+0000] {processor.py:183} INFO - Processing /opt/airflow/dags/pipeline_dag.py took 0.460 seconds
[2026-05-06T20:08:23.281+0000] {processor.py:161} INFO - Started process (PID=1946) to work on /opt/airflow/dags/pipeline_dag.py
[2026-05-06T20:08:23.283+0000] {processor.py:830} INFO - Processing file /opt/airflow/dags/pipeline_dag.py for tasks to queue
[2026-05-06T20:08:23.289+0000] {logging_mixin.py:188} INFO - [2026-05-06T20:08:23.288+0000] {dagbag.py:545} INFO - Filling up the DagBag from /opt/airflow/dags/pipeline_dag.py
[2026-05-06T20:08:23.323+0000] {processor.py:840} INFO - DAG(s) 'ab_test_medallion_pipeline' retrieved from /opt/airflow/dags/pipeline_dag.py
[2026-05-06T20:08:23.416+0000] {logging_mixin.py:188} INFO - [2026-05-06T20:08:23.415+0000] {dag.py:3096} INFO - Sync 1 DAGs
[2026-05-06T20:08:23.487+0000] {logging_mixin.py:188} INFO - [2026-05-06T20:08:23.486+0000] {dag.py:3954} INFO - Setting next_dagrun for ab_test_medallion_pipeline to 2026-05-06 00:00:00+00:00, run_after=2026-05-07 00:00:00+00:00
[2026-05-06T20:08:23.540+0000] {processor.py:183} INFO - Processing /opt/airflow/dags/pipeline_dag.py took 0.279 seconds
[2026-05-06T20:08:53.843+0000] {processor.py:161} INFO - Started process (PID=1951) to work on /opt/airflow/dags/pipeline_dag.py
[2026-05-06T20:08:53.845+0000] {processor.py:830} INFO - Processing file /opt/airflow/dags/pipeline_dag.py for tasks to queue
[2026-05-06T20:08:53.848+0000] {logging_mixin.py:188} INFO - [2026-05-06T20:08:53.847+0000] {dagbag.py:545} INFO - Filling up the DagBag from /opt/airflow/dags/pipeline_dag.py
[2026-05-06T20:08:53.874+0000] {processor.py:840} INFO - DAG(s) 'ab_test_medallion_pipeline' retrieved from /opt/airflow/dags/pipeline_dag.py
[2026-05-06T20:08:53.934+0000] {logging_mixin.py:188} INFO - [2026-05-06T20:08:53.933+0000] {dag.py:3096} INFO - Sync 1 DAGs
[2026-05-06T20:08:53.976+0000] {logging_mixin.py:188} INFO - [2026-05-06T20:08:53.975+0000] {dag.py:3954} INFO - Setting next_dagrun for ab_test_medallion_pipeline to 2026-05-06 00:00:00+00:00, run_after=2026-05-07 00:00:00+00:00
[2026-05-06T20:08:54.011+0000] {processor.py:183} INFO - Processing /opt/airflow/dags/pipeline_dag.py took 0.184 seconds
[2026-05-06T20:09:24.118+0000] {processor.py:161} INFO - Started process (PID=1956) to work on /opt/airflow/dags/pipeline_dag.py
[2026-05-06T20:09:24.120+0000] {processor.py:830} INFO - Processing file /opt/airflow/dags/pipeline_dag.py for tasks to queue
[2026-05-06T20:09:24.124+0000] {logging_mixin.py:188} INFO - [2026-05-06T20:09:24.123+0000] {dagbag.py:545} INFO - Filling up the DagBag from /opt/airflow/dags/pipeline_dag.py
[2026-05-06T20:09:24.151+0000] {processor.py:840} INFO - DAG(s) 'ab_test_medallion_pipeline' retrieved from /opt/airflow/dags/pipeline_dag.py
[2026-05-06T20:09:24.220+0000] {logging_mixin.py:188} INFO - [2026-05-06T20:09:24.219+0000] {dag.py:3096} INFO - Sync 1 DAGs
[2026-05-06T20:09:24.261+0000] {logging_mixin.py:188} INFO - [2026-05-06T20:09:24.261+0000] {dag.py:3954} INFO - Setting next_dagrun for ab_test_medallion_pipeline to 2026-05-06 00:00:00+00:00, run_after=2026-05-07 00:00:00+00:00
[2026-05-06T20:09:24.296+0000] {processor.py:183} INFO - Processing /opt/airflow/dags/pipeline_dag.py took 0.191 seconds
[2026-05-06T20:09:54.552+0000] {processor.py:161} INFO - Started process (PID=1961) to work on /opt/airflow/dags/pipeline_dag.py
[2026-05-06T20:09:54.553+0000] {processor.py:830} INFO - Processing file /opt/airflow/dags/pipeline_dag.py for tasks to queue
[2026-05-06T20:09:54.557+0000] {logging_mixin.py:188} INFO - [2026-05-06T20:09:54.556+0000] {dagbag.py:545} INFO - Filling up the DagBag from /opt/airflow/dags/pipeline_dag.py
[2026-05-06T20:09:54.584+0000] {processor.py:840} INFO - DAG(s) 'ab_test_medallion_pipeline' retrieved from /opt/airflow/dags/pipeline_dag.py
[2026-05-06T20:09:54.639+0000] {logging_mixin.py:188} INFO - [2026-05-06T20:09:54.638+0000] {dag.py:3096} INFO - Sync 1 DAGs
[2026-05-06T20:09:54.673+0000] {logging_mixin.py:188} INFO - [2026-05-06T20:09:54.672+0000] {dag.py:3954} INFO - Setting next_dagrun for ab_test_medallion_pipeline to 2026-05-06 00:00:00+00:00, run_after=2026-05-07 00:00:00+00:00
[2026-05-06T20:09:54.701+0000] {processor.py:183} INFO - Processing /opt/airflow/dags/pipeline_dag.py took 0.164 seconds
[2026-05-06T20:10:24.833+0000] {processor.py:161} INFO - Started process (PID=1966) to work on /opt/airflow/dags/pipeline_dag.py
[2026-05-06T20:10:24.836+0000] {processor.py:830} INFO - Processing file /opt/airflow/dags/pipeline_dag.py for tasks to queue
[2026-05-06T20:10:24.841+0000] {logging_mixin.py:188} INFO - [2026-05-06T20:10:24.840+0000] {dagbag.py:545} INFO - Filling up the DagBag from /opt/airflow/dags/pipeline_dag.py
[2026-05-06T20:10:24.864+0000] {processor.py:840} INFO - DAG(s) 'ab_test_medallion_pipeline' retrieved from /opt/airflow/dags/pipeline_dag.py
[2026-05-06T20:10:24.910+0000] {logging_mixin.py:188} INFO - [2026-05-06T20:10:24.910+0000] {dag.py:3096} INFO - Sync 1 DAGs
[2026-05-06T20:10:24.949+0000] {logging_mixin.py:188} INFO - [2026-05-06T20:10:24.948+0000] {dag.py:3954} INFO - Setting next_dagrun for ab_test_medallion_pipeline to 2026-05-06 00:00:00+00:00, run_after=2026-05-07 00:00:00+00:00
[2026-05-06T20:10:24.978+0000] {processor.py:183} INFO - Processing /opt/airflow/dags/pipeline_dag.py took 0.164 seconds
[2026-05-06T20:10:55.256+0000] {processor.py:161} INFO - Started process (PID=1971) to work on /opt/airflow/dags/pipeline_dag.py
[2026-05-06T20:10:55.258+0000] {processor.py:830} INFO - Processing file /opt/airflow/dags/pipeline_dag.py for tasks to queue
[2026-05-06T20:10:55.262+0000] {logging_mixin.py:188} INFO - [2026-05-06T20:10:55.261+0000] {dagbag.py:545} INFO - Filling up the DagBag from /opt/airflow/dags/pipeline_dag.py
[2026-05-06T20:10:55.287+0000] {processor.py:840} INFO - DAG(s) 'ab_test_medallion_pipeline' retrieved from /opt/airflow/dags/pipeline_dag.py
[2026-05-06T20:10:55.334+0000] {logging_mixin.py:188} INFO - [2026-05-06T20:10:55.334+0000] {dag.py:3096} INFO - Sync 1 DAGs
[2026-05-06T20:10:55.604+0000] {logging_mixin.py:188} INFO - [2026-05-06T20:10:55.603+0000] {dag.py:3954} INFO - Setting next_dagrun for ab_test_medallion_pipeline to 2026-05-06 00:00:00+00:00, run_after=2026-05-07 00:00:00+00:00
[2026-05-06T20:10:55.740+0000] {processor.py:183} INFO - Processing /opt/airflow/dags/pipeline_dag.py took 0.497 seconds
[2026-05-06T20:11:25.997+0000] {processor.py:161} INFO - Started process (PID=1976) to work on /opt/airflow/dags/pipeline_dag.py
[2026-05-06T20:11:25.999+0000] {processor.py:830} INFO - Processing file /opt/airflow/dags/pipeline_dag.py for tasks to queue
[2026-05-06T20:11:26.003+0000] {logging_mixin.py:188} INFO - [2026-05-06T20:11:26.002+0000] {dagbag.py:545} INFO - Filling up the DagBag from /opt/airflow/dags/pipeline_dag.py
[2026-05-06T20:11:26.025+0000] {processor.py:840} INFO - DAG(s) 'ab_test_medallion_pipeline' retrieved from /opt/airflow/dags/pipeline_dag.py
[2026-05-06T20:11:26.084+0000] {logging_mixin.py:188} INFO - [2026-05-06T20:11:26.083+0000] {dag.py:3096} INFO - Sync 1 DAGs
[2026-05-06T20:11:26.119+0000] {logging_mixin.py:188} INFO - [2026-05-06T20:11:26.119+0000] {dag.py:3954} INFO - Setting next_dagrun for ab_test_medallion_pipeline to 2026-05-06 00:00:00+00:00, run_after=2026-05-07 00:00:00+00:00
[2026-05-06T20:11:26.152+0000] {processor.py:183} INFO - Processing /opt/airflow/dags/pipeline_dag.py took 0.169 seconds
[2026-05-06T20:11:56.446+0000] {processor.py:161} INFO - Started process (PID=1981) to work on /opt/airflow/dags/pipeline_dag.py
[2026-05-06T20:11:56.449+0000] {processor.py:830} INFO - Processing file /opt/airflow/dags/pipeline_dag.py for tasks to queue
[2026-05-06T20:11:56.453+0000] {logging_mixin.py:188} INFO - [2026-05-06T20:11:56.452+0000] {dagbag.py:545} INFO - Filling up the DagBag from /opt/airflow/dags/pipeline_dag.py
[2026-05-06T20:11:56.494+0000] {processor.py:840} INFO - DAG(s) 'ab_test_medallion_pipeline' retrieved from /opt/airflow/dags/pipeline_dag.py
[2026-05-06T20:11:57.043+0000] {logging_mixin.py:188} INFO - [2026-05-06T20:11:57.043+0000] {dag.py:3096} INFO - Sync 1 DAGs
[2026-05-06T20:11:57.137+0000] {logging_mixin.py:188} INFO - [2026-05-06T20:11:57.135+0000] {dag.py:3954} INFO - Setting next_dagrun for ab_test_medallion_pipeline to 2026-05-06 00:00:00+00:00, run_after=2026-05-07 00:00:00+00:00
[2026-05-06T20:11:57.202+0000] {processor.py:183} INFO - Processing /opt/airflow/dags/pipeline_dag.py took 0.774 seconds
[2026-05-06T20:12:27.508+0000] {processor.py:161} INFO - Started process (PID=1986) to work on /opt/airflow/dags/pipeline_dag.py
[2026-05-06T20:12:27.511+0000] {processor.py:830} INFO - Processing file /opt/airflow/dags/pipeline_dag.py for tasks to queue
[2026-05-06T20:12:27.521+0000] {logging_mixin.py:188} INFO - [2026-05-06T20:12:27.519+0000] {dagbag.py:545} INFO - Filling up the DagBag from /opt/airflow/dags/pipeline_dag.py
[2026-05-06T20:12:27.553+0000] {processor.py:840} INFO - DAG(s) 'ab_test_medallion_pipeline' retrieved from /opt/airflow/dags/pipeline_dag.py
[2026-05-06T20:12:27.646+0000] {logging_mixin.py:188} INFO - [2026-05-06T20:12:27.646+0000] {dag.py:3096} INFO - Sync 1 DAGs
[2026-05-06T20:12:27.753+0000] {logging_mixin.py:188} INFO - [2026-05-06T20:12:27.753+0000] {dag.py:3954} INFO - Setting next_dagrun for ab_test_medallion_pipeline to 2026-05-06 00:00:00+00:00, run_after=2026-05-07 00:00:00+00:00
[2026-05-06T20:12:27.786+0000] {processor.py:183} INFO - Processing /opt/airflow/dags/pipeline_dag.py took 0.293 seconds
[2026-05-06T20:12:58.098+0000] {processor.py:161} INFO - Started process (PID=1991) to work on /opt/airflow/dags/pipeline_dag.py
[2026-05-06T20:12:58.101+0000] {processor.py:830} INFO - Processing file /opt/airflow/dags/pipeline_dag.py for tasks to queue
[2026-05-06T20:12:58.113+0000] {logging_mixin.py:188} INFO - [2026-05-06T20:12:58.112+0000] {dagbag.py:545} INFO - Filling up the DagBag from /opt/airflow/dags/pipeline_dag.py
[2026-05-06T20:12:58.163+0000] {processor.py:840} INFO - DAG(s) 'ab_test_medallion_pipeline' retrieved from /opt/airflow/dags/pipeline_dag.py
[2026-05-06T20:12:58.240+0000] {logging_mixin.py:188} INFO - [2026-05-06T20:12:58.239+0000] {dag.py:3096} INFO - Sync 1 DAGs
[2026-05-06T20:12:58.308+0000] {logging_mixin.py:188} INFO - [2026-05-06T20:12:58.308+0000] {dag.py:3954} INFO - Setting next_dagrun for ab_test_medallion_pipeline to 2026-05-06 00:00:00+00:00, run_after=2026-05-07 00:00:00+00:00
[2026-05-06T20:12:58.350+0000] {processor.py:183} INFO - Processing /opt/airflow/dags/pipeline_dag.py took 0.272 seconds
[2026-05-06T20:13:28.699+0000] {processor.py:161} INFO - Started process (PID=1996) to work on /opt/airflow/dags/pipeline_dag.py
[2026-05-06T20:13:28.702+0000] {processor.py:830} INFO - Processing file /opt/airflow/dags/pipeline_dag.py for tasks to queue
[2026-05-06T20:13:28.711+0000] {logging_mixin.py:188} INFO - [2026-05-06T20:13:28.710+0000] {dagbag.py:545} INFO - Filling up the DagBag from /opt/airflow/dags/pipeline_dag.py
[2026-05-06T20:13:28.766+0000] {processor.py:840} INFO - DAG(s) 'ab_test_medallion_pipeline' retrieved from /opt/airflow/dags/pipeline_dag.py
[2026-05-06T20:13:28.864+0000] {logging_mixin.py:188} INFO - [2026-05-06T20:13:28.864+0000] {dag.py:3096} INFO - Sync 1 DAGs
[2026-05-06T20:13:28.996+0000] {logging_mixin.py:188} INFO - [2026-05-06T20:13:28.995+0000] {dag.py:3954} INFO - Setting next_dagrun for ab_test_medallion_pipeline to 2026-05-06 00:00:00+00:00, run_after=2026-05-07 00:00:00+00:00
[2026-05-06T20:13:29.031+0000] {processor.py:183} INFO - Processing /opt/airflow/dags/pipeline_dag.py took 0.356 seconds
[2026-05-06T20:13:59.343+0000] {processor.py:161} INFO - Started process (PID=2001) to work on /opt/airflow/dags/pipeline_dag.py
[2026-05-06T20:13:59.345+0000] {processor.py:830} INFO - Processing file /opt/airflow/dags/pipeline_dag.py for tasks to queue
[2026-05-06T20:13:59.352+0000] {logging_mixin.py:188} INFO - [2026-05-06T20:13:59.351+0000] {dagbag.py:545} INFO - Filling up the DagBag from /opt/airflow/dags/pipeline_dag.py
[2026-05-06T20:13:59.385+0000] {processor.py:840} INFO - DAG(s) 'ab_test_medallion_pipeline' retrieved from /opt/airflow/dags/pipeline_dag.py
[2026-05-06T20:13:59.440+0000] {logging_mixin.py:188} INFO - [2026-05-06T20:13:59.440+0000] {dag.py:3096} INFO - Sync 1 DAGs
[2026-05-06T20:13:59.510+0000] {logging_mixin.py:188} INFO - [2026-05-06T20:13:59.510+0000] {dag.py:3954} INFO - Setting next_dagrun for ab_test_medallion_pipeline to 2026-05-06 00:00:00+00:00, run_after=2026-05-07 00:00:00+00:00
[2026-05-06T20:13:59.558+0000] {processor.py:183} INFO - Processing /opt/airflow/dags/pipeline_dag.py took 0.237 seconds
[2026-05-06T20:14:29.854+0000] {processor.py:161} INFO - Started process (PID=2006) to work on /opt/airflow/dags/pipeline_dag.py
[2026-05-06T20:14:29.856+0000] {processor.py:830} INFO - Processing file /opt/airflow/dags/pipeline_dag.py for tasks to queue
[2026-05-06T20:14:29.862+0000] {logging_mixin.py:188} INFO - [2026-05-06T20:14:29.861+0000] {dagbag.py:545} INFO - Filling up the DagBag from /opt/airflow/dags/pipeline_dag.py
[2026-05-06T20:14:29.884+0000] {processor.py:840} INFO - DAG(s) 'ab_test_medallion_pipeline' retrieved from /opt/airflow/dags/pipeline_dag.py
[2026-05-06T20:14:29.934+0000] {logging_mixin.py:188} INFO - [2026-05-06T20:14:29.934+0000] {dag.py:3096} INFO - Sync 1 DAGs
[2026-05-06T20:14:29.974+0000] {logging_mixin.py:188} INFO - [2026-05-06T20:14:29.973+0000] {dag.py:3954} INFO - Setting next_dagrun for ab_test_medallion_pipeline to 2026-05-06 00:00:00+00:00, run_after=2026-05-07 00:00:00+00:00
[2026-05-06T20:14:30.005+0000] {processor.py:183} INFO - Processing /opt/airflow/dags/pipeline_dag.py took 0.169 seconds
[2026-05-06T20:15:00.091+0000] {processor.py:161} INFO - Started process (PID=2011) to work on /opt/airflow/dags/pipeline_dag.py
[2026-05-06T20:15:00.093+0000] {processor.py:830} INFO - Processing file /opt/airflow/dags/pipeline_dag.py for tasks to queue
[2026-05-06T20:15:00.097+0000] {logging_mixin.py:188} INFO - [2026-05-06T20:15:00.097+0000] {dagbag.py:545} INFO - Filling up the DagBag from /opt/airflow/dags/pipeline_dag.py
[2026-05-06T20:15:00.119+0000] {processor.py:840} INFO - DAG(s) 'ab_test_medallion_pipeline' retrieved from /opt/airflow/dags/pipeline_dag.py
[2026-05-06T20:15:00.167+0000] {logging_mixin.py:188} INFO - [2026-05-06T20:15:00.166+0000] {dag.py:3096} INFO - Sync 1 DAGs
[2026-05-06T20:15:00.210+0000] {logging_mixin.py:188} INFO - [2026-05-06T20:15:00.210+0000] {dag.py:3954} INFO - Setting next_dagrun for ab_test_medallion_pipeline to 2026-05-06 00:00:00+00:00, run_after=2026-05-07 00:00:00+00:00
[2026-05-06T20:15:00.238+0000] {processor.py:183} INFO - Processing /opt/airflow/dags/pipeline_dag.py took 0.160 seconds
[2026-05-06T20:15:30.482+0000] {processor.py:161} INFO - Started process (PID=2016) to work on /opt/airflow/dags/pipeline_dag.py
[2026-05-06T20:15:30.484+0000] {processor.py:830} INFO - Processing file /opt/airflow/dags/pipeline_dag.py for tasks to queue
[2026-05-06T20:15:30.490+0000] {logging_mixin.py:188} INFO - [2026-05-06T20:15:30.489+0000] {dagbag.py:545} INFO - Filling up the DagBag from /opt/airflow/dags/pipeline_dag.py
[2026-05-06T20:15:30.519+0000] {processor.py:840} INFO - DAG(s) 'ab_test_medallion_pipeline' retrieved from /opt/airflow/dags/pipeline_dag.py
[2026-05-06T20:15:30.571+0000] {logging_mixin.py:188} INFO - [2026-05-06T20:15:30.570+0000] {dag.py:3096} INFO - Sync 1 DAGs
[2026-05-06T20:15:30.605+0000] {logging_mixin.py:188} INFO - [2026-05-06T20:15:30.604+0000] {dag.py:3954} INFO - Setting next_dagrun for ab_test_medallion_pipeline to 2026-05-06 00:00:00+00:00, run_after=2026-05-07 00:00:00+00:00
[2026-05-06T20:15:30.637+0000] {processor.py:183} INFO - Processing /opt/airflow/dags/pipeline_dag.py took 0.168 seconds
[2026-05-06T20:16:00.783+0000] {processor.py:161} INFO - Started process (PID=2021) to work on /opt/airflow/dags/pipeline_dag.py
[2026-05-06T20:16:00.788+0000] {processor.py:830} INFO - Processing file /opt/airflow/dags/pipeline_dag.py for tasks to queue
[2026-05-06T20:16:00.793+0000] {logging_mixin.py:188} INFO - [2026-05-06T20:16:00.793+0000] {dagbag.py:545} INFO - Filling up the DagBag from /opt/airflow/dags/pipeline_dag.py
[2026-05-06T20:16:00.815+0000] {processor.py:840} INFO - DAG(s) 'ab_test_medallion_pipeline' retrieved from /opt/airflow/dags/pipeline_dag.py
[2026-05-06T20:16:00.863+0000] {logging_mixin.py:188} INFO - [2026-05-06T20:16:00.863+0000] {dag.py:3096} INFO - Sync 1 DAGs
[2026-05-06T20:16:00.905+0000] {logging_mixin.py:188} INFO - [2026-05-06T20:16:00.905+0000] {dag.py:3954} INFO - Setting next_dagrun for ab_test_medallion_pipeline to 2026-05-06 00:00:00+00:00, run_after=2026-05-07 00:00:00+00:00
[2026-05-06T20:16:00.948+0000] {processor.py:183} INFO - Processing /opt/airflow/dags/pipeline_dag.py took 0.181 seconds
[2026-05-06T20:16:31.221+0000] {processor.py:161} INFO - Started process (PID=2026) to work on /opt/airflow/dags/pipeline_dag.py
[2026-05-06T20:16:31.223+0000] {processor.py:830} INFO - Processing file /opt/airflow/dags/pipeline_dag.py for tasks to queue
[2026-05-06T20:16:31.227+0000] {logging_mixin.py:188} INFO - [2026-05-06T20:16:31.226+0000] {dagbag.py:545} INFO - Filling up the DagBag from /opt/airflow/dags/pipeline_dag.py
[2026-05-06T20:16:31.248+0000] {processor.py:840} INFO - DAG(s) 'ab_test_medallion_pipeline' retrieved from /opt/airflow/dags/pipeline_dag.py
[2026-05-06T20:16:31.290+0000] {logging_mixin.py:188} INFO - [2026-05-06T20:16:31.290+0000] {dag.py:3096} INFO - Sync 1 DAGs
[2026-05-06T20:16:31.342+0000] {logging_mixin.py:188} INFO - [2026-05-06T20:16:31.341+0000] {dag.py:3954} INFO - Setting next_dagrun for ab_test_medallion_pipeline to 2026-05-06 00:00:00+00:00, run_after=2026-05-07 00:00:00+00:00
[2026-05-06T20:16:31.385+0000] {processor.py:183} INFO - Processing /opt/airflow/dags/pipeline_dag.py took 0.176 seconds
[2026-05-06T20:17:01.533+0000] {processor.py:161} INFO - Started process (PID=2031) to work on /opt/airflow/dags/pipeline_dag.py
[2026-05-06T20:17:01.535+0000] {processor.py:830} INFO - Processing file /opt/airflow/dags/pipeline_dag.py for tasks to queue
[2026-05-06T20:17:01.540+0000] {logging_mixin.py:188} INFO - [2026-05-06T20:17:01.539+0000] {dagbag.py:545} INFO - Filling up the DagBag from /opt/airflow/dags/pipeline_dag.py
[2026-05-06T20:17:01.565+0000] {processor.py:840} INFO - DAG(s) 'ab_test_medallion_pipeline' retrieved from /opt/airflow/dags/pipeline_dag.py
[2026-05-06T20:17:01.610+0000] {logging_mixin.py:188} INFO - [2026-05-06T20:17:01.609+0000] {dag.py:3096} INFO - Sync 1 DAGs
[2026-05-06T20:17:01.654+0000] {logging_mixin.py:188} INFO - [2026-05-06T20:17:01.653+0000] {dag.py:3954} INFO - Setting next_dagrun for ab_test_medallion_pipeline to 2026-05-06 00:00:00+00:00, run_after=2026-05-07 00:00:00+00:00
[2026-05-06T20:17:01.724+0000] {processor.py:183} INFO - Processing /opt/airflow/dags/pipeline_dag.py took 0.204 seconds
[2026-05-06T20:17:32.047+0000] {processor.py:161} INFO - Started process (PID=2036) to work on /opt/airflow/dags/pipeline_dag.py
[2026-05-06T20:17:32.049+0000] {processor.py:830} INFO - Processing file /opt/airflow/dags/pipeline_dag.py for tasks to queue
[2026-05-06T20:17:32.052+0000] {logging_mixin.py:188} INFO - [2026-05-06T20:17:32.052+0000] {dagbag.py:545} INFO - Filling up the DagBag from /opt/airflow/dags/pipeline_dag.py
[2026-05-06T20:17:32.087+0000] {processor.py:840} INFO - DAG(s) 'ab_test_medallion_pipeline' retrieved from /opt/airflow/dags/pipeline_dag.py
[2026-05-06T20:17:32.165+0000] {logging_mixin.py:188} INFO - [2026-05-06T20:17:32.165+0000] {dag.py:3096} INFO - Sync 1 DAGs
[2026-05-06T20:17:32.233+0000] {logging_mixin.py:188} INFO - [2026-05-06T20:17:32.232+0000] {dag.py:3954} INFO - Setting next_dagrun for ab_test_medallion_pipeline to 2026-05-06 00:00:00+00:00, run_after=2026-05-07 00:00:00+00:00
[2026-05-06T20:17:32.293+0000] {processor.py:183} INFO - Processing /opt/airflow/dags/pipeline_dag.py took 0.262 seconds
[2026-05-06T20:18:02.389+0000] {processor.py:161} INFO - Started process (PID=2041) to work on /opt/airflow/dags/pipeline_dag.py
[2026-05-06T20:18:02.391+0000] {processor.py:830} INFO - Processing file /opt/airflow/dags/pipeline_dag.py for tasks to queue
[2026-05-06T20:18:02.396+0000] {logging_mixin.py:188} INFO - [2026-05-06T20:18:02.395+0000] {dagbag.py:545} INFO - Filling up the DagBag from /opt/airflow/dags/pipeline_dag.py
[2026-05-06T20:18:02.428+0000] {processor.py:840} INFO - DAG(s) 'ab_test_medallion_pipeline' retrieved from /opt/airflow/dags/pipeline_dag.py
[2026-05-06T20:18:02.539+0000] {logging_mixin.py:188} INFO - [2026-05-06T20:18:02.539+0000] {dag.py:3096} INFO - Sync 1 DAGs
[2026-05-06T20:18:02.699+0000] {logging_mixin.py:188} INFO - [2026-05-06T20:18:02.699+0000] {dag.py:3954} INFO - Setting next_dagrun for ab_test_medallion_pipeline to 2026-05-06 00:00:00+00:00, run_after=2026-05-07 00:00:00+00:00
[2026-05-06T20:18:02.766+0000] {processor.py:183} INFO - Processing /opt/airflow/dags/pipeline_dag.py took 0.392 seconds
[2026-05-06T20:18:32.937+0000] {processor.py:161} INFO - Started process (PID=2046) to work on /opt/airflow/dags/pipeline_dag.py
[2026-05-06T20:18:32.942+0000] {processor.py:830} INFO - Processing file /opt/airflow/dags/pipeline_dag.py for tasks to queue
[2026-05-06T20:18:32.947+0000] {logging_mixin.py:188} INFO - [2026-05-06T20:18:32.946+0000] {dagbag.py:545} INFO - Filling up the DagBag from /opt/airflow/dags/pipeline_dag.py
[2026-05-06T20:18:32.979+0000] {processor.py:840} INFO - DAG(s) 'ab_test_medallion_pipeline' retrieved from /opt/airflow/dags/pipeline_dag.py
[2026-05-06T20:18:33.038+0000] {logging_mixin.py:188} INFO - [2026-05-06T20:18:33.038+0000] {dag.py:3096} INFO - Sync 1 DAGs
[2026-05-06T20:18:33.079+0000] {logging_mixin.py:188} INFO - [2026-05-06T20:18:33.079+0000] {dag.py:3954} INFO - Setting next_dagrun for ab_test_medallion_pipeline to 2026-05-06 00:00:00+00:00, run_after=2026-05-07 00:00:00+00:00
[2026-05-06T20:18:33.117+0000] {processor.py:183} INFO - Processing /opt/airflow/dags/pipeline_dag.py took 0.198 seconds
[2026-05-06T20:19:03.301+0000] {processor.py:161} INFO - Started process (PID=2051) to work on /opt/airflow/dags/pipeline_dag.py
[2026-05-06T20:19:03.303+0000] {processor.py:830} INFO - Processing file /opt/airflow/dags/pipeline_dag.py for tasks to queue
[2026-05-06T20:19:03.308+0000] {logging_mixin.py:188} INFO - [2026-05-06T20:19:03.307+0000] {dagbag.py:545} INFO - Filling up the DagBag from /opt/airflow/dags/pipeline_dag.py
[2026-05-06T20:19:03.343+0000] {processor.py:840} INFO - DAG(s) 'ab_test_medallion_pipeline' retrieved from /opt/airflow/dags/pipeline_dag.py
[2026-05-06T20:19:03.421+0000] {logging_mixin.py:188} INFO - [2026-05-06T20:19:03.420+0000] {dag.py:3096} INFO - Sync 1 DAGs
[2026-05-06T20:19:03.483+0000] {logging_mixin.py:188} INFO - [2026-05-06T20:19:03.483+0000] {dag.py:3954} INFO - Setting next_dagrun for ab_test_medallion_pipeline to 2026-05-06 00:00:00+00:00, run_after=2026-05-07 00:00:00+00:00
[2026-05-06T20:19:03.528+0000] {processor.py:183} INFO - Processing /opt/airflow/dags/pipeline_dag.py took 0.252 seconds
[2026-05-06T20:19:33.691+0000] {processor.py:161} INFO - Started process (PID=2056) to work on /opt/airflow/dags/pipeline_dag.py
[2026-05-06T20:19:33.695+0000] {processor.py:830} INFO - Processing file /opt/airflow/dags/pipeline_dag.py for tasks to queue
[2026-05-06T20:19:33.701+0000] {logging_mixin.py:188} INFO - [2026-05-06T20:19:33.699+0000] {dagbag.py:545} INFO - Filling up the DagBag from /opt/airflow/dags/pipeline_dag.py
[2026-05-06T20:19:33.763+0000] {processor.py:840} INFO - DAG(s) 'ab_test_medallion_pipeline' retrieved from /opt/airflow/dags/pipeline_dag.py
[2026-05-06T20:19:33.843+0000] {logging_mixin.py:188} INFO - [2026-05-06T20:19:33.843+0000] {dag.py:3096} INFO - Sync 1 DAGs
[2026-05-06T20:19:33.918+0000] {logging_mixin.py:188} INFO - [2026-05-06T20:19:33.917+0000] {dag.py:3954} INFO - Setting next_dagrun for ab_test_medallion_pipeline to 2026-05-06 00:00:00+00:00, run_after=2026-05-07 00:00:00+00:00
[2026-05-06T20:19:33.972+0000] {processor.py:183} INFO - Processing /opt/airflow/dags/pipeline_dag.py took 0.302 seconds
[2026-05-06T20:20:04.126+0000] {processor.py:161} INFO - Started process (PID=2061) to work on /opt/airflow/dags/pipeline_dag.py
[2026-05-06T20:20:04.132+0000] {processor.py:830} INFO - Processing file /opt/airflow/dags/pipeline_dag.py for tasks to queue
[2026-05-06T20:20:04.140+0000] {logging_mixin.py:188} INFO - [2026-05-06T20:20:04.139+0000] {dagbag.py:545} INFO - Filling up the DagBag from /opt/airflow/dags/pipeline_dag.py
[2026-05-06T20:20:04.195+0000] {processor.py:840} INFO - DAG(s) 'ab_test_medallion_pipeline' retrieved from /opt/airflow/dags/pipeline_dag.py
[2026-05-06T20:20:04.326+0000] {logging_mixin.py:188} INFO - [2026-05-06T20:20:04.323+0000] {dag.py:3096} INFO - Sync 1 DAGs
[2026-05-06T20:20:04.397+0000] {logging_mixin.py:188} INFO - [2026-05-06T20:20:04.397+0000] {dag.py:3954} INFO - Setting next_dagrun for ab_test_medallion_pipeline to 2026-05-06 00:00:00+00:00, run_after=2026-05-07 00:00:00+00:00
[2026-05-06T20:20:04.505+0000] {processor.py:183} INFO - Processing /opt/airflow/dags/pipeline_dag.py took 0.404 seconds
[2026-05-06T20:20:34.586+0000] {processor.py:161} INFO - Started process (PID=2066) to work on /opt/airflow/dags/pipeline_dag.py
[2026-05-06T20:20:34.589+0000] {processor.py:830} INFO - Processing file /opt/airflow/dags/pipeline_dag.py for tasks to queue
[2026-05-06T20:20:34.592+0000] {logging_mixin.py:188} INFO - [2026-05-06T20:20:34.592+0000] {dagbag.py:545} INFO - Filling up the DagBag from /opt/airflow/dags/pipeline_dag.py
[2026-05-06T20:20:34.612+0000] {processor.py:840} INFO - DAG(s) 'ab_test_medallion_pipeline' retrieved from /opt/airflow/dags/pipeline_dag.py
[2026-05-06T20:20:34.671+0000] {logging_mixin.py:188} INFO - [2026-05-06T20:20:34.670+0000] {dag.py:3096} INFO - Sync 1 DAGs
[2026-05-06T20:20:34.722+0000] {logging_mixin.py:188} INFO - [2026-05-06T20:20:34.721+0000] {dag.py:3954} INFO - Setting next_dagrun for ab_test_medallion_pipeline to 2026-05-06 00:00:00+00:00, run_after=2026-05-07 00:00:00+00:00
[2026-05-06T20:20:34.754+0000] {processor.py:183} INFO - Processing /opt/airflow/dags/pipeline_dag.py took 0.179 seconds
[2026-05-06T20:21:05.001+0000] {processor.py:161} INFO - Started process (PID=2071) to work on /opt/airflow/dags/pipeline_dag.py
[2026-05-06T20:21:05.004+0000] {processor.py:830} INFO - Processing file /opt/airflow/dags/pipeline_dag.py for tasks to queue
[2026-05-06T20:21:05.008+0000] {logging_mixin.py:188} INFO - [2026-05-06T20:21:05.007+0000] {dagbag.py:545} INFO - Filling up the DagBag from /opt/airflow/dags/pipeline_dag.py
[2026-05-06T20:21:05.038+0000] {processor.py:840} INFO - DAG(s) 'ab_test_medallion_pipeline' retrieved from /opt/airflow/dags/pipeline_dag.py
[2026-05-06T20:21:05.092+0000] {logging_mixin.py:188} INFO - [2026-05-06T20:21:05.092+0000] {dag.py:3096} INFO - Sync 1 DAGs
[2026-05-06T20:21:05.134+0000] {logging_mixin.py:188} INFO - [2026-05-06T20:21:05.133+0000] {dag.py:3954} INFO - Setting next_dagrun for ab_test_medallion_pipeline to 2026-05-06 00:00:00+00:00, run_after=2026-05-07 00:00:00+00:00
[2026-05-06T20:21:05.166+0000] {processor.py:183} INFO - Processing /opt/airflow/dags/pipeline_dag.py took 0.179 seconds
[2026-05-06T20:21:35.275+0000] {processor.py:161} INFO - Started process (PID=2076) to work on /opt/airflow/dags/pipeline_dag.py
[2026-05-06T20:21:35.277+0000] {processor.py:830} INFO - Processing file /opt/airflow/dags/pipeline_dag.py for tasks to queue
[2026-05-06T20:21:35.281+0000] {logging_mixin.py:188} INFO - [2026-05-06T20:21:35.280+0000] {dagbag.py:545} INFO - Filling up the DagBag from /opt/airflow/dags/pipeline_dag.py
[2026-05-06T20:21:35.305+0000] {processor.py:840} INFO - DAG(s) 'ab_test_medallion_pipeline' retrieved from /opt/airflow/dags/pipeline_dag.py
[2026-05-06T20:21:35.350+0000] {logging_mixin.py:188} INFO - [2026-05-06T20:21:35.349+0000] {dag.py:3096} INFO - Sync 1 DAGs
[2026-05-06T20:21:35.392+0000] {logging_mixin.py:188} INFO - [2026-05-06T20:21:35.392+0000] {dag.py:3954} INFO - Setting next_dagrun for ab_test_medallion_pipeline to 2026-05-06 00:00:00+00:00, run_after=2026-05-07 00:00:00+00:00
[2026-05-06T20:21:35.422+0000] {processor.py:183} INFO - Processing /opt/airflow/dags/pipeline_dag.py took 0.163 seconds
[2026-05-06T20:22:05.739+0000] {processor.py:161} INFO - Started process (PID=2081) to work on /opt/airflow/dags/pipeline_dag.py
[2026-05-06T20:22:05.743+0000] {processor.py:830} INFO - Processing file /opt/airflow/dags/pipeline_dag.py for tasks to queue
[2026-05-06T20:22:05.747+0000] {logging_mixin.py:188} INFO - [2026-05-06T20:22:05.746+0000] {dagbag.py:545} INFO - Filling up the DagBag from /opt/airflow/dags/pipeline_dag.py
[2026-05-06T20:22:05.778+0000] {processor.py:840} INFO - DAG(s) 'ab_test_medallion_pipeline' retrieved from /opt/airflow/dags/pipeline_dag.py
[2026-05-06T20:22:05.860+0000] {logging_mixin.py:188} INFO - [2026-05-06T20:22:05.860+0000] {dag.py:3096} INFO - Sync 1 DAGs
[2026-05-06T20:22:05.923+0000] {logging_mixin.py:188} INFO - [2026-05-06T20:22:05.923+0000] {dag.py:3954} INFO - Setting next_dagrun for ab_test_medallion_pipeline to 2026-05-06 00:00:00+00:00, run_after=2026-05-07 00:00:00+00:00
[2026-05-06T20:22:05.967+0000] {processor.py:183} INFO - Processing /opt/airflow/dags/pipeline_dag.py took 0.243 seconds
[2026-05-06T20:22:36.079+0000] {processor.py:161} INFO - Started process (PID=2086) to work on /opt/airflow/dags/pipeline_dag.py
[2026-05-06T20:22:36.081+0000] {processor.py:830} INFO - Processing file /opt/airflow/dags/pipeline_dag.py for tasks to queue
[2026-05-06T20:22:36.085+0000] {logging_mixin.py:188} INFO - [2026-05-06T20:22:36.084+0000] {dagbag.py:545} INFO - Filling up the DagBag from /opt/airflow/dags/pipeline_dag.py
[2026-05-06T20:22:36.111+0000] {processor.py:840} INFO - DAG(s) 'ab_test_medallion_pipeline' retrieved from /opt/airflow/dags/pipeline_dag.py
[2026-05-06T20:22:36.166+0000] {logging_mixin.py:188} INFO - [2026-05-06T20:22:36.166+0000] {dag.py:3096} INFO - Sync 1 DAGs
[2026-05-06T20:22:36.266+0000] {logging_mixin.py:188} INFO - [2026-05-06T20:22:36.265+0000] {dag.py:3954} INFO - Setting next_dagrun for ab_test_medallion_pipeline to 2026-05-06 00:00:00+00:00, run_after=2026-05-07 00:00:00+00:00
[2026-05-06T20:22:36.415+0000] {processor.py:183} INFO - Processing /opt/airflow/dags/pipeline_dag.py took 0.350 seconds
[2026-05-06T20:23:06.615+0000] {processor.py:161} INFO - Started process (PID=2091) to work on /opt/airflow/dags/pipeline_dag.py
[2026-05-06T20:23:06.617+0000] {processor.py:830} INFO - Processing file /opt/airflow/dags/pipeline_dag.py for tasks to queue
[2026-05-06T20:23:06.621+0000] {logging_mixin.py:188} INFO - [2026-05-06T20:23:06.620+0000] {dagbag.py:545} INFO - Filling up the DagBag from /opt/airflow/dags/pipeline_dag.py
[2026-05-06T20:23:06.645+0000] {processor.py:840} INFO - DAG(s) 'ab_test_medallion_pipeline' retrieved from /opt/airflow/dags/pipeline_dag.py
[2026-05-06T20:23:06.691+0000] {logging_mixin.py:188} INFO - [2026-05-06T20:23:06.691+0000] {dag.py:3096} INFO - Sync 1 DAGs
[2026-05-06T20:23:06.733+0000] {logging_mixin.py:188} INFO - [2026-05-06T20:23:06.732+0000] {dag.py:3954} INFO - Setting next_dagrun for ab_test_medallion_pipeline to 2026-05-06 00:00:00+00:00, run_after=2026-05-07 00:00:00+00:00
[2026-05-06T20:23:06.761+0000] {processor.py:183} INFO - Processing /opt/airflow/dags/pipeline_dag.py took 0.172 seconds
[2026-05-06T20:23:37.058+0000] {processor.py:161} INFO - Started process (PID=2096) to work on /opt/airflow/dags/pipeline_dag.py
[2026-05-06T20:23:37.063+0000] {processor.py:830} INFO - Processing file /opt/airflow/dags/pipeline_dag.py for tasks to queue
[2026-05-06T20:23:37.067+0000] {logging_mixin.py:188} INFO - [2026-05-06T20:23:37.066+0000] {dagbag.py:545} INFO - Filling up the DagBag from /opt/airflow/dags/pipeline_dag.py
[2026-05-06T20:23:37.093+0000] {processor.py:840} INFO - DAG(s) 'ab_test_medallion_pipeline' retrieved from /opt/airflow/dags/pipeline_dag.py
[2026-05-06T20:23:37.147+0000] {logging_mixin.py:188} INFO - [2026-05-06T20:23:37.147+0000] {dag.py:3096} INFO - Sync 1 DAGs
[2026-05-06T20:23:37.181+0000] {logging_mixin.py:188} INFO - [2026-05-06T20:23:37.180+0000] {dag.py:3954} INFO - Setting next_dagrun for ab_test_medallion_pipeline to 2026-05-06 00:00:00+00:00, run_after=2026-05-07 00:00:00+00:00
[2026-05-06T20:23:37.241+0000] {processor.py:183} INFO - Processing /opt/airflow/dags/pipeline_dag.py took 0.197 seconds
[2026-05-06T20:24:07.320+0000] {processor.py:161} INFO - Started process (PID=2101) to work on /opt/airflow/dags/pipeline_dag.py
[2026-05-06T20:24:07.322+0000] {processor.py:830} INFO - Processing file /opt/airflow/dags/pipeline_dag.py for tasks to queue
[2026-05-06T20:24:07.326+0000] {logging_mixin.py:188} INFO - [2026-05-06T20:24:07.325+0000] {dagbag.py:545} INFO - Filling up the DagBag from /opt/airflow/dags/pipeline_dag.py
[2026-05-06T20:24:07.352+0000] {processor.py:840} INFO - DAG(s) 'ab_test_medallion_pipeline' retrieved from /opt/airflow/dags/pipeline_dag.py
[2026-05-06T20:24:07.419+0000] {logging_mixin.py:188} INFO - [2026-05-06T20:24:07.419+0000] {dag.py:3096} INFO - Sync 1 DAGs
[2026-05-06T20:24:07.462+0000] {logging_mixin.py:188} INFO - [2026-05-06T20:24:07.462+0000] {dag.py:3954} INFO - Setting next_dagrun for ab_test_medallion_pipeline to 2026-05-06 00:00:00+00:00, run_after=2026-05-07 00:00:00+00:00
[2026-05-06T20:24:07.497+0000] {processor.py:183} INFO - Processing /opt/airflow/dags/pipeline_dag.py took 0.191 seconds
[2026-05-06T20:24:37.821+0000] {processor.py:161} INFO - Started process (PID=2106) to work on /opt/airflow/dags/pipeline_dag.py
[2026-05-06T20:24:37.823+0000] {processor.py:830} INFO - Processing file /opt/airflow/dags/pipeline_dag.py for tasks to queue
[2026-05-06T20:24:37.827+0000] {logging_mixin.py:188} INFO - [2026-05-06T20:24:37.826+0000] {dagbag.py:545} INFO - Filling up the DagBag from /opt/airflow/dags/pipeline_dag.py
[2026-05-06T20:24:37.848+0000] {processor.py:840} INFO - DAG(s) 'ab_test_medallion_pipeline' retrieved from /opt/airflow/dags/pipeline_dag.py
[2026-05-06T20:24:37.892+0000] {logging_mixin.py:188} INFO - [2026-05-06T20:24:37.892+0000] {dag.py:3096} INFO - Sync 1 DAGs
[2026-05-06T20:24:37.928+0000] {logging_mixin.py:188} INFO - [2026-05-06T20:24:37.928+0000] {dag.py:3954} INFO - Setting next_dagrun for ab_test_medallion_pipeline to 2026-05-06 00:00:00+00:00, run_after=2026-05-07 00:00:00+00:00
[2026-05-06T20:24:37.956+0000] {processor.py:183} INFO - Processing /opt/airflow/dags/pipeline_dag.py took 0.145 seconds
[2026-05-06T20:25:08.133+0000] {processor.py:161} INFO - Started process (PID=2111) to work on /opt/airflow/dags/pipeline_dag.py
[2026-05-06T20:25:08.135+0000] {processor.py:830} INFO - Processing file /opt/airflow/dags/pipeline_dag.py for tasks to queue
[2026-05-06T20:25:08.141+0000] {logging_mixin.py:188} INFO - [2026-05-06T20:25:08.140+0000] {dagbag.py:545} INFO - Filling up the DagBag from /opt/airflow/dags/pipeline_dag.py
[2026-05-06T20:25:08.174+0000] {processor.py:840} INFO - DAG(s) 'ab_test_medallion_pipeline' retrieved from /opt/airflow/dags/pipeline_dag.py
[2026-05-06T20:25:08.218+0000] {logging_mixin.py:188} INFO - [2026-05-06T20:25:08.218+0000] {dag.py:3096} INFO - Sync 1 DAGs
[2026-05-06T20:25:08.251+0000] {logging_mixin.py:188} INFO - [2026-05-06T20:25:08.251+0000] {dag.py:3954} INFO - Setting next_dagrun for ab_test_medallion_pipeline to 2026-05-06 00:00:00+00:00, run_after=2026-05-07 00:00:00+00:00
[2026-05-06T20:25:08.281+0000] {processor.py:183} INFO - Processing /opt/airflow/dags/pipeline_dag.py took 0.169 seconds
[2026-05-06T20:25:38.412+0000] {processor.py:161} INFO - Started process (PID=2116) to work on /opt/airflow/dags/pipeline_dag.py
[2026-05-06T20:25:38.414+0000] {processor.py:830} INFO - Processing file /opt/airflow/dags/pipeline_dag.py for tasks to queue
[2026-05-06T20:25:38.418+0000] {logging_mixin.py:188} INFO - [2026-05-06T20:25:38.417+0000] {dagbag.py:545} INFO - Filling up the DagBag from /opt/airflow/dags/pipeline_dag.py
[2026-05-06T20:25:38.450+0000] {processor.py:840} INFO - DAG(s) 'ab_test_medallion_pipeline' retrieved from /opt/airflow/dags/pipeline_dag.py
[2026-05-06T20:25:38.498+0000] {logging_mixin.py:188} INFO - [2026-05-06T20:25:38.498+0000] {dag.py:3096} INFO - Sync 1 DAGs
[2026-05-06T20:25:38.555+0000] {logging_mixin.py:188} INFO - [2026-05-06T20:25:38.553+0000] {dag.py:3954} INFO - Setting next_dagrun for ab_test_medallion_pipeline to 2026-05-06 00:00:00+00:00, run_after=2026-05-07 00:00:00+00:00
[2026-05-06T20:25:38.787+0000] {processor.py:183} INFO - Processing /opt/airflow/dags/pipeline_dag.py took 0.389 seconds
[2026-05-06T20:26:09.114+0000] {processor.py:161} INFO - Started process (PID=2121) to work on /opt/airflow/dags/pipeline_dag.py
[2026-05-06T20:26:09.116+0000] {processor.py:830} INFO - Processing file /opt/airflow/dags/pipeline_dag.py for tasks to queue
[2026-05-06T20:26:09.121+0000] {logging_mixin.py:188} INFO - [2026-05-06T20:26:09.120+0000] {dagbag.py:545} INFO - Filling up the DagBag from /opt/airflow/dags/pipeline_dag.py
[2026-05-06T20:26:09.158+0000] {processor.py:840} INFO - DAG(s) 'ab_test_medallion_pipeline' retrieved from /opt/airflow/dags/pipeline_dag.py
[2026-05-06T20:26:09.238+0000] {logging_mixin.py:188} INFO - [2026-05-06T20:26:09.238+0000] {dag.py:3096} INFO - Sync 1 DAGs
[2026-05-06T20:26:09.307+0000] {logging_mixin.py:188} INFO - [2026-05-06T20:26:09.307+0000] {dag.py:3954} INFO - Setting next_dagrun for ab_test_medallion_pipeline to 2026-05-06 00:00:00+00:00, run_after=2026-05-07 00:00:00+00:00
[2026-05-06T20:26:09.356+0000] {processor.py:183} INFO - Processing /opt/airflow/dags/pipeline_dag.py took 0.274 seconds
[2026-05-06T20:26:39.697+0000] {processor.py:161} INFO - Started process (PID=2126) to work on /opt/airflow/dags/pipeline_dag.py
[2026-05-06T20:26:39.702+0000] {processor.py:830} INFO - Processing file /opt/airflow/dags/pipeline_dag.py for tasks to queue
[2026-05-06T20:26:39.710+0000] {logging_mixin.py:188} INFO - [2026-05-06T20:26:39.709+0000] {dagbag.py:545} INFO - Filling up the DagBag from /opt/airflow/dags/pipeline_dag.py
[2026-05-06T20:26:39.742+0000] {processor.py:840} INFO - DAG(s) 'ab_test_medallion_pipeline' retrieved from /opt/airflow/dags/pipeline_dag.py
[2026-05-06T20:26:39.853+0000] {logging_mixin.py:188} INFO - [2026-05-06T20:26:39.852+0000] {dag.py:3096} INFO - Sync 1 DAGs
[2026-05-06T20:26:39.914+0000] {logging_mixin.py:188} INFO - [2026-05-06T20:26:39.913+0000] {dag.py:3954} INFO - Setting next_dagrun for ab_test_medallion_pipeline to 2026-05-06 00:00:00+00:00, run_after=2026-05-07 00:00:00+00:00
[2026-05-06T20:26:39.942+0000] {processor.py:183} INFO - Processing /opt/airflow/dags/pipeline_dag.py took 0.263 seconds
[2026-05-06T20:27:10.287+0000] {processor.py:161} INFO - Started process (PID=2131) to work on /opt/airflow/dags/pipeline_dag.py
[2026-05-06T20:27:10.289+0000] {processor.py:830} INFO - Processing file /opt/airflow/dags/pipeline_dag.py for tasks to queue
[2026-05-06T20:27:10.295+0000] {logging_mixin.py:188} INFO - [2026-05-06T20:27:10.294+0000] {dagbag.py:545} INFO - Filling up the DagBag from /opt/airflow/dags/pipeline_dag.py
[2026-05-06T20:27:10.367+0000] {processor.py:840} INFO - DAG(s) 'ab_test_medallion_pipeline' retrieved from /opt/airflow/dags/pipeline_dag.py
[2026-05-06T20:27:10.442+0000] {logging_mixin.py:188} INFO - [2026-05-06T20:27:10.442+0000] {dag.py:3096} INFO - Sync 1 DAGs
[2026-05-06T20:27:10.501+0000] {logging_mixin.py:188} INFO - [2026-05-06T20:27:10.500+0000] {dag.py:3954} INFO - Setting next_dagrun for ab_test_medallion_pipeline to 2026-05-06 00:00:00+00:00, run_after=2026-05-07 00:00:00+00:00
[2026-05-06T20:27:10.557+0000] {processor.py:183} INFO - Processing /opt/airflow/dags/pipeline_dag.py took 0.316 seconds
[2026-05-06T20:27:40.818+0000] {processor.py:161} INFO - Started process (PID=2136) to work on /opt/airflow/dags/pipeline_dag.py
[2026-05-06T20:27:40.821+0000] {processor.py:830} INFO - Processing file /opt/airflow/dags/pipeline_dag.py for tasks to queue
[2026-05-06T20:27:40.829+0000] {logging_mixin.py:188} INFO - [2026-05-06T20:27:40.827+0000] {dagbag.py:545} INFO - Filling up the DagBag from /opt/airflow/dags/pipeline_dag.py
[2026-05-06T20:27:40.871+0000] {processor.py:840} INFO - DAG(s) 'ab_test_medallion_pipeline' retrieved from /opt/airflow/dags/pipeline_dag.py
[2026-05-06T20:27:40.959+0000] {logging_mixin.py:188} INFO - [2026-05-06T20:27:40.959+0000] {dag.py:3096} INFO - Sync 1 DAGs
[2026-05-06T20:27:41.005+0000] {logging_mixin.py:188} INFO - [2026-05-06T20:27:41.004+0000] {dag.py:3954} INFO - Setting next_dagrun for ab_test_medallion_pipeline to 2026-05-06 00:00:00+00:00, run_after=2026-05-07 00:00:00+00:00
[2026-05-06T20:27:41.037+0000] {processor.py:183} INFO - Processing /opt/airflow/dags/pipeline_dag.py took 0.238 seconds
[2026-05-06T20:28:11.376+0000] {processor.py:161} INFO - Started process (PID=2141) to work on /opt/airflow/dags/pipeline_dag.py
[2026-05-06T20:28:11.388+0000] {processor.py:830} INFO - Processing file /opt/airflow/dags/pipeline_dag.py for tasks to queue
[2026-05-06T20:28:11.406+0000] {logging_mixin.py:188} INFO - [2026-05-06T20:28:11.405+0000] {dagbag.py:545} INFO - Filling up the DagBag from /opt/airflow/dags/pipeline_dag.py
[2026-05-06T20:28:11.535+0000] {processor.py:840} INFO - DAG(s) 'ab_test_medallion_pipeline' retrieved from /opt/airflow/dags/pipeline_dag.py
[2026-05-06T20:28:11.860+0000] {logging_mixin.py:188} INFO - [2026-05-06T20:28:11.860+0000] {dag.py:3096} INFO - Sync 1 DAGs
[2026-05-06T20:28:12.447+0000] {logging_mixin.py:188} INFO - [2026-05-06T20:28:12.446+0000] {dag.py:3954} INFO - Setting next_dagrun for ab_test_medallion_pipeline to 2026-05-06 00:00:00+00:00, run_after=2026-05-07 00:00:00+00:00
[2026-05-06T20:28:12.699+0000] {processor.py:183} INFO - Processing /opt/airflow/dags/pipeline_dag.py took 1.382 seconds
[2026-05-06T20:28:43.137+0000] {processor.py:161} INFO - Started process (PID=2146) to work on /opt/airflow/dags/pipeline_dag.py
[2026-05-06T20:28:43.142+0000] {processor.py:830} INFO - Processing file /opt/airflow/dags/pipeline_dag.py for tasks to queue
[2026-05-06T20:28:43.150+0000] {logging_mixin.py:188} INFO - [2026-05-06T20:28:43.149+0000] {dagbag.py:545} INFO - Filling up the DagBag from /opt/airflow/dags/pipeline_dag.py
[2026-05-06T20:28:43.183+0000] {processor.py:840} INFO - DAG(s) 'ab_test_medallion_pipeline' retrieved from /opt/airflow/dags/pipeline_dag.py
[2026-05-06T20:28:43.322+0000] {logging_mixin.py:188} INFO - [2026-05-06T20:28:43.322+0000] {dag.py:3096} INFO - Sync 1 DAGs
[2026-05-06T20:28:43.593+0000] {logging_mixin.py:188} INFO - [2026-05-06T20:28:43.590+0000] {dag.py:3954} INFO - Setting next_dagrun for ab_test_medallion_pipeline to 2026-05-06 00:00:00+00:00, run_after=2026-05-07 00:00:00+00:00
[2026-05-06T20:28:43.756+0000] {processor.py:183} INFO - Processing /opt/airflow/dags/pipeline_dag.py took 0.636 seconds
[2026-05-06T20:29:14.020+0000] {processor.py:161} INFO - Started process (PID=2151) to work on /opt/airflow/dags/pipeline_dag.py
[2026-05-06T20:29:14.021+0000] {processor.py:830} INFO - Processing file /opt/airflow/dags/pipeline_dag.py for tasks to queue
[2026-05-06T20:29:14.026+0000] {logging_mixin.py:188} INFO - [2026-05-06T20:29:14.026+0000] {dagbag.py:545} INFO - Filling up the DagBag from /opt/airflow/dags/pipeline_dag.py
[2026-05-06T20:29:14.050+0000] {processor.py:840} INFO - DAG(s) 'ab_test_medallion_pipeline' retrieved from /opt/airflow/dags/pipeline_dag.py
[2026-05-06T20:29:14.097+0000] {logging_mixin.py:188} INFO - [2026-05-06T20:29:14.096+0000] {dag.py:3096} INFO - Sync 1 DAGs
[2026-05-06T20:29:14.454+0000] {logging_mixin.py:188} INFO - [2026-05-06T20:29:14.452+0000] {dag.py:3954} INFO - Setting next_dagrun for ab_test_medallion_pipeline to 2026-05-06 00:00:00+00:00, run_after=2026-05-07 00:00:00+00:00
[2026-05-06T20:29:14.734+0000] {processor.py:183} INFO - Processing /opt/airflow/dags/pipeline_dag.py took 0.736 seconds
[2026-05-06T20:29:45.154+0000] {processor.py:161} INFO - Started process (PID=2156) to work on /opt/airflow/dags/pipeline_dag.py
[2026-05-06T20:29:45.156+0000] {processor.py:830} INFO - Processing file /opt/airflow/dags/pipeline_dag.py for tasks to queue
[2026-05-06T20:29:45.165+0000] {logging_mixin.py:188} INFO - [2026-05-06T20:29:45.163+0000] {dagbag.py:545} INFO - Filling up the DagBag from /opt/airflow/dags/pipeline_dag.py
[2026-05-06T20:29:45.217+0000] {processor.py:840} INFO - DAG(s) 'ab_test_medallion_pipeline' retrieved from /opt/airflow/dags/pipeline_dag.py
[2026-05-06T20:29:45.290+0000] {logging_mixin.py:188} INFO - [2026-05-06T20:29:45.290+0000] {dag.py:3096} INFO - Sync 1 DAGs
[2026-05-06T20:29:45.342+0000] {logging_mixin.py:188} INFO - [2026-05-06T20:29:45.341+0000] {dag.py:3954} INFO - Setting next_dagrun for ab_test_medallion_pipeline to 2026-05-06 00:00:00+00:00, run_after=2026-05-07 00:00:00+00:00
[2026-05-06T20:29:45.386+0000] {processor.py:183} INFO - Processing /opt/airflow/dags/pipeline_dag.py took 0.269 seconds
[2026-05-06T20:30:15.534+0000] {processor.py:161} INFO - Started process (PID=2161) to work on /opt/airflow/dags/pipeline_dag.py
[2026-05-06T20:30:15.536+0000] {processor.py:830} INFO - Processing file /opt/airflow/dags/pipeline_dag.py for tasks to queue
[2026-05-06T20:30:15.540+0000] {logging_mixin.py:188} INFO - [2026-05-06T20:30:15.539+0000] {dagbag.py:545} INFO - Filling up the DagBag from /opt/airflow/dags/pipeline_dag.py
[2026-05-06T20:30:15.566+0000] {processor.py:840} INFO - DAG(s) 'ab_test_medallion_pipeline' retrieved from /opt/airflow/dags/pipeline_dag.py
[2026-05-06T20:30:15.619+0000] {logging_mixin.py:188} INFO - [2026-05-06T20:30:15.619+0000] {dag.py:3096} INFO - Sync 1 DAGs
[2026-05-06T20:30:15.655+0000] {logging_mixin.py:188} INFO - [2026-05-06T20:30:15.655+0000] {dag.py:3954} INFO - Setting next_dagrun for ab_test_medallion_pipeline to 2026-05-06 00:00:00+00:00, run_after=2026-05-07 00:00:00+00:00
[2026-05-06T20:30:15.687+0000] {processor.py:183} INFO - Processing /opt/airflow/dags/pipeline_dag.py took 0.165 seconds
[2026-05-06T20:30:45.977+0000] {processor.py:161} INFO - Started process (PID=2166) to work on /opt/airflow/dags/pipeline_dag.py
[2026-05-06T20:30:45.980+0000] {processor.py:830} INFO - Processing file /opt/airflow/dags/pipeline_dag.py for tasks to queue
[2026-05-06T20:30:45.983+0000] {logging_mixin.py:188} INFO - [2026-05-06T20:30:45.983+0000] {dagbag.py:545} INFO - Filling up the DagBag from /opt/airflow/dags/pipeline_dag.py
[2026-05-06T20:30:46.004+0000] {processor.py:840} INFO - DAG(s) 'ab_test_medallion_pipeline' retrieved from /opt/airflow/dags/pipeline_dag.py
[2026-05-06T20:30:46.050+0000] {logging_mixin.py:188} INFO - [2026-05-06T20:30:46.049+0000] {dag.py:3096} INFO - Sync 1 DAGs
[2026-05-06T20:30:46.113+0000] {logging_mixin.py:188} INFO - [2026-05-06T20:30:46.112+0000] {dag.py:3954} INFO - Setting next_dagrun for ab_test_medallion_pipeline to 2026-05-06 00:00:00+00:00, run_after=2026-05-07 00:00:00+00:00
[2026-05-06T20:30:46.499+0000] {processor.py:183} INFO - Processing /opt/airflow/dags/pipeline_dag.py took 0.535 seconds
[2026-05-06T20:31:16.817+0000] {processor.py:161} INFO - Started process (PID=2171) to work on /opt/airflow/dags/pipeline_dag.py
[2026-05-06T20:31:16.818+0000] {processor.py:830} INFO - Processing file /opt/airflow/dags/pipeline_dag.py for tasks to queue
[2026-05-06T20:31:16.822+0000] {logging_mixin.py:188} INFO - [2026-05-06T20:31:16.822+0000] {dagbag.py:545} INFO - Filling up the DagBag from /opt/airflow/dags/pipeline_dag.py
[2026-05-06T20:31:16.849+0000] {processor.py:840} INFO - DAG(s) 'ab_test_medallion_pipeline' retrieved from /opt/airflow/dags/pipeline_dag.py
[2026-05-06T20:31:16.903+0000] {logging_mixin.py:188} INFO - [2026-05-06T20:31:16.902+0000] {dag.py:3096} INFO - Sync 1 DAGs
[2026-05-06T20:31:16.992+0000] {logging_mixin.py:188} INFO - [2026-05-06T20:31:16.991+0000] {dag.py:3954} INFO - Setting next_dagrun for ab_test_medallion_pipeline to 2026-05-06 00:00:00+00:00, run_after=2026-05-07 00:00:00+00:00
[2026-05-06T20:31:17.170+0000] {processor.py:183} INFO - Processing /opt/airflow/dags/pipeline_dag.py took 0.367 seconds
[2026-05-06T20:31:47.481+0000] {processor.py:161} INFO - Started process (PID=2176) to work on /opt/airflow/dags/pipeline_dag.py
[2026-05-06T20:31:47.486+0000] {processor.py:830} INFO - Processing file /opt/airflow/dags/pipeline_dag.py for tasks to queue
[2026-05-06T20:31:47.494+0000] {logging_mixin.py:188} INFO - [2026-05-06T20:31:47.493+0000] {dagbag.py:545} INFO - Filling up the DagBag from /opt/airflow/dags/pipeline_dag.py
[2026-05-06T20:31:47.528+0000] {processor.py:840} INFO - DAG(s) 'ab_test_medallion_pipeline' retrieved from /opt/airflow/dags/pipeline_dag.py
[2026-05-06T20:31:47.587+0000] {logging_mixin.py:188} INFO - [2026-05-06T20:31:47.587+0000] {dag.py:3096} INFO - Sync 1 DAGs
[2026-05-06T20:31:47.903+0000] {logging_mixin.py:188} INFO - [2026-05-06T20:31:47.902+0000] {dag.py:3954} INFO - Setting next_dagrun for ab_test_medallion_pipeline to 2026-05-06 00:00:00+00:00, run_after=2026-05-07 00:00:00+00:00
[2026-05-06T20:31:48.097+0000] {processor.py:183} INFO - Processing /opt/airflow/dags/pipeline_dag.py took 0.633 seconds
[2026-05-06T20:32:18.357+0000] {processor.py:161} INFO - Started process (PID=2181) to work on /opt/airflow/dags/pipeline_dag.py
[2026-05-06T20:32:18.360+0000] {processor.py:830} INFO - Processing file /opt/airflow/dags/pipeline_dag.py for tasks to queue
[2026-05-06T20:32:18.364+0000] {logging_mixin.py:188} INFO - [2026-05-06T20:32:18.364+0000] {dagbag.py:545} INFO - Filling up the DagBag from /opt/airflow/dags/pipeline_dag.py
[2026-05-06T20:32:18.398+0000] {processor.py:840} INFO - DAG(s) 'ab_test_medallion_pipeline' retrieved from /opt/airflow/dags/pipeline_dag.py
[2026-05-06T20:32:18.478+0000] {logging_mixin.py:188} INFO - [2026-05-06T20:32:18.477+0000] {dag.py:3096} INFO - Sync 1 DAGs
[2026-05-06T20:32:18.579+0000] {logging_mixin.py:188} INFO - [2026-05-06T20:32:18.578+0000] {dag.py:3954} INFO - Setting next_dagrun for ab_test_medallion_pipeline to 2026-05-06 00:00:00+00:00, run_after=2026-05-07 00:00:00+00:00
[2026-05-06T20:32:18.612+0000] {processor.py:183} INFO - Processing /opt/airflow/dags/pipeline_dag.py took 0.269 seconds
[2026-05-06T20:32:48.739+0000] {processor.py:161} INFO - Started process (PID=2186) to work on /opt/airflow/dags/pipeline_dag.py
[2026-05-06T20:32:48.741+0000] {processor.py:830} INFO - Processing file /opt/airflow/dags/pipeline_dag.py for tasks to queue
[2026-05-06T20:32:48.744+0000] {logging_mixin.py:188} INFO - [2026-05-06T20:32:48.743+0000] {dagbag.py:545} INFO - Filling up the DagBag from /opt/airflow/dags/pipeline_dag.py
[2026-05-06T20:32:48.766+0000] {processor.py:840} INFO - DAG(s) 'ab_test_medallion_pipeline' retrieved from /opt/airflow/dags/pipeline_dag.py
[2026-05-06T20:32:48.820+0000] {logging_mixin.py:188} INFO - [2026-05-06T20:32:48.819+0000] {dag.py:3096} INFO - Sync 1 DAGs
[2026-05-06T20:32:48.860+0000] {logging_mixin.py:188} INFO - [2026-05-06T20:32:48.859+0000] {dag.py:3954} INFO - Setting next_dagrun for ab_test_medallion_pipeline to 2026-05-06 00:00:00+00:00, run_after=2026-05-07 00:00:00+00:00
[2026-05-06T20:32:49.079+0000] {processor.py:183} INFO - Processing /opt/airflow/dags/pipeline_dag.py took 0.353 seconds
[2026-05-06T20:33:19.420+0000] {processor.py:161} INFO - Started process (PID=2191) to work on /opt/airflow/dags/pipeline_dag.py
[2026-05-06T20:33:19.422+0000] {processor.py:830} INFO - Processing file /opt/airflow/dags/pipeline_dag.py for tasks to queue
[2026-05-06T20:33:19.428+0000] {logging_mixin.py:188} INFO - [2026-05-06T20:33:19.426+0000] {dagbag.py:545} INFO - Filling up the DagBag from /opt/airflow/dags/pipeline_dag.py
[2026-05-06T20:33:19.473+0000] {processor.py:840} INFO - DAG(s) 'ab_test_medallion_pipeline' retrieved from /opt/airflow/dags/pipeline_dag.py
[2026-05-06T20:33:19.590+0000] {logging_mixin.py:188} INFO - [2026-05-06T20:33:19.590+0000] {dag.py:3096} INFO - Sync 1 DAGs
[2026-05-06T20:33:19.683+0000] {logging_mixin.py:188} INFO - [2026-05-06T20:33:19.682+0000] {dag.py:3954} INFO - Setting next_dagrun for ab_test_medallion_pipeline to 2026-05-06 00:00:00+00:00, run_after=2026-05-07 00:00:00+00:00
[2026-05-06T20:33:19.732+0000] {processor.py:183} INFO - Processing /opt/airflow/dags/pipeline_dag.py took 0.344 seconds
[2026-05-06T20:33:50.057+0000] {processor.py:161} INFO - Started process (PID=2196) to work on /opt/airflow/dags/pipeline_dag.py
[2026-05-06T20:33:50.061+0000] {processor.py:830} INFO - Processing file /opt/airflow/dags/pipeline_dag.py for tasks to queue
[2026-05-06T20:33:50.064+0000] {logging_mixin.py:188} INFO - [2026-05-06T20:33:50.063+0000] {dagbag.py:545} INFO - Filling up the DagBag from /opt/airflow/dags/pipeline_dag.py
[2026-05-06T20:33:50.097+0000] {processor.py:840} INFO - DAG(s) 'ab_test_medallion_pipeline' retrieved from /opt/airflow/dags/pipeline_dag.py
[2026-05-06T20:33:50.184+0000] {logging_mixin.py:188} INFO - [2026-05-06T20:33:50.183+0000] {dag.py:3096} INFO - Sync 1 DAGs
[2026-05-06T20:33:50.250+0000] {logging_mixin.py:188} INFO - [2026-05-06T20:33:50.250+0000] {dag.py:3954} INFO - Setting next_dagrun for ab_test_medallion_pipeline to 2026-05-06 00:00:00+00:00, run_after=2026-05-07 00:00:00+00:00
[2026-05-06T20:33:50.321+0000] {processor.py:183} INFO - Processing /opt/airflow/dags/pipeline_dag.py took 0.282 seconds
[2026-05-06T20:34:20.612+0000] {processor.py:161} INFO - Started process (PID=2201) to work on /opt/airflow/dags/pipeline_dag.py
[2026-05-06T20:34:20.614+0000] {processor.py:830} INFO - Processing file /opt/airflow/dags/pipeline_dag.py for tasks to queue
[2026-05-06T20:34:20.618+0000] {logging_mixin.py:188} INFO - [2026-05-06T20:34:20.617+0000] {dagbag.py:545} INFO - Filling up the DagBag from /opt/airflow/dags/pipeline_dag.py
[2026-05-06T20:34:20.672+0000] {processor.py:840} INFO - DAG(s) 'ab_test_medallion_pipeline' retrieved from /opt/airflow/dags/pipeline_dag.py
[2026-05-06T20:34:20.732+0000] {logging_mixin.py:188} INFO - [2026-05-06T20:34:20.732+0000] {dag.py:3096} INFO - Sync 1 DAGs
[2026-05-06T20:34:20.775+0000] {logging_mixin.py:188} INFO - [2026-05-06T20:34:20.775+0000] {dag.py:3954} INFO - Setting next_dagrun for ab_test_medallion_pipeline to 2026-05-06 00:00:00+00:00, run_after=2026-05-07 00:00:00+00:00
[2026-05-06T20:34:20.816+0000] {processor.py:183} INFO - Processing /opt/airflow/dags/pipeline_dag.py took 0.219 seconds
[2026-05-06T20:34:50.928+0000] {processor.py:161} INFO - Started process (PID=2206) to work on /opt/airflow/dags/pipeline_dag.py
[2026-05-06T20:34:50.932+0000] {processor.py:830} INFO - Processing file /opt/airflow/dags/pipeline_dag.py for tasks to queue
[2026-05-06T20:34:50.938+0000] {logging_mixin.py:188} INFO - [2026-05-06T20:34:50.937+0000] {dagbag.py:545} INFO - Filling up the DagBag from /opt/airflow/dags/pipeline_dag.py
[2026-05-06T20:34:50.985+0000] {processor.py:840} INFO - DAG(s) 'ab_test_medallion_pipeline' retrieved from /opt/airflow/dags/pipeline_dag.py
[2026-05-06T20:34:51.047+0000] {logging_mixin.py:188} INFO - [2026-05-06T20:34:51.047+0000] {dag.py:3096} INFO - Sync 1 DAGs
[2026-05-06T20:34:51.098+0000] {logging_mixin.py:188} INFO - [2026-05-06T20:34:51.098+0000] {dag.py:3954} INFO - Setting next_dagrun for ab_test_medallion_pipeline to 2026-05-06 00:00:00+00:00, run_after=2026-05-07 00:00:00+00:00
[2026-05-06T20:34:51.137+0000] {processor.py:183} INFO - Processing /opt/airflow/dags/pipeline_dag.py took 0.239 seconds
[2026-05-06T20:35:21.443+0000] {processor.py:161} INFO - Started process (PID=2211) to work on /opt/airflow/dags/pipeline_dag.py
[2026-05-06T20:35:21.445+0000] {processor.py:830} INFO - Processing file /opt/airflow/dags/pipeline_dag.py for tasks to queue
[2026-05-06T20:35:21.449+0000] {logging_mixin.py:188} INFO - [2026-05-06T20:35:21.449+0000] {dagbag.py:545} INFO - Filling up the DagBag from /opt/airflow/dags/pipeline_dag.py
[2026-05-06T20:35:21.474+0000] {processor.py:840} INFO - DAG(s) 'ab_test_medallion_pipeline' retrieved from /opt/airflow/dags/pipeline_dag.py
[2026-05-06T20:35:21.532+0000] {logging_mixin.py:188} INFO - [2026-05-06T20:35:21.531+0000] {dag.py:3096} INFO - Sync 1 DAGs
[2026-05-06T20:35:21.571+0000] {logging_mixin.py:188} INFO - [2026-05-06T20:35:21.571+0000] {dag.py:3954} INFO - Setting next_dagrun for ab_test_medallion_pipeline to 2026-05-06 00:00:00+00:00, run_after=2026-05-07 00:00:00+00:00
[2026-05-06T20:35:21.608+0000] {processor.py:183} INFO - Processing /opt/airflow/dags/pipeline_dag.py took 0.176 seconds
[2026-05-06T20:35:51.793+0000] {processor.py:161} INFO - Started process (PID=2216) to work on /opt/airflow/dags/pipeline_dag.py
[2026-05-06T20:35:51.797+0000] {processor.py:830} INFO - Processing file /opt/airflow/dags/pipeline_dag.py for tasks to queue
[2026-05-06T20:35:51.801+0000] {logging_mixin.py:188} INFO - [2026-05-06T20:35:51.800+0000] {dagbag.py:545} INFO - Filling up the DagBag from /opt/airflow/dags/pipeline_dag.py
[2026-05-06T20:35:51.822+0000] {processor.py:840} INFO - DAG(s) 'ab_test_medallion_pipeline' retrieved from /opt/airflow/dags/pipeline_dag.py
[2026-05-06T20:35:51.871+0000] {logging_mixin.py:188} INFO - [2026-05-06T20:35:51.871+0000] {dag.py:3096} INFO - Sync 1 DAGs
[2026-05-06T20:35:51.911+0000] {logging_mixin.py:188} INFO - [2026-05-06T20:35:51.911+0000] {dag.py:3954} INFO - Setting next_dagrun for ab_test_medallion_pipeline to 2026-05-06 00:00:00+00:00, run_after=2026-05-07 00:00:00+00:00
[2026-05-06T20:35:51.954+0000] {processor.py:183} INFO - Processing /opt/airflow/dags/pipeline_dag.py took 0.200 seconds
[2026-05-06T20:36:22.198+0000] {processor.py:161} INFO - Started process (PID=2221) to work on /opt/airflow/dags/pipeline_dag.py
[2026-05-06T20:36:22.200+0000] {processor.py:830} INFO - Processing file /opt/airflow/dags/pipeline_dag.py for tasks to queue
[2026-05-06T20:36:22.204+0000] {logging_mixin.py:188} INFO - [2026-05-06T20:36:22.204+0000] {dagbag.py:545} INFO - Filling up the DagBag from /opt/airflow/dags/pipeline_dag.py
[2026-05-06T20:36:22.233+0000] {processor.py:840} INFO - DAG(s) 'ab_test_medallion_pipeline' retrieved from /opt/airflow/dags/pipeline_dag.py
[2026-05-06T20:36:22.295+0000] {logging_mixin.py:188} INFO - [2026-05-06T20:36:22.295+0000] {dag.py:3096} INFO - Sync 1 DAGs
[2026-05-06T20:36:22.335+0000] {logging_mixin.py:188} INFO - [2026-05-06T20:36:22.335+0000] {dag.py:3954} INFO - Setting next_dagrun for ab_test_medallion_pipeline to 2026-05-06 00:00:00+00:00, run_after=2026-05-07 00:00:00+00:00
[2026-05-06T20:36:22.504+0000] {processor.py:183} INFO - Processing /opt/airflow/dags/pipeline_dag.py took 0.322 seconds
[2026-05-06T20:36:52.868+0000] {processor.py:161} INFO - Started process (PID=2226) to work on /opt/airflow/dags/pipeline_dag.py
[2026-05-06T20:36:52.872+0000] {processor.py:830} INFO - Processing file /opt/airflow/dags/pipeline_dag.py for tasks to queue
[2026-05-06T20:36:52.876+0000] {logging_mixin.py:188} INFO - [2026-05-06T20:36:52.875+0000] {dagbag.py:545} INFO - Filling up the DagBag from /opt/airflow/dags/pipeline_dag.py
[2026-05-06T20:36:52.900+0000] {processor.py:840} INFO - DAG(s) 'ab_test_medallion_pipeline' retrieved from /opt/airflow/dags/pipeline_dag.py
[2026-05-06T20:36:53.023+0000] {logging_mixin.py:188} INFO - [2026-05-06T20:36:53.021+0000] {dag.py:3096} INFO - Sync 1 DAGs
[2026-05-06T20:36:53.582+0000] {logging_mixin.py:188} INFO - [2026-05-06T20:36:53.582+0000] {dag.py:3954} INFO - Setting next_dagrun for ab_test_medallion_pipeline to 2026-05-06 00:00:00+00:00, run_after=2026-05-07 00:00:00+00:00
[2026-05-06T20:36:53.652+0000] {processor.py:183} INFO - Processing /opt/airflow/dags/pipeline_dag.py took 0.797 seconds
[2026-05-06T20:37:23.778+0000] {processor.py:161} INFO - Started process (PID=2231) to work on /opt/airflow/dags/pipeline_dag.py
[2026-05-06T20:37:23.779+0000] {processor.py:830} INFO - Processing file /opt/airflow/dags/pipeline_dag.py for tasks to queue
[2026-05-06T20:37:23.784+0000] {logging_mixin.py:188} INFO - [2026-05-06T20:37:23.783+0000] {dagbag.py:545} INFO - Filling up the DagBag from /opt/airflow/dags/pipeline_dag.py
[2026-05-06T20:37:23.817+0000] {processor.py:840} INFO - DAG(s) 'ab_test_medallion_pipeline' retrieved from /opt/airflow/dags/pipeline_dag.py
[2026-05-06T20:37:23.872+0000] {logging_mixin.py:188} INFO - [2026-05-06T20:37:23.872+0000] {dag.py:3096} INFO - Sync 1 DAGs
[2026-05-06T20:37:23.919+0000] {logging_mixin.py:188} INFO - [2026-05-06T20:37:23.919+0000] {dag.py:3954} INFO - Setting next_dagrun for ab_test_medallion_pipeline to 2026-05-06 00:00:00+00:00, run_after=2026-05-07 00:00:00+00:00
[2026-05-06T20:37:23.971+0000] {processor.py:183} INFO - Processing /opt/airflow/dags/pipeline_dag.py took 0.208 seconds
[2026-05-06T20:37:54.237+0000] {processor.py:161} INFO - Started process (PID=2236) to work on /opt/airflow/dags/pipeline_dag.py
[2026-05-06T20:37:54.240+0000] {processor.py:830} INFO - Processing file /opt/airflow/dags/pipeline_dag.py for tasks to queue
[2026-05-06T20:37:54.244+0000] {logging_mixin.py:188} INFO - [2026-05-06T20:37:54.243+0000] {dagbag.py:545} INFO - Filling up the DagBag from /opt/airflow/dags/pipeline_dag.py
[2026-05-06T20:37:54.265+0000] {processor.py:840} INFO - DAG(s) 'ab_test_medallion_pipeline' retrieved from /opt/airflow/dags/pipeline_dag.py
[2026-05-06T20:37:54.309+0000] {logging_mixin.py:188} INFO - [2026-05-06T20:37:54.309+0000] {dag.py:3096} INFO - Sync 1 DAGs
[2026-05-06T20:37:54.347+0000] {logging_mixin.py:188} INFO - [2026-05-06T20:37:54.347+0000] {dag.py:3954} INFO - Setting next_dagrun for ab_test_medallion_pipeline to 2026-05-06 00:00:00+00:00, run_after=2026-05-07 00:00:00+00:00
[2026-05-06T20:37:54.395+0000] {processor.py:183} INFO - Processing /opt/airflow/dags/pipeline_dag.py took 0.172 seconds
[2026-05-06T20:38:24.543+0000] {processor.py:161} INFO - Started process (PID=2241) to work on /opt/airflow/dags/pipeline_dag.py
[2026-05-06T20:38:24.545+0000] {processor.py:830} INFO - Processing file /opt/airflow/dags/pipeline_dag.py for tasks to queue
[2026-05-06T20:38:24.548+0000] {logging_mixin.py:188} INFO - [2026-05-06T20:38:24.547+0000] {dagbag.py:545} INFO - Filling up the DagBag from /opt/airflow/dags/pipeline_dag.py
[2026-05-06T20:38:24.569+0000] {processor.py:840} INFO - DAG(s) 'ab_test_medallion_pipeline' retrieved from /opt/airflow/dags/pipeline_dag.py
[2026-05-06T20:38:24.614+0000] {logging_mixin.py:188} INFO - [2026-05-06T20:38:24.613+0000] {dag.py:3096} INFO - Sync 1 DAGs
[2026-05-06T20:38:24.930+0000] {logging_mixin.py:188} INFO - [2026-05-06T20:38:24.927+0000] {dag.py:3954} INFO - Setting next_dagrun for ab_test_medallion_pipeline to 2026-05-06 00:00:00+00:00, run_after=2026-05-07 00:00:00+00:00
[2026-05-06T20:38:25.238+0000] {processor.py:183} INFO - Processing /opt/airflow/dags/pipeline_dag.py took 0.709 seconds
[2026-05-06T20:38:55.597+0000] {processor.py:161} INFO - Started process (PID=2246) to work on /opt/airflow/dags/pipeline_dag.py
[2026-05-06T20:38:55.600+0000] {processor.py:830} INFO - Processing file /opt/airflow/dags/pipeline_dag.py for tasks to queue
[2026-05-06T20:38:55.605+0000] {logging_mixin.py:188} INFO - [2026-05-06T20:38:55.604+0000] {dagbag.py:545} INFO - Filling up the DagBag from /opt/airflow/dags/pipeline_dag.py
[2026-05-06T20:38:55.625+0000] {processor.py:840} INFO - DAG(s) 'ab_test_medallion_pipeline' retrieved from /opt/airflow/dags/pipeline_dag.py
[2026-05-06T20:38:55.669+0000] {logging_mixin.py:188} INFO - [2026-05-06T20:38:55.669+0000] {dag.py:3096} INFO - Sync 1 DAGs
[2026-05-06T20:38:55.705+0000] {logging_mixin.py:188} INFO - [2026-05-06T20:38:55.704+0000] {dag.py:3954} INFO - Setting next_dagrun for ab_test_medallion_pipeline to 2026-05-06 00:00:00+00:00, run_after=2026-05-07 00:00:00+00:00
[2026-05-06T20:38:55.737+0000] {processor.py:183} INFO - Processing /opt/airflow/dags/pipeline_dag.py took 0.157 seconds
[2026-05-06T20:39:25.911+0000] {processor.py:161} INFO - Started process (PID=2251) to work on /opt/airflow/dags/pipeline_dag.py
[2026-05-06T20:39:25.913+0000] {processor.py:830} INFO - Processing file /opt/airflow/dags/pipeline_dag.py for tasks to queue
[2026-05-06T20:39:25.919+0000] {logging_mixin.py:188} INFO - [2026-05-06T20:39:25.918+0000] {dagbag.py:545} INFO - Filling up the DagBag from /opt/airflow/dags/pipeline_dag.py
[2026-05-06T20:39:25.941+0000] {processor.py:840} INFO - DAG(s) 'ab_test_medallion_pipeline' retrieved from /opt/airflow/dags/pipeline_dag.py
[2026-05-06T20:39:25.998+0000] {logging_mixin.py:188} INFO - [2026-05-06T20:39:25.997+0000] {dag.py:3096} INFO - Sync 1 DAGs
[2026-05-06T20:39:26.032+0000] {logging_mixin.py:188} INFO - [2026-05-06T20:39:26.031+0000] {dag.py:3954} INFO - Setting next_dagrun for ab_test_medallion_pipeline to 2026-05-06 00:00:00+00:00, run_after=2026-05-07 00:00:00+00:00
[2026-05-06T20:39:26.064+0000] {processor.py:183} INFO - Processing /opt/airflow/dags/pipeline_dag.py took 0.173 seconds
[2026-05-06T20:39:56.380+0000] {processor.py:161} INFO - Started process (PID=2256) to work on /opt/airflow/dags/pipeline_dag.py
[2026-05-06T20:39:56.384+0000] {processor.py:830} INFO - Processing file /opt/airflow/dags/pipeline_dag.py for tasks to queue
[2026-05-06T20:39:56.387+0000] {logging_mixin.py:188} INFO - [2026-05-06T20:39:56.386+0000] {dagbag.py:545} INFO - Filling up the DagBag from /opt/airflow/dags/pipeline_dag.py
[2026-05-06T20:39:56.407+0000] {processor.py:840} INFO - DAG(s) 'ab_test_medallion_pipeline' retrieved from /opt/airflow/dags/pipeline_dag.py
[2026-05-06T20:39:56.454+0000] {logging_mixin.py:188} INFO - [2026-05-06T20:39:56.454+0000] {dag.py:3096} INFO - Sync 1 DAGs
[2026-05-06T20:39:56.534+0000] {logging_mixin.py:188} INFO - [2026-05-06T20:39:56.531+0000] {dag.py:3954} INFO - Setting next_dagrun for ab_test_medallion_pipeline to 2026-05-06 00:00:00+00:00, run_after=2026-05-07 00:00:00+00:00
[2026-05-06T20:39:56.696+0000] {processor.py:183} INFO - Processing /opt/airflow/dags/pipeline_dag.py took 0.334 seconds
[2026-05-06T20:40:26.990+0000] {processor.py:161} INFO - Started process (PID=2261) to work on /opt/airflow/dags/pipeline_dag.py
[2026-05-06T20:40:26.993+0000] {processor.py:830} INFO - Processing file /opt/airflow/dags/pipeline_dag.py for tasks to queue
[2026-05-06T20:40:26.999+0000] {logging_mixin.py:188} INFO - [2026-05-06T20:40:26.998+0000] {dagbag.py:545} INFO - Filling up the DagBag from /opt/airflow/dags/pipeline_dag.py
[2026-05-06T20:40:27.034+0000] {processor.py:840} INFO - DAG(s) 'ab_test_medallion_pipeline' retrieved from /opt/airflow/dags/pipeline_dag.py
[2026-05-06T20:40:27.097+0000] {logging_mixin.py:188} INFO - [2026-05-06T20:40:27.096+0000] {dag.py:3096} INFO - Sync 1 DAGs
[2026-05-06T20:40:27.130+0000] {logging_mixin.py:188} INFO - [2026-05-06T20:40:27.129+0000] {dag.py:3954} INFO - Setting next_dagrun for ab_test_medallion_pipeline to 2026-05-06 00:00:00+00:00, run_after=2026-05-07 00:00:00+00:00
[2026-05-06T20:40:27.158+0000] {processor.py:183} INFO - Processing /opt/airflow/dags/pipeline_dag.py took 0.183 seconds
[2026-05-06T20:40:57.259+0000] {processor.py:161} INFO - Started process (PID=2266) to work on /opt/airflow/dags/pipeline_dag.py
[2026-05-06T20:40:57.262+0000] {processor.py:830} INFO - Processing file /opt/airflow/dags/pipeline_dag.py for tasks to queue
[2026-05-06T20:40:57.266+0000] {logging_mixin.py:188} INFO - [2026-05-06T20:40:57.266+0000] {dagbag.py:545} INFO - Filling up the DagBag from /opt/airflow/dags/pipeline_dag.py
[2026-05-06T20:40:57.288+0000] {processor.py:840} INFO - DAG(s) 'ab_test_medallion_pipeline' retrieved from /opt/airflow/dags/pipeline_dag.py
[2026-05-06T20:40:57.332+0000] {logging_mixin.py:188} INFO - [2026-05-06T20:40:57.332+0000] {dag.py:3096} INFO - Sync 1 DAGs
[2026-05-06T20:40:57.369+0000] {logging_mixin.py:188} INFO - [2026-05-06T20:40:57.368+0000] {dag.py:3954} INFO - Setting next_dagrun for ab_test_medallion_pipeline to 2026-05-06 00:00:00+00:00, run_after=2026-05-07 00:00:00+00:00
[2026-05-06T20:40:57.402+0000] {processor.py:183} INFO - Processing /opt/airflow/dags/pipeline_dag.py took 0.157 seconds
[2026-05-06T20:41:27.544+0000] {processor.py:161} INFO - Started process (PID=2271) to work on /opt/airflow/dags/pipeline_dag.py
[2026-05-06T20:41:27.546+0000] {processor.py:830} INFO - Processing file /opt/airflow/dags/pipeline_dag.py for tasks to queue
[2026-05-06T20:41:27.552+0000] {logging_mixin.py:188} INFO - [2026-05-06T20:41:27.550+0000] {dagbag.py:545} INFO - Filling up the DagBag from /opt/airflow/dags/pipeline_dag.py
[2026-05-06T20:41:27.579+0000] {processor.py:840} INFO - DAG(s) 'ab_test_medallion_pipeline' retrieved from /opt/airflow/dags/pipeline_dag.py
[2026-05-06T20:41:27.623+0000] {logging_mixin.py:188} INFO - [2026-05-06T20:41:27.622+0000] {dag.py:3096} INFO - Sync 1 DAGs
[2026-05-06T20:41:27.661+0000] {logging_mixin.py:188} INFO - [2026-05-06T20:41:27.661+0000] {dag.py:3954} INFO - Setting next_dagrun for ab_test_medallion_pipeline to 2026-05-06 00:00:00+00:00, run_after=2026-05-07 00:00:00+00:00
[2026-05-06T20:41:27.690+0000] {processor.py:183} INFO - Processing /opt/airflow/dags/pipeline_dag.py took 0.164 seconds
[2026-05-06T20:41:57.943+0000] {processor.py:161} INFO - Started process (PID=2276) to work on /opt/airflow/dags/pipeline_dag.py
[2026-05-06T20:41:57.945+0000] {processor.py:830} INFO - Processing file /opt/airflow/dags/pipeline_dag.py for tasks to queue
[2026-05-06T20:41:57.949+0000] {logging_mixin.py:188} INFO - [2026-05-06T20:41:57.949+0000] {dagbag.py:545} INFO - Filling up the DagBag from /opt/airflow/dags/pipeline_dag.py
[2026-05-06T20:41:57.969+0000] {processor.py:840} INFO - DAG(s) 'ab_test_medallion_pipeline' retrieved from /opt/airflow/dags/pipeline_dag.py
[2026-05-06T20:41:58.024+0000] {logging_mixin.py:188} INFO - [2026-05-06T20:41:58.023+0000] {dag.py:3096} INFO - Sync 1 DAGs
[2026-05-06T20:41:58.084+0000] {logging_mixin.py:188} INFO - [2026-05-06T20:41:58.083+0000] {dag.py:3954} INFO - Setting next_dagrun for ab_test_medallion_pipeline to 2026-05-06 00:00:00+00:00, run_after=2026-05-07 00:00:00+00:00
[2026-05-06T20:41:58.145+0000] {processor.py:183} INFO - Processing /opt/airflow/dags/pipeline_dag.py took 0.202 seconds
[2026-05-06T20:42:28.300+0000] {processor.py:161} INFO - Started process (PID=2281) to work on /opt/airflow/dags/pipeline_dag.py
[2026-05-06T20:42:28.302+0000] {processor.py:830} INFO - Processing file /opt/airflow/dags/pipeline_dag.py for tasks to queue
[2026-05-06T20:42:28.307+0000] {logging_mixin.py:188} INFO - [2026-05-06T20:42:28.306+0000] {dagbag.py:545} INFO - Filling up the DagBag from /opt/airflow/dags/pipeline_dag.py
[2026-05-06T20:42:28.344+0000] {processor.py:840} INFO - DAG(s) 'ab_test_medallion_pipeline' retrieved from /opt/airflow/dags/pipeline_dag.py
[2026-05-06T20:42:28.419+0000] {logging_mixin.py:188} INFO - [2026-05-06T20:42:28.419+0000] {dag.py:3096} INFO - Sync 1 DAGs
[2026-05-06T20:42:28.484+0000] {logging_mixin.py:188} INFO - [2026-05-06T20:42:28.483+0000] {dag.py:3954} INFO - Setting next_dagrun for ab_test_medallion_pipeline to 2026-05-06 00:00:00+00:00, run_after=2026-05-07 00:00:00+00:00
[2026-05-06T20:42:28.527+0000] {processor.py:183} INFO - Processing /opt/airflow/dags/pipeline_dag.py took 0.246 seconds
[2026-05-06T20:42:58.737+0000] {processor.py:161} INFO - Started process (PID=2286) to work on /opt/airflow/dags/pipeline_dag.py
[2026-05-06T20:42:58.742+0000] {processor.py:830} INFO - Processing file /opt/airflow/dags/pipeline_dag.py for tasks to queue
[2026-05-06T20:42:58.748+0000] {logging_mixin.py:188} INFO - [2026-05-06T20:42:58.747+0000] {dagbag.py:545} INFO - Filling up the DagBag from /opt/airflow/dags/pipeline_dag.py
[2026-05-06T20:42:58.786+0000] {processor.py:840} INFO - DAG(s) 'ab_test_medallion_pipeline' retrieved from /opt/airflow/dags/pipeline_dag.py
[2026-05-06T20:42:58.872+0000] {logging_mixin.py:188} INFO - [2026-05-06T20:42:58.871+0000] {dag.py:3096} INFO - Sync 1 DAGs
[2026-05-06T20:42:58.960+0000] {logging_mixin.py:188} INFO - [2026-05-06T20:42:58.959+0000] {dag.py:3954} INFO - Setting next_dagrun for ab_test_medallion_pipeline to 2026-05-06 00:00:00+00:00, run_after=2026-05-07 00:00:00+00:00
[2026-05-06T20:42:59.045+0000] {processor.py:183} INFO - Processing /opt/airflow/dags/pipeline_dag.py took 0.324 seconds
[2026-05-06T20:43:29.433+0000] {processor.py:161} INFO - Started process (PID=2291) to work on /opt/airflow/dags/pipeline_dag.py
[2026-05-06T20:43:29.435+0000] {processor.py:830} INFO - Processing file /opt/airflow/dags/pipeline_dag.py for tasks to queue
[2026-05-06T20:43:29.439+0000] {logging_mixin.py:188} INFO - [2026-05-06T20:43:29.438+0000] {dagbag.py:545} INFO - Filling up the DagBag from /opt/airflow/dags/pipeline_dag.py
[2026-05-06T20:43:29.464+0000] {processor.py:840} INFO - DAG(s) 'ab_test_medallion_pipeline' retrieved from /opt/airflow/dags/pipeline_dag.py
[2026-05-06T20:43:29.532+0000] {logging_mixin.py:188} INFO - [2026-05-06T20:43:29.531+0000] {dag.py:3096} INFO - Sync 1 DAGs
[2026-05-06T20:43:30.139+0000] {logging_mixin.py:188} INFO - [2026-05-06T20:43:30.136+0000] {dag.py:3954} INFO - Setting next_dagrun for ab_test_medallion_pipeline to 2026-05-06 00:00:00+00:00, run_after=2026-05-07 00:00:00+00:00
[2026-05-06T20:43:30.382+0000] {processor.py:183} INFO - Processing /opt/airflow/dags/pipeline_dag.py took 0.968 seconds
[2026-05-06T20:44:00.778+0000] {processor.py:161} INFO - Started process (PID=2296) to work on /opt/airflow/dags/pipeline_dag.py
[2026-05-06T20:44:00.781+0000] {processor.py:830} INFO - Processing file /opt/airflow/dags/pipeline_dag.py for tasks to queue
[2026-05-06T20:44:00.787+0000] {logging_mixin.py:188} INFO - [2026-05-06T20:44:00.786+0000] {dagbag.py:545} INFO - Filling up the DagBag from /opt/airflow/dags/pipeline_dag.py
[2026-05-06T20:44:00.827+0000] {processor.py:840} INFO - DAG(s) 'ab_test_medallion_pipeline' retrieved from /opt/airflow/dags/pipeline_dag.py
[2026-05-06T20:44:00.907+0000] {logging_mixin.py:188} INFO - [2026-05-06T20:44:00.907+0000] {dag.py:3096} INFO - Sync 1 DAGs
[2026-05-06T20:44:00.971+0000] {logging_mixin.py:188} INFO - [2026-05-06T20:44:00.970+0000] {dag.py:3954} INFO - Setting next_dagrun for ab_test_medallion_pipeline to 2026-05-06 00:00:00+00:00, run_after=2026-05-07 00:00:00+00:00
[2026-05-06T20:44:01.048+0000] {processor.py:183} INFO - Processing /opt/airflow/dags/pipeline_dag.py took 0.285 seconds
[2026-05-06T20:44:31.404+0000] {processor.py:161} INFO - Started process (PID=2301) to work on /opt/airflow/dags/pipeline_dag.py
[2026-05-06T20:44:31.406+0000] {processor.py:830} INFO - Processing file /opt/airflow/dags/pipeline_dag.py for tasks to queue
[2026-05-06T20:44:31.410+0000] {logging_mixin.py:188} INFO - [2026-05-06T20:44:31.410+0000] {dagbag.py:545} INFO - Filling up the DagBag from /opt/airflow/dags/pipeline_dag.py
[2026-05-06T20:44:31.434+0000] {processor.py:840} INFO - DAG(s) 'ab_test_medallion_pipeline' retrieved from /opt/airflow/dags/pipeline_dag.py
[2026-05-06T20:44:31.493+0000] {logging_mixin.py:188} INFO - [2026-05-06T20:44:31.492+0000] {dag.py:3096} INFO - Sync 1 DAGs
[2026-05-06T20:44:31.558+0000] {logging_mixin.py:188} INFO - [2026-05-06T20:44:31.557+0000] {dag.py:3954} INFO - Setting next_dagrun for ab_test_medallion_pipeline to 2026-05-06 00:00:00+00:00, run_after=2026-05-07 00:00:00+00:00
[2026-05-06T20:44:31.639+0000] {processor.py:183} INFO - Processing /opt/airflow/dags/pipeline_dag.py took 0.251 seconds
[2026-05-06T20:45:02.013+0000] {processor.py:161} INFO - Started process (PID=2306) to work on /opt/airflow/dags/pipeline_dag.py
[2026-05-06T20:45:02.014+0000] {processor.py:830} INFO - Processing file /opt/airflow/dags/pipeline_dag.py for tasks to queue
[2026-05-06T20:45:02.018+0000] {logging_mixin.py:188} INFO - [2026-05-06T20:45:02.017+0000] {dagbag.py:545} INFO - Filling up the DagBag from /opt/airflow/dags/pipeline_dag.py
[2026-05-06T20:45:02.038+0000] {processor.py:840} INFO - DAG(s) 'ab_test_medallion_pipeline' retrieved from /opt/airflow/dags/pipeline_dag.py
[2026-05-06T20:45:02.084+0000] {logging_mixin.py:188} INFO - [2026-05-06T20:45:02.083+0000] {dag.py:3096} INFO - Sync 1 DAGs
[2026-05-06T20:45:02.120+0000] {logging_mixin.py:188} INFO - [2026-05-06T20:45:02.119+0000] {dag.py:3954} INFO - Setting next_dagrun for ab_test_medallion_pipeline to 2026-05-06 00:00:00+00:00, run_after=2026-05-07 00:00:00+00:00
[2026-05-06T20:45:02.172+0000] {processor.py:183} INFO - Processing /opt/airflow/dags/pipeline_dag.py took 0.174 seconds
[2026-05-06T20:45:32.315+0000] {processor.py:161} INFO - Started process (PID=2311) to work on /opt/airflow/dags/pipeline_dag.py
[2026-05-06T20:45:32.318+0000] {processor.py:830} INFO - Processing file /opt/airflow/dags/pipeline_dag.py for tasks to queue
[2026-05-06T20:45:32.321+0000] {logging_mixin.py:188} INFO - [2026-05-06T20:45:32.321+0000] {dagbag.py:545} INFO - Filling up the DagBag from /opt/airflow/dags/pipeline_dag.py
[2026-05-06T20:45:32.347+0000] {processor.py:840} INFO - DAG(s) 'ab_test_medallion_pipeline' retrieved from /opt/airflow/dags/pipeline_dag.py
[2026-05-06T20:45:32.396+0000] {logging_mixin.py:188} INFO - [2026-05-06T20:45:32.395+0000] {dag.py:3096} INFO - Sync 1 DAGs
[2026-05-06T20:45:32.437+0000] {logging_mixin.py:188} INFO - [2026-05-06T20:45:32.436+0000] {dag.py:3954} INFO - Setting next_dagrun for ab_test_medallion_pipeline to 2026-05-06 00:00:00+00:00, run_after=2026-05-07 00:00:00+00:00
[2026-05-06T20:45:32.481+0000] {processor.py:183} INFO - Processing /opt/airflow/dags/pipeline_dag.py took 0.178 seconds
[2026-05-06T20:46:02.718+0000] {processor.py:161} INFO - Started process (PID=2316) to work on /opt/airflow/dags/pipeline_dag.py
[2026-05-06T20:46:02.719+0000] {processor.py:830} INFO - Processing file /opt/airflow/dags/pipeline_dag.py for tasks to queue
[2026-05-06T20:46:02.723+0000] {logging_mixin.py:188} INFO - [2026-05-06T20:46:02.722+0000] {dagbag.py:545} INFO - Filling up the DagBag from /opt/airflow/dags/pipeline_dag.py
[2026-05-06T20:46:02.743+0000] {processor.py:840} INFO - DAG(s) 'ab_test_medallion_pipeline' retrieved from /opt/airflow/dags/pipeline_dag.py
[2026-05-06T20:46:02.786+0000] {logging_mixin.py:188} INFO - [2026-05-06T20:46:02.785+0000] {dag.py:3096} INFO - Sync 1 DAGs
[2026-05-06T20:46:02.823+0000] {logging_mixin.py:188} INFO - [2026-05-06T20:46:02.823+0000] {dag.py:3954} INFO - Setting next_dagrun for ab_test_medallion_pipeline to 2026-05-06 00:00:00+00:00, run_after=2026-05-07 00:00:00+00:00
[2026-05-06T20:46:02.885+0000] {processor.py:183} INFO - Processing /opt/airflow/dags/pipeline_dag.py took 0.178 seconds
[2026-05-06T20:46:32.975+0000] {processor.py:161} INFO - Started process (PID=2321) to work on /opt/airflow/dags/pipeline_dag.py
[2026-05-06T20:46:32.980+0000] {processor.py:830} INFO - Processing file /opt/airflow/dags/pipeline_dag.py for tasks to queue
[2026-05-06T20:46:32.984+0000] {logging_mixin.py:188} INFO - [2026-05-06T20:46:32.983+0000] {dagbag.py:545} INFO - Filling up the DagBag from /opt/airflow/dags/pipeline_dag.py
[2026-05-06T20:46:33.012+0000] {processor.py:840} INFO - DAG(s) 'ab_test_medallion_pipeline' retrieved from /opt/airflow/dags/pipeline_dag.py
[2026-05-06T20:46:33.105+0000] {logging_mixin.py:188} INFO - [2026-05-06T20:46:33.105+0000] {dag.py:3096} INFO - Sync 1 DAGs
[2026-05-06T20:46:33.403+0000] {logging_mixin.py:188} INFO - [2026-05-06T20:46:33.400+0000] {dag.py:3954} INFO - Setting next_dagrun for ab_test_medallion_pipeline to 2026-05-06 00:00:00+00:00, run_after=2026-05-07 00:00:00+00:00
[2026-05-06T20:46:33.844+0000] {processor.py:183} INFO - Processing /opt/airflow/dags/pipeline_dag.py took 0.881 seconds
[2026-05-06T20:47:04.226+0000] {processor.py:161} INFO - Started process (PID=2326) to work on /opt/airflow/dags/pipeline_dag.py
[2026-05-06T20:47:04.229+0000] {processor.py:830} INFO - Processing file /opt/airflow/dags/pipeline_dag.py for tasks to queue
[2026-05-06T20:47:04.233+0000] {logging_mixin.py:188} INFO - [2026-05-06T20:47:04.232+0000] {dagbag.py:545} INFO - Filling up the DagBag from /opt/airflow/dags/pipeline_dag.py
[2026-05-06T20:47:04.259+0000] {processor.py:840} INFO - DAG(s) 'ab_test_medallion_pipeline' retrieved from /opt/airflow/dags/pipeline_dag.py
[2026-05-06T20:47:04.312+0000] {logging_mixin.py:188} INFO - [2026-05-06T20:47:04.311+0000] {dag.py:3096} INFO - Sync 1 DAGs
[2026-05-06T20:47:04.402+0000] {logging_mixin.py:188} INFO - [2026-05-06T20:47:04.401+0000] {dag.py:3954} INFO - Setting next_dagrun for ab_test_medallion_pipeline to 2026-05-06 00:00:00+00:00, run_after=2026-05-07 00:00:00+00:00
[2026-05-06T20:47:04.683+0000] {processor.py:183} INFO - Processing /opt/airflow/dags/pipeline_dag.py took 0.487 seconds
[2026-05-06T20:47:34.811+0000] {processor.py:161} INFO - Started process (PID=2331) to work on /opt/airflow/dags/pipeline_dag.py
[2026-05-06T20:47:34.815+0000] {processor.py:830} INFO - Processing file /opt/airflow/dags/pipeline_dag.py for tasks to queue
[2026-05-06T20:47:34.820+0000] {logging_mixin.py:188} INFO - [2026-05-06T20:47:34.819+0000] {dagbag.py:545} INFO - Filling up the DagBag from /opt/airflow/dags/pipeline_dag.py
[2026-05-06T20:47:34.847+0000] {processor.py:840} INFO - DAG(s) 'ab_test_medallion_pipeline' retrieved from /opt/airflow/dags/pipeline_dag.py
[2026-05-06T20:47:34.896+0000] {logging_mixin.py:188} INFO - [2026-05-06T20:47:34.896+0000] {dag.py:3096} INFO - Sync 1 DAGs
[2026-05-06T20:47:34.931+0000] {logging_mixin.py:188} INFO - [2026-05-06T20:47:34.931+0000] {dag.py:3954} INFO - Setting next_dagrun for ab_test_medallion_pipeline to 2026-05-06 00:00:00+00:00, run_after=2026-05-07 00:00:00+00:00
[2026-05-06T20:47:34.961+0000] {processor.py:183} INFO - Processing /opt/airflow/dags/pipeline_dag.py took 0.169 seconds
[2026-05-06T20:48:05.088+0000] {processor.py:161} INFO - Started process (PID=2336) to work on /opt/airflow/dags/pipeline_dag.py
[2026-05-06T20:48:05.090+0000] {processor.py:830} INFO - Processing file /opt/airflow/dags/pipeline_dag.py for tasks to queue
[2026-05-06T20:48:05.094+0000] {logging_mixin.py:188} INFO - [2026-05-06T20:48:05.094+0000] {dagbag.py:545} INFO - Filling up the DagBag from /opt/airflow/dags/pipeline_dag.py
[2026-05-06T20:48:05.118+0000] {processor.py:840} INFO - DAG(s) 'ab_test_medallion_pipeline' retrieved from /opt/airflow/dags/pipeline_dag.py
[2026-05-06T20:48:05.163+0000] {logging_mixin.py:188} INFO - [2026-05-06T20:48:05.163+0000] {dag.py:3096} INFO - Sync 1 DAGs
[2026-05-06T20:48:05.200+0000] {logging_mixin.py:188} INFO - [2026-05-06T20:48:05.199+0000] {dag.py:3954} INFO - Setting next_dagrun for ab_test_medallion_pipeline to 2026-05-06 00:00:00+00:00, run_after=2026-05-07 00:00:00+00:00
[2026-05-06T20:48:05.233+0000] {processor.py:183} INFO - Processing /opt/airflow/dags/pipeline_dag.py took 0.162 seconds
[2026-05-06T20:48:35.319+0000] {processor.py:161} INFO - Started process (PID=2341) to work on /opt/airflow/dags/pipeline_dag.py
[2026-05-06T20:48:35.321+0000] {processor.py:830} INFO - Processing file /opt/airflow/dags/pipeline_dag.py for tasks to queue
[2026-05-06T20:48:35.325+0000] {logging_mixin.py:188} INFO - [2026-05-06T20:48:35.324+0000] {dagbag.py:545} INFO - Filling up the DagBag from /opt/airflow/dags/pipeline_dag.py
[2026-05-06T20:48:35.359+0000] {processor.py:840} INFO - DAG(s) 'ab_test_medallion_pipeline' retrieved from /opt/airflow/dags/pipeline_dag.py
[2026-05-06T20:48:35.441+0000] {logging_mixin.py:188} INFO - [2026-05-06T20:48:35.437+0000] {dag.py:3096} INFO - Sync 1 DAGs
[2026-05-06T20:48:35.821+0000] {logging_mixin.py:188} INFO - [2026-05-06T20:48:35.820+0000] {dag.py:3954} INFO - Setting next_dagrun for ab_test_medallion_pipeline to 2026-05-06 00:00:00+00:00, run_after=2026-05-07 00:00:00+00:00
[2026-05-06T20:48:35.919+0000] {processor.py:183} INFO - Processing /opt/airflow/dags/pipeline_dag.py took 0.613 seconds
[2026-05-06T20:49:06.254+0000] {processor.py:161} INFO - Started process (PID=2346) to work on /opt/airflow/dags/pipeline_dag.py
[2026-05-06T20:49:06.256+0000] {processor.py:830} INFO - Processing file /opt/airflow/dags/pipeline_dag.py for tasks to queue
[2026-05-06T20:49:06.261+0000] {logging_mixin.py:188} INFO - [2026-05-06T20:49:06.260+0000] {dagbag.py:545} INFO - Filling up the DagBag from /opt/airflow/dags/pipeline_dag.py
[2026-05-06T20:49:06.298+0000] {processor.py:840} INFO - DAG(s) 'ab_test_medallion_pipeline' retrieved from /opt/airflow/dags/pipeline_dag.py
[2026-05-06T20:49:06.375+0000] {logging_mixin.py:188} INFO - [2026-05-06T20:49:06.374+0000] {dag.py:3096} INFO - Sync 1 DAGs
[2026-05-06T20:49:06.667+0000] {logging_mixin.py:188} INFO - [2026-05-06T20:49:06.665+0000] {dag.py:3954} INFO - Setting next_dagrun for ab_test_medallion_pipeline to 2026-05-06 00:00:00+00:00, run_after=2026-05-07 00:00:00+00:00
[2026-05-06T20:49:06.844+0000] {processor.py:183} INFO - Processing /opt/airflow/dags/pipeline_dag.py took 0.605 seconds
[2026-05-06T20:49:37.055+0000] {processor.py:161} INFO - Started process (PID=2351) to work on /opt/airflow/dags/pipeline_dag.py
[2026-05-06T20:49:37.058+0000] {processor.py:830} INFO - Processing file /opt/airflow/dags/pipeline_dag.py for tasks to queue
[2026-05-06T20:49:37.061+0000] {logging_mixin.py:188} INFO - [2026-05-06T20:49:37.060+0000] {dagbag.py:545} INFO - Filling up the DagBag from /opt/airflow/dags/pipeline_dag.py
[2026-05-06T20:49:37.080+0000] {processor.py:840} INFO - DAG(s) 'ab_test_medallion_pipeline' retrieved from /opt/airflow/dags/pipeline_dag.py
[2026-05-06T20:49:37.128+0000] {logging_mixin.py:188} INFO - [2026-05-06T20:49:37.128+0000] {dag.py:3096} INFO - Sync 1 DAGs
[2026-05-06T20:49:37.556+0000] {logging_mixin.py:188} INFO - [2026-05-06T20:49:37.554+0000] {dag.py:3954} INFO - Setting next_dagrun for ab_test_medallion_pipeline to 2026-05-06 00:00:00+00:00, run_after=2026-05-07 00:00:00+00:00
[2026-05-06T20:49:37.765+0000] {processor.py:183} INFO - Processing /opt/airflow/dags/pipeline_dag.py took 0.725 seconds
[2026-05-06T20:50:08.179+0000] {processor.py:161} INFO - Started process (PID=2356) to work on /opt/airflow/dags/pipeline_dag.py
[2026-05-06T20:50:08.182+0000] {processor.py:830} INFO - Processing file /opt/airflow/dags/pipeline_dag.py for tasks to queue
[2026-05-06T20:50:08.185+0000] {logging_mixin.py:188} INFO - [2026-05-06T20:50:08.185+0000] {dagbag.py:545} INFO - Filling up the DagBag from /opt/airflow/dags/pipeline_dag.py
[2026-05-06T20:50:08.206+0000] {processor.py:840} INFO - DAG(s) 'ab_test_medallion_pipeline' retrieved from /opt/airflow/dags/pipeline_dag.py
[2026-05-06T20:50:08.252+0000] {logging_mixin.py:188} INFO - [2026-05-06T20:50:08.252+0000] {dag.py:3096} INFO - Sync 1 DAGs
[2026-05-06T20:50:08.566+0000] {logging_mixin.py:188} INFO - [2026-05-06T20:50:08.565+0000] {dag.py:3954} INFO - Setting next_dagrun for ab_test_medallion_pipeline to 2026-05-06 00:00:00+00:00, run_after=2026-05-07 00:00:00+00:00
[2026-05-06T20:50:08.790+0000] {processor.py:183} INFO - Processing /opt/airflow/dags/pipeline_dag.py took 0.631 seconds
[2026-05-06T20:50:39.125+0000] {processor.py:161} INFO - Started process (PID=2361) to work on /opt/airflow/dags/pipeline_dag.py
[2026-05-06T20:50:39.128+0000] {processor.py:830} INFO - Processing file /opt/airflow/dags/pipeline_dag.py for tasks to queue
[2026-05-06T20:50:39.133+0000] {logging_mixin.py:188} INFO - [2026-05-06T20:50:39.132+0000] {dagbag.py:545} INFO - Filling up the DagBag from /opt/airflow/dags/pipeline_dag.py
[2026-05-06T20:50:39.167+0000] {processor.py:840} INFO - DAG(s) 'ab_test_medallion_pipeline' retrieved from /opt/airflow/dags/pipeline_dag.py
[2026-05-06T20:50:39.257+0000] {logging_mixin.py:188} INFO - [2026-05-06T20:50:39.256+0000] {dag.py:3096} INFO - Sync 1 DAGs
[2026-05-06T20:50:39.611+0000] {logging_mixin.py:188} INFO - [2026-05-06T20:50:39.610+0000] {dag.py:3954} INFO - Setting next_dagrun for ab_test_medallion_pipeline to 2026-05-06 00:00:00+00:00, run_after=2026-05-07 00:00:00+00:00
[2026-05-06T20:50:39.735+0000] {processor.py:183} INFO - Processing /opt/airflow/dags/pipeline_dag.py took 0.625 seconds
[2026-05-06T20:51:10.023+0000] {processor.py:161} INFO - Started process (PID=2366) to work on /opt/airflow/dags/pipeline_dag.py
[2026-05-06T20:51:10.025+0000] {processor.py:830} INFO - Processing file /opt/airflow/dags/pipeline_dag.py for tasks to queue
[2026-05-06T20:51:10.029+0000] {logging_mixin.py:188} INFO - [2026-05-06T20:51:10.028+0000] {dagbag.py:545} INFO - Filling up the DagBag from /opt/airflow/dags/pipeline_dag.py
[2026-05-06T20:51:10.068+0000] {processor.py:840} INFO - DAG(s) 'ab_test_medallion_pipeline' retrieved from /opt/airflow/dags/pipeline_dag.py
[2026-05-06T20:51:10.369+0000] {logging_mixin.py:188} INFO - [2026-05-06T20:51:10.368+0000] {dag.py:3096} INFO - Sync 1 DAGs
[2026-05-06T20:51:10.632+0000] {logging_mixin.py:188} INFO - [2026-05-06T20:51:10.631+0000] {dag.py:3954} INFO - Setting next_dagrun for ab_test_medallion_pipeline to 2026-05-06 00:00:00+00:00, run_after=2026-05-07 00:00:00+00:00
[2026-05-06T20:51:10.701+0000] {processor.py:183} INFO - Processing /opt/airflow/dags/pipeline_dag.py took 0.694 seconds
[2026-05-06T20:51:41.100+0000] {processor.py:161} INFO - Started process (PID=2371) to work on /opt/airflow/dags/pipeline_dag.py
[2026-05-06T20:51:41.104+0000] {processor.py:830} INFO - Processing file /opt/airflow/dags/pipeline_dag.py for tasks to queue
[2026-05-06T20:51:41.111+0000] {logging_mixin.py:188} INFO - [2026-05-06T20:51:41.109+0000] {dagbag.py:545} INFO - Filling up the DagBag from /opt/airflow/dags/pipeline_dag.py
[2026-05-06T20:51:41.163+0000] {processor.py:840} INFO - DAG(s) 'ab_test_medallion_pipeline' retrieved from /opt/airflow/dags/pipeline_dag.py
[2026-05-06T20:51:41.311+0000] {logging_mixin.py:188} INFO - [2026-05-06T20:51:41.310+0000] {dag.py:3096} INFO - Sync 1 DAGs
[2026-05-06T20:51:41.628+0000] {logging_mixin.py:188} INFO - [2026-05-06T20:51:41.625+0000] {dag.py:3954} INFO - Setting next_dagrun for ab_test_medallion_pipeline to 2026-05-06 00:00:00+00:00, run_after=2026-05-07 00:00:00+00:00
[2026-05-06T20:51:41.760+0000] {processor.py:183} INFO - Processing /opt/airflow/dags/pipeline_dag.py took 0.680 seconds
[2026-05-06T20:52:12.075+0000] {processor.py:161} INFO - Started process (PID=2376) to work on /opt/airflow/dags/pipeline_dag.py
[2026-05-06T20:52:12.090+0000] {processor.py:830} INFO - Processing file /opt/airflow/dags/pipeline_dag.py for tasks to queue
[2026-05-06T20:52:12.098+0000] {logging_mixin.py:188} INFO - [2026-05-06T20:52:12.094+0000] {dagbag.py:545} INFO - Filling up the DagBag from /opt/airflow/dags/pipeline_dag.py
[2026-05-06T20:52:12.293+0000] {processor.py:840} INFO - DAG(s) 'ab_test_medallion_pipeline' retrieved from /opt/airflow/dags/pipeline_dag.py
[2026-05-06T20:52:12.535+0000] {logging_mixin.py:188} INFO - [2026-05-06T20:52:12.535+0000] {dag.py:3096} INFO - Sync 1 DAGs
[2026-05-06T20:52:12.578+0000] {logging_mixin.py:188} INFO - [2026-05-06T20:52:12.578+0000] {dag.py:3954} INFO - Setting next_dagrun for ab_test_medallion_pipeline to 2026-05-06 00:00:00+00:00, run_after=2026-05-07 00:00:00+00:00
[2026-05-06T20:52:12.665+0000] {processor.py:183} INFO - Processing /opt/airflow/dags/pipeline_dag.py took 0.600 seconds
[2026-05-06T20:52:42.834+0000] {processor.py:161} INFO - Started process (PID=2381) to work on /opt/airflow/dags/pipeline_dag.py
[2026-05-06T20:52:42.839+0000] {processor.py:830} INFO - Processing file /opt/airflow/dags/pipeline_dag.py for tasks to queue
[2026-05-06T20:52:42.845+0000] {logging_mixin.py:188} INFO - [2026-05-06T20:52:42.844+0000] {dagbag.py:545} INFO - Filling up the DagBag from /opt/airflow/dags/pipeline_dag.py
[2026-05-06T20:52:42.877+0000] {processor.py:840} INFO - DAG(s) 'ab_test_medallion_pipeline' retrieved from /opt/airflow/dags/pipeline_dag.py
[2026-05-06T20:52:42.965+0000] {logging_mixin.py:188} INFO - [2026-05-06T20:52:42.964+0000] {dag.py:3096} INFO - Sync 1 DAGs
[2026-05-06T20:52:43.001+0000] {logging_mixin.py:188} INFO - [2026-05-06T20:52:43.001+0000] {dag.py:3954} INFO - Setting next_dagrun for ab_test_medallion_pipeline to 2026-05-06 00:00:00+00:00, run_after=2026-05-07 00:00:00+00:00
[2026-05-06T20:52:43.087+0000] {processor.py:183} INFO - Processing /opt/airflow/dags/pipeline_dag.py took 0.267 seconds
[2026-05-06T20:53:13.230+0000] {processor.py:161} INFO - Started process (PID=2386) to work on /opt/airflow/dags/pipeline_dag.py
[2026-05-06T20:53:13.232+0000] {processor.py:830} INFO - Processing file /opt/airflow/dags/pipeline_dag.py for tasks to queue
[2026-05-06T20:53:13.236+0000] {logging_mixin.py:188} INFO - [2026-05-06T20:53:13.236+0000] {dagbag.py:545} INFO - Filling up the DagBag from /opt/airflow/dags/pipeline_dag.py
[2026-05-06T20:53:13.264+0000] {processor.py:840} INFO - DAG(s) 'ab_test_medallion_pipeline' retrieved from /opt/airflow/dags/pipeline_dag.py
[2026-05-06T20:53:13.417+0000] {logging_mixin.py:188} INFO - [2026-05-06T20:53:13.416+0000] {dag.py:3096} INFO - Sync 1 DAGs
[2026-05-06T20:53:13.605+0000] {logging_mixin.py:188} INFO - [2026-05-06T20:53:13.604+0000] {dag.py:3954} INFO - Setting next_dagrun for ab_test_medallion_pipeline to 2026-05-06 00:00:00+00:00, run_after=2026-05-07 00:00:00+00:00
[2026-05-06T20:53:13.701+0000] {processor.py:183} INFO - Processing /opt/airflow/dags/pipeline_dag.py took 0.485 seconds
[2026-05-06T20:53:44.005+0000] {processor.py:161} INFO - Started process (PID=2391) to work on /opt/airflow/dags/pipeline_dag.py
[2026-05-06T20:53:44.007+0000] {processor.py:830} INFO - Processing file /opt/airflow/dags/pipeline_dag.py for tasks to queue
[2026-05-06T20:53:44.012+0000] {logging_mixin.py:188} INFO - [2026-05-06T20:53:44.011+0000] {dagbag.py:545} INFO - Filling up the DagBag from /opt/airflow/dags/pipeline_dag.py
[2026-05-06T20:53:44.038+0000] {processor.py:840} INFO - DAG(s) 'ab_test_medallion_pipeline' retrieved from /opt/airflow/dags/pipeline_dag.py
[2026-05-06T20:53:44.083+0000] {logging_mixin.py:188} INFO - [2026-05-06T20:53:44.083+0000] {dag.py:3096} INFO - Sync 1 DAGs
[2026-05-06T20:53:44.118+0000] {logging_mixin.py:188} INFO - [2026-05-06T20:53:44.118+0000] {dag.py:3954} INFO - Setting next_dagrun for ab_test_medallion_pipeline to 2026-05-06 00:00:00+00:00, run_after=2026-05-07 00:00:00+00:00
[2026-05-06T20:53:44.149+0000] {processor.py:183} INFO - Processing /opt/airflow/dags/pipeline_dag.py took 0.159 seconds
[2026-05-06T20:54:14.292+0000] {processor.py:161} INFO - Started process (PID=2396) to work on /opt/airflow/dags/pipeline_dag.py
[2026-05-06T20:54:14.296+0000] {processor.py:830} INFO - Processing file /opt/airflow/dags/pipeline_dag.py for tasks to queue
[2026-05-06T20:54:14.306+0000] {logging_mixin.py:188} INFO - [2026-05-06T20:54:14.305+0000] {dagbag.py:545} INFO - Filling up the DagBag from /opt/airflow/dags/pipeline_dag.py
[2026-05-06T20:54:14.343+0000] {processor.py:840} INFO - DAG(s) 'ab_test_medallion_pipeline' retrieved from /opt/airflow/dags/pipeline_dag.py
[2026-05-06T20:54:14.469+0000] {logging_mixin.py:188} INFO - [2026-05-06T20:54:14.468+0000] {dag.py:3096} INFO - Sync 1 DAGs
[2026-05-06T20:54:14.546+0000] {logging_mixin.py:188} INFO - [2026-05-06T20:54:14.545+0000] {dag.py:3954} INFO - Setting next_dagrun for ab_test_medallion_pipeline to 2026-05-06 00:00:00+00:00, run_after=2026-05-07 00:00:00+00:00
[2026-05-06T20:54:14.575+0000] {processor.py:183} INFO - Processing /opt/airflow/dags/pipeline_dag.py took 0.312 seconds
[2026-05-06T20:54:44.699+0000] {processor.py:161} INFO - Started process (PID=2401) to work on /opt/airflow/dags/pipeline_dag.py
[2026-05-06T20:54:44.701+0000] {processor.py:830} INFO - Processing file /opt/airflow/dags/pipeline_dag.py for tasks to queue
[2026-05-06T20:54:44.717+0000] {logging_mixin.py:188} INFO - [2026-05-06T20:54:44.717+0000] {dagbag.py:545} INFO - Filling up the DagBag from /opt/airflow/dags/pipeline_dag.py
[2026-05-06T20:54:44.738+0000] {processor.py:840} INFO - DAG(s) 'ab_test_medallion_pipeline' retrieved from /opt/airflow/dags/pipeline_dag.py
[2026-05-06T20:54:44.793+0000] {logging_mixin.py:188} INFO - [2026-05-06T20:54:44.793+0000] {dag.py:3096} INFO - Sync 1 DAGs
[2026-05-06T20:54:44.831+0000] {logging_mixin.py:188} INFO - [2026-05-06T20:54:44.831+0000] {dag.py:3954} INFO - Setting next_dagrun for ab_test_medallion_pipeline to 2026-05-06 00:00:00+00:00, run_after=2026-05-07 00:00:00+00:00
[2026-05-06T20:54:44.858+0000] {processor.py:183} INFO - Processing /opt/airflow/dags/pipeline_dag.py took 0.183 seconds
[2026-05-06T20:55:15.141+0000] {processor.py:161} INFO - Started process (PID=2406) to work on /opt/airflow/dags/pipeline_dag.py
[2026-05-06T20:55:15.144+0000] {processor.py:830} INFO - Processing file /opt/airflow/dags/pipeline_dag.py for tasks to queue
[2026-05-06T20:55:15.148+0000] {logging_mixin.py:188} INFO - [2026-05-06T20:55:15.147+0000] {dagbag.py:545} INFO - Filling up the DagBag from /opt/airflow/dags/pipeline_dag.py
[2026-05-06T20:55:15.297+0000] {processor.py:840} INFO - DAG(s) 'ab_test_medallion_pipeline' retrieved from /opt/airflow/dags/pipeline_dag.py
[2026-05-06T20:55:15.339+0000] {logging_mixin.py:188} INFO - [2026-05-06T20:55:15.339+0000] {dag.py:3096} INFO - Sync 1 DAGs
[2026-05-06T20:55:15.378+0000] {logging_mixin.py:188} INFO - [2026-05-06T20:55:15.378+0000] {dag.py:3954} INFO - Setting next_dagrun for ab_test_medallion_pipeline to 2026-05-06 00:00:00+00:00, run_after=2026-05-07 00:00:00+00:00
[2026-05-06T20:55:15.768+0000] {processor.py:183} INFO - Processing /opt/airflow/dags/pipeline_dag.py took 0.641 seconds
[2026-05-06T20:55:46.037+0000] {processor.py:161} INFO - Started process (PID=2411) to work on /opt/airflow/dags/pipeline_dag.py
[2026-05-06T20:55:46.038+0000] {processor.py:830} INFO - Processing file /opt/airflow/dags/pipeline_dag.py for tasks to queue
[2026-05-06T20:55:46.041+0000] {logging_mixin.py:188} INFO - [2026-05-06T20:55:46.041+0000] {dagbag.py:545} INFO - Filling up the DagBag from /opt/airflow/dags/pipeline_dag.py
[2026-05-06T20:55:46.061+0000] {processor.py:840} INFO - DAG(s) 'ab_test_medallion_pipeline' retrieved from /opt/airflow/dags/pipeline_dag.py
[2026-05-06T20:55:46.104+0000] {logging_mixin.py:188} INFO - [2026-05-06T20:55:46.104+0000] {dag.py:3096} INFO - Sync 1 DAGs
[2026-05-06T20:55:46.142+0000] {logging_mixin.py:188} INFO - [2026-05-06T20:55:46.142+0000] {dag.py:3954} INFO - Setting next_dagrun for ab_test_medallion_pipeline to 2026-05-06 00:00:00+00:00, run_after=2026-05-07 00:00:00+00:00
[2026-05-06T20:55:46.177+0000] {processor.py:183} INFO - Processing /opt/airflow/dags/pipeline_dag.py took 0.155 seconds
[2026-05-06T20:56:16.350+0000] {processor.py:161} INFO - Started process (PID=2416) to work on /opt/airflow/dags/pipeline_dag.py
[2026-05-06T20:56:16.354+0000] {processor.py:830} INFO - Processing file /opt/airflow/dags/pipeline_dag.py for tasks to queue
[2026-05-06T20:56:16.357+0000] {logging_mixin.py:188} INFO - [2026-05-06T20:56:16.357+0000] {dagbag.py:545} INFO - Filling up the DagBag from /opt/airflow/dags/pipeline_dag.py
[2026-05-06T20:56:16.378+0000] {processor.py:840} INFO - DAG(s) 'ab_test_medallion_pipeline' retrieved from /opt/airflow/dags/pipeline_dag.py
[2026-05-06T20:56:16.425+0000] {logging_mixin.py:188} INFO - [2026-05-06T20:56:16.424+0000] {dag.py:3096} INFO - Sync 1 DAGs
[2026-05-06T20:56:16.464+0000] {logging_mixin.py:188} INFO - [2026-05-06T20:56:16.464+0000] {dag.py:3954} INFO - Setting next_dagrun for ab_test_medallion_pipeline to 2026-05-06 00:00:00+00:00, run_after=2026-05-07 00:00:00+00:00
[2026-05-06T20:56:16.492+0000] {processor.py:183} INFO - Processing /opt/airflow/dags/pipeline_dag.py took 0.158 seconds
[2026-05-06T20:56:46.763+0000] {processor.py:161} INFO - Started process (PID=2421) to work on /opt/airflow/dags/pipeline_dag.py
[2026-05-06T20:56:46.764+0000] {processor.py:830} INFO - Processing file /opt/airflow/dags/pipeline_dag.py for tasks to queue
[2026-05-06T20:56:46.768+0000] {logging_mixin.py:188} INFO - [2026-05-06T20:56:46.767+0000] {dagbag.py:545} INFO - Filling up the DagBag from /opt/airflow/dags/pipeline_dag.py
[2026-05-06T20:56:46.797+0000] {processor.py:840} INFO - DAG(s) 'ab_test_medallion_pipeline' retrieved from /opt/airflow/dags/pipeline_dag.py
[2026-05-06T20:56:46.863+0000] {logging_mixin.py:188} INFO - [2026-05-06T20:56:46.862+0000] {dag.py:3096} INFO - Sync 1 DAGs
[2026-05-06T20:56:46.903+0000] {logging_mixin.py:188} INFO - [2026-05-06T20:56:46.902+0000] {dag.py:3954} INFO - Setting next_dagrun for ab_test_medallion_pipeline to 2026-05-06 00:00:00+00:00, run_after=2026-05-07 00:00:00+00:00
[2026-05-06T20:56:46.950+0000] {processor.py:183} INFO - Processing /opt/airflow/dags/pipeline_dag.py took 0.202 seconds
[2026-05-06T20:57:17.063+0000] {processor.py:161} INFO - Started process (PID=2426) to work on /opt/airflow/dags/pipeline_dag.py
[2026-05-06T20:57:17.065+0000] {processor.py:830} INFO - Processing file /opt/airflow/dags/pipeline_dag.py for tasks to queue
[2026-05-06T20:57:17.068+0000] {logging_mixin.py:188} INFO - [2026-05-06T20:57:17.067+0000] {dagbag.py:545} INFO - Filling up the DagBag from /opt/airflow/dags/pipeline_dag.py
[2026-05-06T20:57:17.090+0000] {processor.py:840} INFO - DAG(s) 'ab_test_medallion_pipeline' retrieved from /opt/airflow/dags/pipeline_dag.py
[2026-05-06T20:57:17.134+0000] {logging_mixin.py:188} INFO - [2026-05-06T20:57:17.134+0000] {dag.py:3096} INFO - Sync 1 DAGs
[2026-05-06T20:57:17.172+0000] {logging_mixin.py:188} INFO - [2026-05-06T20:57:17.172+0000] {dag.py:3954} INFO - Setting next_dagrun for ab_test_medallion_pipeline to 2026-05-06 00:00:00+00:00, run_after=2026-05-07 00:00:00+00:00
[2026-05-06T20:57:17.202+0000] {processor.py:183} INFO - Processing /opt/airflow/dags/pipeline_dag.py took 0.162 seconds
[2026-05-06T20:57:47.563+0000] {processor.py:161} INFO - Started process (PID=2431) to work on /opt/airflow/dags/pipeline_dag.py
[2026-05-06T20:57:47.565+0000] {processor.py:830} INFO - Processing file /opt/airflow/dags/pipeline_dag.py for tasks to queue
[2026-05-06T20:57:47.569+0000] {logging_mixin.py:188} INFO - [2026-05-06T20:57:47.568+0000] {dagbag.py:545} INFO - Filling up the DagBag from /opt/airflow/dags/pipeline_dag.py
[2026-05-06T20:57:47.602+0000] {processor.py:840} INFO - DAG(s) 'ab_test_medallion_pipeline' retrieved from /opt/airflow/dags/pipeline_dag.py
[2026-05-06T20:57:47.663+0000] {logging_mixin.py:188} INFO - [2026-05-06T20:57:47.662+0000] {dag.py:3096} INFO - Sync 1 DAGs
[2026-05-06T20:57:47.697+0000] {logging_mixin.py:188} INFO - [2026-05-06T20:57:47.697+0000] {dag.py:3954} INFO - Setting next_dagrun for ab_test_medallion_pipeline to 2026-05-06 00:00:00+00:00, run_after=2026-05-07 00:00:00+00:00
[2026-05-06T20:57:47.733+0000] {processor.py:183} INFO - Processing /opt/airflow/dags/pipeline_dag.py took 0.186 seconds
[2026-05-06T21:10:33.021+0000] {processor.py:161} INFO - Started process (PID=2436) to work on /opt/airflow/dags/pipeline_dag.py
[2026-05-06T21:10:33.400+0000] {processor.py:830} INFO - Processing file /opt/airflow/dags/pipeline_dag.py for tasks to queue
[2026-05-06T21:10:33.551+0000] {logging_mixin.py:188} INFO - [2026-05-06T21:10:33.548+0000] {dagbag.py:545} INFO - Filling up the DagBag from /opt/airflow/dags/pipeline_dag.py
[2026-05-06T21:10:35.675+0000] {processor.py:840} INFO - DAG(s) 'ab_test_medallion_pipeline' retrieved from /opt/airflow/dags/pipeline_dag.py
[2026-05-06T21:10:37.101+0000] {logging_mixin.py:188} INFO - [2026-05-06T21:10:37.100+0000] {dag.py:3096} INFO - Sync 1 DAGs
[2026-05-06T21:10:37.393+0000] {logging_mixin.py:188} INFO - [2026-05-06T21:10:37.382+0000] {dag.py:3954} INFO - Setting next_dagrun for ab_test_medallion_pipeline to 2026-05-06 00:00:00+00:00, run_after=2026-05-07 00:00:00+00:00
[2026-05-06T21:10:37.863+0000] {processor.py:183} INFO - Processing /opt/airflow/dags/pipeline_dag.py took 7.302 seconds
[2026-05-06T21:11:08.364+0000] {processor.py:161} INFO - Started process (PID=2441) to work on /opt/airflow/dags/pipeline_dag.py
[2026-05-06T21:11:08.368+0000] {processor.py:830} INFO - Processing file /opt/airflow/dags/pipeline_dag.py for tasks to queue
[2026-05-06T21:11:08.381+0000] {logging_mixin.py:188} INFO - [2026-05-06T21:11:08.380+0000] {dagbag.py:545} INFO - Filling up the DagBag from /opt/airflow/dags/pipeline_dag.py
[2026-05-06T21:11:08.467+0000] {processor.py:840} INFO - DAG(s) 'ab_test_medallion_pipeline' retrieved from /opt/airflow/dags/pipeline_dag.py
[2026-05-06T21:11:08.744+0000] {logging_mixin.py:188} INFO - [2026-05-06T21:11:08.734+0000] {dag.py:3096} INFO - Sync 1 DAGs
[2026-05-06T21:11:08.924+0000] {logging_mixin.py:188} INFO - [2026-05-06T21:11:08.923+0000] {dag.py:3954} INFO - Setting next_dagrun for ab_test_medallion_pipeline to 2026-05-06 00:00:00+00:00, run_after=2026-05-07 00:00:00+00:00
[2026-05-06T21:11:09.031+0000] {processor.py:183} INFO - Processing /opt/airflow/dags/pipeline_dag.py took 0.713 seconds
[2026-05-06T21:11:39.746+0000] {processor.py:161} INFO - Started process (PID=2446) to work on /opt/airflow/dags/pipeline_dag.py
[2026-05-06T21:11:39.752+0000] {processor.py:830} INFO - Processing file /opt/airflow/dags/pipeline_dag.py for tasks to queue
[2026-05-06T21:11:39.756+0000] {logging_mixin.py:188} INFO - [2026-05-06T21:11:39.756+0000] {dagbag.py:545} INFO - Filling up the DagBag from /opt/airflow/dags/pipeline_dag.py
[2026-05-06T21:11:39.789+0000] {processor.py:840} INFO - DAG(s) 'ab_test_medallion_pipeline' retrieved from /opt/airflow/dags/pipeline_dag.py
[2026-05-06T21:11:39.852+0000] {logging_mixin.py:188} INFO - [2026-05-06T21:11:39.852+0000] {dag.py:3096} INFO - Sync 1 DAGs
[2026-05-06T21:11:39.930+0000] {logging_mixin.py:188} INFO - [2026-05-06T21:11:39.930+0000] {dag.py:3954} INFO - Setting next_dagrun for ab_test_medallion_pipeline to 2026-05-06 00:00:00+00:00, run_after=2026-05-07 00:00:00+00:00
[2026-05-06T21:11:40.022+0000] {processor.py:183} INFO - Processing /opt/airflow/dags/pipeline_dag.py took 0.290 seconds
[2026-05-06T21:12:10.574+0000] {processor.py:161} INFO - Started process (PID=2451) to work on /opt/airflow/dags/pipeline_dag.py
[2026-05-06T21:12:10.576+0000] {processor.py:830} INFO - Processing file /opt/airflow/dags/pipeline_dag.py for tasks to queue
[2026-05-06T21:12:10.580+0000] {logging_mixin.py:188} INFO - [2026-05-06T21:12:10.580+0000] {dagbag.py:545} INFO - Filling up the DagBag from /opt/airflow/dags/pipeline_dag.py
[2026-05-06T21:12:10.605+0000] {processor.py:840} INFO - DAG(s) 'ab_test_medallion_pipeline' retrieved from /opt/airflow/dags/pipeline_dag.py
[2026-05-06T21:12:10.668+0000] {logging_mixin.py:188} INFO - [2026-05-06T21:12:10.667+0000] {dag.py:3096} INFO - Sync 1 DAGs
[2026-05-06T21:12:10.843+0000] {logging_mixin.py:188} INFO - [2026-05-06T21:12:10.842+0000] {dag.py:3954} INFO - Setting next_dagrun for ab_test_medallion_pipeline to 2026-05-06 00:00:00+00:00, run_after=2026-05-07 00:00:00+00:00
[2026-05-06T21:12:12.073+0000] {processor.py:183} INFO - Processing /opt/airflow/dags/pipeline_dag.py took 2.247 seconds
[2026-05-06T21:12:42.910+0000] {processor.py:161} INFO - Started process (PID=2456) to work on /opt/airflow/dags/pipeline_dag.py
[2026-05-06T21:12:42.937+0000] {processor.py:830} INFO - Processing file /opt/airflow/dags/pipeline_dag.py for tasks to queue
[2026-05-06T21:12:42.996+0000] {logging_mixin.py:188} INFO - [2026-05-06T21:12:42.986+0000] {dagbag.py:545} INFO - Filling up the DagBag from /opt/airflow/dags/pipeline_dag.py
[2026-05-06T21:12:43.205+0000] {processor.py:840} INFO - DAG(s) 'ab_test_medallion_pipeline' retrieved from /opt/airflow/dags/pipeline_dag.py
[2026-05-06T21:12:43.550+0000] {logging_mixin.py:188} INFO - [2026-05-06T21:12:43.549+0000] {dag.py:3096} INFO - Sync 1 DAGs
[2026-05-06T21:12:43.813+0000] {logging_mixin.py:188} INFO - [2026-05-06T21:12:43.811+0000] {dag.py:3954} INFO - Setting next_dagrun for ab_test_medallion_pipeline to 2026-05-06 00:00:00+00:00, run_after=2026-05-07 00:00:00+00:00
[2026-05-06T21:12:43.962+0000] {processor.py:183} INFO - Processing /opt/airflow/dags/pipeline_dag.py took 1.280 seconds
[2026-05-06T21:13:14.379+0000] {processor.py:161} INFO - Started process (PID=2461) to work on /opt/airflow/dags/pipeline_dag.py
[2026-05-06T21:13:14.380+0000] {processor.py:830} INFO - Processing file /opt/airflow/dags/pipeline_dag.py for tasks to queue
[2026-05-06T21:13:14.384+0000] {logging_mixin.py:188} INFO - [2026-05-06T21:13:14.383+0000] {dagbag.py:545} INFO - Filling up the DagBag from /opt/airflow/dags/pipeline_dag.py
[2026-05-06T21:13:14.681+0000] {processor.py:840} INFO - DAG(s) 'ab_test_medallion_pipeline' retrieved from /opt/airflow/dags/pipeline_dag.py
[2026-05-06T21:13:15.134+0000] {logging_mixin.py:188} INFO - [2026-05-06T21:13:15.133+0000] {dag.py:3096} INFO - Sync 1 DAGs
[2026-05-06T21:13:15.420+0000] {logging_mixin.py:188} INFO - [2026-05-06T21:13:15.419+0000] {dag.py:3954} INFO - Setting next_dagrun for ab_test_medallion_pipeline to 2026-05-06 00:00:00+00:00, run_after=2026-05-07 00:00:00+00:00
[2026-05-06T21:13:15.543+0000] {processor.py:183} INFO - Processing /opt/airflow/dags/pipeline_dag.py took 1.177 seconds
[2026-05-06T21:13:46.085+0000] {processor.py:161} INFO - Started process (PID=2466) to work on /opt/airflow/dags/pipeline_dag.py
[2026-05-06T21:13:46.087+0000] {processor.py:830} INFO - Processing file /opt/airflow/dags/pipeline_dag.py for tasks to queue
[2026-05-06T21:13:46.093+0000] {logging_mixin.py:188} INFO - [2026-05-06T21:13:46.092+0000] {dagbag.py:545} INFO - Filling up the DagBag from /opt/airflow/dags/pipeline_dag.py
[2026-05-06T21:13:46.136+0000] {processor.py:840} INFO - DAG(s) 'ab_test_medallion_pipeline' retrieved from /opt/airflow/dags/pipeline_dag.py
[2026-05-06T21:13:46.246+0000] {logging_mixin.py:188} INFO - [2026-05-06T21:13:46.246+0000] {dag.py:3096} INFO - Sync 1 DAGs
[2026-05-06T21:13:46.367+0000] {logging_mixin.py:188} INFO - [2026-05-06T21:13:46.367+0000] {dag.py:3954} INFO - Setting next_dagrun for ab_test_medallion_pipeline to 2026-05-06 00:00:00+00:00, run_after=2026-05-07 00:00:00+00:00
[2026-05-06T21:13:46.410+0000] {processor.py:183} INFO - Processing /opt/airflow/dags/pipeline_dag.py took 0.350 seconds
[2026-05-06T21:14:16.649+0000] {processor.py:161} INFO - Started process (PID=2471) to work on /opt/airflow/dags/pipeline_dag.py
[2026-05-06T21:14:16.650+0000] {processor.py:830} INFO - Processing file /opt/airflow/dags/pipeline_dag.py for tasks to queue
[2026-05-06T21:14:16.653+0000] {logging_mixin.py:188} INFO - [2026-05-06T21:14:16.653+0000] {dagbag.py:545} INFO - Filling up the DagBag from /opt/airflow/dags/pipeline_dag.py
[2026-05-06T21:14:16.676+0000] {processor.py:840} INFO - DAG(s) 'ab_test_medallion_pipeline' retrieved from /opt/airflow/dags/pipeline_dag.py
[2026-05-06T21:14:16.723+0000] {logging_mixin.py:188} INFO - [2026-05-06T21:14:16.723+0000] {dag.py:3096} INFO - Sync 1 DAGs
[2026-05-06T21:14:16.762+0000] {logging_mixin.py:188} INFO - [2026-05-06T21:14:16.762+0000] {dag.py:3954} INFO - Setting next_dagrun for ab_test_medallion_pipeline to 2026-05-06 00:00:00+00:00, run_after=2026-05-07 00:00:00+00:00
[2026-05-06T21:14:16.794+0000] {processor.py:183} INFO - Processing /opt/airflow/dags/pipeline_dag.py took 0.157 seconds
[2026-05-06T21:14:47.267+0000] {processor.py:161} INFO - Started process (PID=2476) to work on /opt/airflow/dags/pipeline_dag.py
[2026-05-06T21:14:47.271+0000] {processor.py:830} INFO - Processing file /opt/airflow/dags/pipeline_dag.py for tasks to queue
[2026-05-06T21:14:47.277+0000] {logging_mixin.py:188} INFO - [2026-05-06T21:14:47.276+0000] {dagbag.py:545} INFO - Filling up the DagBag from /opt/airflow/dags/pipeline_dag.py
[2026-05-06T21:14:47.312+0000] {processor.py:840} INFO - DAG(s) 'ab_test_medallion_pipeline' retrieved from /opt/airflow/dags/pipeline_dag.py
[2026-05-06T21:14:47.402+0000] {logging_mixin.py:188} INFO - [2026-05-06T21:14:47.401+0000] {dag.py:3096} INFO - Sync 1 DAGs
[2026-05-06T21:14:47.454+0000] {logging_mixin.py:188} INFO - [2026-05-06T21:14:47.454+0000] {dag.py:3954} INFO - Setting next_dagrun for ab_test_medallion_pipeline to 2026-05-06 00:00:00+00:00, run_after=2026-05-07 00:00:00+00:00
[2026-05-06T21:14:47.517+0000] {processor.py:183} INFO - Processing /opt/airflow/dags/pipeline_dag.py took 0.271 seconds
[2026-05-06T21:15:17.900+0000] {processor.py:161} INFO - Started process (PID=2481) to work on /opt/airflow/dags/pipeline_dag.py
[2026-05-06T21:15:17.902+0000] {processor.py:830} INFO - Processing file /opt/airflow/dags/pipeline_dag.py for tasks to queue
[2026-05-06T21:15:17.907+0000] {logging_mixin.py:188} INFO - [2026-05-06T21:15:17.906+0000] {dagbag.py:545} INFO - Filling up the DagBag from /opt/airflow/dags/pipeline_dag.py
[2026-05-06T21:15:17.944+0000] {processor.py:840} INFO - DAG(s) 'ab_test_medallion_pipeline' retrieved from /opt/airflow/dags/pipeline_dag.py
[2026-05-06T21:15:18.012+0000] {logging_mixin.py:188} INFO - [2026-05-06T21:15:18.011+0000] {dag.py:3096} INFO - Sync 1 DAGs
[2026-05-06T21:15:18.065+0000] {logging_mixin.py:188} INFO - [2026-05-06T21:15:18.064+0000] {dag.py:3954} INFO - Setting next_dagrun for ab_test_medallion_pipeline to 2026-05-06 00:00:00+00:00, run_after=2026-05-07 00:00:00+00:00
[2026-05-06T21:15:18.105+0000] {processor.py:183} INFO - Processing /opt/airflow/dags/pipeline_dag.py took 0.222 seconds
[2026-05-06T21:15:48.770+0000] {processor.py:161} INFO - Started process (PID=2486) to work on /opt/airflow/dags/pipeline_dag.py
[2026-05-06T21:15:48.774+0000] {processor.py:830} INFO - Processing file /opt/airflow/dags/pipeline_dag.py for tasks to queue
[2026-05-06T21:15:48.784+0000] {logging_mixin.py:188} INFO - [2026-05-06T21:15:48.783+0000] {dagbag.py:545} INFO - Filling up the DagBag from /opt/airflow/dags/pipeline_dag.py
[2026-05-06T21:15:48.832+0000] {processor.py:840} INFO - DAG(s) 'ab_test_medallion_pipeline' retrieved from /opt/airflow/dags/pipeline_dag.py
[2026-05-06T21:15:48.959+0000] {logging_mixin.py:188} INFO - [2026-05-06T21:15:48.959+0000] {dag.py:3096} INFO - Sync 1 DAGs
[2026-05-06T21:15:49.055+0000] {logging_mixin.py:188} INFO - [2026-05-06T21:15:49.055+0000] {dag.py:3954} INFO - Setting next_dagrun for ab_test_medallion_pipeline to 2026-05-06 00:00:00+00:00, run_after=2026-05-07 00:00:00+00:00
[2026-05-06T21:15:49.127+0000] {processor.py:183} INFO - Processing /opt/airflow/dags/pipeline_dag.py took 0.378 seconds
[2026-05-06T21:16:19.339+0000] {processor.py:161} INFO - Started process (PID=2491) to work on /opt/airflow/dags/pipeline_dag.py
[2026-05-06T21:16:19.341+0000] {processor.py:830} INFO - Processing file /opt/airflow/dags/pipeline_dag.py for tasks to queue
[2026-05-06T21:16:19.350+0000] {logging_mixin.py:188} INFO - [2026-05-06T21:16:19.350+0000] {dagbag.py:545} INFO - Filling up the DagBag from /opt/airflow/dags/pipeline_dag.py
[2026-05-06T21:16:19.380+0000] {processor.py:840} INFO - DAG(s) 'ab_test_medallion_pipeline' retrieved from /opt/airflow/dags/pipeline_dag.py
[2026-05-06T21:16:19.465+0000] {logging_mixin.py:188} INFO - [2026-05-06T21:16:19.464+0000] {dag.py:3096} INFO - Sync 1 DAGs
[2026-05-06T21:16:19.533+0000] {logging_mixin.py:188} INFO - [2026-05-06T21:16:19.532+0000] {dag.py:3954} INFO - Setting next_dagrun for ab_test_medallion_pipeline to 2026-05-06 00:00:00+00:00, run_after=2026-05-07 00:00:00+00:00
[2026-05-06T21:16:19.577+0000] {processor.py:183} INFO - Processing /opt/airflow/dags/pipeline_dag.py took 0.253 seconds
[2026-05-06T21:16:49.906+0000] {processor.py:161} INFO - Started process (PID=2496) to work on /opt/airflow/dags/pipeline_dag.py
[2026-05-06T21:16:49.908+0000] {processor.py:830} INFO - Processing file /opt/airflow/dags/pipeline_dag.py for tasks to queue
[2026-05-06T21:16:49.912+0000] {logging_mixin.py:188} INFO - [2026-05-06T21:16:49.912+0000] {dagbag.py:545} INFO - Filling up the DagBag from /opt/airflow/dags/pipeline_dag.py
[2026-05-06T21:16:49.949+0000] {processor.py:840} INFO - DAG(s) 'ab_test_medallion_pipeline' retrieved from /opt/airflow/dags/pipeline_dag.py
[2026-05-06T21:16:50.026+0000] {logging_mixin.py:188} INFO - [2026-05-06T21:16:50.026+0000] {dag.py:3096} INFO - Sync 1 DAGs
[2026-05-06T21:16:50.093+0000] {logging_mixin.py:188} INFO - [2026-05-06T21:16:50.093+0000] {dag.py:3954} INFO - Setting next_dagrun for ab_test_medallion_pipeline to 2026-05-06 00:00:00+00:00, run_after=2026-05-07 00:00:00+00:00
[2026-05-06T21:16:50.150+0000] {processor.py:183} INFO - Processing /opt/airflow/dags/pipeline_dag.py took 0.259 seconds
[2026-05-06T21:17:20.454+0000] {processor.py:161} INFO - Started process (PID=2501) to work on /opt/airflow/dags/pipeline_dag.py
[2026-05-06T21:17:20.457+0000] {processor.py:830} INFO - Processing file /opt/airflow/dags/pipeline_dag.py for tasks to queue
[2026-05-06T21:17:20.460+0000] {logging_mixin.py:188} INFO - [2026-05-06T21:17:20.460+0000] {dagbag.py:545} INFO - Filling up the DagBag from /opt/airflow/dags/pipeline_dag.py
[2026-05-06T21:17:20.483+0000] {processor.py:840} INFO - DAG(s) 'ab_test_medallion_pipeline' retrieved from /opt/airflow/dags/pipeline_dag.py
[2026-05-06T21:17:20.545+0000] {logging_mixin.py:188} INFO - [2026-05-06T21:17:20.544+0000] {dag.py:3096} INFO - Sync 1 DAGs
[2026-05-06T21:17:20.588+0000] {logging_mixin.py:188} INFO - [2026-05-06T21:17:20.587+0000] {dag.py:3954} INFO - Setting next_dagrun for ab_test_medallion_pipeline to 2026-05-06 00:00:00+00:00, run_after=2026-05-07 00:00:00+00:00
[2026-05-06T21:17:20.628+0000] {processor.py:183} INFO - Processing /opt/airflow/dags/pipeline_dag.py took 0.190 seconds
[2026-05-06T21:17:51.003+0000] {processor.py:161} INFO - Started process (PID=2506) to work on /opt/airflow/dags/pipeline_dag.py
[2026-05-06T21:17:51.004+0000] {processor.py:830} INFO - Processing file /opt/airflow/dags/pipeline_dag.py for tasks to queue
[2026-05-06T21:17:51.009+0000] {logging_mixin.py:188} INFO - [2026-05-06T21:17:51.008+0000] {dagbag.py:545} INFO - Filling up the DagBag from /opt/airflow/dags/pipeline_dag.py
[2026-05-06T21:17:51.034+0000] {processor.py:840} INFO - DAG(s) 'ab_test_medallion_pipeline' retrieved from /opt/airflow/dags/pipeline_dag.py
[2026-05-06T21:17:51.096+0000] {logging_mixin.py:188} INFO - [2026-05-06T21:17:51.096+0000] {dag.py:3096} INFO - Sync 1 DAGs
[2026-05-06T21:17:51.138+0000] {logging_mixin.py:188} INFO - [2026-05-06T21:17:51.138+0000] {dag.py:3954} INFO - Setting next_dagrun for ab_test_medallion_pipeline to 2026-05-06 00:00:00+00:00, run_after=2026-05-07 00:00:00+00:00
[2026-05-06T21:17:51.182+0000] {processor.py:183} INFO - Processing /opt/airflow/dags/pipeline_dag.py took 0.191 seconds
[2026-05-06T21:18:21.840+0000] {processor.py:161} INFO - Started process (PID=2511) to work on /opt/airflow/dags/pipeline_dag.py
[2026-05-06T21:18:21.856+0000] {processor.py:830} INFO - Processing file /opt/airflow/dags/pipeline_dag.py for tasks to queue
[2026-05-06T21:18:21.861+0000] {logging_mixin.py:188} INFO - [2026-05-06T21:18:21.860+0000] {dagbag.py:545} INFO - Filling up the DagBag from /opt/airflow/dags/pipeline_dag.py
[2026-05-06T21:18:21.991+0000] {processor.py:840} INFO - DAG(s) 'ab_test_medallion_pipeline' retrieved from /opt/airflow/dags/pipeline_dag.py
[2026-05-06T21:18:22.167+0000] {logging_mixin.py:188} INFO - [2026-05-06T21:18:22.166+0000] {dag.py:3096} INFO - Sync 1 DAGs
[2026-05-06T21:18:22.335+0000] {logging_mixin.py:188} INFO - [2026-05-06T21:18:22.334+0000] {dag.py:3954} INFO - Setting next_dagrun for ab_test_medallion_pipeline to 2026-05-06 00:00:00+00:00, run_after=2026-05-07 00:00:00+00:00
[2026-05-06T21:18:22.475+0000] {processor.py:183} INFO - Processing /opt/airflow/dags/pipeline_dag.py took 0.698 seconds
[2026-05-06T21:18:53.156+0000] {processor.py:161} INFO - Started process (PID=2516) to work on /opt/airflow/dags/pipeline_dag.py
[2026-05-06T21:18:53.158+0000] {processor.py:830} INFO - Processing file /opt/airflow/dags/pipeline_dag.py for tasks to queue
[2026-05-06T21:18:53.164+0000] {logging_mixin.py:188} INFO - [2026-05-06T21:18:53.163+0000] {dagbag.py:545} INFO - Filling up the DagBag from /opt/airflow/dags/pipeline_dag.py
[2026-05-06T21:18:53.209+0000] {processor.py:840} INFO - DAG(s) 'ab_test_medallion_pipeline' retrieved from /opt/airflow/dags/pipeline_dag.py
[2026-05-06T21:18:53.274+0000] {logging_mixin.py:188} INFO - [2026-05-06T21:18:53.274+0000] {dag.py:3096} INFO - Sync 1 DAGs
[2026-05-06T21:18:53.326+0000] {logging_mixin.py:188} INFO - [2026-05-06T21:18:53.325+0000] {dag.py:3954} INFO - Setting next_dagrun for ab_test_medallion_pipeline to 2026-05-06 00:00:00+00:00, run_after=2026-05-07 00:00:00+00:00
[2026-05-06T21:18:53.386+0000] {processor.py:183} INFO - Processing /opt/airflow/dags/pipeline_dag.py took 0.263 seconds
[2026-05-06T21:19:23.878+0000] {processor.py:161} INFO - Started process (PID=2521) to work on /opt/airflow/dags/pipeline_dag.py
[2026-05-06T21:19:23.884+0000] {processor.py:830} INFO - Processing file /opt/airflow/dags/pipeline_dag.py for tasks to queue
[2026-05-06T21:19:23.888+0000] {logging_mixin.py:188} INFO - [2026-05-06T21:19:23.887+0000] {dagbag.py:545} INFO - Filling up the DagBag from /opt/airflow/dags/pipeline_dag.py
[2026-05-06T21:19:23.916+0000] {processor.py:840} INFO - DAG(s) 'ab_test_medallion_pipeline' retrieved from /opt/airflow/dags/pipeline_dag.py
[2026-05-06T21:19:23.981+0000] {logging_mixin.py:188} INFO - [2026-05-06T21:19:23.980+0000] {dag.py:3096} INFO - Sync 1 DAGs
[2026-05-06T21:19:24.176+0000] {logging_mixin.py:188} INFO - [2026-05-06T21:19:24.175+0000] {dag.py:3954} INFO - Setting next_dagrun for ab_test_medallion_pipeline to 2026-05-06 00:00:00+00:00, run_after=2026-05-07 00:00:00+00:00
[2026-05-06T21:19:24.328+0000] {processor.py:183} INFO - Processing /opt/airflow/dags/pipeline_dag.py took 0.465 seconds
[2026-05-06T21:19:54.638+0000] {processor.py:161} INFO - Started process (PID=2526) to work on /opt/airflow/dags/pipeline_dag.py
[2026-05-06T21:19:54.639+0000] {processor.py:830} INFO - Processing file /opt/airflow/dags/pipeline_dag.py for tasks to queue
[2026-05-06T21:19:54.645+0000] {logging_mixin.py:188} INFO - [2026-05-06T21:19:54.644+0000] {dagbag.py:545} INFO - Filling up the DagBag from /opt/airflow/dags/pipeline_dag.py
[2026-05-06T21:19:54.679+0000] {processor.py:840} INFO - DAG(s) 'ab_test_medallion_pipeline' retrieved from /opt/airflow/dags/pipeline_dag.py
[2026-05-06T21:19:54.740+0000] {logging_mixin.py:188} INFO - [2026-05-06T21:19:54.739+0000] {dag.py:3096} INFO - Sync 1 DAGs
[2026-05-06T21:19:54.782+0000] {logging_mixin.py:188} INFO - [2026-05-06T21:19:54.782+0000] {dag.py:3954} INFO - Setting next_dagrun for ab_test_medallion_pipeline to 2026-05-06 00:00:00+00:00, run_after=2026-05-07 00:00:00+00:00
[2026-05-06T21:19:54.828+0000] {processor.py:183} INFO - Processing /opt/airflow/dags/pipeline_dag.py took 0.213 seconds
[2026-05-06T21:20:25.108+0000] {processor.py:161} INFO - Started process (PID=2531) to work on /opt/airflow/dags/pipeline_dag.py
[2026-05-06T21:20:25.111+0000] {processor.py:830} INFO - Processing file /opt/airflow/dags/pipeline_dag.py for tasks to queue
[2026-05-06T21:20:25.117+0000] {logging_mixin.py:188} INFO - [2026-05-06T21:20:25.115+0000] {dagbag.py:545} INFO - Filling up the DagBag from /opt/airflow/dags/pipeline_dag.py
[2026-05-06T21:20:25.153+0000] {processor.py:840} INFO - DAG(s) 'ab_test_medallion_pipeline' retrieved from /opt/airflow/dags/pipeline_dag.py
[2026-05-06T21:20:25.669+0000] {logging_mixin.py:188} INFO - [2026-05-06T21:20:25.668+0000] {dag.py:3096} INFO - Sync 1 DAGs
[2026-05-06T21:20:26.145+0000] {logging_mixin.py:188} INFO - [2026-05-06T21:20:26.143+0000] {dag.py:3954} INFO - Setting next_dagrun for ab_test_medallion_pipeline to 2026-05-06 00:00:00+00:00, run_after=2026-05-07 00:00:00+00:00
[2026-05-06T21:20:26.343+0000] {processor.py:183} INFO - Processing /opt/airflow/dags/pipeline_dag.py took 1.255 seconds
[2026-05-06T21:20:56.758+0000] {processor.py:161} INFO - Started process (PID=2536) to work on /opt/airflow/dags/pipeline_dag.py
[2026-05-06T21:20:56.768+0000] {processor.py:830} INFO - Processing file /opt/airflow/dags/pipeline_dag.py for tasks to queue
[2026-05-06T21:20:56.774+0000] {logging_mixin.py:188} INFO - [2026-05-06T21:20:56.773+0000] {dagbag.py:545} INFO - Filling up the DagBag from /opt/airflow/dags/pipeline_dag.py
[2026-05-06T21:20:56.874+0000] {processor.py:840} INFO - DAG(s) 'ab_test_medallion_pipeline' retrieved from /opt/airflow/dags/pipeline_dag.py
[2026-05-06T21:20:57.093+0000] {logging_mixin.py:188} INFO - [2026-05-06T21:20:57.092+0000] {dag.py:3096} INFO - Sync 1 DAGs
[2026-05-06T21:20:57.911+0000] {logging_mixin.py:188} INFO - [2026-05-06T21:20:57.909+0000] {dag.py:3954} INFO - Setting next_dagrun for ab_test_medallion_pipeline to 2026-05-06 00:00:00+00:00, run_after=2026-05-07 00:00:00+00:00
[2026-05-06T21:20:58.250+0000] {processor.py:183} INFO - Processing /opt/airflow/dags/pipeline_dag.py took 1.520 seconds
[2026-05-06T21:21:29.328+0000] {processor.py:161} INFO - Started process (PID=2541) to work on /opt/airflow/dags/pipeline_dag.py
[2026-05-06T21:21:29.339+0000] {processor.py:830} INFO - Processing file /opt/airflow/dags/pipeline_dag.py for tasks to queue
[2026-05-06T21:21:29.384+0000] {logging_mixin.py:188} INFO - [2026-05-06T21:21:29.380+0000] {dagbag.py:545} INFO - Filling up the DagBag from /opt/airflow/dags/pipeline_dag.py
[2026-05-06T21:21:29.504+0000] {processor.py:840} INFO - DAG(s) 'ab_test_medallion_pipeline' retrieved from /opt/airflow/dags/pipeline_dag.py
[2026-05-06T21:21:29.838+0000] {logging_mixin.py:188} INFO - [2026-05-06T21:21:29.837+0000] {dag.py:3096} INFO - Sync 1 DAGs
[2026-05-06T21:21:30.101+0000] {logging_mixin.py:188} INFO - [2026-05-06T21:21:30.099+0000] {dag.py:3954} INFO - Setting next_dagrun for ab_test_medallion_pipeline to 2026-05-06 00:00:00+00:00, run_after=2026-05-07 00:00:00+00:00
[2026-05-06T21:21:30.205+0000] {processor.py:183} INFO - Processing /opt/airflow/dags/pipeline_dag.py took 1.094 seconds
[2026-05-06T21:22:00.938+0000] {processor.py:161} INFO - Started process (PID=2546) to work on /opt/airflow/dags/pipeline_dag.py
[2026-05-06T21:22:01.048+0000] {processor.py:830} INFO - Processing file /opt/airflow/dags/pipeline_dag.py for tasks to queue
[2026-05-06T21:22:01.052+0000] {logging_mixin.py:188} INFO - [2026-05-06T21:22:01.051+0000] {dagbag.py:545} INFO - Filling up the DagBag from /opt/airflow/dags/pipeline_dag.py
[2026-05-06T21:22:01.088+0000] {processor.py:840} INFO - DAG(s) 'ab_test_medallion_pipeline' retrieved from /opt/airflow/dags/pipeline_dag.py
[2026-05-06T21:22:01.263+0000] {logging_mixin.py:188} INFO - [2026-05-06T21:22:01.262+0000] {dag.py:3096} INFO - Sync 1 DAGs
[2026-05-06T21:22:01.378+0000] {logging_mixin.py:188} INFO - [2026-05-06T21:22:01.378+0000] {dag.py:3954} INFO - Setting next_dagrun for ab_test_medallion_pipeline to 2026-05-06 00:00:00+00:00, run_after=2026-05-07 00:00:00+00:00
[2026-05-06T21:22:01.442+0000] {processor.py:183} INFO - Processing /opt/airflow/dags/pipeline_dag.py took 0.521 seconds
[2026-05-06T21:22:31.679+0000] {processor.py:161} INFO - Started process (PID=2551) to work on /opt/airflow/dags/pipeline_dag.py
[2026-05-06T21:22:31.684+0000] {processor.py:830} INFO - Processing file /opt/airflow/dags/pipeline_dag.py for tasks to queue
[2026-05-06T21:22:31.693+0000] {logging_mixin.py:188} INFO - [2026-05-06T21:22:31.692+0000] {dagbag.py:545} INFO - Filling up the DagBag from /opt/airflow/dags/pipeline_dag.py
[2026-05-06T21:22:31.737+0000] {processor.py:840} INFO - DAG(s) 'ab_test_medallion_pipeline' retrieved from /opt/airflow/dags/pipeline_dag.py
[2026-05-06T21:22:31.840+0000] {logging_mixin.py:188} INFO - [2026-05-06T21:22:31.839+0000] {dag.py:3096} INFO - Sync 1 DAGs
[2026-05-06T21:22:31.933+0000] {logging_mixin.py:188} INFO - [2026-05-06T21:22:31.933+0000] {dag.py:3954} INFO - Setting next_dagrun for ab_test_medallion_pipeline to 2026-05-06 00:00:00+00:00, run_after=2026-05-07 00:00:00+00:00
[2026-05-06T21:22:32.019+0000] {processor.py:183} INFO - Processing /opt/airflow/dags/pipeline_dag.py took 0.360 seconds
[2026-05-06T21:23:02.229+0000] {processor.py:161} INFO - Started process (PID=2556) to work on /opt/airflow/dags/pipeline_dag.py
[2026-05-06T21:23:02.233+0000] {processor.py:830} INFO - Processing file /opt/airflow/dags/pipeline_dag.py for tasks to queue
[2026-05-06T21:23:02.245+0000] {logging_mixin.py:188} INFO - [2026-05-06T21:23:02.244+0000] {dagbag.py:545} INFO - Filling up the DagBag from /opt/airflow/dags/pipeline_dag.py
[2026-05-06T21:23:02.295+0000] {processor.py:840} INFO - DAG(s) 'ab_test_medallion_pipeline' retrieved from /opt/airflow/dags/pipeline_dag.py
[2026-05-06T21:23:02.378+0000] {logging_mixin.py:188} INFO - [2026-05-06T21:23:02.377+0000] {dag.py:3096} INFO - Sync 1 DAGs
[2026-05-06T21:23:02.502+0000] {logging_mixin.py:188} INFO - [2026-05-06T21:23:02.501+0000] {dag.py:3954} INFO - Setting next_dagrun for ab_test_medallion_pipeline to 2026-05-06 00:00:00+00:00, run_after=2026-05-07 00:00:00+00:00
[2026-05-06T21:23:02.605+0000] {processor.py:183} INFO - Processing /opt/airflow/dags/pipeline_dag.py took 0.420 seconds
[2026-05-06T21:23:33.040+0000] {processor.py:161} INFO - Started process (PID=2561) to work on /opt/airflow/dags/pipeline_dag.py
[2026-05-06T21:23:33.045+0000] {processor.py:830} INFO - Processing file /opt/airflow/dags/pipeline_dag.py for tasks to queue
[2026-05-06T21:23:33.050+0000] {logging_mixin.py:188} INFO - [2026-05-06T21:23:33.049+0000] {dagbag.py:545} INFO - Filling up the DagBag from /opt/airflow/dags/pipeline_dag.py
[2026-05-06T21:23:33.074+0000] {processor.py:840} INFO - DAG(s) 'ab_test_medallion_pipeline' retrieved from /opt/airflow/dags/pipeline_dag.py
[2026-05-06T21:23:33.130+0000] {logging_mixin.py:188} INFO - [2026-05-06T21:23:33.129+0000] {dag.py:3096} INFO - Sync 1 DAGs
[2026-05-06T21:23:33.180+0000] {logging_mixin.py:188} INFO - [2026-05-06T21:23:33.179+0000] {dag.py:3954} INFO - Setting next_dagrun for ab_test_medallion_pipeline to 2026-05-06 00:00:00+00:00, run_after=2026-05-07 00:00:00+00:00
[2026-05-06T21:23:33.259+0000] {processor.py:183} INFO - Processing /opt/airflow/dags/pipeline_dag.py took 0.232 seconds
[2026-05-06T21:24:53.980+0000] {processor.py:161} INFO - Started process (PID=160) to work on /opt/airflow/dags/pipeline_dag.py
[2026-05-06T21:24:53.988+0000] {processor.py:830} INFO - Processing file /opt/airflow/dags/pipeline_dag.py for tasks to queue
[2026-05-06T21:24:54.036+0000] {logging_mixin.py:188} INFO - [2026-05-06T21:24:54.028+0000] {dagbag.py:545} INFO - Filling up the DagBag from /opt/airflow/dags/pipeline_dag.py
[2026-05-06T21:24:54.190+0000] {processor.py:840} INFO - DAG(s) 'ab_test_medallion_pipeline' retrieved from /opt/airflow/dags/pipeline_dag.py
[2026-05-06T21:24:54.515+0000] {logging_mixin.py:188} INFO - [2026-05-06T21:24:54.514+0000] {dag.py:3096} INFO - Sync 1 DAGs
[2026-05-06T21:24:54.736+0000] {logging_mixin.py:188} INFO - [2026-05-06T21:24:54.735+0000] {dag.py:3954} INFO - Setting next_dagrun for ab_test_medallion_pipeline to 2026-05-06 00:00:00+00:00, run_after=2026-05-07 00:00:00+00:00
[2026-05-06T21:24:54.823+0000] {processor.py:183} INFO - Processing /opt/airflow/dags/pipeline_dag.py took 0.929 seconds
[2026-05-06T21:25:25.285+0000] {processor.py:161} INFO - Started process (PID=165) to work on /opt/airflow/dags/pipeline_dag.py
[2026-05-06T21:25:25.287+0000] {processor.py:830} INFO - Processing file /opt/airflow/dags/pipeline_dag.py for tasks to queue
[2026-05-06T21:25:25.292+0000] {logging_mixin.py:188} INFO - [2026-05-06T21:25:25.291+0000] {dagbag.py:545} INFO - Filling up the DagBag from /opt/airflow/dags/pipeline_dag.py
[2026-05-06T21:25:25.321+0000] {processor.py:840} INFO - DAG(s) 'ab_test_medallion_pipeline' retrieved from /opt/airflow/dags/pipeline_dag.py
[2026-05-06T21:25:25.382+0000] {logging_mixin.py:188} INFO - [2026-05-06T21:25:25.382+0000] {dag.py:3096} INFO - Sync 1 DAGs
[2026-05-06T21:25:25.435+0000] {logging_mixin.py:188} INFO - [2026-05-06T21:25:25.435+0000] {dag.py:3954} INFO - Setting next_dagrun for ab_test_medallion_pipeline to 2026-05-06 00:00:00+00:00, run_after=2026-05-07 00:00:00+00:00
[2026-05-06T21:25:25.478+0000] {processor.py:183} INFO - Processing /opt/airflow/dags/pipeline_dag.py took 0.210 seconds
[2026-05-06T21:25:55.785+0000] {processor.py:161} INFO - Started process (PID=170) to work on /opt/airflow/dags/pipeline_dag.py
[2026-05-06T21:25:55.788+0000] {processor.py:830} INFO - Processing file /opt/airflow/dags/pipeline_dag.py for tasks to queue
[2026-05-06T21:25:55.792+0000] {logging_mixin.py:188} INFO - [2026-05-06T21:25:55.792+0000] {dagbag.py:545} INFO - Filling up the DagBag from /opt/airflow/dags/pipeline_dag.py
[2026-05-06T21:25:55.820+0000] {processor.py:840} INFO - DAG(s) 'ab_test_medallion_pipeline' retrieved from /opt/airflow/dags/pipeline_dag.py
[2026-05-06T21:25:55.890+0000] {logging_mixin.py:188} INFO - [2026-05-06T21:25:55.889+0000] {dag.py:3096} INFO - Sync 1 DAGs
[2026-05-06T21:25:55.930+0000] {logging_mixin.py:188} INFO - [2026-05-06T21:25:55.929+0000] {dag.py:3954} INFO - Setting next_dagrun for ab_test_medallion_pipeline to 2026-05-06 00:00:00+00:00, run_after=2026-05-07 00:00:00+00:00
[2026-05-06T21:25:55.962+0000] {processor.py:183} INFO - Processing /opt/airflow/dags/pipeline_dag.py took 0.192 seconds
[2026-05-06T21:26:26.309+0000] {processor.py:161} INFO - Started process (PID=235) to work on /opt/airflow/dags/pipeline_dag.py
[2026-05-06T21:26:26.311+0000] {processor.py:830} INFO - Processing file /opt/airflow/dags/pipeline_dag.py for tasks to queue
[2026-05-06T21:26:26.315+0000] {logging_mixin.py:188} INFO - [2026-05-06T21:26:26.314+0000] {dagbag.py:545} INFO - Filling up the DagBag from /opt/airflow/dags/pipeline_dag.py
[2026-05-06T21:26:26.375+0000] {processor.py:840} INFO - DAG(s) 'ab_test_medallion_pipeline' retrieved from /opt/airflow/dags/pipeline_dag.py
[2026-05-06T21:26:26.511+0000] {logging_mixin.py:188} INFO - [2026-05-06T21:26:26.511+0000] {dag.py:3096} INFO - Sync 1 DAGs
[2026-05-06T21:26:26.651+0000] {logging_mixin.py:188} INFO - [2026-05-06T21:26:26.650+0000] {dag.py:3954} INFO - Setting next_dagrun for ab_test_medallion_pipeline to 2026-05-06 00:00:00+00:00, run_after=2026-05-07 00:00:00+00:00
[2026-05-06T21:26:26.731+0000] {processor.py:183} INFO - Processing /opt/airflow/dags/pipeline_dag.py took 0.442 seconds
[2026-05-06T21:26:57.205+0000] {processor.py:161} INFO - Started process (PID=274) to work on /opt/airflow/dags/pipeline_dag.py
[2026-05-06T21:26:57.230+0000] {processor.py:830} INFO - Processing file /opt/airflow/dags/pipeline_dag.py for tasks to queue
[2026-05-06T21:26:57.270+0000] {logging_mixin.py:188} INFO - [2026-05-06T21:26:57.251+0000] {dagbag.py:545} INFO - Filling up the DagBag from /opt/airflow/dags/pipeline_dag.py
[2026-05-06T21:26:57.697+0000] {processor.py:840} INFO - DAG(s) 'ab_test_medallion_pipeline' retrieved from /opt/airflow/dags/pipeline_dag.py
[2026-05-06T21:26:58.138+0000] {logging_mixin.py:188} INFO - [2026-05-06T21:26:58.137+0000] {dag.py:3096} INFO - Sync 1 DAGs
[2026-05-06T21:26:58.871+0000] {logging_mixin.py:188} INFO - [2026-05-06T21:26:58.871+0000] {dag.py:3954} INFO - Setting next_dagrun for ab_test_medallion_pipeline to 2026-05-06 00:00:00+00:00, run_after=2026-05-07 00:00:00+00:00
[2026-05-06T21:26:59.127+0000] {processor.py:183} INFO - Processing /opt/airflow/dags/pipeline_dag.py took 2.029 seconds
[2026-05-06T21:27:30.084+0000] {processor.py:161} INFO - Started process (PID=348) to work on /opt/airflow/dags/pipeline_dag.py
[2026-05-06T21:27:30.122+0000] {processor.py:830} INFO - Processing file /opt/airflow/dags/pipeline_dag.py for tasks to queue
[2026-05-06T21:27:30.275+0000] {logging_mixin.py:188} INFO - [2026-05-06T21:27:30.274+0000] {dagbag.py:545} INFO - Filling up the DagBag from /opt/airflow/dags/pipeline_dag.py
[2026-05-06T21:27:31.282+0000] {processor.py:840} INFO - DAG(s) 'ab_test_medallion_pipeline' retrieved from /opt/airflow/dags/pipeline_dag.py
[2026-05-06T21:27:31.908+0000] {logging_mixin.py:188} INFO - [2026-05-06T21:27:31.906+0000] {dag.py:3096} INFO - Sync 1 DAGs
[2026-05-06T21:27:32.629+0000] {logging_mixin.py:188} INFO - [2026-05-06T21:27:32.628+0000] {dag.py:3954} INFO - Setting next_dagrun for ab_test_medallion_pipeline to 2026-05-06 00:00:00+00:00, run_after=2026-05-07 00:00:00+00:00
[2026-05-06T21:27:33.245+0000] {processor.py:183} INFO - Processing /opt/airflow/dags/pipeline_dag.py took 3.292 seconds
[2026-05-06T21:28:03.715+0000] {processor.py:161} INFO - Started process (PID=392) to work on /opt/airflow/dags/pipeline_dag.py
[2026-05-06T21:28:03.719+0000] {processor.py:830} INFO - Processing file /opt/airflow/dags/pipeline_dag.py for tasks to queue
[2026-05-06T21:28:03.733+0000] {logging_mixin.py:188} INFO - [2026-05-06T21:28:03.726+0000] {dagbag.py:545} INFO - Filling up the DagBag from /opt/airflow/dags/pipeline_dag.py
[2026-05-06T21:28:03.934+0000] {processor.py:840} INFO - DAG(s) 'ab_test_medallion_pipeline' retrieved from /opt/airflow/dags/pipeline_dag.py
[2026-05-06T21:28:04.207+0000] {logging_mixin.py:188} INFO - [2026-05-06T21:28:04.207+0000] {dag.py:3096} INFO - Sync 1 DAGs
[2026-05-06T21:28:04.400+0000] {logging_mixin.py:188} INFO - [2026-05-06T21:28:04.400+0000] {dag.py:3954} INFO - Setting next_dagrun for ab_test_medallion_pipeline to 2026-05-06 00:00:00+00:00, run_after=2026-05-07 00:00:00+00:00
[2026-05-06T21:28:04.459+0000] {processor.py:183} INFO - Processing /opt/airflow/dags/pipeline_dag.py took 0.770 seconds
[2026-05-06T21:28:35.412+0000] {processor.py:161} INFO - Started process (PID=443) to work on /opt/airflow/dags/pipeline_dag.py
[2026-05-06T21:28:35.422+0000] {processor.py:830} INFO - Processing file /opt/airflow/dags/pipeline_dag.py for tasks to queue
[2026-05-06T21:28:35.429+0000] {logging_mixin.py:188} INFO - [2026-05-06T21:28:35.427+0000] {dagbag.py:545} INFO - Filling up the DagBag from /opt/airflow/dags/pipeline_dag.py
[2026-05-06T21:28:35.650+0000] {processor.py:840} INFO - DAG(s) 'ab_test_medallion_pipeline' retrieved from /opt/airflow/dags/pipeline_dag.py
[2026-05-06T21:28:35.721+0000] {logging_mixin.py:188} INFO - [2026-05-06T21:28:35.720+0000] {dag.py:3096} INFO - Sync 1 DAGs
[2026-05-06T21:28:35.793+0000] {logging_mixin.py:188} INFO - [2026-05-06T21:28:35.793+0000] {dag.py:3954} INFO - Setting next_dagrun for ab_test_medallion_pipeline to 2026-05-06 00:00:00+00:00, run_after=2026-05-07 00:00:00+00:00
[2026-05-06T21:28:35.901+0000] {processor.py:183} INFO - Processing /opt/airflow/dags/pipeline_dag.py took 0.519 seconds
[2026-05-06T21:29:06.064+0000] {processor.py:161} INFO - Started process (PID=644) to work on /opt/airflow/dags/pipeline_dag.py
[2026-05-06T21:29:06.078+0000] {processor.py:830} INFO - Processing file /opt/airflow/dags/pipeline_dag.py for tasks to queue
[2026-05-06T21:29:06.111+0000] {logging_mixin.py:188} INFO - [2026-05-06T21:29:06.110+0000] {dagbag.py:545} INFO - Filling up the DagBag from /opt/airflow/dags/pipeline_dag.py
[2026-05-06T21:29:06.245+0000] {processor.py:840} INFO - DAG(s) 'ab_test_medallion_pipeline' retrieved from /opt/airflow/dags/pipeline_dag.py
[2026-05-06T21:29:06.526+0000] {logging_mixin.py:188} INFO - [2026-05-06T21:29:06.525+0000] {dag.py:3096} INFO - Sync 1 DAGs
[2026-05-06T21:29:06.726+0000] {logging_mixin.py:188} INFO - [2026-05-06T21:29:06.720+0000] {dag.py:3954} INFO - Setting next_dagrun for ab_test_medallion_pipeline to 2026-05-06 00:00:00+00:00, run_after=2026-05-07 00:00:00+00:00
[2026-05-06T21:29:06.976+0000] {processor.py:183} INFO - Processing /opt/airflow/dags/pipeline_dag.py took 0.935 seconds
[2026-05-06T21:29:37.802+0000] {processor.py:161} INFO - Started process (PID=682) to work on /opt/airflow/dags/pipeline_dag.py
[2026-05-06T21:29:37.816+0000] {processor.py:830} INFO - Processing file /opt/airflow/dags/pipeline_dag.py for tasks to queue
[2026-05-06T21:29:37.904+0000] {logging_mixin.py:188} INFO - [2026-05-06T21:29:37.876+0000] {dagbag.py:545} INFO - Filling up the DagBag from /opt/airflow/dags/pipeline_dag.py
[2026-05-06T21:29:38.094+0000] {processor.py:840} INFO - DAG(s) 'ab_test_medallion_pipeline' retrieved from /opt/airflow/dags/pipeline_dag.py
[2026-05-06T21:29:38.761+0000] {logging_mixin.py:188} INFO - [2026-05-06T21:29:38.761+0000] {dag.py:3096} INFO - Sync 1 DAGs
[2026-05-06T21:29:39.212+0000] {logging_mixin.py:188} INFO - [2026-05-06T21:29:39.211+0000] {dag.py:3954} INFO - Setting next_dagrun for ab_test_medallion_pipeline to 2026-05-06 00:00:00+00:00, run_after=2026-05-07 00:00:00+00:00
[2026-05-06T21:29:39.504+0000] {processor.py:183} INFO - Processing /opt/airflow/dags/pipeline_dag.py took 1.789 seconds
[2026-05-06T21:30:10.268+0000] {processor.py:161} INFO - Started process (PID=701) to work on /opt/airflow/dags/pipeline_dag.py
[2026-05-06T21:30:10.275+0000] {processor.py:830} INFO - Processing file /opt/airflow/dags/pipeline_dag.py for tasks to queue
[2026-05-06T21:30:10.280+0000] {logging_mixin.py:188} INFO - [2026-05-06T21:30:10.279+0000] {dagbag.py:545} INFO - Filling up the DagBag from /opt/airflow/dags/pipeline_dag.py
[2026-05-06T21:30:10.322+0000] {processor.py:840} INFO - DAG(s) 'ab_test_medallion_pipeline' retrieved from /opt/airflow/dags/pipeline_dag.py
[2026-05-06T21:30:10.560+0000] {logging_mixin.py:188} INFO - [2026-05-06T21:30:10.560+0000] {dag.py:3096} INFO - Sync 1 DAGs
[2026-05-06T21:30:10.713+0000] {logging_mixin.py:188} INFO - [2026-05-06T21:30:10.710+0000] {dag.py:3954} INFO - Setting next_dagrun for ab_test_medallion_pipeline to 2026-05-06 00:00:00+00:00, run_after=2026-05-07 00:00:00+00:00
[2026-05-06T21:30:10.791+0000] {processor.py:183} INFO - Processing /opt/airflow/dags/pipeline_dag.py took 0.534 seconds
[2026-05-06T21:30:41.265+0000] {processor.py:161} INFO - Started process (PID=707) to work on /opt/airflow/dags/pipeline_dag.py
[2026-05-06T21:30:41.268+0000] {processor.py:830} INFO - Processing file /opt/airflow/dags/pipeline_dag.py for tasks to queue
[2026-05-06T21:30:41.285+0000] {logging_mixin.py:188} INFO - [2026-05-06T21:30:41.283+0000] {dagbag.py:545} INFO - Filling up the DagBag from /opt/airflow/dags/pipeline_dag.py
[2026-05-06T21:30:41.317+0000] {processor.py:840} INFO - DAG(s) 'ab_test_medallion_pipeline' retrieved from /opt/airflow/dags/pipeline_dag.py
[2026-05-06T21:30:41.428+0000] {logging_mixin.py:188} INFO - [2026-05-06T21:30:41.427+0000] {dag.py:3096} INFO - Sync 1 DAGs
[2026-05-06T21:30:41.490+0000] {logging_mixin.py:188} INFO - [2026-05-06T21:30:41.490+0000] {dag.py:3954} INFO - Setting next_dagrun for ab_test_medallion_pipeline to 2026-05-06 00:00:00+00:00, run_after=2026-05-07 00:00:00+00:00
[2026-05-06T21:30:41.527+0000] {processor.py:183} INFO - Processing /opt/airflow/dags/pipeline_dag.py took 0.285 seconds
[2026-05-06T21:31:11.637+0000] {processor.py:161} INFO - Started process (PID=712) to work on /opt/airflow/dags/pipeline_dag.py
[2026-05-06T21:31:11.640+0000] {processor.py:830} INFO - Processing file /opt/airflow/dags/pipeline_dag.py for tasks to queue
[2026-05-06T21:31:11.646+0000] {logging_mixin.py:188} INFO - [2026-05-06T21:31:11.645+0000] {dagbag.py:545} INFO - Filling up the DagBag from /opt/airflow/dags/pipeline_dag.py
[2026-05-06T21:31:11.712+0000] {processor.py:840} INFO - DAG(s) 'ab_test_medallion_pipeline' retrieved from /opt/airflow/dags/pipeline_dag.py
[2026-05-06T21:31:11.839+0000] {logging_mixin.py:188} INFO - [2026-05-06T21:31:11.838+0000] {dag.py:3096} INFO - Sync 1 DAGs
[2026-05-06T21:31:11.915+0000] {logging_mixin.py:188} INFO - [2026-05-06T21:31:11.914+0000] {dag.py:3954} INFO - Setting next_dagrun for ab_test_medallion_pipeline to 2026-05-06 00:00:00+00:00, run_after=2026-05-07 00:00:00+00:00
[2026-05-06T21:31:11.985+0000] {processor.py:183} INFO - Processing /opt/airflow/dags/pipeline_dag.py took 0.359 seconds
[2026-05-06T21:31:42.204+0000] {processor.py:161} INFO - Started process (PID=717) to work on /opt/airflow/dags/pipeline_dag.py
[2026-05-06T21:31:42.206+0000] {processor.py:830} INFO - Processing file /opt/airflow/dags/pipeline_dag.py for tasks to queue
[2026-05-06T21:31:42.219+0000] {logging_mixin.py:188} INFO - [2026-05-06T21:31:42.217+0000] {dagbag.py:545} INFO - Filling up the DagBag from /opt/airflow/dags/pipeline_dag.py
[2026-05-06T21:31:42.259+0000] {processor.py:840} INFO - DAG(s) 'ab_test_medallion_pipeline' retrieved from /opt/airflow/dags/pipeline_dag.py
[2026-05-06T21:31:42.363+0000] {logging_mixin.py:188} INFO - [2026-05-06T21:31:42.362+0000] {dag.py:3096} INFO - Sync 1 DAGs
[2026-05-06T21:31:42.415+0000] {logging_mixin.py:188} INFO - [2026-05-06T21:31:42.415+0000] {dag.py:3954} INFO - Setting next_dagrun for ab_test_medallion_pipeline to 2026-05-06 00:00:00+00:00, run_after=2026-05-07 00:00:00+00:00
[2026-05-06T21:31:42.452+0000] {processor.py:183} INFO - Processing /opt/airflow/dags/pipeline_dag.py took 0.266 seconds
[2026-05-06T21:32:12.707+0000] {processor.py:161} INFO - Started process (PID=722) to work on /opt/airflow/dags/pipeline_dag.py
[2026-05-06T21:32:12.711+0000] {processor.py:830} INFO - Processing file /opt/airflow/dags/pipeline_dag.py for tasks to queue
[2026-05-06T21:32:12.714+0000] {logging_mixin.py:188} INFO - [2026-05-06T21:32:12.713+0000] {dagbag.py:545} INFO - Filling up the DagBag from /opt/airflow/dags/pipeline_dag.py
[2026-05-06T21:32:12.736+0000] {processor.py:840} INFO - DAG(s) 'ab_test_medallion_pipeline' retrieved from /opt/airflow/dags/pipeline_dag.py
[2026-05-06T21:32:12.793+0000] {logging_mixin.py:188} INFO - [2026-05-06T21:32:12.792+0000] {dag.py:3096} INFO - Sync 1 DAGs
[2026-05-06T21:32:12.838+0000] {logging_mixin.py:188} INFO - [2026-05-06T21:32:12.837+0000] {dag.py:3954} INFO - Setting next_dagrun for ab_test_medallion_pipeline to 2026-05-06 00:00:00+00:00, run_after=2026-05-07 00:00:00+00:00
[2026-05-06T21:32:12.878+0000] {processor.py:183} INFO - Processing /opt/airflow/dags/pipeline_dag.py took 0.181 seconds
[2026-05-06T21:32:42.992+0000] {processor.py:161} INFO - Started process (PID=727) to work on /opt/airflow/dags/pipeline_dag.py
[2026-05-06T21:32:42.995+0000] {processor.py:830} INFO - Processing file /opt/airflow/dags/pipeline_dag.py for tasks to queue
[2026-05-06T21:32:42.998+0000] {logging_mixin.py:188} INFO - [2026-05-06T21:32:42.997+0000] {dagbag.py:545} INFO - Filling up the DagBag from /opt/airflow/dags/pipeline_dag.py
[2026-05-06T21:32:43.027+0000] {processor.py:840} INFO - DAG(s) 'ab_test_medallion_pipeline' retrieved from /opt/airflow/dags/pipeline_dag.py
[2026-05-06T21:32:43.116+0000] {logging_mixin.py:188} INFO - [2026-05-06T21:32:43.115+0000] {dag.py:3096} INFO - Sync 1 DAGs
[2026-05-06T21:32:43.193+0000] {logging_mixin.py:188} INFO - [2026-05-06T21:32:43.192+0000] {dag.py:3954} INFO - Setting next_dagrun for ab_test_medallion_pipeline to 2026-05-06 00:00:00+00:00, run_after=2026-05-07 00:00:00+00:00
[2026-05-06T21:32:43.233+0000] {processor.py:183} INFO - Processing /opt/airflow/dags/pipeline_dag.py took 0.253 seconds
[2026-05-06T21:33:13.468+0000] {processor.py:161} INFO - Started process (PID=732) to work on /opt/airflow/dags/pipeline_dag.py
[2026-05-06T21:33:13.470+0000] {processor.py:830} INFO - Processing file /opt/airflow/dags/pipeline_dag.py for tasks to queue
[2026-05-06T21:33:13.474+0000] {logging_mixin.py:188} INFO - [2026-05-06T21:33:13.473+0000] {dagbag.py:545} INFO - Filling up the DagBag from /opt/airflow/dags/pipeline_dag.py
[2026-05-06T21:33:13.517+0000] {processor.py:840} INFO - DAG(s) 'ab_test_medallion_pipeline' retrieved from /opt/airflow/dags/pipeline_dag.py
[2026-05-06T21:33:13.572+0000] {logging_mixin.py:188} INFO - [2026-05-06T21:33:13.572+0000] {dag.py:3096} INFO - Sync 1 DAGs
[2026-05-06T21:33:13.619+0000] {logging_mixin.py:188} INFO - [2026-05-06T21:33:13.619+0000] {dag.py:3954} INFO - Setting next_dagrun for ab_test_medallion_pipeline to 2026-05-06 00:00:00+00:00, run_after=2026-05-07 00:00:00+00:00
[2026-05-06T21:33:13.657+0000] {processor.py:183} INFO - Processing /opt/airflow/dags/pipeline_dag.py took 0.202 seconds
[2026-05-06T21:33:43.712+0000] {processor.py:161} INFO - Started process (PID=737) to work on /opt/airflow/dags/pipeline_dag.py
[2026-05-06T21:33:43.714+0000] {processor.py:830} INFO - Processing file /opt/airflow/dags/pipeline_dag.py for tasks to queue
[2026-05-06T21:33:43.717+0000] {logging_mixin.py:188} INFO - [2026-05-06T21:33:43.717+0000] {dagbag.py:545} INFO - Filling up the DagBag from /opt/airflow/dags/pipeline_dag.py
[2026-05-06T21:33:43.747+0000] {processor.py:840} INFO - DAG(s) 'ab_test_medallion_pipeline' retrieved from /opt/airflow/dags/pipeline_dag.py
[2026-05-06T21:33:43.806+0000] {logging_mixin.py:188} INFO - [2026-05-06T21:33:43.806+0000] {dag.py:3096} INFO - Sync 1 DAGs
[2026-05-06T21:33:43.923+0000] {logging_mixin.py:188} INFO - [2026-05-06T21:33:43.923+0000] {dag.py:3954} INFO - Setting next_dagrun for ab_test_medallion_pipeline to 2026-05-06 00:00:00+00:00, run_after=2026-05-07 00:00:00+00:00
[2026-05-06T21:33:43.972+0000] {processor.py:183} INFO - Processing /opt/airflow/dags/pipeline_dag.py took 0.269 seconds
[2026-05-06T21:34:14.139+0000] {processor.py:161} INFO - Started process (PID=742) to work on /opt/airflow/dags/pipeline_dag.py
[2026-05-06T21:34:14.142+0000] {processor.py:830} INFO - Processing file /opt/airflow/dags/pipeline_dag.py for tasks to queue
[2026-05-06T21:34:14.154+0000] {logging_mixin.py:188} INFO - [2026-05-06T21:34:14.153+0000] {dagbag.py:545} INFO - Filling up the DagBag from /opt/airflow/dags/pipeline_dag.py
[2026-05-06T21:34:14.183+0000] {processor.py:840} INFO - DAG(s) 'ab_test_medallion_pipeline' retrieved from /opt/airflow/dags/pipeline_dag.py
[2026-05-06T21:34:14.266+0000] {logging_mixin.py:188} INFO - [2026-05-06T21:34:14.266+0000] {dag.py:3096} INFO - Sync 1 DAGs
[2026-05-06T21:34:14.309+0000] {logging_mixin.py:188} INFO - [2026-05-06T21:34:14.309+0000] {dag.py:3954} INFO - Setting next_dagrun for ab_test_medallion_pipeline to 2026-05-06 00:00:00+00:00, run_after=2026-05-07 00:00:00+00:00
[2026-05-06T21:34:14.357+0000] {processor.py:183} INFO - Processing /opt/airflow/dags/pipeline_dag.py took 0.232 seconds
[2026-05-06T21:34:44.476+0000] {processor.py:161} INFO - Started process (PID=747) to work on /opt/airflow/dags/pipeline_dag.py
[2026-05-06T21:34:44.478+0000] {processor.py:830} INFO - Processing file /opt/airflow/dags/pipeline_dag.py for tasks to queue
[2026-05-06T21:34:44.481+0000] {logging_mixin.py:188} INFO - [2026-05-06T21:34:44.480+0000] {dagbag.py:545} INFO - Filling up the DagBag from /opt/airflow/dags/pipeline_dag.py
[2026-05-06T21:34:44.504+0000] {processor.py:840} INFO - DAG(s) 'ab_test_medallion_pipeline' retrieved from /opt/airflow/dags/pipeline_dag.py
[2026-05-06T21:34:44.568+0000] {logging_mixin.py:188} INFO - [2026-05-06T21:34:44.567+0000] {dag.py:3096} INFO - Sync 1 DAGs
[2026-05-06T21:34:44.610+0000] {logging_mixin.py:188} INFO - [2026-05-06T21:34:44.609+0000] {dag.py:3954} INFO - Setting next_dagrun for ab_test_medallion_pipeline to 2026-05-06 00:00:00+00:00, run_after=2026-05-07 00:00:00+00:00
[2026-05-06T21:34:44.642+0000] {processor.py:183} INFO - Processing /opt/airflow/dags/pipeline_dag.py took 0.180 seconds
[2026-05-06T21:35:14.797+0000] {processor.py:161} INFO - Started process (PID=752) to work on /opt/airflow/dags/pipeline_dag.py
[2026-05-06T21:35:14.805+0000] {processor.py:830} INFO - Processing file /opt/airflow/dags/pipeline_dag.py for tasks to queue
[2026-05-06T21:35:14.833+0000] {logging_mixin.py:188} INFO - [2026-05-06T21:35:14.832+0000] {dagbag.py:545} INFO - Filling up the DagBag from /opt/airflow/dags/pipeline_dag.py
[2026-05-06T21:35:14.906+0000] {processor.py:840} INFO - DAG(s) 'ab_test_medallion_pipeline' retrieved from /opt/airflow/dags/pipeline_dag.py
[2026-05-06T21:35:15.004+0000] {logging_mixin.py:188} INFO - [2026-05-06T21:35:15.004+0000] {dag.py:3096} INFO - Sync 1 DAGs
[2026-05-06T21:35:15.091+0000] {logging_mixin.py:188} INFO - [2026-05-06T21:35:15.089+0000] {dag.py:3954} INFO - Setting next_dagrun for ab_test_medallion_pipeline to 2026-05-06 00:00:00+00:00, run_after=2026-05-07 00:00:00+00:00
[2026-05-06T21:35:15.140+0000] {processor.py:183} INFO - Processing /opt/airflow/dags/pipeline_dag.py took 0.389 seconds
[2026-05-06T21:35:45.415+0000] {processor.py:161} INFO - Started process (PID=757) to work on /opt/airflow/dags/pipeline_dag.py
[2026-05-06T21:35:45.417+0000] {processor.py:830} INFO - Processing file /opt/airflow/dags/pipeline_dag.py for tasks to queue
[2026-05-06T21:35:45.420+0000] {logging_mixin.py:188} INFO - [2026-05-06T21:35:45.420+0000] {dagbag.py:545} INFO - Filling up the DagBag from /opt/airflow/dags/pipeline_dag.py
[2026-05-06T21:35:45.461+0000] {processor.py:840} INFO - DAG(s) 'ab_test_medallion_pipeline' retrieved from /opt/airflow/dags/pipeline_dag.py
[2026-05-06T21:35:45.551+0000] {logging_mixin.py:188} INFO - [2026-05-06T21:35:45.551+0000] {dag.py:3096} INFO - Sync 1 DAGs
[2026-05-06T21:35:45.623+0000] {logging_mixin.py:188} INFO - [2026-05-06T21:35:45.623+0000] {dag.py:3954} INFO - Setting next_dagrun for ab_test_medallion_pipeline to 2026-05-06 00:00:00+00:00, run_after=2026-05-07 00:00:00+00:00
[2026-05-06T21:35:45.680+0000] {processor.py:183} INFO - Processing /opt/airflow/dags/pipeline_dag.py took 0.279 seconds
[2026-05-06T21:36:15.896+0000] {processor.py:161} INFO - Started process (PID=763) to work on /opt/airflow/dags/pipeline_dag.py
[2026-05-06T21:36:15.897+0000] {processor.py:830} INFO - Processing file /opt/airflow/dags/pipeline_dag.py for tasks to queue
[2026-05-06T21:36:15.902+0000] {logging_mixin.py:188} INFO - [2026-05-06T21:36:15.901+0000] {dagbag.py:545} INFO - Filling up the DagBag from /opt/airflow/dags/pipeline_dag.py
[2026-05-06T21:36:15.939+0000] {processor.py:840} INFO - DAG(s) 'ab_test_medallion_pipeline' retrieved from /opt/airflow/dags/pipeline_dag.py
[2026-05-06T21:36:16.006+0000] {logging_mixin.py:188} INFO - [2026-05-06T21:36:16.006+0000] {dag.py:3096} INFO - Sync 1 DAGs
[2026-05-06T21:36:16.067+0000] {logging_mixin.py:188} INFO - [2026-05-06T21:36:16.066+0000] {dag.py:3954} INFO - Setting next_dagrun for ab_test_medallion_pipeline to 2026-05-06 00:00:00+00:00, run_after=2026-05-07 00:00:00+00:00
[2026-05-06T21:36:16.110+0000] {processor.py:183} INFO - Processing /opt/airflow/dags/pipeline_dag.py took 0.228 seconds
[2026-05-06T21:36:46.353+0000] {processor.py:161} INFO - Started process (PID=878) to work on /opt/airflow/dags/pipeline_dag.py
[2026-05-06T21:36:46.355+0000] {processor.py:830} INFO - Processing file /opt/airflow/dags/pipeline_dag.py for tasks to queue
[2026-05-06T21:36:46.358+0000] {logging_mixin.py:188} INFO - [2026-05-06T21:36:46.358+0000] {dagbag.py:545} INFO - Filling up the DagBag from /opt/airflow/dags/pipeline_dag.py
[2026-05-06T21:36:46.431+0000] {processor.py:840} INFO - DAG(s) 'ab_test_medallion_pipeline' retrieved from /opt/airflow/dags/pipeline_dag.py
[2026-05-06T21:36:46.523+0000] {logging_mixin.py:188} INFO - [2026-05-06T21:36:46.523+0000] {dag.py:3096} INFO - Sync 1 DAGs
[2026-05-06T21:36:46.605+0000] {logging_mixin.py:188} INFO - [2026-05-06T21:36:46.605+0000] {dag.py:3954} INFO - Setting next_dagrun for ab_test_medallion_pipeline to 2026-05-06 00:00:00+00:00, run_after=2026-05-07 00:00:00+00:00
[2026-05-06T21:36:46.674+0000] {processor.py:183} INFO - Processing /opt/airflow/dags/pipeline_dag.py took 0.329 seconds
[2026-05-06T21:37:16.994+0000] {processor.py:161} INFO - Started process (PID=998) to work on /opt/airflow/dags/pipeline_dag.py
[2026-05-06T21:37:16.995+0000] {processor.py:830} INFO - Processing file /opt/airflow/dags/pipeline_dag.py for tasks to queue
[2026-05-06T21:37:16.999+0000] {logging_mixin.py:188} INFO - [2026-05-06T21:37:16.999+0000] {dagbag.py:545} INFO - Filling up the DagBag from /opt/airflow/dags/pipeline_dag.py
[2026-05-06T21:37:17.035+0000] {processor.py:840} INFO - DAG(s) 'ab_test_medallion_pipeline' retrieved from /opt/airflow/dags/pipeline_dag.py
[2026-05-06T21:37:17.106+0000] {logging_mixin.py:188} INFO - [2026-05-06T21:37:17.106+0000] {dag.py:3096} INFO - Sync 1 DAGs
[2026-05-06T21:37:17.150+0000] {logging_mixin.py:188} INFO - [2026-05-06T21:37:17.150+0000] {dag.py:3954} INFO - Setting next_dagrun for ab_test_medallion_pipeline to 2026-05-06 00:00:00+00:00, run_after=2026-05-07 00:00:00+00:00
[2026-05-06T21:37:17.184+0000] {processor.py:183} INFO - Processing /opt/airflow/dags/pipeline_dag.py took 0.202 seconds
[2026-05-06T21:37:47.436+0000] {processor.py:161} INFO - Started process (PID=1003) to work on /opt/airflow/dags/pipeline_dag.py
[2026-05-06T21:37:47.440+0000] {processor.py:830} INFO - Processing file /opt/airflow/dags/pipeline_dag.py for tasks to queue
[2026-05-06T21:37:47.446+0000] {logging_mixin.py:188} INFO - [2026-05-06T21:37:47.445+0000] {dagbag.py:545} INFO - Filling up the DagBag from /opt/airflow/dags/pipeline_dag.py
[2026-05-06T21:37:47.486+0000] {processor.py:840} INFO - DAG(s) 'ab_test_medallion_pipeline' retrieved from /opt/airflow/dags/pipeline_dag.py
[2026-05-06T21:37:47.564+0000] {logging_mixin.py:188} INFO - [2026-05-06T21:37:47.564+0000] {dag.py:3096} INFO - Sync 1 DAGs
[2026-05-06T21:37:47.634+0000] {logging_mixin.py:188} INFO - [2026-05-06T21:37:47.633+0000] {dag.py:3954} INFO - Setting next_dagrun for ab_test_medallion_pipeline to 2026-05-06 00:00:00+00:00, run_after=2026-05-07 00:00:00+00:00
[2026-05-06T21:37:47.684+0000] {processor.py:183} INFO - Processing /opt/airflow/dags/pipeline_dag.py took 0.266 seconds
[2026-05-06T21:38:17.948+0000] {processor.py:161} INFO - Started process (PID=1008) to work on /opt/airflow/dags/pipeline_dag.py
[2026-05-06T21:38:17.950+0000] {processor.py:830} INFO - Processing file /opt/airflow/dags/pipeline_dag.py for tasks to queue
[2026-05-06T21:38:17.956+0000] {logging_mixin.py:188} INFO - [2026-05-06T21:38:17.955+0000] {dagbag.py:545} INFO - Filling up the DagBag from /opt/airflow/dags/pipeline_dag.py
[2026-05-06T21:38:17.996+0000] {processor.py:840} INFO - DAG(s) 'ab_test_medallion_pipeline' retrieved from /opt/airflow/dags/pipeline_dag.py
[2026-05-06T21:38:18.126+0000] {logging_mixin.py:188} INFO - [2026-05-06T21:38:18.124+0000] {dag.py:3096} INFO - Sync 1 DAGs
[2026-05-06T21:38:18.208+0000] {logging_mixin.py:188} INFO - [2026-05-06T21:38:18.208+0000] {dag.py:3954} INFO - Setting next_dagrun for ab_test_medallion_pipeline to 2026-05-06 00:00:00+00:00, run_after=2026-05-07 00:00:00+00:00
[2026-05-06T21:38:18.255+0000] {processor.py:183} INFO - Processing /opt/airflow/dags/pipeline_dag.py took 0.322 seconds
[2026-05-06T21:38:48.469+0000] {processor.py:161} INFO - Started process (PID=1013) to work on /opt/airflow/dags/pipeline_dag.py
[2026-05-06T21:38:48.472+0000] {processor.py:830} INFO - Processing file /opt/airflow/dags/pipeline_dag.py for tasks to queue
[2026-05-06T21:38:48.477+0000] {logging_mixin.py:188} INFO - [2026-05-06T21:38:48.476+0000] {dagbag.py:545} INFO - Filling up the DagBag from /opt/airflow/dags/pipeline_dag.py
[2026-05-06T21:38:48.507+0000] {processor.py:840} INFO - DAG(s) 'ab_test_medallion_pipeline' retrieved from /opt/airflow/dags/pipeline_dag.py
[2026-05-06T21:38:48.577+0000] {logging_mixin.py:188} INFO - [2026-05-06T21:38:48.577+0000] {dag.py:3096} INFO - Sync 1 DAGs
[2026-05-06T21:38:48.637+0000] {logging_mixin.py:188} INFO - [2026-05-06T21:38:48.637+0000] {dag.py:3954} INFO - Setting next_dagrun for ab_test_medallion_pipeline to 2026-05-06 00:00:00+00:00, run_after=2026-05-07 00:00:00+00:00
[2026-05-06T21:38:48.690+0000] {processor.py:183} INFO - Processing /opt/airflow/dags/pipeline_dag.py took 0.235 seconds
[2026-05-06T21:39:19.033+0000] {processor.py:161} INFO - Started process (PID=1024) to work on /opt/airflow/dags/pipeline_dag.py
[2026-05-06T21:39:19.035+0000] {processor.py:830} INFO - Processing file /opt/airflow/dags/pipeline_dag.py for tasks to queue
[2026-05-06T21:39:19.041+0000] {logging_mixin.py:188} INFO - [2026-05-06T21:39:19.039+0000] {dagbag.py:545} INFO - Filling up the DagBag from /opt/airflow/dags/pipeline_dag.py
[2026-05-06T21:39:19.077+0000] {processor.py:840} INFO - DAG(s) 'ab_test_medallion_pipeline' retrieved from /opt/airflow/dags/pipeline_dag.py
[2026-05-06T21:39:19.170+0000] {logging_mixin.py:188} INFO - [2026-05-06T21:39:19.169+0000] {dag.py:3096} INFO - Sync 1 DAGs
[2026-05-06T21:39:19.249+0000] {logging_mixin.py:188} INFO - [2026-05-06T21:39:19.248+0000] {dag.py:3954} INFO - Setting next_dagrun for ab_test_medallion_pipeline to 2026-05-06 00:00:00+00:00, run_after=2026-05-07 00:00:00+00:00
[2026-05-06T21:39:19.296+0000] {processor.py:183} INFO - Processing /opt/airflow/dags/pipeline_dag.py took 0.303 seconds
[2026-05-06T21:39:49.582+0000] {processor.py:161} INFO - Started process (PID=1227) to work on /opt/airflow/dags/pipeline_dag.py
[2026-05-06T21:39:49.584+0000] {processor.py:830} INFO - Processing file /opt/airflow/dags/pipeline_dag.py for tasks to queue
[2026-05-06T21:39:49.590+0000] {logging_mixin.py:188} INFO - [2026-05-06T21:39:49.589+0000] {dagbag.py:545} INFO - Filling up the DagBag from /opt/airflow/dags/pipeline_dag.py
[2026-05-06T21:39:49.642+0000] {processor.py:840} INFO - DAG(s) 'ab_test_medallion_pipeline' retrieved from /opt/airflow/dags/pipeline_dag.py
[2026-05-06T21:39:49.831+0000] {logging_mixin.py:188} INFO - [2026-05-06T21:39:49.831+0000] {dag.py:3096} INFO - Sync 1 DAGs
[2026-05-06T21:39:49.985+0000] {logging_mixin.py:188} INFO - [2026-05-06T21:39:49.984+0000] {dag.py:3954} INFO - Setting next_dagrun for ab_test_medallion_pipeline to 2026-05-06 00:00:00+00:00, run_after=2026-05-07 00:00:00+00:00
[2026-05-06T21:39:50.052+0000] {processor.py:183} INFO - Processing /opt/airflow/dags/pipeline_dag.py took 0.490 seconds
[2026-05-06T21:40:20.292+0000] {processor.py:161} INFO - Started process (PID=1381) to work on /opt/airflow/dags/pipeline_dag.py
[2026-05-06T21:40:20.302+0000] {processor.py:830} INFO - Processing file /opt/airflow/dags/pipeline_dag.py for tasks to queue
[2026-05-06T21:40:20.308+0000] {logging_mixin.py:188} INFO - [2026-05-06T21:40:20.307+0000] {dagbag.py:545} INFO - Filling up the DagBag from /opt/airflow/dags/pipeline_dag.py
[2026-05-06T21:40:20.358+0000] {processor.py:840} INFO - DAG(s) 'ab_test_medallion_pipeline' retrieved from /opt/airflow/dags/pipeline_dag.py
[2026-05-06T21:40:20.483+0000] {logging_mixin.py:188} INFO - [2026-05-06T21:40:20.482+0000] {dag.py:3096} INFO - Sync 1 DAGs
[2026-05-06T21:40:20.550+0000] {logging_mixin.py:188} INFO - [2026-05-06T21:40:20.550+0000] {dag.py:3954} INFO - Setting next_dagrun for ab_test_medallion_pipeline to 2026-05-06 00:00:00+00:00, run_after=2026-05-07 00:00:00+00:00
[2026-05-06T21:40:20.603+0000] {processor.py:183} INFO - Processing /opt/airflow/dags/pipeline_dag.py took 0.366 seconds
[2026-05-06T21:40:50.966+0000] {processor.py:161} INFO - Started process (PID=1512) to work on /opt/airflow/dags/pipeline_dag.py
[2026-05-06T21:40:51.036+0000] {processor.py:830} INFO - Processing file /opt/airflow/dags/pipeline_dag.py for tasks to queue
[2026-05-06T21:40:51.055+0000] {logging_mixin.py:188} INFO - [2026-05-06T21:40:51.054+0000] {dagbag.py:545} INFO - Filling up the DagBag from /opt/airflow/dags/pipeline_dag.py
[2026-05-06T21:40:51.244+0000] {processor.py:840} INFO - DAG(s) 'ab_test_medallion_pipeline' retrieved from /opt/airflow/dags/pipeline_dag.py
[2026-05-06T21:40:51.516+0000] {logging_mixin.py:188} INFO - [2026-05-06T21:40:51.515+0000] {dag.py:3096} INFO - Sync 1 DAGs
[2026-05-06T21:40:50.808+0000] {logging_mixin.py:188} INFO - [2026-05-06T21:40:50.797+0000] {dag.py:3954} INFO - Setting next_dagrun for ab_test_medallion_pipeline to 2026-05-06 00:00:00+00:00, run_after=2026-05-07 00:00:00+00:00
[2026-05-06T21:40:51.023+0000] {processor.py:183} INFO - Processing /opt/airflow/dags/pipeline_dag.py took 1.239 seconds
[2026-05-06T21:41:24.554+0000] {processor.py:161} INFO - Started process (PID=1525) to work on /opt/airflow/dags/pipeline_dag.py
[2026-05-06T21:41:24.602+0000] {processor.py:830} INFO - Processing file /opt/airflow/dags/pipeline_dag.py for tasks to queue
[2026-05-06T21:41:25.127+0000] {logging_mixin.py:188} INFO - [2026-05-06T21:41:25.043+0000] {dagbag.py:545} INFO - Filling up the DagBag from /opt/airflow/dags/pipeline_dag.py
[2026-05-06T21:41:26.964+0000] {processor.py:840} INFO - DAG(s) 'ab_test_medallion_pipeline' retrieved from /opt/airflow/dags/pipeline_dag.py
[2026-05-06T21:41:27.917+0000] {logging_mixin.py:188} INFO - [2026-05-06T21:41:27.903+0000] {dag.py:3096} INFO - Sync 1 DAGs
[2026-05-06T21:41:29.412+0000] {logging_mixin.py:188} INFO - [2026-05-06T21:41:29.411+0000] {dag.py:3954} INFO - Setting next_dagrun for ab_test_medallion_pipeline to 2026-05-06 00:00:00+00:00, run_after=2026-05-07 00:00:00+00:00
[2026-05-06T21:41:29.879+0000] {processor.py:183} INFO - Processing /opt/airflow/dags/pipeline_dag.py took 7.206 seconds
[2026-05-06T21:42:00.582+0000] {processor.py:161} INFO - Started process (PID=1594) to work on /opt/airflow/dags/pipeline_dag.py
[2026-05-06T21:42:00.585+0000] {processor.py:830} INFO - Processing file /opt/airflow/dags/pipeline_dag.py for tasks to queue
[2026-05-06T21:42:00.602+0000] {logging_mixin.py:188} INFO - [2026-05-06T21:42:00.601+0000] {dagbag.py:545} INFO - Filling up the DagBag from /opt/airflow/dags/pipeline_dag.py
[2026-05-06T21:42:00.787+0000] {processor.py:840} INFO - DAG(s) 'ab_test_medallion_pipeline' retrieved from /opt/airflow/dags/pipeline_dag.py
[2026-05-06T21:42:01.178+0000] {logging_mixin.py:188} INFO - [2026-05-06T21:42:01.177+0000] {dag.py:3096} INFO - Sync 1 DAGs
[2026-05-06T21:42:01.364+0000] {logging_mixin.py:188} INFO - [2026-05-06T21:42:01.363+0000] {dag.py:3954} INFO - Setting next_dagrun for ab_test_medallion_pipeline to 2026-05-06 00:00:00+00:00, run_after=2026-05-07 00:00:00+00:00
[2026-05-06T21:42:01.496+0000] {processor.py:183} INFO - Processing /opt/airflow/dags/pipeline_dag.py took 0.964 seconds
[2026-05-06T21:42:31.951+0000] {processor.py:161} INFO - Started process (PID=1599) to work on /opt/airflow/dags/pipeline_dag.py
[2026-05-06T21:42:31.961+0000] {processor.py:830} INFO - Processing file /opt/airflow/dags/pipeline_dag.py for tasks to queue
[2026-05-06T21:42:31.977+0000] {logging_mixin.py:188} INFO - [2026-05-06T21:42:31.976+0000] {dagbag.py:545} INFO - Filling up the DagBag from /opt/airflow/dags/pipeline_dag.py
[2026-05-06T21:42:32.095+0000] {processor.py:840} INFO - DAG(s) 'ab_test_medallion_pipeline' retrieved from /opt/airflow/dags/pipeline_dag.py
[2026-05-06T21:42:32.512+0000] {logging_mixin.py:188} INFO - [2026-05-06T21:42:32.511+0000] {dag.py:3096} INFO - Sync 1 DAGs
[2026-05-06T21:42:33.005+0000] {logging_mixin.py:188} INFO - [2026-05-06T21:42:33.003+0000] {dag.py:3954} INFO - Setting next_dagrun for ab_test_medallion_pipeline to 2026-05-06 00:00:00+00:00, run_after=2026-05-07 00:00:00+00:00
[2026-05-06T21:42:33.317+0000] {processor.py:183} INFO - Processing /opt/airflow/dags/pipeline_dag.py took 1.409 seconds
[2026-05-06T21:43:03.947+0000] {processor.py:161} INFO - Started process (PID=1604) to work on /opt/airflow/dags/pipeline_dag.py
[2026-05-06T21:43:03.950+0000] {processor.py:830} INFO - Processing file /opt/airflow/dags/pipeline_dag.py for tasks to queue
[2026-05-06T21:43:03.956+0000] {logging_mixin.py:188} INFO - [2026-05-06T21:43:03.955+0000] {dagbag.py:545} INFO - Filling up the DagBag from /opt/airflow/dags/pipeline_dag.py
[2026-05-06T21:43:04.074+0000] {processor.py:840} INFO - DAG(s) 'ab_test_medallion_pipeline' retrieved from /opt/airflow/dags/pipeline_dag.py
[2026-05-06T21:43:04.556+0000] {logging_mixin.py:188} INFO - [2026-05-06T21:43:04.555+0000] {dag.py:3096} INFO - Sync 1 DAGs
[2026-05-06T21:43:04.735+0000] {logging_mixin.py:188} INFO - [2026-05-06T21:43:04.735+0000] {dag.py:3954} INFO - Setting next_dagrun for ab_test_medallion_pipeline to 2026-05-06 00:00:00+00:00, run_after=2026-05-07 00:00:00+00:00
[2026-05-06T21:43:04.846+0000] {processor.py:183} INFO - Processing /opt/airflow/dags/pipeline_dag.py took 0.936 seconds
[2026-05-06T21:43:35.193+0000] {processor.py:161} INFO - Started process (PID=1609) to work on /opt/airflow/dags/pipeline_dag.py
[2026-05-06T21:43:35.195+0000] {processor.py:830} INFO - Processing file /opt/airflow/dags/pipeline_dag.py for tasks to queue
[2026-05-06T21:43:35.198+0000] {logging_mixin.py:188} INFO - [2026-05-06T21:43:35.197+0000] {dagbag.py:545} INFO - Filling up the DagBag from /opt/airflow/dags/pipeline_dag.py
[2026-05-06T21:43:35.224+0000] {processor.py:840} INFO - DAG(s) 'ab_test_medallion_pipeline' retrieved from /opt/airflow/dags/pipeline_dag.py
[2026-05-06T21:43:35.294+0000] {logging_mixin.py:188} INFO - [2026-05-06T21:43:35.294+0000] {dag.py:3096} INFO - Sync 1 DAGs
[2026-05-06T21:43:35.527+0000] {logging_mixin.py:188} INFO - [2026-05-06T21:43:35.527+0000] {dag.py:3954} INFO - Setting next_dagrun for ab_test_medallion_pipeline to 2026-05-06 00:00:00+00:00, run_after=2026-05-07 00:00:00+00:00
[2026-05-06T21:43:35.574+0000] {processor.py:183} INFO - Processing /opt/airflow/dags/pipeline_dag.py took 0.395 seconds
[2026-05-06T21:44:05.810+0000] {processor.py:161} INFO - Started process (PID=1614) to work on /opt/airflow/dags/pipeline_dag.py
[2026-05-06T21:44:05.812+0000] {processor.py:830} INFO - Processing file /opt/airflow/dags/pipeline_dag.py for tasks to queue
[2026-05-06T21:44:05.829+0000] {logging_mixin.py:188} INFO - [2026-05-06T21:44:05.828+0000] {dagbag.py:545} INFO - Filling up the DagBag from /opt/airflow/dags/pipeline_dag.py
[2026-05-06T21:44:05.887+0000] {processor.py:840} INFO - DAG(s) 'ab_test_medallion_pipeline' retrieved from /opt/airflow/dags/pipeline_dag.py
[2026-05-06T21:44:05.956+0000] {logging_mixin.py:188} INFO - [2026-05-06T21:44:05.956+0000] {dag.py:3096} INFO - Sync 1 DAGs
[2026-05-06T21:44:06.001+0000] {logging_mixin.py:188} INFO - [2026-05-06T21:44:06.001+0000] {dag.py:3954} INFO - Setting next_dagrun for ab_test_medallion_pipeline to 2026-05-06 00:00:00+00:00, run_after=2026-05-07 00:00:00+00:00
[2026-05-06T21:44:06.032+0000] {processor.py:183} INFO - Processing /opt/airflow/dags/pipeline_dag.py took 0.242 seconds
[2026-05-06T21:44:36.261+0000] {processor.py:161} INFO - Started process (PID=1619) to work on /opt/airflow/dags/pipeline_dag.py
[2026-05-06T21:44:36.264+0000] {processor.py:830} INFO - Processing file /opt/airflow/dags/pipeline_dag.py for tasks to queue
[2026-05-06T21:44:36.267+0000] {logging_mixin.py:188} INFO - [2026-05-06T21:44:36.267+0000] {dagbag.py:545} INFO - Filling up the DagBag from /opt/airflow/dags/pipeline_dag.py
[2026-05-06T21:44:36.292+0000] {processor.py:840} INFO - DAG(s) 'ab_test_medallion_pipeline' retrieved from /opt/airflow/dags/pipeline_dag.py
[2026-05-06T21:44:36.366+0000] {logging_mixin.py:188} INFO - [2026-05-06T21:44:36.365+0000] {dag.py:3096} INFO - Sync 1 DAGs
[2026-05-06T21:44:36.441+0000] {logging_mixin.py:188} INFO - [2026-05-06T21:44:36.441+0000] {dag.py:3954} INFO - Setting next_dagrun for ab_test_medallion_pipeline to 2026-05-06 00:00:00+00:00, run_after=2026-05-07 00:00:00+00:00
[2026-05-06T21:44:36.497+0000] {processor.py:183} INFO - Processing /opt/airflow/dags/pipeline_dag.py took 0.249 seconds
[2026-05-06T21:45:06.750+0000] {processor.py:161} INFO - Started process (PID=1624) to work on /opt/airflow/dags/pipeline_dag.py
[2026-05-06T21:45:06.752+0000] {processor.py:830} INFO - Processing file /opt/airflow/dags/pipeline_dag.py for tasks to queue
[2026-05-06T21:45:06.757+0000] {logging_mixin.py:188} INFO - [2026-05-06T21:45:06.756+0000] {dagbag.py:545} INFO - Filling up the DagBag from /opt/airflow/dags/pipeline_dag.py
[2026-05-06T21:45:06.780+0000] {processor.py:840} INFO - DAG(s) 'ab_test_medallion_pipeline' retrieved from /opt/airflow/dags/pipeline_dag.py
[2026-05-06T21:45:06.849+0000] {logging_mixin.py:188} INFO - [2026-05-06T21:45:06.849+0000] {dag.py:3096} INFO - Sync 1 DAGs
[2026-05-06T21:45:06.922+0000] {logging_mixin.py:188} INFO - [2026-05-06T21:45:06.921+0000] {dag.py:3954} INFO - Setting next_dagrun for ab_test_medallion_pipeline to 2026-05-06 00:00:00+00:00, run_after=2026-05-07 00:00:00+00:00
[2026-05-06T21:45:06.960+0000] {processor.py:183} INFO - Processing /opt/airflow/dags/pipeline_dag.py took 0.222 seconds
[2026-05-06T21:45:37.147+0000] {processor.py:161} INFO - Started process (PID=1629) to work on /opt/airflow/dags/pipeline_dag.py
[2026-05-06T21:45:37.148+0000] {processor.py:830} INFO - Processing file /opt/airflow/dags/pipeline_dag.py for tasks to queue
[2026-05-06T21:45:37.152+0000] {logging_mixin.py:188} INFO - [2026-05-06T21:45:37.151+0000] {dagbag.py:545} INFO - Filling up the DagBag from /opt/airflow/dags/pipeline_dag.py
[2026-05-06T21:45:37.172+0000] {processor.py:840} INFO - DAG(s) 'ab_test_medallion_pipeline' retrieved from /opt/airflow/dags/pipeline_dag.py
[2026-05-06T21:45:37.223+0000] {logging_mixin.py:188} INFO - [2026-05-06T21:45:37.223+0000] {dag.py:3096} INFO - Sync 1 DAGs
[2026-05-06T21:45:37.282+0000] {logging_mixin.py:188} INFO - [2026-05-06T21:45:37.281+0000] {dag.py:3954} INFO - Setting next_dagrun for ab_test_medallion_pipeline to 2026-05-06 00:00:00+00:00, run_after=2026-05-07 00:00:00+00:00
[2026-05-06T21:45:37.338+0000] {processor.py:183} INFO - Processing /opt/airflow/dags/pipeline_dag.py took 0.205 seconds
[2026-05-06T21:46:07.477+0000] {processor.py:161} INFO - Started process (PID=1639) to work on /opt/airflow/dags/pipeline_dag.py
[2026-05-06T21:46:07.480+0000] {processor.py:830} INFO - Processing file /opt/airflow/dags/pipeline_dag.py for tasks to queue
[2026-05-06T21:46:07.483+0000] {logging_mixin.py:188} INFO - [2026-05-06T21:46:07.483+0000] {dagbag.py:545} INFO - Filling up the DagBag from /opt/airflow/dags/pipeline_dag.py
[2026-05-06T21:46:07.507+0000] {processor.py:840} INFO - DAG(s) 'ab_test_medallion_pipeline' retrieved from /opt/airflow/dags/pipeline_dag.py
[2026-05-06T21:46:07.610+0000] {logging_mixin.py:188} INFO - [2026-05-06T21:46:07.609+0000] {dag.py:3096} INFO - Sync 1 DAGs
[2026-05-06T21:46:07.683+0000] {logging_mixin.py:188} INFO - [2026-05-06T21:46:07.682+0000] {dag.py:3954} INFO - Setting next_dagrun for ab_test_medallion_pipeline to 2026-05-06 00:00:00+00:00, run_after=2026-05-07 00:00:00+00:00
[2026-05-06T21:46:07.766+0000] {processor.py:183} INFO - Processing /opt/airflow/dags/pipeline_dag.py took 0.298 seconds
[2026-05-06T21:46:37.975+0000] {processor.py:161} INFO - Started process (PID=1644) to work on /opt/airflow/dags/pipeline_dag.py
[2026-05-06T21:46:37.976+0000] {processor.py:830} INFO - Processing file /opt/airflow/dags/pipeline_dag.py for tasks to queue
[2026-05-06T21:46:37.980+0000] {logging_mixin.py:188} INFO - [2026-05-06T21:46:37.979+0000] {dagbag.py:545} INFO - Filling up the DagBag from /opt/airflow/dags/pipeline_dag.py
[2026-05-06T21:46:38.005+0000] {processor.py:840} INFO - DAG(s) 'ab_test_medallion_pipeline' retrieved from /opt/airflow/dags/pipeline_dag.py
[2026-05-06T21:46:38.060+0000] {logging_mixin.py:188} INFO - [2026-05-06T21:46:38.059+0000] {dag.py:3096} INFO - Sync 1 DAGs
[2026-05-06T21:46:38.119+0000] {logging_mixin.py:188} INFO - [2026-05-06T21:46:38.119+0000] {dag.py:3954} INFO - Setting next_dagrun for ab_test_medallion_pipeline to 2026-05-06 00:00:00+00:00, run_after=2026-05-07 00:00:00+00:00
[2026-05-06T21:46:38.161+0000] {processor.py:183} INFO - Processing /opt/airflow/dags/pipeline_dag.py took 0.201 seconds
[2026-05-06T21:47:08.309+0000] {processor.py:161} INFO - Started process (PID=1649) to work on /opt/airflow/dags/pipeline_dag.py
[2026-05-06T21:47:08.313+0000] {processor.py:830} INFO - Processing file /opt/airflow/dags/pipeline_dag.py for tasks to queue
[2026-05-06T21:47:08.318+0000] {logging_mixin.py:188} INFO - [2026-05-06T21:47:08.316+0000] {dagbag.py:545} INFO - Filling up the DagBag from /opt/airflow/dags/pipeline_dag.py
[2026-05-06T21:47:08.355+0000] {processor.py:840} INFO - DAG(s) 'ab_test_medallion_pipeline' retrieved from /opt/airflow/dags/pipeline_dag.py
[2026-05-06T21:47:08.439+0000] {logging_mixin.py:188} INFO - [2026-05-06T21:47:08.439+0000] {dag.py:3096} INFO - Sync 1 DAGs
[2026-05-06T21:47:08.520+0000] {logging_mixin.py:188} INFO - [2026-05-06T21:47:08.520+0000] {dag.py:3954} INFO - Setting next_dagrun for ab_test_medallion_pipeline to 2026-05-06 00:00:00+00:00, run_after=2026-05-07 00:00:00+00:00
[2026-05-06T21:47:08.575+0000] {processor.py:183} INFO - Processing /opt/airflow/dags/pipeline_dag.py took 0.289 seconds
[2026-05-06T21:47:38.779+0000] {processor.py:161} INFO - Started process (PID=1654) to work on /opt/airflow/dags/pipeline_dag.py
[2026-05-06T21:47:38.781+0000] {processor.py:830} INFO - Processing file /opt/airflow/dags/pipeline_dag.py for tasks to queue
[2026-05-06T21:47:38.786+0000] {logging_mixin.py:188} INFO - [2026-05-06T21:47:38.785+0000] {dagbag.py:545} INFO - Filling up the DagBag from /opt/airflow/dags/pipeline_dag.py
[2026-05-06T21:47:38.834+0000] {processor.py:840} INFO - DAG(s) 'ab_test_medallion_pipeline' retrieved from /opt/airflow/dags/pipeline_dag.py
[2026-05-06T21:47:38.924+0000] {logging_mixin.py:188} INFO - [2026-05-06T21:47:38.924+0000] {dag.py:3096} INFO - Sync 1 DAGs
[2026-05-06T21:47:38.995+0000] {logging_mixin.py:188} INFO - [2026-05-06T21:47:38.995+0000] {dag.py:3954} INFO - Setting next_dagrun for ab_test_medallion_pipeline to 2026-05-06 00:00:00+00:00, run_after=2026-05-07 00:00:00+00:00
[2026-05-06T21:47:39.061+0000] {processor.py:183} INFO - Processing /opt/airflow/dags/pipeline_dag.py took 0.301 seconds
[2026-05-06T21:48:09.439+0000] {processor.py:161} INFO - Started process (PID=1755) to work on /opt/airflow/dags/pipeline_dag.py
[2026-05-06T21:48:09.444+0000] {processor.py:830} INFO - Processing file /opt/airflow/dags/pipeline_dag.py for tasks to queue
[2026-05-06T21:48:09.462+0000] {logging_mixin.py:188} INFO - [2026-05-06T21:48:09.460+0000] {dagbag.py:545} INFO - Filling up the DagBag from /opt/airflow/dags/pipeline_dag.py
[2026-05-06T21:48:09.560+0000] {processor.py:840} INFO - DAG(s) 'ab_test_medallion_pipeline' retrieved from /opt/airflow/dags/pipeline_dag.py
[2026-05-06T21:48:10.067+0000] {logging_mixin.py:188} INFO - [2026-05-06T21:48:10.066+0000] {dag.py:3096} INFO - Sync 1 DAGs
[2026-05-06T21:48:10.344+0000] {logging_mixin.py:188} INFO - [2026-05-06T21:48:10.343+0000] {dag.py:3954} INFO - Setting next_dagrun for ab_test_medallion_pipeline to 2026-05-06 00:00:00+00:00, run_after=2026-05-07 00:00:00+00:00
[2026-05-06T21:48:10.510+0000] {processor.py:183} INFO - Processing /opt/airflow/dags/pipeline_dag.py took 1.156 seconds
[2026-05-06T21:48:40.818+0000] {processor.py:161} INFO - Started process (PID=1770) to work on /opt/airflow/dags/pipeline_dag.py
[2026-05-06T21:48:40.820+0000] {processor.py:830} INFO - Processing file /opt/airflow/dags/pipeline_dag.py for tasks to queue
[2026-05-06T21:48:40.826+0000] {logging_mixin.py:188} INFO - [2026-05-06T21:48:40.825+0000] {dagbag.py:545} INFO - Filling up the DagBag from /opt/airflow/dags/pipeline_dag.py
[2026-05-06T21:48:40.863+0000] {processor.py:840} INFO - DAG(s) 'ab_test_medallion_pipeline' retrieved from /opt/airflow/dags/pipeline_dag.py
[2026-05-06T21:48:40.940+0000] {logging_mixin.py:188} INFO - [2026-05-06T21:48:40.939+0000] {dag.py:3096} INFO - Sync 1 DAGs
[2026-05-06T21:48:40.982+0000] {logging_mixin.py:188} INFO - [2026-05-06T21:48:40.982+0000] {dag.py:3954} INFO - Setting next_dagrun for ab_test_medallion_pipeline to 2026-05-06 00:00:00+00:00, run_after=2026-05-07 00:00:00+00:00
[2026-05-06T21:48:41.024+0000] {processor.py:183} INFO - Processing /opt/airflow/dags/pipeline_dag.py took 0.231 seconds
[2026-05-06T21:49:11.222+0000] {processor.py:161} INFO - Started process (PID=1791) to work on /opt/airflow/dags/pipeline_dag.py
[2026-05-06T21:49:11.225+0000] {processor.py:830} INFO - Processing file /opt/airflow/dags/pipeline_dag.py for tasks to queue
[2026-05-06T21:49:11.231+0000] {logging_mixin.py:188} INFO - [2026-05-06T21:49:11.229+0000] {dagbag.py:545} INFO - Filling up the DagBag from /opt/airflow/dags/pipeline_dag.py
[2026-05-06T21:49:11.264+0000] {processor.py:840} INFO - DAG(s) 'ab_test_medallion_pipeline' retrieved from /opt/airflow/dags/pipeline_dag.py
[2026-05-06T21:49:11.358+0000] {logging_mixin.py:188} INFO - [2026-05-06T21:49:11.357+0000] {dag.py:3096} INFO - Sync 1 DAGs
[2026-05-06T21:49:11.419+0000] {logging_mixin.py:188} INFO - [2026-05-06T21:49:11.418+0000] {dag.py:3954} INFO - Setting next_dagrun for ab_test_medallion_pipeline to 2026-05-06 00:00:00+00:00, run_after=2026-05-07 00:00:00+00:00
[2026-05-06T21:49:11.469+0000] {processor.py:183} INFO - Processing /opt/airflow/dags/pipeline_dag.py took 0.269 seconds
[2026-05-06T21:49:41.780+0000] {processor.py:161} INFO - Started process (PID=1882) to work on /opt/airflow/dags/pipeline_dag.py
[2026-05-06T21:49:41.782+0000] {processor.py:830} INFO - Processing file /opt/airflow/dags/pipeline_dag.py for tasks to queue
[2026-05-06T21:49:41.789+0000] {logging_mixin.py:188} INFO - [2026-05-06T21:49:41.788+0000] {dagbag.py:545} INFO - Filling up the DagBag from /opt/airflow/dags/pipeline_dag.py
[2026-05-06T21:49:41.815+0000] {processor.py:840} INFO - DAG(s) 'ab_test_medallion_pipeline' retrieved from /opt/airflow/dags/pipeline_dag.py
[2026-05-06T21:49:41.866+0000] {logging_mixin.py:188} INFO - [2026-05-06T21:49:41.865+0000] {dag.py:3096} INFO - Sync 1 DAGs
[2026-05-06T21:49:41.903+0000] {logging_mixin.py:188} INFO - [2026-05-06T21:49:41.902+0000] {dag.py:3954} INFO - Setting next_dagrun for ab_test_medallion_pipeline to 2026-05-06 00:00:00+00:00, run_after=2026-05-07 00:00:00+00:00
[2026-05-06T21:49:41.936+0000] {processor.py:183} INFO - Processing /opt/airflow/dags/pipeline_dag.py took 0.171 seconds
[2026-05-06T21:50:12.126+0000] {processor.py:161} INFO - Started process (PID=1887) to work on /opt/airflow/dags/pipeline_dag.py
[2026-05-06T21:50:12.128+0000] {processor.py:830} INFO - Processing file /opt/airflow/dags/pipeline_dag.py for tasks to queue
[2026-05-06T21:50:12.132+0000] {logging_mixin.py:188} INFO - [2026-05-06T21:50:12.131+0000] {dagbag.py:545} INFO - Filling up the DagBag from /opt/airflow/dags/pipeline_dag.py
[2026-05-06T21:50:12.155+0000] {processor.py:840} INFO - DAG(s) 'ab_test_medallion_pipeline' retrieved from /opt/airflow/dags/pipeline_dag.py
[2026-05-06T21:50:12.218+0000] {logging_mixin.py:188} INFO - [2026-05-06T21:50:12.217+0000] {dag.py:3096} INFO - Sync 1 DAGs
[2026-05-06T21:50:12.265+0000] {logging_mixin.py:188} INFO - [2026-05-06T21:50:12.264+0000] {dag.py:3954} INFO - Setting next_dagrun for ab_test_medallion_pipeline to 2026-05-06 00:00:00+00:00, run_after=2026-05-07 00:00:00+00:00
[2026-05-06T21:50:12.301+0000] {processor.py:183} INFO - Processing /opt/airflow/dags/pipeline_dag.py took 0.193 seconds
[2026-05-06T21:50:42.441+0000] {processor.py:161} INFO - Started process (PID=1892) to work on /opt/airflow/dags/pipeline_dag.py
[2026-05-06T21:50:42.443+0000] {processor.py:830} INFO - Processing file /opt/airflow/dags/pipeline_dag.py for tasks to queue
[2026-05-06T21:50:42.447+0000] {logging_mixin.py:188} INFO - [2026-05-06T21:50:42.446+0000] {dagbag.py:545} INFO - Filling up the DagBag from /opt/airflow/dags/pipeline_dag.py
[2026-05-06T21:50:42.474+0000] {processor.py:840} INFO - DAG(s) 'ab_test_medallion_pipeline' retrieved from /opt/airflow/dags/pipeline_dag.py
[2026-05-06T21:50:42.543+0000] {logging_mixin.py:188} INFO - [2026-05-06T21:50:42.542+0000] {dag.py:3096} INFO - Sync 1 DAGs
[2026-05-06T21:50:42.588+0000] {logging_mixin.py:188} INFO - [2026-05-06T21:50:42.588+0000] {dag.py:3954} INFO - Setting next_dagrun for ab_test_medallion_pipeline to 2026-05-06 00:00:00+00:00, run_after=2026-05-07 00:00:00+00:00
[2026-05-06T21:50:42.632+0000] {processor.py:183} INFO - Processing /opt/airflow/dags/pipeline_dag.py took 0.203 seconds
[2026-05-06T21:51:12.812+0000] {processor.py:161} INFO - Started process (PID=1897) to work on /opt/airflow/dags/pipeline_dag.py
[2026-05-06T21:51:12.815+0000] {processor.py:830} INFO - Processing file /opt/airflow/dags/pipeline_dag.py for tasks to queue
[2026-05-06T21:51:12.820+0000] {logging_mixin.py:188} INFO - [2026-05-06T21:51:12.819+0000] {dagbag.py:545} INFO - Filling up the DagBag from /opt/airflow/dags/pipeline_dag.py
[2026-05-06T21:51:12.853+0000] {processor.py:840} INFO - DAG(s) 'ab_test_medallion_pipeline' retrieved from /opt/airflow/dags/pipeline_dag.py
[2026-05-06T21:51:12.940+0000] {logging_mixin.py:188} INFO - [2026-05-06T21:51:12.939+0000] {dag.py:3096} INFO - Sync 1 DAGs
[2026-05-06T21:51:13.018+0000] {logging_mixin.py:188} INFO - [2026-05-06T21:51:13.018+0000] {dag.py:3954} INFO - Setting next_dagrun for ab_test_medallion_pipeline to 2026-05-06 00:00:00+00:00, run_after=2026-05-07 00:00:00+00:00
[2026-05-06T21:51:13.114+0000] {processor.py:183} INFO - Processing /opt/airflow/dags/pipeline_dag.py took 0.326 seconds
[2026-05-06T21:51:43.338+0000] {processor.py:161} INFO - Started process (PID=1902) to work on /opt/airflow/dags/pipeline_dag.py
[2026-05-06T21:51:43.349+0000] {processor.py:830} INFO - Processing file /opt/airflow/dags/pipeline_dag.py for tasks to queue
[2026-05-06T21:51:43.354+0000] {logging_mixin.py:188} INFO - [2026-05-06T21:51:43.353+0000] {dagbag.py:545} INFO - Filling up the DagBag from /opt/airflow/dags/pipeline_dag.py
[2026-05-06T21:51:43.405+0000] {processor.py:840} INFO - DAG(s) 'ab_test_medallion_pipeline' retrieved from /opt/airflow/dags/pipeline_dag.py
[2026-05-06T21:51:43.552+0000] {logging_mixin.py:188} INFO - [2026-05-06T21:51:43.552+0000] {dag.py:3096} INFO - Sync 1 DAGs
[2026-05-06T21:51:43.645+0000] {logging_mixin.py:188} INFO - [2026-05-06T21:51:43.645+0000] {dag.py:3954} INFO - Setting next_dagrun for ab_test_medallion_pipeline to 2026-05-06 00:00:00+00:00, run_after=2026-05-07 00:00:00+00:00
[2026-05-06T21:51:43.722+0000] {processor.py:183} INFO - Processing /opt/airflow/dags/pipeline_dag.py took 0.407 seconds
[2026-05-06T21:52:14.047+0000] {processor.py:161} INFO - Started process (PID=1907) to work on /opt/airflow/dags/pipeline_dag.py
[2026-05-06T21:52:14.049+0000] {processor.py:830} INFO - Processing file /opt/airflow/dags/pipeline_dag.py for tasks to queue
[2026-05-06T21:52:14.056+0000] {logging_mixin.py:188} INFO - [2026-05-06T21:52:14.055+0000] {dagbag.py:545} INFO - Filling up the DagBag from /opt/airflow/dags/pipeline_dag.py
[2026-05-06T21:52:14.115+0000] {processor.py:840} INFO - DAG(s) 'ab_test_medallion_pipeline' retrieved from /opt/airflow/dags/pipeline_dag.py
[2026-05-06T21:52:14.259+0000] {logging_mixin.py:188} INFO - [2026-05-06T21:52:14.256+0000] {dag.py:3096} INFO - Sync 1 DAGs
[2026-05-06T21:52:14.364+0000] {logging_mixin.py:188} INFO - [2026-05-06T21:52:14.363+0000] {dag.py:3954} INFO - Setting next_dagrun for ab_test_medallion_pipeline to 2026-05-06 00:00:00+00:00, run_after=2026-05-07 00:00:00+00:00
[2026-05-06T21:52:14.498+0000] {processor.py:183} INFO - Processing /opt/airflow/dags/pipeline_dag.py took 0.473 seconds
[2026-05-06T21:52:44.686+0000] {processor.py:161} INFO - Started process (PID=1912) to work on /opt/airflow/dags/pipeline_dag.py
[2026-05-06T21:52:44.689+0000] {processor.py:830} INFO - Processing file /opt/airflow/dags/pipeline_dag.py for tasks to queue
[2026-05-06T21:52:44.702+0000] {logging_mixin.py:188} INFO - [2026-05-06T21:52:44.700+0000] {dagbag.py:545} INFO - Filling up the DagBag from /opt/airflow/dags/pipeline_dag.py
[2026-05-06T21:52:44.775+0000] {processor.py:840} INFO - DAG(s) 'ab_test_medallion_pipeline' retrieved from /opt/airflow/dags/pipeline_dag.py
[2026-05-06T21:52:44.897+0000] {logging_mixin.py:188} INFO - [2026-05-06T21:52:44.896+0000] {dag.py:3096} INFO - Sync 1 DAGs
[2026-05-06T21:52:45.002+0000] {logging_mixin.py:188} INFO - [2026-05-06T21:52:45.001+0000] {dag.py:3954} INFO - Setting next_dagrun for ab_test_medallion_pipeline to 2026-05-06 00:00:00+00:00, run_after=2026-05-07 00:00:00+00:00
[2026-05-06T21:52:45.093+0000] {processor.py:183} INFO - Processing /opt/airflow/dags/pipeline_dag.py took 0.434 seconds
[2026-05-06T21:53:15.323+0000] {processor.py:161} INFO - Started process (PID=1917) to work on /opt/airflow/dags/pipeline_dag.py
[2026-05-06T21:53:15.337+0000] {processor.py:830} INFO - Processing file /opt/airflow/dags/pipeline_dag.py for tasks to queue
[2026-05-06T21:53:15.385+0000] {logging_mixin.py:188} INFO - [2026-05-06T21:53:15.383+0000] {dagbag.py:545} INFO - Filling up the DagBag from /opt/airflow/dags/pipeline_dag.py
[2026-05-06T21:53:15.452+0000] {processor.py:840} INFO - DAG(s) 'ab_test_medallion_pipeline' retrieved from /opt/airflow/dags/pipeline_dag.py
[2026-05-06T21:53:15.575+0000] {logging_mixin.py:188} INFO - [2026-05-06T21:53:15.575+0000] {dag.py:3096} INFO - Sync 1 DAGs
[2026-05-06T21:53:15.685+0000] {logging_mixin.py:188} INFO - [2026-05-06T21:53:15.684+0000] {dag.py:3954} INFO - Setting next_dagrun for ab_test_medallion_pipeline to 2026-05-06 00:00:00+00:00, run_after=2026-05-07 00:00:00+00:00
[2026-05-06T21:53:15.792+0000] {processor.py:183} INFO - Processing /opt/airflow/dags/pipeline_dag.py took 0.510 seconds
[2026-05-06T21:53:46.117+0000] {processor.py:161} INFO - Started process (PID=1922) to work on /opt/airflow/dags/pipeline_dag.py
[2026-05-06T21:53:46.129+0000] {processor.py:830} INFO - Processing file /opt/airflow/dags/pipeline_dag.py for tasks to queue
[2026-05-06T21:53:46.134+0000] {logging_mixin.py:188} INFO - [2026-05-06T21:53:46.133+0000] {dagbag.py:545} INFO - Filling up the DagBag from /opt/airflow/dags/pipeline_dag.py
[2026-05-06T21:53:46.188+0000] {processor.py:840} INFO - DAG(s) 'ab_test_medallion_pipeline' retrieved from /opt/airflow/dags/pipeline_dag.py
[2026-05-06T21:53:46.335+0000] {logging_mixin.py:188} INFO - [2026-05-06T21:53:46.335+0000] {dag.py:3096} INFO - Sync 1 DAGs
[2026-05-06T21:53:46.440+0000] {logging_mixin.py:188} INFO - [2026-05-06T21:53:46.439+0000] {dag.py:3954} INFO - Setting next_dagrun for ab_test_medallion_pipeline to 2026-05-06 00:00:00+00:00, run_after=2026-05-07 00:00:00+00:00
[2026-05-06T21:53:46.547+0000] {processor.py:183} INFO - Processing /opt/airflow/dags/pipeline_dag.py took 0.467 seconds
[2026-05-06T21:54:17.036+0000] {processor.py:161} INFO - Started process (PID=2028) to work on /opt/airflow/dags/pipeline_dag.py
[2026-05-06T21:54:17.042+0000] {processor.py:830} INFO - Processing file /opt/airflow/dags/pipeline_dag.py for tasks to queue
[2026-05-06T21:54:17.060+0000] {logging_mixin.py:188} INFO - [2026-05-06T21:54:17.054+0000] {dagbag.py:545} INFO - Filling up the DagBag from /opt/airflow/dags/pipeline_dag.py
[2026-05-06T21:54:17.170+0000] {processor.py:840} INFO - DAG(s) 'ab_test_medallion_pipeline' retrieved from /opt/airflow/dags/pipeline_dag.py
[2026-05-06T21:54:17.333+0000] {logging_mixin.py:188} INFO - [2026-05-06T21:54:17.332+0000] {dag.py:3096} INFO - Sync 1 DAGs
[2026-05-06T21:54:17.437+0000] {logging_mixin.py:188} INFO - [2026-05-06T21:54:17.436+0000] {dag.py:3954} INFO - Setting next_dagrun for ab_test_medallion_pipeline to 2026-05-06 00:00:00+00:00, run_after=2026-05-07 00:00:00+00:00
[2026-05-06T21:54:17.550+0000] {processor.py:183} INFO - Processing /opt/airflow/dags/pipeline_dag.py took 0.554 seconds
[2026-05-06T21:54:48.393+0000] {processor.py:161} INFO - Started process (PID=2129) to work on /opt/airflow/dags/pipeline_dag.py
[2026-05-06T21:54:48.462+0000] {processor.py:830} INFO - Processing file /opt/airflow/dags/pipeline_dag.py for tasks to queue
[2026-05-06T21:54:48.482+0000] {logging_mixin.py:188} INFO - [2026-05-06T21:54:48.480+0000] {dagbag.py:545} INFO - Filling up the DagBag from /opt/airflow/dags/pipeline_dag.py
[2026-05-06T21:54:48.606+0000] {processor.py:840} INFO - DAG(s) 'ab_test_medallion_pipeline' retrieved from /opt/airflow/dags/pipeline_dag.py
[2026-05-06T21:54:48.772+0000] {logging_mixin.py:188} INFO - [2026-05-06T21:54:48.771+0000] {dag.py:3096} INFO - Sync 1 DAGs
[2026-05-06T21:54:49.003+0000] {logging_mixin.py:188} INFO - [2026-05-06T21:54:49.002+0000] {dag.py:3954} INFO - Setting next_dagrun for ab_test_medallion_pipeline to 2026-05-06 00:00:00+00:00, run_after=2026-05-07 00:00:00+00:00
[2026-05-06T21:54:49.169+0000] {processor.py:183} INFO - Processing /opt/airflow/dags/pipeline_dag.py took 0.902 seconds
[2026-05-06T21:55:20.048+0000] {processor.py:161} INFO - Started process (PID=2162) to work on /opt/airflow/dags/pipeline_dag.py
[2026-05-06T21:55:20.050+0000] {processor.py:830} INFO - Processing file /opt/airflow/dags/pipeline_dag.py for tasks to queue
[2026-05-06T21:55:20.059+0000] {logging_mixin.py:188} INFO - [2026-05-06T21:55:20.055+0000] {dagbag.py:545} INFO - Filling up the DagBag from /opt/airflow/dags/pipeline_dag.py
[2026-05-06T21:55:20.115+0000] {processor.py:840} INFO - DAG(s) 'ab_test_medallion_pipeline' retrieved from /opt/airflow/dags/pipeline_dag.py
[2026-05-06T21:55:20.261+0000] {logging_mixin.py:188} INFO - [2026-05-06T21:55:20.260+0000] {dag.py:3096} INFO - Sync 1 DAGs
[2026-05-06T21:55:20.485+0000] {logging_mixin.py:188} INFO - [2026-05-06T21:55:20.482+0000] {dag.py:3954} INFO - Setting next_dagrun for ab_test_medallion_pipeline to 2026-05-06 00:00:00+00:00, run_after=2026-05-07 00:00:00+00:00
[2026-05-06T21:55:20.546+0000] {processor.py:183} INFO - Processing /opt/airflow/dags/pipeline_dag.py took 0.520 seconds
[2026-05-06T21:55:50.928+0000] {processor.py:161} INFO - Started process (PID=2358) to work on /opt/airflow/dags/pipeline_dag.py
[2026-05-06T21:55:50.942+0000] {processor.py:830} INFO - Processing file /opt/airflow/dags/pipeline_dag.py for tasks to queue
[2026-05-06T21:55:50.963+0000] {logging_mixin.py:188} INFO - [2026-05-06T21:55:50.961+0000] {dagbag.py:545} INFO - Filling up the DagBag from /opt/airflow/dags/pipeline_dag.py
[2026-05-06T21:55:51.073+0000] {processor.py:840} INFO - DAG(s) 'ab_test_medallion_pipeline' retrieved from /opt/airflow/dags/pipeline_dag.py
[2026-05-06T21:55:51.281+0000] {logging_mixin.py:188} INFO - [2026-05-06T21:55:51.280+0000] {dag.py:3096} INFO - Sync 1 DAGs
[2026-05-06T21:55:51.399+0000] {logging_mixin.py:188} INFO - [2026-05-06T21:55:51.397+0000] {dag.py:3954} INFO - Setting next_dagrun for ab_test_medallion_pipeline to 2026-05-06 00:00:00+00:00, run_after=2026-05-07 00:00:00+00:00
[2026-05-06T21:55:51.483+0000] {processor.py:183} INFO - Processing /opt/airflow/dags/pipeline_dag.py took 0.606 seconds
[2026-05-06T21:56:21.875+0000] {processor.py:161} INFO - Started process (PID=2428) to work on /opt/airflow/dags/pipeline_dag.py
[2026-05-06T21:56:21.877+0000] {processor.py:830} INFO - Processing file /opt/airflow/dags/pipeline_dag.py for tasks to queue
[2026-05-06T21:56:21.889+0000] {logging_mixin.py:188} INFO - [2026-05-06T21:56:21.883+0000] {dagbag.py:545} INFO - Filling up the DagBag from /opt/airflow/dags/pipeline_dag.py
[2026-05-06T21:56:21.937+0000] {processor.py:840} INFO - DAG(s) 'ab_test_medallion_pipeline' retrieved from /opt/airflow/dags/pipeline_dag.py
[2026-05-06T21:56:22.097+0000] {logging_mixin.py:188} INFO - [2026-05-06T21:56:22.097+0000] {dag.py:3096} INFO - Sync 1 DAGs
[2026-05-06T21:56:22.160+0000] {logging_mixin.py:188} INFO - [2026-05-06T21:56:22.159+0000] {dag.py:3954} INFO - Setting next_dagrun for ab_test_medallion_pipeline to 2026-05-06 00:00:00+00:00, run_after=2026-05-07 00:00:00+00:00
[2026-05-06T21:56:22.213+0000] {processor.py:183} INFO - Processing /opt/airflow/dags/pipeline_dag.py took 0.383 seconds
[2026-05-06T21:56:52.448+0000] {processor.py:161} INFO - Started process (PID=2438) to work on /opt/airflow/dags/pipeline_dag.py
[2026-05-06T21:56:52.454+0000] {processor.py:830} INFO - Processing file /opt/airflow/dags/pipeline_dag.py for tasks to queue
[2026-05-06T21:56:52.477+0000] {logging_mixin.py:188} INFO - [2026-05-06T21:56:52.472+0000] {dagbag.py:545} INFO - Filling up the DagBag from /opt/airflow/dags/pipeline_dag.py
[2026-05-06T21:56:52.557+0000] {processor.py:840} INFO - DAG(s) 'ab_test_medallion_pipeline' retrieved from /opt/airflow/dags/pipeline_dag.py
[2026-05-06T21:56:52.676+0000] {logging_mixin.py:188} INFO - [2026-05-06T21:56:52.675+0000] {dag.py:3096} INFO - Sync 1 DAGs
[2026-05-06T21:56:52.784+0000] {logging_mixin.py:188} INFO - [2026-05-06T21:56:52.784+0000] {dag.py:3954} INFO - Setting next_dagrun for ab_test_medallion_pipeline to 2026-05-06 00:00:00+00:00, run_after=2026-05-07 00:00:00+00:00
[2026-05-06T21:56:52.839+0000] {processor.py:183} INFO - Processing /opt/airflow/dags/pipeline_dag.py took 0.414 seconds
[2026-05-06T21:57:23.119+0000] {processor.py:161} INFO - Started process (PID=2443) to work on /opt/airflow/dags/pipeline_dag.py
[2026-05-06T21:57:23.124+0000] {processor.py:830} INFO - Processing file /opt/airflow/dags/pipeline_dag.py for tasks to queue
[2026-05-06T21:57:23.129+0000] {logging_mixin.py:188} INFO - [2026-05-06T21:57:23.128+0000] {dagbag.py:545} INFO - Filling up the DagBag from /opt/airflow/dags/pipeline_dag.py
[2026-05-06T21:57:23.164+0000] {processor.py:840} INFO - DAG(s) 'ab_test_medallion_pipeline' retrieved from /opt/airflow/dags/pipeline_dag.py
[2026-05-06T21:57:23.241+0000] {logging_mixin.py:188} INFO - [2026-05-06T21:57:23.241+0000] {dag.py:3096} INFO - Sync 1 DAGs
[2026-05-06T21:57:23.411+0000] {logging_mixin.py:188} INFO - [2026-05-06T21:57:23.411+0000] {dag.py:3954} INFO - Setting next_dagrun for ab_test_medallion_pipeline to 2026-05-06 00:00:00+00:00, run_after=2026-05-07 00:00:00+00:00
[2026-05-06T21:57:23.484+0000] {processor.py:183} INFO - Processing /opt/airflow/dags/pipeline_dag.py took 0.376 seconds
[2026-05-06T21:57:53.642+0000] {processor.py:161} INFO - Started process (PID=2448) to work on /opt/airflow/dags/pipeline_dag.py
[2026-05-06T21:57:53.645+0000] {processor.py:830} INFO - Processing file /opt/airflow/dags/pipeline_dag.py for tasks to queue
[2026-05-06T21:57:53.649+0000] {logging_mixin.py:188} INFO - [2026-05-06T21:57:53.649+0000] {dagbag.py:545} INFO - Filling up the DagBag from /opt/airflow/dags/pipeline_dag.py
[2026-05-06T21:57:53.670+0000] {processor.py:840} INFO - DAG(s) 'ab_test_medallion_pipeline' retrieved from /opt/airflow/dags/pipeline_dag.py
[2026-05-06T21:57:53.740+0000] {logging_mixin.py:188} INFO - [2026-05-06T21:57:53.740+0000] {dag.py:3096} INFO - Sync 1 DAGs
[2026-05-06T21:57:53.801+0000] {logging_mixin.py:188} INFO - [2026-05-06T21:57:53.801+0000] {dag.py:3954} INFO - Setting next_dagrun for ab_test_medallion_pipeline to 2026-05-06 00:00:00+00:00, run_after=2026-05-07 00:00:00+00:00
[2026-05-06T21:57:53.844+0000] {processor.py:183} INFO - Processing /opt/airflow/dags/pipeline_dag.py took 0.213 seconds
[2026-05-06T21:58:24.120+0000] {processor.py:161} INFO - Started process (PID=2453) to work on /opt/airflow/dags/pipeline_dag.py
[2026-05-06T21:58:24.342+0000] {processor.py:830} INFO - Processing file /opt/airflow/dags/pipeline_dag.py for tasks to queue
[2026-05-06T21:58:24.350+0000] {logging_mixin.py:188} INFO - [2026-05-06T21:58:24.349+0000] {dagbag.py:545} INFO - Filling up the DagBag from /opt/airflow/dags/pipeline_dag.py
[2026-05-06T21:58:24.405+0000] {processor.py:840} INFO - DAG(s) 'ab_test_medallion_pipeline' retrieved from /opt/airflow/dags/pipeline_dag.py
[2026-05-06T21:58:24.517+0000] {logging_mixin.py:188} INFO - [2026-05-06T21:58:24.516+0000] {dag.py:3096} INFO - Sync 1 DAGs
[2026-05-06T21:58:24.593+0000] {logging_mixin.py:188} INFO - [2026-05-06T21:58:24.593+0000] {dag.py:3954} INFO - Setting next_dagrun for ab_test_medallion_pipeline to 2026-05-06 00:00:00+00:00, run_after=2026-05-07 00:00:00+00:00
[2026-05-06T21:58:24.971+0000] {processor.py:183} INFO - Processing /opt/airflow/dags/pipeline_dag.py took 0.868 seconds
[2026-05-06T21:58:55.155+0000] {processor.py:161} INFO - Started process (PID=2458) to work on /opt/airflow/dags/pipeline_dag.py
[2026-05-06T21:58:55.158+0000] {processor.py:830} INFO - Processing file /opt/airflow/dags/pipeline_dag.py for tasks to queue
[2026-05-06T21:58:55.164+0000] {logging_mixin.py:188} INFO - [2026-05-06T21:58:55.163+0000] {dagbag.py:545} INFO - Filling up the DagBag from /opt/airflow/dags/pipeline_dag.py
[2026-05-06T21:58:55.230+0000] {processor.py:840} INFO - DAG(s) 'ab_test_medallion_pipeline' retrieved from /opt/airflow/dags/pipeline_dag.py
[2026-05-06T21:58:55.360+0000] {logging_mixin.py:188} INFO - [2026-05-06T21:58:55.360+0000] {dag.py:3096} INFO - Sync 1 DAGs
[2026-05-06T21:58:55.436+0000] {logging_mixin.py:188} INFO - [2026-05-06T21:58:55.436+0000] {dag.py:3954} INFO - Setting next_dagrun for ab_test_medallion_pipeline to 2026-05-06 00:00:00+00:00, run_after=2026-05-07 00:00:00+00:00
[2026-05-06T21:58:55.490+0000] {processor.py:183} INFO - Processing /opt/airflow/dags/pipeline_dag.py took 0.363 seconds
[2026-05-06T21:59:25.633+0000] {processor.py:161} INFO - Started process (PID=2463) to work on /opt/airflow/dags/pipeline_dag.py
[2026-05-06T21:59:25.657+0000] {processor.py:830} INFO - Processing file /opt/airflow/dags/pipeline_dag.py for tasks to queue
[2026-05-06T21:59:25.660+0000] {logging_mixin.py:188} INFO - [2026-05-06T21:59:25.659+0000] {dagbag.py:545} INFO - Filling up the DagBag from /opt/airflow/dags/pipeline_dag.py
[2026-05-06T21:59:25.686+0000] {processor.py:840} INFO - DAG(s) 'ab_test_medallion_pipeline' retrieved from /opt/airflow/dags/pipeline_dag.py
[2026-05-06T21:59:25.814+0000] {logging_mixin.py:188} INFO - [2026-05-06T21:59:25.813+0000] {dag.py:3096} INFO - Sync 1 DAGs
[2026-05-06T21:59:25.931+0000] {logging_mixin.py:188} INFO - [2026-05-06T21:59:25.930+0000] {dag.py:3954} INFO - Setting next_dagrun for ab_test_medallion_pipeline to 2026-05-06 00:00:00+00:00, run_after=2026-05-07 00:00:00+00:00
[2026-05-06T21:59:26.002+0000] {processor.py:183} INFO - Processing /opt/airflow/dags/pipeline_dag.py took 0.394 seconds
[2026-05-06T21:59:56.208+0000] {processor.py:161} INFO - Started process (PID=2468) to work on /opt/airflow/dags/pipeline_dag.py
[2026-05-06T21:59:56.210+0000] {processor.py:830} INFO - Processing file /opt/airflow/dags/pipeline_dag.py for tasks to queue
[2026-05-06T21:59:56.227+0000] {logging_mixin.py:188} INFO - [2026-05-06T21:59:56.226+0000] {dagbag.py:545} INFO - Filling up the DagBag from /opt/airflow/dags/pipeline_dag.py
[2026-05-06T21:59:56.316+0000] {processor.py:840} INFO - DAG(s) 'ab_test_medallion_pipeline' retrieved from /opt/airflow/dags/pipeline_dag.py
[2026-05-06T21:59:56.503+0000] {logging_mixin.py:188} INFO - [2026-05-06T21:59:56.502+0000] {dag.py:3096} INFO - Sync 1 DAGs
[2026-05-06T21:59:56.615+0000] {logging_mixin.py:188} INFO - [2026-05-06T21:59:56.615+0000] {dag.py:3954} INFO - Setting next_dagrun for ab_test_medallion_pipeline to 2026-05-06 00:00:00+00:00, run_after=2026-05-07 00:00:00+00:00
[2026-05-06T21:59:56.742+0000] {processor.py:183} INFO - Processing /opt/airflow/dags/pipeline_dag.py took 0.558 seconds
[2026-05-06T22:00:26.828+0000] {processor.py:161} INFO - Started process (PID=2473) to work on /opt/airflow/dags/pipeline_dag.py
[2026-05-06T22:00:26.835+0000] {processor.py:830} INFO - Processing file /opt/airflow/dags/pipeline_dag.py for tasks to queue
[2026-05-06T22:00:26.847+0000] {logging_mixin.py:188} INFO - [2026-05-06T22:00:26.846+0000] {dagbag.py:545} INFO - Filling up the DagBag from /opt/airflow/dags/pipeline_dag.py
[2026-05-06T22:00:26.957+0000] {processor.py:840} INFO - DAG(s) 'ab_test_medallion_pipeline' retrieved from /opt/airflow/dags/pipeline_dag.py
[2026-05-06T22:00:27.190+0000] {logging_mixin.py:188} INFO - [2026-05-06T22:00:27.189+0000] {dag.py:3096} INFO - Sync 1 DAGs
[2026-05-06T22:00:27.287+0000] {logging_mixin.py:188} INFO - [2026-05-06T22:00:27.287+0000] {dag.py:3954} INFO - Setting next_dagrun for ab_test_medallion_pipeline to 2026-05-06 00:00:00+00:00, run_after=2026-05-07 00:00:00+00:00
[2026-05-06T22:00:27.372+0000] {processor.py:183} INFO - Processing /opt/airflow/dags/pipeline_dag.py took 0.562 seconds
[2026-05-06T22:00:57.672+0000] {processor.py:161} INFO - Started process (PID=2478) to work on /opt/airflow/dags/pipeline_dag.py
[2026-05-06T22:00:57.674+0000] {processor.py:830} INFO - Processing file /opt/airflow/dags/pipeline_dag.py for tasks to queue
[2026-05-06T22:00:57.677+0000] {logging_mixin.py:188} INFO - [2026-05-06T22:00:57.677+0000] {dagbag.py:545} INFO - Filling up the DagBag from /opt/airflow/dags/pipeline_dag.py
[2026-05-06T22:00:57.702+0000] {processor.py:840} INFO - DAG(s) 'ab_test_medallion_pipeline' retrieved from /opt/airflow/dags/pipeline_dag.py
[2026-05-06T22:00:57.757+0000] {logging_mixin.py:188} INFO - [2026-05-06T22:00:57.756+0000] {dag.py:3096} INFO - Sync 1 DAGs
[2026-05-06T22:00:57.798+0000] {logging_mixin.py:188} INFO - [2026-05-06T22:00:57.798+0000] {dag.py:3954} INFO - Setting next_dagrun for ab_test_medallion_pipeline to 2026-05-06 00:00:00+00:00, run_after=2026-05-07 00:00:00+00:00
[2026-05-06T22:00:57.843+0000] {processor.py:183} INFO - Processing /opt/airflow/dags/pipeline_dag.py took 0.187 seconds
[2026-05-06T22:01:28.035+0000] {processor.py:161} INFO - Started process (PID=2488) to work on /opt/airflow/dags/pipeline_dag.py
[2026-05-06T22:01:28.037+0000] {processor.py:830} INFO - Processing file /opt/airflow/dags/pipeline_dag.py for tasks to queue
[2026-05-06T22:01:28.040+0000] {logging_mixin.py:188} INFO - [2026-05-06T22:01:28.040+0000] {dagbag.py:545} INFO - Filling up the DagBag from /opt/airflow/dags/pipeline_dag.py
[2026-05-06T22:01:28.068+0000] {processor.py:840} INFO - DAG(s) 'ab_test_medallion_pipeline' retrieved from /opt/airflow/dags/pipeline_dag.py
[2026-05-06T22:01:28.134+0000] {logging_mixin.py:188} INFO - [2026-05-06T22:01:28.134+0000] {dag.py:3096} INFO - Sync 1 DAGs
[2026-05-06T22:01:28.191+0000] {logging_mixin.py:188} INFO - [2026-05-06T22:01:28.191+0000] {dag.py:3954} INFO - Setting next_dagrun for ab_test_medallion_pipeline to 2026-05-06 00:00:00+00:00, run_after=2026-05-07 00:00:00+00:00
[2026-05-06T22:01:28.236+0000] {processor.py:183} INFO - Processing /opt/airflow/dags/pipeline_dag.py took 0.213 seconds
[2026-05-06T22:01:58.626+0000] {processor.py:161} INFO - Started process (PID=2493) to work on /opt/airflow/dags/pipeline_dag.py
[2026-05-06T22:01:58.647+0000] {processor.py:830} INFO - Processing file /opt/airflow/dags/pipeline_dag.py for tasks to queue
[2026-05-06T22:01:58.654+0000] {logging_mixin.py:188} INFO - [2026-05-06T22:01:58.652+0000] {dagbag.py:545} INFO - Filling up the DagBag from /opt/airflow/dags/pipeline_dag.py
[2026-05-06T22:01:58.708+0000] {processor.py:840} INFO - DAG(s) 'ab_test_medallion_pipeline' retrieved from /opt/airflow/dags/pipeline_dag.py
[2026-05-06T22:01:58.898+0000] {logging_mixin.py:188} INFO - [2026-05-06T22:01:58.897+0000] {dag.py:3096} INFO - Sync 1 DAGs
[2026-05-06T22:01:59.059+0000] {logging_mixin.py:188} INFO - [2026-05-06T22:01:59.059+0000] {dag.py:3954} INFO - Setting next_dagrun for ab_test_medallion_pipeline to 2026-05-06 00:00:00+00:00, run_after=2026-05-07 00:00:00+00:00
[2026-05-06T22:01:59.144+0000] {processor.py:183} INFO - Processing /opt/airflow/dags/pipeline_dag.py took 0.553 seconds
[2026-05-06T22:02:29.454+0000] {processor.py:161} INFO - Started process (PID=2498) to work on /opt/airflow/dags/pipeline_dag.py
[2026-05-06T22:02:29.458+0000] {processor.py:830} INFO - Processing file /opt/airflow/dags/pipeline_dag.py for tasks to queue
[2026-05-06T22:02:29.463+0000] {logging_mixin.py:188} INFO - [2026-05-06T22:02:29.462+0000] {dagbag.py:545} INFO - Filling up the DagBag from /opt/airflow/dags/pipeline_dag.py
[2026-05-06T22:02:29.522+0000] {processor.py:840} INFO - DAG(s) 'ab_test_medallion_pipeline' retrieved from /opt/airflow/dags/pipeline_dag.py
[2026-05-06T22:02:29.676+0000] {logging_mixin.py:188} INFO - [2026-05-06T22:02:29.675+0000] {dag.py:3096} INFO - Sync 1 DAGs
[2026-05-06T22:02:29.760+0000] {logging_mixin.py:188} INFO - [2026-05-06T22:02:29.760+0000] {dag.py:3954} INFO - Setting next_dagrun for ab_test_medallion_pipeline to 2026-05-06 00:00:00+00:00, run_after=2026-05-07 00:00:00+00:00
[2026-05-06T22:02:29.837+0000] {processor.py:183} INFO - Processing /opt/airflow/dags/pipeline_dag.py took 0.403 seconds
[2026-05-06T22:03:00.207+0000] {processor.py:161} INFO - Started process (PID=2503) to work on /opt/airflow/dags/pipeline_dag.py
[2026-05-06T22:03:00.220+0000] {processor.py:830} INFO - Processing file /opt/airflow/dags/pipeline_dag.py for tasks to queue
[2026-05-06T22:03:00.236+0000] {logging_mixin.py:188} INFO - [2026-05-06T22:03:00.225+0000] {dagbag.py:545} INFO - Filling up the DagBag from /opt/airflow/dags/pipeline_dag.py
[2026-05-06T22:03:00.363+0000] {processor.py:840} INFO - DAG(s) 'ab_test_medallion_pipeline' retrieved from /opt/airflow/dags/pipeline_dag.py
[2026-05-06T22:03:01.063+0000] {logging_mixin.py:188} INFO - [2026-05-06T22:03:01.063+0000] {dag.py:3096} INFO - Sync 1 DAGs
[2026-05-06T22:03:01.287+0000] {logging_mixin.py:188} INFO - [2026-05-06T22:03:01.287+0000] {dag.py:3954} INFO - Setting next_dagrun for ab_test_medallion_pipeline to 2026-05-06 00:00:00+00:00, run_after=2026-05-07 00:00:00+00:00
[2026-05-06T22:03:01.415+0000] {processor.py:183} INFO - Processing /opt/airflow/dags/pipeline_dag.py took 1.266 seconds
[2026-05-06T22:03:31.925+0000] {processor.py:161} INFO - Started process (PID=2611) to work on /opt/airflow/dags/pipeline_dag.py
[2026-05-06T22:03:31.950+0000] {processor.py:830} INFO - Processing file /opt/airflow/dags/pipeline_dag.py for tasks to queue
[2026-05-06T22:03:32.004+0000] {logging_mixin.py:188} INFO - [2026-05-06T22:03:32.003+0000] {dagbag.py:545} INFO - Filling up the DagBag from /opt/airflow/dags/pipeline_dag.py
[2026-05-06T22:03:32.189+0000] {processor.py:840} INFO - DAG(s) 'ab_test_medallion_pipeline' retrieved from /opt/airflow/dags/pipeline_dag.py
[2026-05-06T22:03:32.599+0000] {logging_mixin.py:188} INFO - [2026-05-06T22:03:32.598+0000] {dag.py:3096} INFO - Sync 1 DAGs
[2026-05-06T22:03:32.917+0000] {logging_mixin.py:188} INFO - [2026-05-06T22:03:32.917+0000] {dag.py:3954} INFO - Setting next_dagrun for ab_test_medallion_pipeline to 2026-05-06 00:00:00+00:00, run_after=2026-05-07 00:00:00+00:00
[2026-05-06T22:03:33.247+0000] {processor.py:183} INFO - Processing /opt/airflow/dags/pipeline_dag.py took 1.484 seconds
[2026-05-06T22:04:03.629+0000] {processor.py:161} INFO - Started process (PID=2628) to work on /opt/airflow/dags/pipeline_dag.py
[2026-05-06T22:04:03.631+0000] {processor.py:830} INFO - Processing file /opt/airflow/dags/pipeline_dag.py for tasks to queue
[2026-05-06T22:04:03.661+0000] {logging_mixin.py:188} INFO - [2026-05-06T22:04:03.647+0000] {dagbag.py:545} INFO - Filling up the DagBag from /opt/airflow/dags/pipeline_dag.py
[2026-05-06T22:04:03.865+0000] {processor.py:840} INFO - DAG(s) 'ab_test_medallion_pipeline' retrieved from /opt/airflow/dags/pipeline_dag.py
[2026-05-06T22:04:04.331+0000] {logging_mixin.py:188} INFO - [2026-05-06T22:04:04.312+0000] {dag.py:3096} INFO - Sync 1 DAGs
[2026-05-06T22:04:04.525+0000] {logging_mixin.py:188} INFO - [2026-05-06T22:04:04.525+0000] {dag.py:3954} INFO - Setting next_dagrun for ab_test_medallion_pipeline to 2026-05-06 00:00:00+00:00, run_after=2026-05-07 00:00:00+00:00
[2026-05-06T22:04:04.625+0000] {processor.py:183} INFO - Processing /opt/airflow/dags/pipeline_dag.py took 1.060 seconds
[2026-05-06T22:04:35.212+0000] {processor.py:161} INFO - Started process (PID=2730) to work on /opt/airflow/dags/pipeline_dag.py
[2026-05-06T22:04:35.235+0000] {processor.py:830} INFO - Processing file /opt/airflow/dags/pipeline_dag.py for tasks to queue
[2026-05-06T22:04:35.332+0000] {logging_mixin.py:188} INFO - [2026-05-06T22:04:35.331+0000] {dagbag.py:545} INFO - Filling up the DagBag from /opt/airflow/dags/pipeline_dag.py
[2026-05-06T22:04:35.558+0000] {processor.py:840} INFO - DAG(s) 'ab_test_medallion_pipeline' retrieved from /opt/airflow/dags/pipeline_dag.py
[2026-05-06T22:04:36.328+0000] {logging_mixin.py:188} INFO - [2026-05-06T22:04:36.327+0000] {dag.py:3096} INFO - Sync 1 DAGs
[2026-05-06T22:04:36.944+0000] {logging_mixin.py:188} INFO - [2026-05-06T22:04:36.930+0000] {dag.py:3954} INFO - Setting next_dagrun for ab_test_medallion_pipeline to 2026-05-06 00:00:00+00:00, run_after=2026-05-07 00:00:00+00:00
[2026-05-06T22:04:37.246+0000] {processor.py:183} INFO - Processing /opt/airflow/dags/pipeline_dag.py took 2.157 seconds
[2026-05-06T22:05:08.433+0000] {processor.py:161} INFO - Started process (PID=2748) to work on /opt/airflow/dags/pipeline_dag.py
[2026-05-06T22:05:08.449+0000] {processor.py:830} INFO - Processing file /opt/airflow/dags/pipeline_dag.py for tasks to queue
[2026-05-06T22:05:08.466+0000] {logging_mixin.py:188} INFO - [2026-05-06T22:05:08.465+0000] {dagbag.py:545} INFO - Filling up the DagBag from /opt/airflow/dags/pipeline_dag.py
[2026-05-06T22:05:08.802+0000] {processor.py:840} INFO - DAG(s) 'ab_test_medallion_pipeline' retrieved from /opt/airflow/dags/pipeline_dag.py
[2026-05-06T22:05:09.510+0000] {logging_mixin.py:188} INFO - [2026-05-06T22:05:09.508+0000] {dag.py:3096} INFO - Sync 1 DAGs
[2026-05-06T22:05:10.309+0000] {logging_mixin.py:188} INFO - [2026-05-06T22:05:10.309+0000] {dag.py:3954} INFO - Setting next_dagrun for ab_test_medallion_pipeline to 2026-05-06 00:00:00+00:00, run_after=2026-05-07 00:00:00+00:00
[2026-05-06T22:05:10.911+0000] {processor.py:183} INFO - Processing /opt/airflow/dags/pipeline_dag.py took 2.686 seconds
[2026-05-06T22:05:41.692+0000] {processor.py:161} INFO - Started process (PID=2807) to work on /opt/airflow/dags/pipeline_dag.py
[2026-05-06T22:05:41.727+0000] {processor.py:830} INFO - Processing file /opt/airflow/dags/pipeline_dag.py for tasks to queue
[2026-05-06T22:05:41.736+0000] {logging_mixin.py:188} INFO - [2026-05-06T22:05:41.732+0000] {dagbag.py:545} INFO - Filling up the DagBag from /opt/airflow/dags/pipeline_dag.py
[2026-05-06T22:05:41.823+0000] {processor.py:840} INFO - DAG(s) 'ab_test_medallion_pipeline' retrieved from /opt/airflow/dags/pipeline_dag.py
[2026-05-06T22:05:42.178+0000] {logging_mixin.py:188} INFO - [2026-05-06T22:05:42.177+0000] {dag.py:3096} INFO - Sync 1 DAGs
[2026-05-06T22:05:42.586+0000] {logging_mixin.py:188} INFO - [2026-05-06T22:05:42.585+0000] {dag.py:3954} INFO - Setting next_dagrun for ab_test_medallion_pipeline to 2026-05-06 00:00:00+00:00, run_after=2026-05-07 00:00:00+00:00
[2026-05-06T22:05:42.745+0000] {processor.py:183} INFO - Processing /opt/airflow/dags/pipeline_dag.py took 1.106 seconds
[2026-05-06T22:06:13.003+0000] {processor.py:161} INFO - Started process (PID=2908) to work on /opt/airflow/dags/pipeline_dag.py
[2026-05-06T22:06:13.006+0000] {processor.py:830} INFO - Processing file /opt/airflow/dags/pipeline_dag.py for tasks to queue
[2026-05-06T22:06:13.012+0000] {logging_mixin.py:188} INFO - [2026-05-06T22:06:13.011+0000] {dagbag.py:545} INFO - Filling up the DagBag from /opt/airflow/dags/pipeline_dag.py
[2026-05-06T22:06:13.126+0000] {processor.py:840} INFO - DAG(s) 'ab_test_medallion_pipeline' retrieved from /opt/airflow/dags/pipeline_dag.py
[2026-05-06T22:06:13.278+0000] {logging_mixin.py:188} INFO - [2026-05-06T22:06:13.278+0000] {dag.py:3096} INFO - Sync 1 DAGs
[2026-05-06T22:06:13.519+0000] {logging_mixin.py:188} INFO - [2026-05-06T22:06:13.518+0000] {dag.py:3954} INFO - Setting next_dagrun for ab_test_medallion_pipeline to 2026-05-06 00:00:00+00:00, run_after=2026-05-07 00:00:00+00:00
[2026-05-06T22:06:13.628+0000] {processor.py:183} INFO - Processing /opt/airflow/dags/pipeline_dag.py took 0.644 seconds
[2026-05-06T22:06:43.892+0000] {processor.py:161} INFO - Started process (PID=2918) to work on /opt/airflow/dags/pipeline_dag.py
[2026-05-06T22:06:43.893+0000] {processor.py:830} INFO - Processing file /opt/airflow/dags/pipeline_dag.py for tasks to queue
[2026-05-06T22:06:43.896+0000] {logging_mixin.py:188} INFO - [2026-05-06T22:06:43.896+0000] {dagbag.py:545} INFO - Filling up the DagBag from /opt/airflow/dags/pipeline_dag.py
[2026-05-06T22:06:43.939+0000] {processor.py:840} INFO - DAG(s) 'ab_test_medallion_pipeline' retrieved from /opt/airflow/dags/pipeline_dag.py
[2026-05-06T22:06:44.092+0000] {logging_mixin.py:188} INFO - [2026-05-06T22:06:44.091+0000] {dag.py:3096} INFO - Sync 1 DAGs
[2026-05-06T22:06:44.300+0000] {logging_mixin.py:188} INFO - [2026-05-06T22:06:44.298+0000] {dag.py:3954} INFO - Setting next_dagrun for ab_test_medallion_pipeline to 2026-05-06 00:00:00+00:00, run_after=2026-05-07 00:00:00+00:00
[2026-05-06T22:06:44.404+0000] {processor.py:183} INFO - Processing /opt/airflow/dags/pipeline_dag.py took 0.528 seconds
[2026-05-06T22:07:14.779+0000] {processor.py:161} INFO - Started process (PID=2923) to work on /opt/airflow/dags/pipeline_dag.py
[2026-05-06T22:07:14.782+0000] {processor.py:830} INFO - Processing file /opt/airflow/dags/pipeline_dag.py for tasks to queue
[2026-05-06T22:07:14.790+0000] {logging_mixin.py:188} INFO - [2026-05-06T22:07:14.789+0000] {dagbag.py:545} INFO - Filling up the DagBag from /opt/airflow/dags/pipeline_dag.py
[2026-05-06T22:07:14.874+0000] {processor.py:840} INFO - DAG(s) 'ab_test_medallion_pipeline' retrieved from /opt/airflow/dags/pipeline_dag.py
[2026-05-06T22:07:15.035+0000] {logging_mixin.py:188} INFO - [2026-05-06T22:07:15.035+0000] {dag.py:3096} INFO - Sync 1 DAGs
[2026-05-06T22:07:15.314+0000] {logging_mixin.py:188} INFO - [2026-05-06T22:07:15.314+0000] {dag.py:3954} INFO - Setting next_dagrun for ab_test_medallion_pipeline to 2026-05-06 00:00:00+00:00, run_after=2026-05-07 00:00:00+00:00
[2026-05-06T22:07:15.535+0000] {processor.py:183} INFO - Processing /opt/airflow/dags/pipeline_dag.py took 0.886 seconds
[2026-05-06T22:07:45.763+0000] {processor.py:161} INFO - Started process (PID=2928) to work on /opt/airflow/dags/pipeline_dag.py
[2026-05-06T22:07:45.765+0000] {processor.py:830} INFO - Processing file /opt/airflow/dags/pipeline_dag.py for tasks to queue
[2026-05-06T22:07:45.769+0000] {logging_mixin.py:188} INFO - [2026-05-06T22:07:45.768+0000] {dagbag.py:545} INFO - Filling up the DagBag from /opt/airflow/dags/pipeline_dag.py
[2026-05-06T22:07:45.871+0000] {processor.py:840} INFO - DAG(s) 'ab_test_medallion_pipeline' retrieved from /opt/airflow/dags/pipeline_dag.py
[2026-05-06T22:07:45.964+0000] {logging_mixin.py:188} INFO - [2026-05-06T22:07:45.963+0000] {dag.py:3096} INFO - Sync 1 DAGs
[2026-05-06T22:07:46.012+0000] {logging_mixin.py:188} INFO - [2026-05-06T22:07:46.012+0000] {dag.py:3954} INFO - Setting next_dagrun for ab_test_medallion_pipeline to 2026-05-06 00:00:00+00:00, run_after=2026-05-07 00:00:00+00:00
[2026-05-06T22:07:46.043+0000] {processor.py:183} INFO - Processing /opt/airflow/dags/pipeline_dag.py took 0.294 seconds
[2026-05-06T22:08:16.186+0000] {processor.py:161} INFO - Started process (PID=2933) to work on /opt/airflow/dags/pipeline_dag.py
[2026-05-06T22:08:16.188+0000] {processor.py:830} INFO - Processing file /opt/airflow/dags/pipeline_dag.py for tasks to queue
[2026-05-06T22:08:16.192+0000] {logging_mixin.py:188} INFO - [2026-05-06T22:08:16.191+0000] {dagbag.py:545} INFO - Filling up the DagBag from /opt/airflow/dags/pipeline_dag.py
[2026-05-06T22:08:16.237+0000] {processor.py:840} INFO - DAG(s) 'ab_test_medallion_pipeline' retrieved from /opt/airflow/dags/pipeline_dag.py
[2026-05-06T22:08:16.308+0000] {logging_mixin.py:188} INFO - [2026-05-06T22:08:16.308+0000] {dag.py:3096} INFO - Sync 1 DAGs
[2026-05-06T22:08:16.384+0000] {logging_mixin.py:188} INFO - [2026-05-06T22:08:16.384+0000] {dag.py:3954} INFO - Setting next_dagrun for ab_test_medallion_pipeline to 2026-05-06 00:00:00+00:00, run_after=2026-05-07 00:00:00+00:00
[2026-05-06T22:08:16.416+0000] {processor.py:183} INFO - Processing /opt/airflow/dags/pipeline_dag.py took 0.241 seconds
[2026-05-06T22:08:46.569+0000] {processor.py:161} INFO - Started process (PID=2938) to work on /opt/airflow/dags/pipeline_dag.py
[2026-05-06T22:08:46.570+0000] {processor.py:830} INFO - Processing file /opt/airflow/dags/pipeline_dag.py for tasks to queue
[2026-05-06T22:08:46.574+0000] {logging_mixin.py:188} INFO - [2026-05-06T22:08:46.573+0000] {dagbag.py:545} INFO - Filling up the DagBag from /opt/airflow/dags/pipeline_dag.py
[2026-05-06T22:08:46.615+0000] {processor.py:840} INFO - DAG(s) 'ab_test_medallion_pipeline' retrieved from /opt/airflow/dags/pipeline_dag.py
[2026-05-06T22:08:46.674+0000] {logging_mixin.py:188} INFO - [2026-05-06T22:08:46.674+0000] {dag.py:3096} INFO - Sync 1 DAGs
[2026-05-06T22:08:46.727+0000] {logging_mixin.py:188} INFO - [2026-05-06T22:08:46.727+0000] {dag.py:3954} INFO - Setting next_dagrun for ab_test_medallion_pipeline to 2026-05-06 00:00:00+00:00, run_after=2026-05-07 00:00:00+00:00
[2026-05-06T22:08:46.768+0000] {processor.py:183} INFO - Processing /opt/airflow/dags/pipeline_dag.py took 0.210 seconds
[2026-05-06T22:09:16.922+0000] {processor.py:161} INFO - Started process (PID=2943) to work on /opt/airflow/dags/pipeline_dag.py
[2026-05-06T22:09:16.925+0000] {processor.py:830} INFO - Processing file /opt/airflow/dags/pipeline_dag.py for tasks to queue
[2026-05-06T22:09:16.929+0000] {logging_mixin.py:188} INFO - [2026-05-06T22:09:16.928+0000] {dagbag.py:545} INFO - Filling up the DagBag from /opt/airflow/dags/pipeline_dag.py
[2026-05-06T22:09:16.953+0000] {processor.py:840} INFO - DAG(s) 'ab_test_medallion_pipeline' retrieved from /opt/airflow/dags/pipeline_dag.py
[2026-05-06T22:09:17.070+0000] {logging_mixin.py:188} INFO - [2026-05-06T22:09:17.070+0000] {dag.py:3096} INFO - Sync 1 DAGs
[2026-05-06T22:09:17.257+0000] {logging_mixin.py:188} INFO - [2026-05-06T22:09:17.256+0000] {dag.py:3954} INFO - Setting next_dagrun for ab_test_medallion_pipeline to 2026-05-06 00:00:00+00:00, run_after=2026-05-07 00:00:00+00:00
[2026-05-06T22:09:17.434+0000] {processor.py:183} INFO - Processing /opt/airflow/dags/pipeline_dag.py took 0.526 seconds
[2026-05-06T22:09:47.716+0000] {processor.py:161} INFO - Started process (PID=2948) to work on /opt/airflow/dags/pipeline_dag.py
[2026-05-06T22:09:47.731+0000] {processor.py:830} INFO - Processing file /opt/airflow/dags/pipeline_dag.py for tasks to queue
[2026-05-06T22:09:47.751+0000] {logging_mixin.py:188} INFO - [2026-05-06T22:09:47.741+0000] {dagbag.py:545} INFO - Filling up the DagBag from /opt/airflow/dags/pipeline_dag.py
[2026-05-06T22:09:47.842+0000] {processor.py:840} INFO - DAG(s) 'ab_test_medallion_pipeline' retrieved from /opt/airflow/dags/pipeline_dag.py
[2026-05-06T22:09:48.214+0000] {logging_mixin.py:188} INFO - [2026-05-06T22:09:48.213+0000] {dag.py:3096} INFO - Sync 1 DAGs
[2026-05-06T22:09:48.505+0000] {logging_mixin.py:188} INFO - [2026-05-06T22:09:48.504+0000] {dag.py:3954} INFO - Setting next_dagrun for ab_test_medallion_pipeline to 2026-05-06 00:00:00+00:00, run_after=2026-05-07 00:00:00+00:00
[2026-05-06T22:09:48.609+0000] {processor.py:183} INFO - Processing /opt/airflow/dags/pipeline_dag.py took 0.947 seconds
[2026-05-06T22:10:18.937+0000] {processor.py:161} INFO - Started process (PID=2953) to work on /opt/airflow/dags/pipeline_dag.py
[2026-05-06T22:10:18.970+0000] {processor.py:830} INFO - Processing file /opt/airflow/dags/pipeline_dag.py for tasks to queue
[2026-05-06T22:10:18.975+0000] {logging_mixin.py:188} INFO - [2026-05-06T22:10:18.973+0000] {dagbag.py:545} INFO - Filling up the DagBag from /opt/airflow/dags/pipeline_dag.py
[2026-05-06T22:10:19.097+0000] {processor.py:840} INFO - DAG(s) 'ab_test_medallion_pipeline' retrieved from /opt/airflow/dags/pipeline_dag.py
[2026-05-06T22:10:19.364+0000] {logging_mixin.py:188} INFO - [2026-05-06T22:10:19.363+0000] {dag.py:3096} INFO - Sync 1 DAGs
[2026-05-06T22:10:19.504+0000] {logging_mixin.py:188} INFO - [2026-05-06T22:10:19.503+0000] {dag.py:3954} INFO - Setting next_dagrun for ab_test_medallion_pipeline to 2026-05-06 00:00:00+00:00, run_after=2026-05-07 00:00:00+00:00
[2026-05-06T22:10:19.648+0000] {processor.py:183} INFO - Processing /opt/airflow/dags/pipeline_dag.py took 0.763 seconds
[2026-05-06T22:10:50.571+0000] {processor.py:161} INFO - Started process (PID=2958) to work on /opt/airflow/dags/pipeline_dag.py
[2026-05-06T22:10:50.578+0000] {processor.py:830} INFO - Processing file /opt/airflow/dags/pipeline_dag.py for tasks to queue
[2026-05-06T22:10:50.663+0000] {logging_mixin.py:188} INFO - [2026-05-06T22:10:50.662+0000] {dagbag.py:545} INFO - Filling up the DagBag from /opt/airflow/dags/pipeline_dag.py
[2026-05-06T22:10:50.872+0000] {processor.py:840} INFO - DAG(s) 'ab_test_medallion_pipeline' retrieved from /opt/airflow/dags/pipeline_dag.py
[2026-05-06T22:10:51.520+0000] {logging_mixin.py:188} INFO - [2026-05-06T22:10:51.519+0000] {dag.py:3096} INFO - Sync 1 DAGs
[2026-05-06T22:10:53.732+0000] {logging_mixin.py:188} INFO - [2026-05-06T22:10:53.731+0000] {dag.py:3954} INFO - Setting next_dagrun for ab_test_medallion_pipeline to 2026-05-06 00:00:00+00:00, run_after=2026-05-07 00:00:00+00:00
[2026-05-06T22:10:54.334+0000] {processor.py:183} INFO - Processing /opt/airflow/dags/pipeline_dag.py took 3.825 seconds
[2026-05-06T22:11:24.678+0000] {processor.py:161} INFO - Started process (PID=2963) to work on /opt/airflow/dags/pipeline_dag.py
[2026-05-06T22:11:24.680+0000] {processor.py:830} INFO - Processing file /opt/airflow/dags/pipeline_dag.py for tasks to queue
[2026-05-06T22:11:24.683+0000] {logging_mixin.py:188} INFO - [2026-05-06T22:11:24.683+0000] {dagbag.py:545} INFO - Filling up the DagBag from /opt/airflow/dags/pipeline_dag.py
[2026-05-06T22:11:24.708+0000] {processor.py:840} INFO - DAG(s) 'ab_test_medallion_pipeline' retrieved from /opt/airflow/dags/pipeline_dag.py
[2026-05-06T22:11:24.884+0000] {logging_mixin.py:188} INFO - [2026-05-06T22:11:24.884+0000] {dag.py:3096} INFO - Sync 1 DAGs
[2026-05-06T22:11:24.970+0000] {logging_mixin.py:188} INFO - [2026-05-06T22:11:24.970+0000] {dag.py:3954} INFO - Setting next_dagrun for ab_test_medallion_pipeline to 2026-05-06 00:00:00+00:00, run_after=2026-05-07 00:00:00+00:00
[2026-05-06T22:11:25.072+0000] {processor.py:183} INFO - Processing /opt/airflow/dags/pipeline_dag.py took 0.409 seconds
[2026-05-06T22:11:55.278+0000] {processor.py:161} INFO - Started process (PID=2968) to work on /opt/airflow/dags/pipeline_dag.py
[2026-05-06T22:11:55.280+0000] {processor.py:830} INFO - Processing file /opt/airflow/dags/pipeline_dag.py for tasks to queue
[2026-05-06T22:11:55.296+0000] {logging_mixin.py:188} INFO - [2026-05-06T22:11:55.295+0000] {dagbag.py:545} INFO - Filling up the DagBag from /opt/airflow/dags/pipeline_dag.py
[2026-05-06T22:11:55.420+0000] {processor.py:840} INFO - DAG(s) 'ab_test_medallion_pipeline' retrieved from /opt/airflow/dags/pipeline_dag.py
[2026-05-06T22:11:55.842+0000] {logging_mixin.py:188} INFO - [2026-05-06T22:11:55.842+0000] {dag.py:3096} INFO - Sync 1 DAGs
[2026-05-06T22:11:56.042+0000] {logging_mixin.py:188} INFO - [2026-05-06T22:11:56.041+0000] {dag.py:3954} INFO - Setting next_dagrun for ab_test_medallion_pipeline to 2026-05-06 00:00:00+00:00, run_after=2026-05-07 00:00:00+00:00
[2026-05-06T22:11:56.145+0000] {processor.py:183} INFO - Processing /opt/airflow/dags/pipeline_dag.py took 0.938 seconds
[2026-05-06T22:12:26.598+0000] {processor.py:161} INFO - Started process (PID=2973) to work on /opt/airflow/dags/pipeline_dag.py
[2026-05-06T22:12:26.599+0000] {processor.py:830} INFO - Processing file /opt/airflow/dags/pipeline_dag.py for tasks to queue
[2026-05-06T22:12:26.605+0000] {logging_mixin.py:188} INFO - [2026-05-06T22:12:26.603+0000] {dagbag.py:545} INFO - Filling up the DagBag from /opt/airflow/dags/pipeline_dag.py
[2026-05-06T22:12:26.636+0000] {processor.py:840} INFO - DAG(s) 'ab_test_medallion_pipeline' retrieved from /opt/airflow/dags/pipeline_dag.py
[2026-05-06T22:12:26.856+0000] {logging_mixin.py:188} INFO - [2026-05-06T22:12:26.855+0000] {dag.py:3096} INFO - Sync 1 DAGs
[2026-05-06T22:12:26.989+0000] {logging_mixin.py:188} INFO - [2026-05-06T22:12:26.988+0000] {dag.py:3954} INFO - Setting next_dagrun for ab_test_medallion_pipeline to 2026-05-06 00:00:00+00:00, run_after=2026-05-07 00:00:00+00:00
[2026-05-06T22:12:27.062+0000] {processor.py:183} INFO - Processing /opt/airflow/dags/pipeline_dag.py took 0.534 seconds
[2026-05-06T22:12:57.254+0000] {processor.py:161} INFO - Started process (PID=3074) to work on /opt/airflow/dags/pipeline_dag.py
[2026-05-06T22:12:57.256+0000] {processor.py:830} INFO - Processing file /opt/airflow/dags/pipeline_dag.py for tasks to queue
[2026-05-06T22:12:57.286+0000] {logging_mixin.py:188} INFO - [2026-05-06T22:12:57.277+0000] {dagbag.py:545} INFO - Filling up the DagBag from /opt/airflow/dags/pipeline_dag.py
[2026-05-06T22:12:57.483+0000] {processor.py:840} INFO - DAG(s) 'ab_test_medallion_pipeline' retrieved from /opt/airflow/dags/pipeline_dag.py
[2026-05-06T22:12:57.721+0000] {logging_mixin.py:188} INFO - [2026-05-06T22:12:57.720+0000] {dag.py:3096} INFO - Sync 1 DAGs
[2026-05-06T22:12:57.942+0000] {logging_mixin.py:188} INFO - [2026-05-06T22:12:57.941+0000] {dag.py:3954} INFO - Setting next_dagrun for ab_test_medallion_pipeline to 2026-05-06 00:00:00+00:00, run_after=2026-05-07 00:00:00+00:00
[2026-05-06T22:12:58.051+0000] {processor.py:183} INFO - Processing /opt/airflow/dags/pipeline_dag.py took 0.808 seconds
[2026-05-06T22:13:28.427+0000] {processor.py:161} INFO - Started process (PID=3154) to work on /opt/airflow/dags/pipeline_dag.py
[2026-05-06T22:13:28.451+0000] {processor.py:830} INFO - Processing file /opt/airflow/dags/pipeline_dag.py for tasks to queue
[2026-05-06T22:13:28.493+0000] {logging_mixin.py:188} INFO - [2026-05-06T22:13:28.481+0000] {dagbag.py:545} INFO - Filling up the DagBag from /opt/airflow/dags/pipeline_dag.py
[2026-05-06T22:13:28.686+0000] {processor.py:840} INFO - DAG(s) 'ab_test_medallion_pipeline' retrieved from /opt/airflow/dags/pipeline_dag.py
[2026-05-06T22:13:29.215+0000] {logging_mixin.py:188} INFO - [2026-05-06T22:13:29.215+0000] {dag.py:3096} INFO - Sync 1 DAGs
[2026-05-06T22:13:29.519+0000] {logging_mixin.py:188} INFO - [2026-05-06T22:13:29.518+0000] {dag.py:3954} INFO - Setting next_dagrun for ab_test_medallion_pipeline to 2026-05-06 00:00:00+00:00, run_after=2026-05-07 00:00:00+00:00
[2026-05-06T22:13:29.649+0000] {processor.py:183} INFO - Processing /opt/airflow/dags/pipeline_dag.py took 1.364 seconds
[2026-05-06T22:14:00.372+0000] {processor.py:161} INFO - Started process (PID=3232) to work on /opt/airflow/dags/pipeline_dag.py
[2026-05-06T22:14:00.381+0000] {processor.py:830} INFO - Processing file /opt/airflow/dags/pipeline_dag.py for tasks to queue
[2026-05-06T22:14:00.393+0000] {logging_mixin.py:188} INFO - [2026-05-06T22:14:00.392+0000] {dagbag.py:545} INFO - Filling up the DagBag from /opt/airflow/dags/pipeline_dag.py
[2026-05-06T22:14:00.445+0000] {processor.py:840} INFO - DAG(s) 'ab_test_medallion_pipeline' retrieved from /opt/airflow/dags/pipeline_dag.py
[2026-05-06T22:14:00.546+0000] {logging_mixin.py:188} INFO - [2026-05-06T22:14:00.545+0000] {dag.py:3096} INFO - Sync 1 DAGs
[2026-05-06T22:14:00.753+0000] {logging_mixin.py:188} INFO - [2026-05-06T22:14:00.751+0000] {dag.py:3954} INFO - Setting next_dagrun for ab_test_medallion_pipeline to 2026-05-06 00:00:00+00:00, run_after=2026-05-07 00:00:00+00:00
[2026-05-06T22:14:00.936+0000] {processor.py:183} INFO - Processing /opt/airflow/dags/pipeline_dag.py took 0.742 seconds
[2026-05-06T22:14:31.383+0000] {processor.py:161} INFO - Started process (PID=3270) to work on /opt/airflow/dags/pipeline_dag.py
[2026-05-06T22:14:31.388+0000] {processor.py:830} INFO - Processing file /opt/airflow/dags/pipeline_dag.py for tasks to queue
[2026-05-06T22:14:31.425+0000] {logging_mixin.py:188} INFO - [2026-05-06T22:14:31.416+0000] {dagbag.py:545} INFO - Filling up the DagBag from /opt/airflow/dags/pipeline_dag.py
[2026-05-06T22:14:31.777+0000] {processor.py:840} INFO - DAG(s) 'ab_test_medallion_pipeline' retrieved from /opt/airflow/dags/pipeline_dag.py
[2026-05-06T22:14:31.973+0000] {logging_mixin.py:188} INFO - [2026-05-06T22:14:31.972+0000] {dag.py:3096} INFO - Sync 1 DAGs
[2026-05-06T22:14:32.217+0000] {logging_mixin.py:188} INFO - [2026-05-06T22:14:32.216+0000] {dag.py:3954} INFO - Setting next_dagrun for ab_test_medallion_pipeline to 2026-05-06 00:00:00+00:00, run_after=2026-05-07 00:00:00+00:00
[2026-05-06T22:14:32.360+0000] {processor.py:183} INFO - Processing /opt/airflow/dags/pipeline_dag.py took 1.083 seconds
[2026-05-06T22:15:02.930+0000] {processor.py:161} INFO - Started process (PID=3345) to work on /opt/airflow/dags/pipeline_dag.py
[2026-05-06T22:15:02.934+0000] {processor.py:830} INFO - Processing file /opt/airflow/dags/pipeline_dag.py for tasks to queue
[2026-05-06T22:15:02.965+0000] {logging_mixin.py:188} INFO - [2026-05-06T22:15:02.959+0000] {dagbag.py:545} INFO - Filling up the DagBag from /opt/airflow/dags/pipeline_dag.py
[2026-05-06T22:15:03.272+0000] {processor.py:840} INFO - DAG(s) 'ab_test_medallion_pipeline' retrieved from /opt/airflow/dags/pipeline_dag.py
[2026-05-06T22:15:03.819+0000] {logging_mixin.py:188} INFO - [2026-05-06T22:15:03.819+0000] {dag.py:3096} INFO - Sync 1 DAGs
[2026-05-06T22:15:04.213+0000] {logging_mixin.py:188} INFO - [2026-05-06T22:15:04.209+0000] {dag.py:3954} INFO - Setting next_dagrun for ab_test_medallion_pipeline to 2026-05-06 00:00:00+00:00, run_after=2026-05-07 00:00:00+00:00
[2026-05-06T22:15:03.341+0000] {processor.py:183} INFO - Processing /opt/airflow/dags/pipeline_dag.py took 1.640 seconds
[2026-05-06T22:15:34.272+0000] {processor.py:161} INFO - Started process (PID=3445) to work on /opt/airflow/dags/pipeline_dag.py
[2026-05-06T22:15:34.294+0000] {processor.py:830} INFO - Processing file /opt/airflow/dags/pipeline_dag.py for tasks to queue
[2026-05-06T22:15:34.320+0000] {logging_mixin.py:188} INFO - [2026-05-06T22:15:34.318+0000] {dagbag.py:545} INFO - Filling up the DagBag from /opt/airflow/dags/pipeline_dag.py
[2026-05-06T22:15:34.437+0000] {processor.py:840} INFO - DAG(s) 'ab_test_medallion_pipeline' retrieved from /opt/airflow/dags/pipeline_dag.py
[2026-05-06T22:15:34.677+0000] {logging_mixin.py:188} INFO - [2026-05-06T22:15:34.676+0000] {dag.py:3096} INFO - Sync 1 DAGs
[2026-05-06T22:15:35.063+0000] {logging_mixin.py:188} INFO - [2026-05-06T22:15:35.062+0000] {dag.py:3954} INFO - Setting next_dagrun for ab_test_medallion_pipeline to 2026-05-06 00:00:00+00:00, run_after=2026-05-07 00:00:00+00:00
[2026-05-06T22:15:35.555+0000] {processor.py:183} INFO - Processing /opt/airflow/dags/pipeline_dag.py took 1.411 seconds
[2026-05-06T22:16:05.949+0000] {processor.py:161} INFO - Started process (PID=3554) to work on /opt/airflow/dags/pipeline_dag.py
[2026-05-06T22:16:05.953+0000] {processor.py:830} INFO - Processing file /opt/airflow/dags/pipeline_dag.py for tasks to queue
[2026-05-06T22:16:05.963+0000] {logging_mixin.py:188} INFO - [2026-05-06T22:16:05.962+0000] {dagbag.py:545} INFO - Filling up the DagBag from /opt/airflow/dags/pipeline_dag.py
[2026-05-06T22:16:06.006+0000] {processor.py:840} INFO - DAG(s) 'ab_test_medallion_pipeline' retrieved from /opt/airflow/dags/pipeline_dag.py
[2026-05-06T22:16:06.105+0000] {logging_mixin.py:188} INFO - [2026-05-06T22:16:06.105+0000] {dag.py:3096} INFO - Sync 1 DAGs
[2026-05-06T22:16:06.211+0000] {logging_mixin.py:188} INFO - [2026-05-06T22:16:06.210+0000] {dag.py:3954} INFO - Setting next_dagrun for ab_test_medallion_pipeline to 2026-05-06 00:00:00+00:00, run_after=2026-05-07 00:00:00+00:00
[2026-05-06T22:16:06.259+0000] {processor.py:183} INFO - Processing /opt/airflow/dags/pipeline_dag.py took 0.338 seconds
[2026-05-06T22:16:36.419+0000] {processor.py:161} INFO - Started process (PID=3617) to work on /opt/airflow/dags/pipeline_dag.py
[2026-05-06T22:16:36.421+0000] {processor.py:830} INFO - Processing file /opt/airflow/dags/pipeline_dag.py for tasks to queue
[2026-05-06T22:16:36.434+0000] {logging_mixin.py:188} INFO - [2026-05-06T22:16:36.433+0000] {dagbag.py:545} INFO - Filling up the DagBag from /opt/airflow/dags/pipeline_dag.py
[2026-05-06T22:16:36.533+0000] {processor.py:840} INFO - DAG(s) 'ab_test_medallion_pipeline' retrieved from /opt/airflow/dags/pipeline_dag.py
[2026-05-06T22:16:36.648+0000] {logging_mixin.py:188} INFO - [2026-05-06T22:16:36.648+0000] {dag.py:3096} INFO - Sync 1 DAGs
[2026-05-06T22:16:36.717+0000] {logging_mixin.py:188} INFO - [2026-05-06T22:16:36.716+0000] {dag.py:3954} INFO - Setting next_dagrun for ab_test_medallion_pipeline to 2026-05-06 00:00:00+00:00, run_after=2026-05-07 00:00:00+00:00
[2026-05-06T22:16:36.769+0000] {processor.py:183} INFO - Processing /opt/airflow/dags/pipeline_dag.py took 0.390 seconds
[2026-05-06T22:17:06.882+0000] {processor.py:161} INFO - Started process (PID=3742) to work on /opt/airflow/dags/pipeline_dag.py
[2026-05-06T22:17:06.884+0000] {processor.py:830} INFO - Processing file /opt/airflow/dags/pipeline_dag.py for tasks to queue
[2026-05-06T22:17:06.888+0000] {logging_mixin.py:188} INFO - [2026-05-06T22:17:06.887+0000] {dagbag.py:545} INFO - Filling up the DagBag from /opt/airflow/dags/pipeline_dag.py
[2026-05-06T22:17:06.918+0000] {processor.py:840} INFO - DAG(s) 'ab_test_medallion_pipeline' retrieved from /opt/airflow/dags/pipeline_dag.py
[2026-05-06T22:17:07.018+0000] {logging_mixin.py:188} INFO - [2026-05-06T22:17:07.017+0000] {dag.py:3096} INFO - Sync 1 DAGs
[2026-05-06T22:17:07.090+0000] {logging_mixin.py:188} INFO - [2026-05-06T22:17:07.090+0000] {dag.py:3954} INFO - Setting next_dagrun for ab_test_medallion_pipeline to 2026-05-06 00:00:00+00:00, run_after=2026-05-07 00:00:00+00:00
[2026-05-06T22:17:07.135+0000] {processor.py:183} INFO - Processing /opt/airflow/dags/pipeline_dag.py took 0.272 seconds
[2026-05-06T22:17:37.275+0000] {processor.py:161} INFO - Started process (PID=3777) to work on /opt/airflow/dags/pipeline_dag.py
[2026-05-06T22:17:37.280+0000] {processor.py:830} INFO - Processing file /opt/airflow/dags/pipeline_dag.py for tasks to queue
[2026-05-06T22:17:37.293+0000] {logging_mixin.py:188} INFO - [2026-05-06T22:17:37.292+0000] {dagbag.py:545} INFO - Filling up the DagBag from /opt/airflow/dags/pipeline_dag.py
[2026-05-06T22:17:37.408+0000] {processor.py:840} INFO - DAG(s) 'ab_test_medallion_pipeline' retrieved from /opt/airflow/dags/pipeline_dag.py
[2026-05-06T22:17:37.534+0000] {logging_mixin.py:188} INFO - [2026-05-06T22:17:37.534+0000] {dag.py:3096} INFO - Sync 1 DAGs
[2026-05-06T22:17:37.589+0000] {logging_mixin.py:188} INFO - [2026-05-06T22:17:37.588+0000] {dag.py:3954} INFO - Setting next_dagrun for ab_test_medallion_pipeline to 2026-05-06 00:00:00+00:00, run_after=2026-05-07 00:00:00+00:00
[2026-05-06T22:17:37.639+0000] {processor.py:183} INFO - Processing /opt/airflow/dags/pipeline_dag.py took 0.392 seconds
[2026-05-06T22:18:07.808+0000] {processor.py:161} INFO - Started process (PID=3839) to work on /opt/airflow/dags/pipeline_dag.py
[2026-05-06T22:18:07.809+0000] {processor.py:830} INFO - Processing file /opt/airflow/dags/pipeline_dag.py for tasks to queue
[2026-05-06T22:18:07.813+0000] {logging_mixin.py:188} INFO - [2026-05-06T22:18:07.812+0000] {dagbag.py:545} INFO - Filling up the DagBag from /opt/airflow/dags/pipeline_dag.py
[2026-05-06T22:18:07.846+0000] {processor.py:840} INFO - DAG(s) 'ab_test_medallion_pipeline' retrieved from /opt/airflow/dags/pipeline_dag.py
[2026-05-06T22:18:07.967+0000] {logging_mixin.py:188} INFO - [2026-05-06T22:18:07.966+0000] {dag.py:3096} INFO - Sync 1 DAGs
[2026-05-06T22:18:08.058+0000] {logging_mixin.py:188} INFO - [2026-05-06T22:18:08.057+0000] {dag.py:3954} INFO - Setting next_dagrun for ab_test_medallion_pipeline to 2026-05-06 00:00:00+00:00, run_after=2026-05-07 00:00:00+00:00
[2026-05-06T22:18:08.111+0000] {processor.py:183} INFO - Processing /opt/airflow/dags/pipeline_dag.py took 0.341 seconds
[2026-05-06T22:18:38.284+0000] {processor.py:161} INFO - Started process (PID=3868) to work on /opt/airflow/dags/pipeline_dag.py
[2026-05-06T22:18:38.287+0000] {processor.py:830} INFO - Processing file /opt/airflow/dags/pipeline_dag.py for tasks to queue
[2026-05-06T22:18:38.301+0000] {logging_mixin.py:188} INFO - [2026-05-06T22:18:38.297+0000] {dagbag.py:545} INFO - Filling up the DagBag from /opt/airflow/dags/pipeline_dag.py
[2026-05-06T22:18:38.371+0000] {processor.py:840} INFO - DAG(s) 'ab_test_medallion_pipeline' retrieved from /opt/airflow/dags/pipeline_dag.py
[2026-05-06T22:18:38.468+0000] {logging_mixin.py:188} INFO - [2026-05-06T22:18:38.468+0000] {dag.py:3096} INFO - Sync 1 DAGs
[2026-05-06T22:18:38.550+0000] {logging_mixin.py:188} INFO - [2026-05-06T22:18:38.549+0000] {dag.py:3954} INFO - Setting next_dagrun for ab_test_medallion_pipeline to 2026-05-06 00:00:00+00:00, run_after=2026-05-07 00:00:00+00:00
[2026-05-06T22:18:38.605+0000] {processor.py:183} INFO - Processing /opt/airflow/dags/pipeline_dag.py took 0.353 seconds
[2026-05-06T22:19:08.787+0000] {processor.py:161} INFO - Started process (PID=3922) to work on /opt/airflow/dags/pipeline_dag.py
[2026-05-06T22:19:08.790+0000] {processor.py:830} INFO - Processing file /opt/airflow/dags/pipeline_dag.py for tasks to queue
[2026-05-06T22:19:08.795+0000] {logging_mixin.py:188} INFO - [2026-05-06T22:19:08.795+0000] {dagbag.py:545} INFO - Filling up the DagBag from /opt/airflow/dags/pipeline_dag.py
[2026-05-06T22:19:08.839+0000] {processor.py:840} INFO - DAG(s) 'ab_test_medallion_pipeline' retrieved from /opt/airflow/dags/pipeline_dag.py
[2026-05-06T22:19:08.972+0000] {logging_mixin.py:188} INFO - [2026-05-06T22:19:08.970+0000] {dag.py:3096} INFO - Sync 1 DAGs
[2026-05-06T22:19:09.075+0000] {logging_mixin.py:188} INFO - [2026-05-06T22:19:09.074+0000] {dag.py:3954} INFO - Setting next_dagrun for ab_test_medallion_pipeline to 2026-05-06 00:00:00+00:00, run_after=2026-05-07 00:00:00+00:00
[2026-05-06T22:19:09.149+0000] {processor.py:183} INFO - Processing /opt/airflow/dags/pipeline_dag.py took 0.389 seconds
[2026-05-06T22:19:39.344+0000] {processor.py:161} INFO - Started process (PID=3992) to work on /opt/airflow/dags/pipeline_dag.py
[2026-05-06T22:19:39.347+0000] {processor.py:830} INFO - Processing file /opt/airflow/dags/pipeline_dag.py for tasks to queue
[2026-05-06T22:19:39.357+0000] {logging_mixin.py:188} INFO - [2026-05-06T22:19:39.356+0000] {dagbag.py:545} INFO - Filling up the DagBag from /opt/airflow/dags/pipeline_dag.py
[2026-05-06T22:19:39.419+0000] {processor.py:840} INFO - DAG(s) 'ab_test_medallion_pipeline' retrieved from /opt/airflow/dags/pipeline_dag.py
[2026-05-06T22:19:39.677+0000] {logging_mixin.py:188} INFO - [2026-05-06T22:19:39.676+0000] {dag.py:3096} INFO - Sync 1 DAGs
[2026-05-06T22:19:40.041+0000] {logging_mixin.py:188} INFO - [2026-05-06T22:19:40.039+0000] {dag.py:3954} INFO - Setting next_dagrun for ab_test_medallion_pipeline to 2026-05-06 00:00:00+00:00, run_after=2026-05-07 00:00:00+00:00
[2026-05-06T22:19:40.259+0000] {processor.py:183} INFO - Processing /opt/airflow/dags/pipeline_dag.py took 0.949 seconds
[2026-05-06T22:20:10.514+0000] {processor.py:161} INFO - Started process (PID=4035) to work on /opt/airflow/dags/pipeline_dag.py
[2026-05-06T22:20:10.517+0000] {processor.py:830} INFO - Processing file /opt/airflow/dags/pipeline_dag.py for tasks to queue
[2026-05-06T22:20:10.525+0000] {logging_mixin.py:188} INFO - [2026-05-06T22:20:10.524+0000] {dagbag.py:545} INFO - Filling up the DagBag from /opt/airflow/dags/pipeline_dag.py
[2026-05-06T22:20:10.593+0000] {processor.py:840} INFO - DAG(s) 'ab_test_medallion_pipeline' retrieved from /opt/airflow/dags/pipeline_dag.py
[2026-05-06T22:20:10.729+0000] {logging_mixin.py:188} INFO - [2026-05-06T22:20:10.728+0000] {dag.py:3096} INFO - Sync 1 DAGs
[2026-05-06T22:20:10.862+0000] {logging_mixin.py:188} INFO - [2026-05-06T22:20:10.861+0000] {dag.py:3954} INFO - Setting next_dagrun for ab_test_medallion_pipeline to 2026-05-06 00:00:00+00:00, run_after=2026-05-07 00:00:00+00:00
[2026-05-06T22:20:11.063+0000] {processor.py:183} INFO - Processing /opt/airflow/dags/pipeline_dag.py took 0.573 seconds
[2026-05-06T22:20:41.639+0000] {processor.py:161} INFO - Started process (PID=4051) to work on /opt/airflow/dags/pipeline_dag.py
[2026-05-06T22:20:41.642+0000] {processor.py:830} INFO - Processing file /opt/airflow/dags/pipeline_dag.py for tasks to queue
[2026-05-06T22:20:41.661+0000] {logging_mixin.py:188} INFO - [2026-05-06T22:20:41.659+0000] {dagbag.py:545} INFO - Filling up the DagBag from /opt/airflow/dags/pipeline_dag.py
[2026-05-06T22:20:41.995+0000] {processor.py:840} INFO - DAG(s) 'ab_test_medallion_pipeline' retrieved from /opt/airflow/dags/pipeline_dag.py
[2026-05-06T22:20:42.251+0000] {logging_mixin.py:188} INFO - [2026-05-06T22:20:42.250+0000] {dag.py:3096} INFO - Sync 1 DAGs
[2026-05-06T22:20:42.547+0000] {logging_mixin.py:188} INFO - [2026-05-06T22:20:42.538+0000] {dag.py:3954} INFO - Setting next_dagrun for ab_test_medallion_pipeline to 2026-05-06 00:00:00+00:00, run_after=2026-05-07 00:00:00+00:00
[2026-05-06T22:20:42.848+0000] {processor.py:183} INFO - Processing /opt/airflow/dags/pipeline_dag.py took 1.256 seconds
[2026-05-06T22:21:13.407+0000] {processor.py:161} INFO - Started process (PID=4099) to work on /opt/airflow/dags/pipeline_dag.py
[2026-05-06T22:21:13.413+0000] {processor.py:830} INFO - Processing file /opt/airflow/dags/pipeline_dag.py for tasks to queue
[2026-05-06T22:21:13.418+0000] {logging_mixin.py:188} INFO - [2026-05-06T22:21:13.417+0000] {dagbag.py:545} INFO - Filling up the DagBag from /opt/airflow/dags/pipeline_dag.py
[2026-05-06T22:21:13.454+0000] {processor.py:840} INFO - DAG(s) 'ab_test_medallion_pipeline' retrieved from /opt/airflow/dags/pipeline_dag.py
[2026-05-06T22:21:13.604+0000] {logging_mixin.py:188} INFO - [2026-05-06T22:21:13.603+0000] {dag.py:3096} INFO - Sync 1 DAGs
[2026-05-06T22:21:13.733+0000] {logging_mixin.py:188} INFO - [2026-05-06T22:21:13.733+0000] {dag.py:3954} INFO - Setting next_dagrun for ab_test_medallion_pipeline to 2026-05-06 00:00:00+00:00, run_after=2026-05-07 00:00:00+00:00
[2026-05-06T22:21:13.785+0000] {processor.py:183} INFO - Processing /opt/airflow/dags/pipeline_dag.py took 0.395 seconds
[2026-05-06T22:21:44.117+0000] {processor.py:161} INFO - Started process (PID=4131) to work on /opt/airflow/dags/pipeline_dag.py
[2026-05-06T22:21:44.120+0000] {processor.py:830} INFO - Processing file /opt/airflow/dags/pipeline_dag.py for tasks to queue
[2026-05-06T22:21:44.129+0000] {logging_mixin.py:188} INFO - [2026-05-06T22:21:44.128+0000] {dagbag.py:545} INFO - Filling up the DagBag from /opt/airflow/dags/pipeline_dag.py
[2026-05-06T22:21:44.240+0000] {processor.py:840} INFO - DAG(s) 'ab_test_medallion_pipeline' retrieved from /opt/airflow/dags/pipeline_dag.py
[2026-05-06T22:21:44.454+0000] {logging_mixin.py:188} INFO - [2026-05-06T22:21:44.454+0000] {dag.py:3096} INFO - Sync 1 DAGs
[2026-05-06T22:21:44.598+0000] {logging_mixin.py:188} INFO - [2026-05-06T22:21:44.597+0000] {dag.py:3954} INFO - Setting next_dagrun for ab_test_medallion_pipeline to 2026-05-06 00:00:00+00:00, run_after=2026-05-07 00:00:00+00:00
[2026-05-06T22:21:44.760+0000] {processor.py:183} INFO - Processing /opt/airflow/dags/pipeline_dag.py took 0.667 seconds
[2026-05-06T22:22:15.494+0000] {processor.py:161} INFO - Started process (PID=4196) to work on /opt/airflow/dags/pipeline_dag.py
[2026-05-06T22:22:15.503+0000] {processor.py:830} INFO - Processing file /opt/airflow/dags/pipeline_dag.py for tasks to queue
[2026-05-06T22:22:15.521+0000] {logging_mixin.py:188} INFO - [2026-05-06T22:22:15.520+0000] {dagbag.py:545} INFO - Filling up the DagBag from /opt/airflow/dags/pipeline_dag.py
[2026-05-06T22:22:15.629+0000] {processor.py:840} INFO - DAG(s) 'ab_test_medallion_pipeline' retrieved from /opt/airflow/dags/pipeline_dag.py
[2026-05-06T22:22:16.267+0000] {logging_mixin.py:188} INFO - [2026-05-06T22:22:16.266+0000] {dag.py:3096} INFO - Sync 1 DAGs
[2026-05-06T22:22:16.405+0000] {logging_mixin.py:188} INFO - [2026-05-06T22:22:16.405+0000] {dag.py:3954} INFO - Setting next_dagrun for ab_test_medallion_pipeline to 2026-05-06 00:00:00+00:00, run_after=2026-05-07 00:00:00+00:00
[2026-05-06T22:22:16.511+0000] {processor.py:183} INFO - Processing /opt/airflow/dags/pipeline_dag.py took 1.097 seconds
[2026-05-06T22:22:46.809+0000] {processor.py:161} INFO - Started process (PID=4254) to work on /opt/airflow/dags/pipeline_dag.py
[2026-05-06T22:22:46.816+0000] {processor.py:830} INFO - Processing file /opt/airflow/dags/pipeline_dag.py for tasks to queue
[2026-05-06T22:22:46.823+0000] {logging_mixin.py:188} INFO - [2026-05-06T22:22:46.821+0000] {dagbag.py:545} INFO - Filling up the DagBag from /opt/airflow/dags/pipeline_dag.py
[2026-05-06T22:22:46.895+0000] {processor.py:840} INFO - DAG(s) 'ab_test_medallion_pipeline' retrieved from /opt/airflow/dags/pipeline_dag.py
[2026-05-06T22:22:47.440+0000] {logging_mixin.py:188} INFO - [2026-05-06T22:22:47.439+0000] {dag.py:3096} INFO - Sync 1 DAGs
[2026-05-06T22:22:47.756+0000] {logging_mixin.py:188} INFO - [2026-05-06T22:22:47.755+0000] {dag.py:3954} INFO - Setting next_dagrun for ab_test_medallion_pipeline to 2026-05-06 00:00:00+00:00, run_after=2026-05-07 00:00:00+00:00
[2026-05-06T22:22:47.981+0000] {processor.py:183} INFO - Processing /opt/airflow/dags/pipeline_dag.py took 1.198 seconds
[2026-05-06T22:23:19.056+0000] {processor.py:161} INFO - Started process (PID=4329) to work on /opt/airflow/dags/pipeline_dag.py
[2026-05-06T22:23:19.060+0000] {processor.py:830} INFO - Processing file /opt/airflow/dags/pipeline_dag.py for tasks to queue
[2026-05-06T22:23:19.075+0000] {logging_mixin.py:188} INFO - [2026-05-06T22:23:19.074+0000] {dagbag.py:545} INFO - Filling up the DagBag from /opt/airflow/dags/pipeline_dag.py
[2026-05-06T22:23:19.126+0000] {processor.py:840} INFO - DAG(s) 'ab_test_medallion_pipeline' retrieved from /opt/airflow/dags/pipeline_dag.py
[2026-05-06T22:23:19.340+0000] {logging_mixin.py:188} INFO - [2026-05-06T22:23:19.339+0000] {dag.py:3096} INFO - Sync 1 DAGs
[2026-05-06T22:23:19.457+0000] {logging_mixin.py:188} INFO - [2026-05-06T22:23:19.456+0000] {dag.py:3954} INFO - Setting next_dagrun for ab_test_medallion_pipeline to 2026-05-06 00:00:00+00:00, run_after=2026-05-07 00:00:00+00:00
[2026-05-06T22:23:19.580+0000] {processor.py:183} INFO - Processing /opt/airflow/dags/pipeline_dag.py took 0.642 seconds
[2026-05-06T22:23:50.079+0000] {processor.py:161} INFO - Started process (PID=4379) to work on /opt/airflow/dags/pipeline_dag.py
[2026-05-06T22:23:50.081+0000] {processor.py:830} INFO - Processing file /opt/airflow/dags/pipeline_dag.py for tasks to queue
[2026-05-06T22:23:50.089+0000] {logging_mixin.py:188} INFO - [2026-05-06T22:23:50.088+0000] {dagbag.py:545} INFO - Filling up the DagBag from /opt/airflow/dags/pipeline_dag.py
[2026-05-06T22:23:50.120+0000] {processor.py:840} INFO - DAG(s) 'ab_test_medallion_pipeline' retrieved from /opt/airflow/dags/pipeline_dag.py
[2026-05-06T22:23:50.213+0000] {logging_mixin.py:188} INFO - [2026-05-06T22:23:50.212+0000] {dag.py:3096} INFO - Sync 1 DAGs
[2026-05-06T22:23:50.272+0000] {logging_mixin.py:188} INFO - [2026-05-06T22:23:50.272+0000] {dag.py:3954} INFO - Setting next_dagrun for ab_test_medallion_pipeline to 2026-05-06 00:00:00+00:00, run_after=2026-05-07 00:00:00+00:00
[2026-05-06T22:23:50.309+0000] {processor.py:183} INFO - Processing /opt/airflow/dags/pipeline_dag.py took 0.244 seconds
[2026-05-06T22:24:20.482+0000] {processor.py:161} INFO - Started process (PID=4502) to work on /opt/airflow/dags/pipeline_dag.py
[2026-05-06T22:24:20.484+0000] {processor.py:830} INFO - Processing file /opt/airflow/dags/pipeline_dag.py for tasks to queue
[2026-05-06T22:24:20.493+0000] {logging_mixin.py:188} INFO - [2026-05-06T22:24:20.491+0000] {dagbag.py:545} INFO - Filling up the DagBag from /opt/airflow/dags/pipeline_dag.py
[2026-05-06T22:24:20.559+0000] {processor.py:840} INFO - DAG(s) 'ab_test_medallion_pipeline' retrieved from /opt/airflow/dags/pipeline_dag.py
[2026-05-06T22:24:20.688+0000] {logging_mixin.py:188} INFO - [2026-05-06T22:24:20.687+0000] {dag.py:3096} INFO - Sync 1 DAGs
[2026-05-06T22:24:20.776+0000] {logging_mixin.py:188} INFO - [2026-05-06T22:24:20.775+0000] {dag.py:3954} INFO - Setting next_dagrun for ab_test_medallion_pipeline to 2026-05-06 00:00:00+00:00, run_after=2026-05-07 00:00:00+00:00
[2026-05-06T22:24:20.831+0000] {processor.py:183} INFO - Processing /opt/airflow/dags/pipeline_dag.py took 0.371 seconds
[2026-05-06T22:24:51.052+0000] {processor.py:161} INFO - Started process (PID=4611) to work on /opt/airflow/dags/pipeline_dag.py
[2026-05-06T22:24:51.058+0000] {processor.py:830} INFO - Processing file /opt/airflow/dags/pipeline_dag.py for tasks to queue
[2026-05-06T22:24:51.069+0000] {logging_mixin.py:188} INFO - [2026-05-06T22:24:51.061+0000] {dagbag.py:545} INFO - Filling up the DagBag from /opt/airflow/dags/pipeline_dag.py
[2026-05-06T22:24:51.159+0000] {processor.py:840} INFO - DAG(s) 'ab_test_medallion_pipeline' retrieved from /opt/airflow/dags/pipeline_dag.py
[2026-05-06T22:24:51.470+0000] {logging_mixin.py:188} INFO - [2026-05-06T22:24:51.469+0000] {dag.py:3096} INFO - Sync 1 DAGs
[2026-05-06T22:24:51.712+0000] {logging_mixin.py:188} INFO - [2026-05-06T22:24:51.707+0000] {dag.py:3954} INFO - Setting next_dagrun for ab_test_medallion_pipeline to 2026-05-06 00:00:00+00:00, run_after=2026-05-07 00:00:00+00:00
[2026-05-06T22:24:51.874+0000] {processor.py:183} INFO - Processing /opt/airflow/dags/pipeline_dag.py took 0.847 seconds
[2026-05-06T22:25:22.147+0000] {processor.py:161} INFO - Started process (PID=4707) to work on /opt/airflow/dags/pipeline_dag.py
[2026-05-06T22:25:22.150+0000] {processor.py:830} INFO - Processing file /opt/airflow/dags/pipeline_dag.py for tasks to queue
[2026-05-06T22:25:22.153+0000] {logging_mixin.py:188} INFO - [2026-05-06T22:25:22.152+0000] {dagbag.py:545} INFO - Filling up the DagBag from /opt/airflow/dags/pipeline_dag.py
[2026-05-06T22:25:22.175+0000] {processor.py:840} INFO - DAG(s) 'ab_test_medallion_pipeline' retrieved from /opt/airflow/dags/pipeline_dag.py
[2026-05-06T22:25:22.224+0000] {logging_mixin.py:188} INFO - [2026-05-06T22:25:22.224+0000] {dag.py:3096} INFO - Sync 1 DAGs
[2026-05-06T22:25:22.289+0000] {logging_mixin.py:188} INFO - [2026-05-06T22:25:22.288+0000] {dag.py:3954} INFO - Setting next_dagrun for ab_test_medallion_pipeline to 2026-05-06 00:00:00+00:00, run_after=2026-05-07 00:00:00+00:00
[2026-05-06T22:25:22.339+0000] {processor.py:183} INFO - Processing /opt/airflow/dags/pipeline_dag.py took 0.204 seconds
[2026-05-06T22:25:52.587+0000] {processor.py:161} INFO - Started process (PID=4712) to work on /opt/airflow/dags/pipeline_dag.py
[2026-05-06T22:25:52.591+0000] {processor.py:830} INFO - Processing file /opt/airflow/dags/pipeline_dag.py for tasks to queue
[2026-05-06T22:25:52.605+0000] {logging_mixin.py:188} INFO - [2026-05-06T22:25:52.604+0000] {dagbag.py:545} INFO - Filling up the DagBag from /opt/airflow/dags/pipeline_dag.py
[2026-05-06T22:25:52.707+0000] {processor.py:840} INFO - DAG(s) 'ab_test_medallion_pipeline' retrieved from /opt/airflow/dags/pipeline_dag.py
[2026-05-06T22:25:52.860+0000] {logging_mixin.py:188} INFO - [2026-05-06T22:25:52.860+0000] {dag.py:3096} INFO - Sync 1 DAGs
[2026-05-06T22:25:52.953+0000] {logging_mixin.py:188} INFO - [2026-05-06T22:25:52.952+0000] {dag.py:3954} INFO - Setting next_dagrun for ab_test_medallion_pipeline to 2026-05-06 00:00:00+00:00, run_after=2026-05-07 00:00:00+00:00
[2026-05-06T22:25:53.088+0000] {processor.py:183} INFO - Processing /opt/airflow/dags/pipeline_dag.py took 0.561 seconds
[2026-05-06T22:26:23.233+0000] {processor.py:161} INFO - Started process (PID=4717) to work on /opt/airflow/dags/pipeline_dag.py
[2026-05-06T22:26:23.235+0000] {processor.py:830} INFO - Processing file /opt/airflow/dags/pipeline_dag.py for tasks to queue
[2026-05-06T22:26:23.238+0000] {logging_mixin.py:188} INFO - [2026-05-06T22:26:23.238+0000] {dagbag.py:545} INFO - Filling up the DagBag from /opt/airflow/dags/pipeline_dag.py
[2026-05-06T22:26:23.262+0000] {processor.py:840} INFO - DAG(s) 'ab_test_medallion_pipeline' retrieved from /opt/airflow/dags/pipeline_dag.py
[2026-05-06T22:26:23.320+0000] {logging_mixin.py:188} INFO - [2026-05-06T22:26:23.319+0000] {dag.py:3096} INFO - Sync 1 DAGs
[2026-05-06T22:26:23.368+0000] {logging_mixin.py:188} INFO - [2026-05-06T22:26:23.368+0000] {dag.py:3954} INFO - Setting next_dagrun for ab_test_medallion_pipeline to 2026-05-06 00:00:00+00:00, run_after=2026-05-07 00:00:00+00:00
[2026-05-06T22:26:23.405+0000] {processor.py:183} INFO - Processing /opt/airflow/dags/pipeline_dag.py took 0.185 seconds
[2026-05-06T22:26:53.612+0000] {processor.py:161} INFO - Started process (PID=4722) to work on /opt/airflow/dags/pipeline_dag.py
[2026-05-06T22:26:53.614+0000] {processor.py:830} INFO - Processing file /opt/airflow/dags/pipeline_dag.py for tasks to queue
[2026-05-06T22:26:53.617+0000] {logging_mixin.py:188} INFO - [2026-05-06T22:26:53.617+0000] {dagbag.py:545} INFO - Filling up the DagBag from /opt/airflow/dags/pipeline_dag.py
[2026-05-06T22:26:53.663+0000] {processor.py:840} INFO - DAG(s) 'ab_test_medallion_pipeline' retrieved from /opt/airflow/dags/pipeline_dag.py
[2026-05-06T22:26:53.780+0000] {logging_mixin.py:188} INFO - [2026-05-06T22:26:53.779+0000] {dag.py:3096} INFO - Sync 1 DAGs
[2026-05-06T22:26:53.842+0000] {logging_mixin.py:188} INFO - [2026-05-06T22:26:53.842+0000] {dag.py:3954} INFO - Setting next_dagrun for ab_test_medallion_pipeline to 2026-05-06 00:00:00+00:00, run_after=2026-05-07 00:00:00+00:00
[2026-05-06T22:26:53.892+0000] {processor.py:183} INFO - Processing /opt/airflow/dags/pipeline_dag.py took 0.295 seconds
[2026-05-06T22:27:24.267+0000] {processor.py:161} INFO - Started process (PID=4762) to work on /opt/airflow/dags/pipeline_dag.py
[2026-05-06T22:27:24.284+0000] {processor.py:830} INFO - Processing file /opt/airflow/dags/pipeline_dag.py for tasks to queue
[2026-05-06T22:27:24.303+0000] {logging_mixin.py:188} INFO - [2026-05-06T22:27:24.302+0000] {dagbag.py:545} INFO - Filling up the DagBag from /opt/airflow/dags/pipeline_dag.py
[2026-05-06T22:27:24.459+0000] {processor.py:840} INFO - DAG(s) 'ab_test_medallion_pipeline' retrieved from /opt/airflow/dags/pipeline_dag.py
[2026-05-06T22:27:24.734+0000] {logging_mixin.py:188} INFO - [2026-05-06T22:27:24.733+0000] {dag.py:3096} INFO - Sync 1 DAGs
[2026-05-06T22:27:24.991+0000] {logging_mixin.py:188} INFO - [2026-05-06T22:27:24.991+0000] {dag.py:3954} INFO - Setting next_dagrun for ab_test_medallion_pipeline to 2026-05-06 00:00:00+00:00, run_after=2026-05-07 00:00:00+00:00
[2026-05-06T22:27:25.345+0000] {processor.py:183} INFO - Processing /opt/airflow/dags/pipeline_dag.py took 1.121 seconds
[2026-05-06T22:27:56.074+0000] {processor.py:161} INFO - Started process (PID=4901) to work on /opt/airflow/dags/pipeline_dag.py
[2026-05-06T22:27:56.082+0000] {processor.py:830} INFO - Processing file /opt/airflow/dags/pipeline_dag.py for tasks to queue
[2026-05-06T22:27:56.097+0000] {logging_mixin.py:188} INFO - [2026-05-06T22:27:56.095+0000] {dagbag.py:545} INFO - Filling up the DagBag from /opt/airflow/dags/pipeline_dag.py
[2026-05-06T22:27:56.220+0000] {processor.py:840} INFO - DAG(s) 'ab_test_medallion_pipeline' retrieved from /opt/airflow/dags/pipeline_dag.py
[2026-05-06T22:27:56.494+0000] {logging_mixin.py:188} INFO - [2026-05-06T22:27:56.493+0000] {dag.py:3096} INFO - Sync 1 DAGs
[2026-05-06T22:27:56.649+0000] {logging_mixin.py:188} INFO - [2026-05-06T22:27:56.648+0000] {dag.py:3954} INFO - Setting next_dagrun for ab_test_medallion_pipeline to 2026-05-06 00:00:00+00:00, run_after=2026-05-07 00:00:00+00:00
[2026-05-06T22:27:56.751+0000] {processor.py:183} INFO - Processing /opt/airflow/dags/pipeline_dag.py took 0.729 seconds
[2026-05-06T22:28:27.303+0000] {processor.py:161} INFO - Started process (PID=4955) to work on /opt/airflow/dags/pipeline_dag.py
[2026-05-06T22:28:27.315+0000] {processor.py:830} INFO - Processing file /opt/airflow/dags/pipeline_dag.py for tasks to queue
[2026-05-06T22:28:27.321+0000] {logging_mixin.py:188} INFO - [2026-05-06T22:28:27.320+0000] {dagbag.py:545} INFO - Filling up the DagBag from /opt/airflow/dags/pipeline_dag.py
[2026-05-06T22:28:27.369+0000] {processor.py:840} INFO - DAG(s) 'ab_test_medallion_pipeline' retrieved from /opt/airflow/dags/pipeline_dag.py
[2026-05-06T22:28:27.609+0000] {logging_mixin.py:188} INFO - [2026-05-06T22:28:27.603+0000] {dag.py:3096} INFO - Sync 1 DAGs
[2026-05-06T22:28:27.831+0000] {logging_mixin.py:188} INFO - [2026-05-06T22:28:27.830+0000] {dag.py:3954} INFO - Setting next_dagrun for ab_test_medallion_pipeline to 2026-05-06 00:00:00+00:00, run_after=2026-05-07 00:00:00+00:00
[2026-05-06T22:28:27.916+0000] {processor.py:183} INFO - Processing /opt/airflow/dags/pipeline_dag.py took 0.636 seconds
[2026-05-06T22:28:58.165+0000] {processor.py:161} INFO - Started process (PID=5020) to work on /opt/airflow/dags/pipeline_dag.py
[2026-05-06T22:28:58.167+0000] {processor.py:830} INFO - Processing file /opt/airflow/dags/pipeline_dag.py for tasks to queue
[2026-05-06T22:28:58.173+0000] {logging_mixin.py:188} INFO - [2026-05-06T22:28:58.172+0000] {dagbag.py:545} INFO - Filling up the DagBag from /opt/airflow/dags/pipeline_dag.py
[2026-05-06T22:28:58.197+0000] {processor.py:840} INFO - DAG(s) 'ab_test_medallion_pipeline' retrieved from /opt/airflow/dags/pipeline_dag.py
[2026-05-06T22:28:58.262+0000] {logging_mixin.py:188} INFO - [2026-05-06T22:28:58.262+0000] {dag.py:3096} INFO - Sync 1 DAGs
[2026-05-06T22:28:58.316+0000] {logging_mixin.py:188} INFO - [2026-05-06T22:28:58.315+0000] {dag.py:3954} INFO - Setting next_dagrun for ab_test_medallion_pipeline to 2026-05-06 00:00:00+00:00, run_after=2026-05-07 00:00:00+00:00
[2026-05-06T22:28:58.373+0000] {processor.py:183} INFO - Processing /opt/airflow/dags/pipeline_dag.py took 0.222 seconds
[2026-05-06T22:29:28.497+0000] {processor.py:161} INFO - Started process (PID=5025) to work on /opt/airflow/dags/pipeline_dag.py
[2026-05-06T22:29:28.499+0000] {processor.py:830} INFO - Processing file /opt/airflow/dags/pipeline_dag.py for tasks to queue
[2026-05-06T22:29:28.503+0000] {logging_mixin.py:188} INFO - [2026-05-06T22:29:28.502+0000] {dagbag.py:545} INFO - Filling up the DagBag from /opt/airflow/dags/pipeline_dag.py
[2026-05-06T22:29:28.526+0000] {processor.py:840} INFO - DAG(s) 'ab_test_medallion_pipeline' retrieved from /opt/airflow/dags/pipeline_dag.py
[2026-05-06T22:29:28.574+0000] {logging_mixin.py:188} INFO - [2026-05-06T22:29:28.573+0000] {dag.py:3096} INFO - Sync 1 DAGs
[2026-05-06T22:29:28.629+0000] {logging_mixin.py:188} INFO - [2026-05-06T22:29:28.628+0000] {dag.py:3954} INFO - Setting next_dagrun for ab_test_medallion_pipeline to 2026-05-06 00:00:00+00:00, run_after=2026-05-07 00:00:00+00:00
[2026-05-06T22:29:28.675+0000] {processor.py:183} INFO - Processing /opt/airflow/dags/pipeline_dag.py took 0.191 seconds
[2026-05-06T22:29:58.842+0000] {processor.py:161} INFO - Started process (PID=5030) to work on /opt/airflow/dags/pipeline_dag.py
[2026-05-06T22:29:58.844+0000] {processor.py:830} INFO - Processing file /opt/airflow/dags/pipeline_dag.py for tasks to queue
[2026-05-06T22:29:58.848+0000] {logging_mixin.py:188} INFO - [2026-05-06T22:29:58.847+0000] {dagbag.py:545} INFO - Filling up the DagBag from /opt/airflow/dags/pipeline_dag.py
[2026-05-06T22:29:58.870+0000] {processor.py:840} INFO - DAG(s) 'ab_test_medallion_pipeline' retrieved from /opt/airflow/dags/pipeline_dag.py
[2026-05-06T22:29:58.936+0000] {logging_mixin.py:188} INFO - [2026-05-06T22:29:58.936+0000] {dag.py:3096} INFO - Sync 1 DAGs
[2026-05-06T22:29:59.008+0000] {logging_mixin.py:188} INFO - [2026-05-06T22:29:59.007+0000] {dag.py:3954} INFO - Setting next_dagrun for ab_test_medallion_pipeline to 2026-05-06 00:00:00+00:00, run_after=2026-05-07 00:00:00+00:00
[2026-05-06T22:29:59.045+0000] {processor.py:183} INFO - Processing /opt/airflow/dags/pipeline_dag.py took 0.215 seconds
[2026-05-06T22:30:29.124+0000] {processor.py:161} INFO - Started process (PID=5035) to work on /opt/airflow/dags/pipeline_dag.py
[2026-05-06T22:30:29.127+0000] {processor.py:830} INFO - Processing file /opt/airflow/dags/pipeline_dag.py for tasks to queue
[2026-05-06T22:30:29.132+0000] {logging_mixin.py:188} INFO - [2026-05-06T22:30:29.131+0000] {dagbag.py:545} INFO - Filling up the DagBag from /opt/airflow/dags/pipeline_dag.py
[2026-05-06T22:30:29.165+0000] {processor.py:840} INFO - DAG(s) 'ab_test_medallion_pipeline' retrieved from /opt/airflow/dags/pipeline_dag.py
[2026-05-06T22:30:29.240+0000] {logging_mixin.py:188} INFO - [2026-05-06T22:30:29.240+0000] {dag.py:3096} INFO - Sync 1 DAGs
[2026-05-06T22:30:29.285+0000] {logging_mixin.py:188} INFO - [2026-05-06T22:30:29.285+0000] {dag.py:3954} INFO - Setting next_dagrun for ab_test_medallion_pipeline to 2026-05-06 00:00:00+00:00, run_after=2026-05-07 00:00:00+00:00
[2026-05-06T22:30:29.324+0000] {processor.py:183} INFO - Processing /opt/airflow/dags/pipeline_dag.py took 0.218 seconds
[2026-05-06T22:30:59.460+0000] {processor.py:161} INFO - Started process (PID=5040) to work on /opt/airflow/dags/pipeline_dag.py
[2026-05-06T22:30:59.464+0000] {processor.py:830} INFO - Processing file /opt/airflow/dags/pipeline_dag.py for tasks to queue
[2026-05-06T22:30:59.472+0000] {logging_mixin.py:188} INFO - [2026-05-06T22:30:59.472+0000] {dagbag.py:545} INFO - Filling up the DagBag from /opt/airflow/dags/pipeline_dag.py
[2026-05-06T22:30:59.500+0000] {processor.py:840} INFO - DAG(s) 'ab_test_medallion_pipeline' retrieved from /opt/airflow/dags/pipeline_dag.py
[2026-05-06T22:30:59.584+0000] {logging_mixin.py:188} INFO - [2026-05-06T22:30:59.584+0000] {dag.py:3096} INFO - Sync 1 DAGs
[2026-05-06T22:30:59.632+0000] {logging_mixin.py:188} INFO - [2026-05-06T22:30:59.632+0000] {dag.py:3954} INFO - Setting next_dagrun for ab_test_medallion_pipeline to 2026-05-06 00:00:00+00:00, run_after=2026-05-07 00:00:00+00:00
[2026-05-06T22:30:59.665+0000] {processor.py:183} INFO - Processing /opt/airflow/dags/pipeline_dag.py took 0.220 seconds
[2026-05-06T22:31:29.855+0000] {processor.py:161} INFO - Started process (PID=5045) to work on /opt/airflow/dags/pipeline_dag.py
[2026-05-06T22:31:29.868+0000] {processor.py:830} INFO - Processing file /opt/airflow/dags/pipeline_dag.py for tasks to queue
[2026-05-06T22:31:29.883+0000] {logging_mixin.py:188} INFO - [2026-05-06T22:31:29.882+0000] {dagbag.py:545} INFO - Filling up the DagBag from /opt/airflow/dags/pipeline_dag.py
[2026-05-06T22:31:30.013+0000] {processor.py:840} INFO - DAG(s) 'ab_test_medallion_pipeline' retrieved from /opt/airflow/dags/pipeline_dag.py
[2026-05-06T22:31:30.271+0000] {logging_mixin.py:188} INFO - [2026-05-06T22:31:30.260+0000] {dag.py:3096} INFO - Sync 1 DAGs
[2026-05-06T22:31:30.424+0000] {logging_mixin.py:188} INFO - [2026-05-06T22:31:30.423+0000] {dag.py:3954} INFO - Setting next_dagrun for ab_test_medallion_pipeline to 2026-05-06 00:00:00+00:00, run_after=2026-05-07 00:00:00+00:00
[2026-05-06T22:31:30.596+0000] {processor.py:183} INFO - Processing /opt/airflow/dags/pipeline_dag.py took 0.777 seconds
[2026-05-06T22:32:00.805+0000] {processor.py:161} INFO - Started process (PID=5050) to work on /opt/airflow/dags/pipeline_dag.py
[2026-05-06T22:32:00.808+0000] {processor.py:830} INFO - Processing file /opt/airflow/dags/pipeline_dag.py for tasks to queue
[2026-05-06T22:32:00.813+0000] {logging_mixin.py:188} INFO - [2026-05-06T22:32:00.812+0000] {dagbag.py:545} INFO - Filling up the DagBag from /opt/airflow/dags/pipeline_dag.py
[2026-05-06T22:32:00.859+0000] {processor.py:840} INFO - DAG(s) 'ab_test_medallion_pipeline' retrieved from /opt/airflow/dags/pipeline_dag.py
[2026-05-06T22:32:00.936+0000] {logging_mixin.py:188} INFO - [2026-05-06T22:32:00.935+0000] {dag.py:3096} INFO - Sync 1 DAGs
[2026-05-06T22:32:01.135+0000] {logging_mixin.py:188} INFO - [2026-05-06T22:32:01.134+0000] {dag.py:3954} INFO - Setting next_dagrun for ab_test_medallion_pipeline to 2026-05-06 00:00:00+00:00, run_after=2026-05-07 00:00:00+00:00
[2026-05-06T22:32:01.279+0000] {processor.py:183} INFO - Processing /opt/airflow/dags/pipeline_dag.py took 0.502 seconds
[2026-05-06T22:32:31.476+0000] {processor.py:161} INFO - Started process (PID=5055) to work on /opt/airflow/dags/pipeline_dag.py
[2026-05-06T22:32:31.481+0000] {processor.py:830} INFO - Processing file /opt/airflow/dags/pipeline_dag.py for tasks to queue
[2026-05-06T22:32:31.485+0000] {logging_mixin.py:188} INFO - [2026-05-06T22:32:31.484+0000] {dagbag.py:545} INFO - Filling up the DagBag from /opt/airflow/dags/pipeline_dag.py
[2026-05-06T22:32:31.537+0000] {processor.py:840} INFO - DAG(s) 'ab_test_medallion_pipeline' retrieved from /opt/airflow/dags/pipeline_dag.py
[2026-05-06T22:32:31.635+0000] {logging_mixin.py:188} INFO - [2026-05-06T22:32:31.635+0000] {dag.py:3096} INFO - Sync 1 DAGs
[2026-05-06T22:32:31.760+0000] {logging_mixin.py:188} INFO - [2026-05-06T22:32:31.755+0000] {dag.py:3954} INFO - Setting next_dagrun for ab_test_medallion_pipeline to 2026-05-06 00:00:00+00:00, run_after=2026-05-07 00:00:00+00:00
[2026-05-06T22:32:31.853+0000] {processor.py:183} INFO - Processing /opt/airflow/dags/pipeline_dag.py took 0.398 seconds
[2026-05-06T22:33:02.055+0000] {processor.py:161} INFO - Started process (PID=5060) to work on /opt/airflow/dags/pipeline_dag.py
[2026-05-06T22:33:02.066+0000] {processor.py:830} INFO - Processing file /opt/airflow/dags/pipeline_dag.py for tasks to queue
[2026-05-06T22:33:02.073+0000] {logging_mixin.py:188} INFO - [2026-05-06T22:33:02.072+0000] {dagbag.py:545} INFO - Filling up the DagBag from /opt/airflow/dags/pipeline_dag.py
[2026-05-06T22:33:02.127+0000] {processor.py:840} INFO - DAG(s) 'ab_test_medallion_pipeline' retrieved from /opt/airflow/dags/pipeline_dag.py
[2026-05-06T22:33:02.233+0000] {logging_mixin.py:188} INFO - [2026-05-06T22:33:02.233+0000] {dag.py:3096} INFO - Sync 1 DAGs
[2026-05-06T22:33:02.325+0000] {logging_mixin.py:188} INFO - [2026-05-06T22:33:02.324+0000] {dag.py:3954} INFO - Setting next_dagrun for ab_test_medallion_pipeline to 2026-05-06 00:00:00+00:00, run_after=2026-05-07 00:00:00+00:00
[2026-05-06T22:33:02.431+0000] {processor.py:183} INFO - Processing /opt/airflow/dags/pipeline_dag.py took 0.417 seconds
[2026-05-06T22:33:32.679+0000] {processor.py:161} INFO - Started process (PID=5065) to work on /opt/airflow/dags/pipeline_dag.py
[2026-05-06T22:33:32.682+0000] {processor.py:830} INFO - Processing file /opt/airflow/dags/pipeline_dag.py for tasks to queue
[2026-05-06T22:33:32.693+0000] {logging_mixin.py:188} INFO - [2026-05-06T22:33:32.690+0000] {dagbag.py:545} INFO - Filling up the DagBag from /opt/airflow/dags/pipeline_dag.py
[2026-05-06T22:33:32.750+0000] {processor.py:840} INFO - DAG(s) 'ab_test_medallion_pipeline' retrieved from /opt/airflow/dags/pipeline_dag.py
[2026-05-06T22:33:32.887+0000] {logging_mixin.py:188} INFO - [2026-05-06T22:33:32.887+0000] {dag.py:3096} INFO - Sync 1 DAGs
[2026-05-06T22:33:33.073+0000] {logging_mixin.py:188} INFO - [2026-05-06T22:33:33.072+0000] {dag.py:3954} INFO - Setting next_dagrun for ab_test_medallion_pipeline to 2026-05-06 00:00:00+00:00, run_after=2026-05-07 00:00:00+00:00
[2026-05-06T22:33:33.158+0000] {processor.py:183} INFO - Processing /opt/airflow/dags/pipeline_dag.py took 0.508 seconds
[2026-05-06T22:34:03.642+0000] {processor.py:161} INFO - Started process (PID=5070) to work on /opt/airflow/dags/pipeline_dag.py
[2026-05-06T22:34:03.645+0000] {processor.py:830} INFO - Processing file /opt/airflow/dags/pipeline_dag.py for tasks to queue
[2026-05-06T22:34:03.677+0000] {logging_mixin.py:188} INFO - [2026-05-06T22:34:03.675+0000] {dagbag.py:545} INFO - Filling up the DagBag from /opt/airflow/dags/pipeline_dag.py
[2026-05-06T22:34:03.786+0000] {processor.py:840} INFO - DAG(s) 'ab_test_medallion_pipeline' retrieved from /opt/airflow/dags/pipeline_dag.py
[2026-05-06T22:34:04.138+0000] {logging_mixin.py:188} INFO - [2026-05-06T22:34:04.138+0000] {dag.py:3096} INFO - Sync 1 DAGs
[2026-05-06T22:34:04.408+0000] {logging_mixin.py:188} INFO - [2026-05-06T22:34:04.407+0000] {dag.py:3954} INFO - Setting next_dagrun for ab_test_medallion_pipeline to 2026-05-06 00:00:00+00:00, run_after=2026-05-07 00:00:00+00:00
[2026-05-06T22:34:04.506+0000] {processor.py:183} INFO - Processing /opt/airflow/dags/pipeline_dag.py took 0.944 seconds
[2026-05-06T22:34:34.691+0000] {processor.py:161} INFO - Started process (PID=5075) to work on /opt/airflow/dags/pipeline_dag.py
[2026-05-06T22:34:34.693+0000] {processor.py:830} INFO - Processing file /opt/airflow/dags/pipeline_dag.py for tasks to queue
[2026-05-06T22:34:34.697+0000] {logging_mixin.py:188} INFO - [2026-05-06T22:34:34.696+0000] {dagbag.py:545} INFO - Filling up the DagBag from /opt/airflow/dags/pipeline_dag.py
[2026-05-06T22:34:34.722+0000] {processor.py:840} INFO - DAG(s) 'ab_test_medallion_pipeline' retrieved from /opt/airflow/dags/pipeline_dag.py
[2026-05-06T22:34:34.784+0000] {logging_mixin.py:188} INFO - [2026-05-06T22:34:34.784+0000] {dag.py:3096} INFO - Sync 1 DAGs
[2026-05-06T22:34:34.841+0000] {logging_mixin.py:188} INFO - [2026-05-06T22:34:34.840+0000] {dag.py:3954} INFO - Setting next_dagrun for ab_test_medallion_pipeline to 2026-05-06 00:00:00+00:00, run_after=2026-05-07 00:00:00+00:00
[2026-05-06T22:34:34.908+0000] {processor.py:183} INFO - Processing /opt/airflow/dags/pipeline_dag.py took 0.229 seconds
[2026-05-06T22:35:05.038+0000] {processor.py:161} INFO - Started process (PID=5080) to work on /opt/airflow/dags/pipeline_dag.py
[2026-05-06T22:35:05.040+0000] {processor.py:830} INFO - Processing file /opt/airflow/dags/pipeline_dag.py for tasks to queue
[2026-05-06T22:35:05.044+0000] {logging_mixin.py:188} INFO - [2026-05-06T22:35:05.043+0000] {dagbag.py:545} INFO - Filling up the DagBag from /opt/airflow/dags/pipeline_dag.py
[2026-05-06T22:35:05.089+0000] {processor.py:840} INFO - DAG(s) 'ab_test_medallion_pipeline' retrieved from /opt/airflow/dags/pipeline_dag.py
[2026-05-06T22:35:05.183+0000] {logging_mixin.py:188} INFO - [2026-05-06T22:35:05.183+0000] {dag.py:3096} INFO - Sync 1 DAGs
[2026-05-06T22:35:05.280+0000] {logging_mixin.py:188} INFO - [2026-05-06T22:35:05.279+0000] {dag.py:3954} INFO - Setting next_dagrun for ab_test_medallion_pipeline to 2026-05-06 00:00:00+00:00, run_after=2026-05-07 00:00:00+00:00
[2026-05-06T22:35:05.369+0000] {processor.py:183} INFO - Processing /opt/airflow/dags/pipeline_dag.py took 0.347 seconds
[2026-05-06T22:35:35.647+0000] {processor.py:161} INFO - Started process (PID=5085) to work on /opt/airflow/dags/pipeline_dag.py
[2026-05-06T22:35:35.650+0000] {processor.py:830} INFO - Processing file /opt/airflow/dags/pipeline_dag.py for tasks to queue
[2026-05-06T22:35:35.657+0000] {logging_mixin.py:188} INFO - [2026-05-06T22:35:35.656+0000] {dagbag.py:545} INFO - Filling up the DagBag from /opt/airflow/dags/pipeline_dag.py
[2026-05-06T22:35:35.712+0000] {processor.py:840} INFO - DAG(s) 'ab_test_medallion_pipeline' retrieved from /opt/airflow/dags/pipeline_dag.py
[2026-05-06T22:35:35.846+0000] {logging_mixin.py:188} INFO - [2026-05-06T22:35:35.846+0000] {dag.py:3096} INFO - Sync 1 DAGs
[2026-05-06T22:35:36.021+0000] {logging_mixin.py:188} INFO - [2026-05-06T22:35:36.021+0000] {dag.py:3954} INFO - Setting next_dagrun for ab_test_medallion_pipeline to 2026-05-06 00:00:00+00:00, run_after=2026-05-07 00:00:00+00:00
[2026-05-06T22:35:36.143+0000] {processor.py:183} INFO - Processing /opt/airflow/dags/pipeline_dag.py took 0.534 seconds
[2026-05-06T22:36:06.680+0000] {processor.py:161} INFO - Started process (PID=5090) to work on /opt/airflow/dags/pipeline_dag.py
[2026-05-06T22:36:06.683+0000] {processor.py:830} INFO - Processing file /opt/airflow/dags/pipeline_dag.py for tasks to queue
[2026-05-06T22:36:06.700+0000] {logging_mixin.py:188} INFO - [2026-05-06T22:36:06.698+0000] {dagbag.py:545} INFO - Filling up the DagBag from /opt/airflow/dags/pipeline_dag.py
[2026-05-06T22:36:06.819+0000] {processor.py:840} INFO - DAG(s) 'ab_test_medallion_pipeline' retrieved from /opt/airflow/dags/pipeline_dag.py
[2026-05-06T22:36:07.094+0000] {logging_mixin.py:188} INFO - [2026-05-06T22:36:07.093+0000] {dag.py:3096} INFO - Sync 1 DAGs
[2026-05-06T22:36:07.320+0000] {logging_mixin.py:188} INFO - [2026-05-06T22:36:07.319+0000] {dag.py:3954} INFO - Setting next_dagrun for ab_test_medallion_pipeline to 2026-05-06 00:00:00+00:00, run_after=2026-05-07 00:00:00+00:00
[2026-05-06T22:36:07.504+0000] {processor.py:183} INFO - Processing /opt/airflow/dags/pipeline_dag.py took 0.853 seconds
[2026-05-06T22:36:37.988+0000] {processor.py:161} INFO - Started process (PID=5095) to work on /opt/airflow/dags/pipeline_dag.py
[2026-05-06T22:36:37.993+0000] {processor.py:830} INFO - Processing file /opt/airflow/dags/pipeline_dag.py for tasks to queue
[2026-05-06T22:36:38.005+0000] {logging_mixin.py:188} INFO - [2026-05-06T22:36:37.999+0000] {dagbag.py:545} INFO - Filling up the DagBag from /opt/airflow/dags/pipeline_dag.py
[2026-05-06T22:36:38.072+0000] {processor.py:840} INFO - DAG(s) 'ab_test_medallion_pipeline' retrieved from /opt/airflow/dags/pipeline_dag.py
[2026-05-06T22:36:38.271+0000] {logging_mixin.py:188} INFO - [2026-05-06T22:36:38.270+0000] {dag.py:3096} INFO - Sync 1 DAGs
[2026-05-06T22:36:38.448+0000] {logging_mixin.py:188} INFO - [2026-05-06T22:36:38.447+0000] {dag.py:3954} INFO - Setting next_dagrun for ab_test_medallion_pipeline to 2026-05-06 00:00:00+00:00, run_after=2026-05-07 00:00:00+00:00
[2026-05-06T22:36:38.553+0000] {processor.py:183} INFO - Processing /opt/airflow/dags/pipeline_dag.py took 0.628 seconds
[2026-05-06T22:37:08.955+0000] {processor.py:161} INFO - Started process (PID=5100) to work on /opt/airflow/dags/pipeline_dag.py
[2026-05-06T22:37:08.959+0000] {processor.py:830} INFO - Processing file /opt/airflow/dags/pipeline_dag.py for tasks to queue
[2026-05-06T22:37:08.964+0000] {logging_mixin.py:188} INFO - [2026-05-06T22:37:08.963+0000] {dagbag.py:545} INFO - Filling up the DagBag from /opt/airflow/dags/pipeline_dag.py
[2026-05-06T22:37:09.087+0000] {processor.py:840} INFO - DAG(s) 'ab_test_medallion_pipeline' retrieved from /opt/airflow/dags/pipeline_dag.py
[2026-05-06T22:37:09.412+0000] {logging_mixin.py:188} INFO - [2026-05-06T22:37:09.411+0000] {dag.py:3096} INFO - Sync 1 DAGs
[2026-05-06T22:37:09.499+0000] {logging_mixin.py:188} INFO - [2026-05-06T22:37:09.498+0000] {dag.py:3954} INFO - Setting next_dagrun for ab_test_medallion_pipeline to 2026-05-06 00:00:00+00:00, run_after=2026-05-07 00:00:00+00:00
[2026-05-06T22:37:09.567+0000] {processor.py:183} INFO - Processing /opt/airflow/dags/pipeline_dag.py took 0.677 seconds
[2026-05-06T22:37:39.861+0000] {processor.py:161} INFO - Started process (PID=5105) to work on /opt/airflow/dags/pipeline_dag.py
[2026-05-06T22:37:39.865+0000] {processor.py:830} INFO - Processing file /opt/airflow/dags/pipeline_dag.py for tasks to queue
[2026-05-06T22:37:39.878+0000] {logging_mixin.py:188} INFO - [2026-05-06T22:37:39.877+0000] {dagbag.py:545} INFO - Filling up the DagBag from /opt/airflow/dags/pipeline_dag.py
[2026-05-06T22:37:39.928+0000] {processor.py:840} INFO - DAG(s) 'ab_test_medallion_pipeline' retrieved from /opt/airflow/dags/pipeline_dag.py
[2026-05-06T22:37:40.001+0000] {logging_mixin.py:188} INFO - [2026-05-06T22:37:40.000+0000] {dag.py:3096} INFO - Sync 1 DAGs
[2026-05-06T22:37:40.109+0000] {logging_mixin.py:188} INFO - [2026-05-06T22:37:40.108+0000] {dag.py:3954} INFO - Setting next_dagrun for ab_test_medallion_pipeline to 2026-05-06 00:00:00+00:00, run_after=2026-05-07 00:00:00+00:00
[2026-05-06T22:37:40.187+0000] {processor.py:183} INFO - Processing /opt/airflow/dags/pipeline_dag.py took 0.386 seconds
[2026-05-06T22:38:10.315+0000] {processor.py:161} INFO - Started process (PID=5110) to work on /opt/airflow/dags/pipeline_dag.py
[2026-05-06T22:38:10.317+0000] {processor.py:830} INFO - Processing file /opt/airflow/dags/pipeline_dag.py for tasks to queue
[2026-05-06T22:38:10.322+0000] {logging_mixin.py:188} INFO - [2026-05-06T22:38:10.321+0000] {dagbag.py:545} INFO - Filling up the DagBag from /opt/airflow/dags/pipeline_dag.py
[2026-05-06T22:38:10.356+0000] {processor.py:840} INFO - DAG(s) 'ab_test_medallion_pipeline' retrieved from /opt/airflow/dags/pipeline_dag.py
[2026-05-06T22:38:10.423+0000] {logging_mixin.py:188} INFO - [2026-05-06T22:38:10.423+0000] {dag.py:3096} INFO - Sync 1 DAGs
[2026-05-06T22:38:10.516+0000] {logging_mixin.py:188} INFO - [2026-05-06T22:38:10.514+0000] {dag.py:3954} INFO - Setting next_dagrun for ab_test_medallion_pipeline to 2026-05-06 00:00:00+00:00, run_after=2026-05-07 00:00:00+00:00
[2026-05-06T22:38:10.606+0000] {processor.py:183} INFO - Processing /opt/airflow/dags/pipeline_dag.py took 0.315 seconds
[2026-05-06T22:38:41.402+0000] {processor.py:161} INFO - Started process (PID=5115) to work on /opt/airflow/dags/pipeline_dag.py
[2026-05-06T22:38:41.405+0000] {processor.py:830} INFO - Processing file /opt/airflow/dags/pipeline_dag.py for tasks to queue
[2026-05-06T22:38:41.409+0000] {logging_mixin.py:188} INFO - [2026-05-06T22:38:41.408+0000] {dagbag.py:545} INFO - Filling up the DagBag from /opt/airflow/dags/pipeline_dag.py
[2026-05-06T22:38:41.445+0000] {processor.py:840} INFO - DAG(s) 'ab_test_medallion_pipeline' retrieved from /opt/airflow/dags/pipeline_dag.py
[2026-05-06T22:38:41.602+0000] {logging_mixin.py:188} INFO - [2026-05-06T22:38:41.601+0000] {dag.py:3096} INFO - Sync 1 DAGs
[2026-05-06T22:38:41.762+0000] {logging_mixin.py:188} INFO - [2026-05-06T22:38:41.762+0000] {dag.py:3954} INFO - Setting next_dagrun for ab_test_medallion_pipeline to 2026-05-06 00:00:00+00:00, run_after=2026-05-07 00:00:00+00:00
[2026-05-06T22:38:41.839+0000] {processor.py:183} INFO - Processing /opt/airflow/dags/pipeline_dag.py took 0.467 seconds
[2026-05-06T22:39:12.072+0000] {processor.py:161} INFO - Started process (PID=5120) to work on /opt/airflow/dags/pipeline_dag.py
[2026-05-06T22:39:12.077+0000] {processor.py:830} INFO - Processing file /opt/airflow/dags/pipeline_dag.py for tasks to queue
[2026-05-06T22:39:12.088+0000] {logging_mixin.py:188} INFO - [2026-05-06T22:39:12.087+0000] {dagbag.py:545} INFO - Filling up the DagBag from /opt/airflow/dags/pipeline_dag.py
[2026-05-06T22:39:12.161+0000] {processor.py:840} INFO - DAG(s) 'ab_test_medallion_pipeline' retrieved from /opt/airflow/dags/pipeline_dag.py
[2026-05-06T22:39:12.292+0000] {logging_mixin.py:188} INFO - [2026-05-06T22:39:12.291+0000] {dag.py:3096} INFO - Sync 1 DAGs
[2026-05-06T22:39:12.404+0000] {logging_mixin.py:188} INFO - [2026-05-06T22:39:12.403+0000] {dag.py:3954} INFO - Setting next_dagrun for ab_test_medallion_pipeline to 2026-05-06 00:00:00+00:00, run_after=2026-05-07 00:00:00+00:00
[2026-05-06T22:39:12.516+0000] {processor.py:183} INFO - Processing /opt/airflow/dags/pipeline_dag.py took 0.505 seconds
[2026-05-06T22:39:42.718+0000] {processor.py:161} INFO - Started process (PID=5125) to work on /opt/airflow/dags/pipeline_dag.py
[2026-05-06T22:39:42.720+0000] {processor.py:830} INFO - Processing file /opt/airflow/dags/pipeline_dag.py for tasks to queue
[2026-05-06T22:39:42.726+0000] {logging_mixin.py:188} INFO - [2026-05-06T22:39:42.725+0000] {dagbag.py:545} INFO - Filling up the DagBag from /opt/airflow/dags/pipeline_dag.py
[2026-05-06T22:39:42.811+0000] {processor.py:840} INFO - DAG(s) 'ab_test_medallion_pipeline' retrieved from /opt/airflow/dags/pipeline_dag.py
[2026-05-06T22:39:42.886+0000] {logging_mixin.py:188} INFO - [2026-05-06T22:39:42.885+0000] {dag.py:3096} INFO - Sync 1 DAGs
[2026-05-06T22:39:42.983+0000] {logging_mixin.py:188} INFO - [2026-05-06T22:39:42.983+0000] {dag.py:3954} INFO - Setting next_dagrun for ab_test_medallion_pipeline to 2026-05-06 00:00:00+00:00, run_after=2026-05-07 00:00:00+00:00
[2026-05-06T22:39:43.043+0000] {processor.py:183} INFO - Processing /opt/airflow/dags/pipeline_dag.py took 0.356 seconds
[2026-05-06T22:40:13.202+0000] {processor.py:161} INFO - Started process (PID=5130) to work on /opt/airflow/dags/pipeline_dag.py
[2026-05-06T22:40:13.204+0000] {processor.py:830} INFO - Processing file /opt/airflow/dags/pipeline_dag.py for tasks to queue
[2026-05-06T22:40:13.209+0000] {logging_mixin.py:188} INFO - [2026-05-06T22:40:13.208+0000] {dagbag.py:545} INFO - Filling up the DagBag from /opt/airflow/dags/pipeline_dag.py
[2026-05-06T22:40:13.235+0000] {processor.py:840} INFO - DAG(s) 'ab_test_medallion_pipeline' retrieved from /opt/airflow/dags/pipeline_dag.py
[2026-05-06T22:40:13.299+0000] {logging_mixin.py:188} INFO - [2026-05-06T22:40:13.298+0000] {dag.py:3096} INFO - Sync 1 DAGs
[2026-05-06T22:40:13.397+0000] {logging_mixin.py:188} INFO - [2026-05-06T22:40:13.397+0000] {dag.py:3954} INFO - Setting next_dagrun for ab_test_medallion_pipeline to 2026-05-06 00:00:00+00:00, run_after=2026-05-07 00:00:00+00:00
[2026-05-06T22:40:13.449+0000] {processor.py:183} INFO - Processing /opt/airflow/dags/pipeline_dag.py took 0.268 seconds
[2026-05-06T22:40:43.661+0000] {processor.py:161} INFO - Started process (PID=5135) to work on /opt/airflow/dags/pipeline_dag.py
[2026-05-06T22:40:43.668+0000] {processor.py:830} INFO - Processing file /opt/airflow/dags/pipeline_dag.py for tasks to queue
[2026-05-06T22:40:43.682+0000] {logging_mixin.py:188} INFO - [2026-05-06T22:40:43.681+0000] {dagbag.py:545} INFO - Filling up the DagBag from /opt/airflow/dags/pipeline_dag.py
[2026-05-06T22:40:43.779+0000] {processor.py:840} INFO - DAG(s) 'ab_test_medallion_pipeline' retrieved from /opt/airflow/dags/pipeline_dag.py
[2026-05-06T22:40:43.874+0000] {logging_mixin.py:188} INFO - [2026-05-06T22:40:43.874+0000] {dag.py:3096} INFO - Sync 1 DAGs
[2026-05-06T22:40:43.979+0000] {logging_mixin.py:188} INFO - [2026-05-06T22:40:43.978+0000] {dag.py:3954} INFO - Setting next_dagrun for ab_test_medallion_pipeline to 2026-05-06 00:00:00+00:00, run_after=2026-05-07 00:00:00+00:00
[2026-05-06T22:40:44.063+0000] {processor.py:183} INFO - Processing /opt/airflow/dags/pipeline_dag.py took 0.430 seconds
[2026-05-06T22:41:14.220+0000] {processor.py:161} INFO - Started process (PID=5140) to work on /opt/airflow/dags/pipeline_dag.py
[2026-05-06T22:41:14.256+0000] {processor.py:830} INFO - Processing file /opt/airflow/dags/pipeline_dag.py for tasks to queue
[2026-05-06T22:41:14.288+0000] {logging_mixin.py:188} INFO - [2026-05-06T22:41:14.277+0000] {dagbag.py:545} INFO - Filling up the DagBag from /opt/airflow/dags/pipeline_dag.py
[2026-05-06T22:41:14.468+0000] {processor.py:840} INFO - DAG(s) 'ab_test_medallion_pipeline' retrieved from /opt/airflow/dags/pipeline_dag.py
[2026-05-06T22:41:14.655+0000] {logging_mixin.py:188} INFO - [2026-05-06T22:41:14.654+0000] {dag.py:3096} INFO - Sync 1 DAGs
[2026-05-06T22:41:14.774+0000] {logging_mixin.py:188} INFO - [2026-05-06T22:41:14.774+0000] {dag.py:3954} INFO - Setting next_dagrun for ab_test_medallion_pipeline to 2026-05-06 00:00:00+00:00, run_after=2026-05-07 00:00:00+00:00
[2026-05-06T22:41:14.838+0000] {processor.py:183} INFO - Processing /opt/airflow/dags/pipeline_dag.py took 0.658 seconds
[2026-05-06T22:41:44.981+0000] {processor.py:161} INFO - Started process (PID=5145) to work on /opt/airflow/dags/pipeline_dag.py
[2026-05-06T22:41:44.991+0000] {processor.py:830} INFO - Processing file /opt/airflow/dags/pipeline_dag.py for tasks to queue
[2026-05-06T22:41:45.008+0000] {logging_mixin.py:188} INFO - [2026-05-06T22:41:45.006+0000] {dagbag.py:545} INFO - Filling up the DagBag from /opt/airflow/dags/pipeline_dag.py
[2026-05-06T22:41:45.113+0000] {processor.py:840} INFO - DAG(s) 'ab_test_medallion_pipeline' retrieved from /opt/airflow/dags/pipeline_dag.py
[2026-05-06T22:41:45.262+0000] {logging_mixin.py:188} INFO - [2026-05-06T22:41:45.261+0000] {dag.py:3096} INFO - Sync 1 DAGs
[2026-05-06T22:41:45.335+0000] {logging_mixin.py:188} INFO - [2026-05-06T22:41:45.334+0000] {dag.py:3954} INFO - Setting next_dagrun for ab_test_medallion_pipeline to 2026-05-06 00:00:00+00:00, run_after=2026-05-07 00:00:00+00:00
[2026-05-06T22:41:45.366+0000] {processor.py:183} INFO - Processing /opt/airflow/dags/pipeline_dag.py took 0.426 seconds
[2026-05-06T22:42:15.735+0000] {processor.py:161} INFO - Started process (PID=5150) to work on /opt/airflow/dags/pipeline_dag.py
[2026-05-06T22:42:15.746+0000] {processor.py:830} INFO - Processing file /opt/airflow/dags/pipeline_dag.py for tasks to queue
[2026-05-06T22:42:15.760+0000] {logging_mixin.py:188} INFO - [2026-05-06T22:42:15.759+0000] {dagbag.py:545} INFO - Filling up the DagBag from /opt/airflow/dags/pipeline_dag.py
[2026-05-06T22:42:15.835+0000] {processor.py:840} INFO - DAG(s) 'ab_test_medallion_pipeline' retrieved from /opt/airflow/dags/pipeline_dag.py
[2026-05-06T22:42:16.023+0000] {logging_mixin.py:188} INFO - [2026-05-06T22:42:16.022+0000] {dag.py:3096} INFO - Sync 1 DAGs
[2026-05-06T22:42:16.166+0000] {logging_mixin.py:188} INFO - [2026-05-06T22:42:16.166+0000] {dag.py:3954} INFO - Setting next_dagrun for ab_test_medallion_pipeline to 2026-05-06 00:00:00+00:00, run_after=2026-05-07 00:00:00+00:00
[2026-05-06T22:42:16.229+0000] {processor.py:183} INFO - Processing /opt/airflow/dags/pipeline_dag.py took 0.593 seconds
[2026-05-06T22:42:46.735+0000] {processor.py:161} INFO - Started process (PID=5255) to work on /opt/airflow/dags/pipeline_dag.py
[2026-05-06T22:42:46.755+0000] {processor.py:830} INFO - Processing file /opt/airflow/dags/pipeline_dag.py for tasks to queue
[2026-05-06T22:42:46.815+0000] {logging_mixin.py:188} INFO - [2026-05-06T22:42:46.810+0000] {dagbag.py:545} INFO - Filling up the DagBag from /opt/airflow/dags/pipeline_dag.py
[2026-05-06T22:42:47.382+0000] {processor.py:840} INFO - DAG(s) 'ab_test_medallion_pipeline' retrieved from /opt/airflow/dags/pipeline_dag.py
[2026-05-06T22:42:48.631+0000] {logging_mixin.py:188} INFO - [2026-05-06T22:42:48.631+0000] {dag.py:3096} INFO - Sync 1 DAGs
[2026-05-06T22:42:49.197+0000] {logging_mixin.py:188} INFO - [2026-05-06T22:42:49.187+0000] {dag.py:3954} INFO - Setting next_dagrun for ab_test_medallion_pipeline to 2026-05-06 00:00:00+00:00, run_after=2026-05-07 00:00:00+00:00
[2026-05-06T22:42:49.591+0000] {processor.py:183} INFO - Processing /opt/airflow/dags/pipeline_dag.py took 3.044 seconds
[2026-05-06T22:43:20.697+0000] {processor.py:161} INFO - Started process (PID=5260) to work on /opt/airflow/dags/pipeline_dag.py
[2026-05-06T22:43:20.796+0000] {processor.py:830} INFO - Processing file /opt/airflow/dags/pipeline_dag.py for tasks to queue
[2026-05-06T22:43:20.882+0000] {logging_mixin.py:188} INFO - [2026-05-06T22:43:20.880+0000] {dagbag.py:545} INFO - Filling up the DagBag from /opt/airflow/dags/pipeline_dag.py
[2026-05-06T22:43:21.101+0000] {processor.py:840} INFO - DAG(s) 'ab_test_medallion_pipeline' retrieved from /opt/airflow/dags/pipeline_dag.py
[2026-05-06T22:43:22.387+0000] {logging_mixin.py:188} INFO - [2026-05-06T22:43:22.386+0000] {dag.py:3096} INFO - Sync 1 DAGs
[2026-05-06T22:43:22.960+0000] {logging_mixin.py:188} INFO - [2026-05-06T22:43:22.959+0000] {dag.py:3954} INFO - Setting next_dagrun for ab_test_medallion_pipeline to 2026-05-06 00:00:00+00:00, run_after=2026-05-07 00:00:00+00:00
[2026-05-06T22:43:23.211+0000] {processor.py:183} INFO - Processing /opt/airflow/dags/pipeline_dag.py took 3.064 seconds
[2026-05-06T22:43:53.701+0000] {processor.py:161} INFO - Started process (PID=5357) to work on /opt/airflow/dags/pipeline_dag.py
[2026-05-06T22:43:53.715+0000] {processor.py:830} INFO - Processing file /opt/airflow/dags/pipeline_dag.py for tasks to queue
[2026-05-06T22:43:53.760+0000] {logging_mixin.py:188} INFO - [2026-05-06T22:43:53.737+0000] {dagbag.py:545} INFO - Filling up the DagBag from /opt/airflow/dags/pipeline_dag.py
[2026-05-06T22:43:53.926+0000] {processor.py:840} INFO - DAG(s) 'ab_test_medallion_pipeline' retrieved from /opt/airflow/dags/pipeline_dag.py
[2026-05-06T22:43:54.245+0000] {logging_mixin.py:188} INFO - [2026-05-06T22:43:54.244+0000] {dag.py:3096} INFO - Sync 1 DAGs
[2026-05-06T22:43:54.443+0000] {logging_mixin.py:188} INFO - [2026-05-06T22:43:54.440+0000] {dag.py:3954} INFO - Setting next_dagrun for ab_test_medallion_pipeline to 2026-05-06 00:00:00+00:00, run_after=2026-05-07 00:00:00+00:00
[2026-05-06T22:43:54.553+0000] {processor.py:183} INFO - Processing /opt/airflow/dags/pipeline_dag.py took 0.915 seconds
[2026-05-06T22:44:24.984+0000] {processor.py:161} INFO - Started process (PID=5383) to work on /opt/airflow/dags/pipeline_dag.py
[2026-05-06T22:44:24.987+0000] {processor.py:830} INFO - Processing file /opt/airflow/dags/pipeline_dag.py for tasks to queue
[2026-05-06T22:44:24.993+0000] {logging_mixin.py:188} INFO - [2026-05-06T22:44:24.992+0000] {dagbag.py:545} INFO - Filling up the DagBag from /opt/airflow/dags/pipeline_dag.py
[2026-05-06T22:44:25.047+0000] {processor.py:840} INFO - DAG(s) 'ab_test_medallion_pipeline' retrieved from /opt/airflow/dags/pipeline_dag.py
[2026-05-06T22:44:25.148+0000] {logging_mixin.py:188} INFO - [2026-05-06T22:44:25.147+0000] {dag.py:3096} INFO - Sync 1 DAGs
[2026-05-06T22:44:25.219+0000] {logging_mixin.py:188} INFO - [2026-05-06T22:44:25.218+0000] {dag.py:3954} INFO - Setting next_dagrun for ab_test_medallion_pipeline to 2026-05-06 00:00:00+00:00, run_after=2026-05-07 00:00:00+00:00
[2026-05-06T22:44:25.269+0000] {processor.py:183} INFO - Processing /opt/airflow/dags/pipeline_dag.py took 0.318 seconds
[2026-05-06T22:44:55.585+0000] {processor.py:161} INFO - Started process (PID=5467) to work on /opt/airflow/dags/pipeline_dag.py
[2026-05-06T22:44:55.588+0000] {processor.py:830} INFO - Processing file /opt/airflow/dags/pipeline_dag.py for tasks to queue
[2026-05-06T22:44:55.594+0000] {logging_mixin.py:188} INFO - [2026-05-06T22:44:55.593+0000] {dagbag.py:545} INFO - Filling up the DagBag from /opt/airflow/dags/pipeline_dag.py
[2026-05-06T22:44:55.634+0000] {processor.py:840} INFO - DAG(s) 'ab_test_medallion_pipeline' retrieved from /opt/airflow/dags/pipeline_dag.py
[2026-05-06T22:44:55.736+0000] {logging_mixin.py:188} INFO - [2026-05-06T22:44:55.735+0000] {dag.py:3096} INFO - Sync 1 DAGs
[2026-05-06T22:44:54.706+0000] {logging_mixin.py:188} INFO - [2026-05-06T22:44:54.706+0000] {dag.py:3954} INFO - Setting next_dagrun for ab_test_medallion_pipeline to 2026-05-06 00:00:00+00:00, run_after=2026-05-07 00:00:00+00:00
[2026-05-06T22:44:54.763+0000] {processor.py:183} INFO - Processing /opt/airflow/dags/pipeline_dag.py took 0.314 seconds
[2026-05-06T22:45:25.271+0000] {processor.py:161} INFO - Started process (PID=5625) to work on /opt/airflow/dags/pipeline_dag.py
[2026-05-06T22:45:25.278+0000] {processor.py:830} INFO - Processing file /opt/airflow/dags/pipeline_dag.py for tasks to queue
[2026-05-06T22:45:25.283+0000] {logging_mixin.py:188} INFO - [2026-05-06T22:45:25.282+0000] {dagbag.py:545} INFO - Filling up the DagBag from /opt/airflow/dags/pipeline_dag.py
[2026-05-06T22:45:25.335+0000] {processor.py:840} INFO - DAG(s) 'ab_test_medallion_pipeline' retrieved from /opt/airflow/dags/pipeline_dag.py
[2026-05-06T22:45:25.519+0000] {logging_mixin.py:188} INFO - [2026-05-06T22:45:25.518+0000] {dag.py:3096} INFO - Sync 1 DAGs
[2026-05-06T22:45:25.685+0000] {logging_mixin.py:188} INFO - [2026-05-06T22:45:25.684+0000] {dag.py:3954} INFO - Setting next_dagrun for ab_test_medallion_pipeline to 2026-05-06 00:00:00+00:00, run_after=2026-05-07 00:00:00+00:00
[2026-05-06T22:45:25.817+0000] {processor.py:183} INFO - Processing /opt/airflow/dags/pipeline_dag.py took 0.585 seconds
[2026-05-06T22:45:56.657+0000] {processor.py:161} INFO - Started process (PID=5720) to work on /opt/airflow/dags/pipeline_dag.py
[2026-05-06T22:45:56.665+0000] {processor.py:830} INFO - Processing file /opt/airflow/dags/pipeline_dag.py for tasks to queue
[2026-05-06T22:45:56.671+0000] {logging_mixin.py:188} INFO - [2026-05-06T22:45:56.669+0000] {dagbag.py:545} INFO - Filling up the DagBag from /opt/airflow/dags/pipeline_dag.py
[2026-05-06T22:45:56.765+0000] {processor.py:840} INFO - DAG(s) 'ab_test_medallion_pipeline' retrieved from /opt/airflow/dags/pipeline_dag.py
[2026-05-06T22:45:57.205+0000] {logging_mixin.py:188} INFO - [2026-05-06T22:45:57.202+0000] {dag.py:3096} INFO - Sync 1 DAGs
[2026-05-06T22:45:57.498+0000] {logging_mixin.py:188} INFO - [2026-05-06T22:45:57.498+0000] {dag.py:3954} INFO - Setting next_dagrun for ab_test_medallion_pipeline to 2026-05-06 00:00:00+00:00, run_after=2026-05-07 00:00:00+00:00
[2026-05-06T22:45:57.958+0000] {processor.py:183} INFO - Processing /opt/airflow/dags/pipeline_dag.py took 1.335 seconds
[2026-05-06T22:46:29.121+0000] {processor.py:161} INFO - Started process (PID=5915) to work on /opt/airflow/dags/pipeline_dag.py
[2026-05-06T22:46:29.165+0000] {processor.py:830} INFO - Processing file /opt/airflow/dags/pipeline_dag.py for tasks to queue
[2026-05-06T22:46:29.229+0000] {logging_mixin.py:188} INFO - [2026-05-06T22:46:29.223+0000] {dagbag.py:545} INFO - Filling up the DagBag from /opt/airflow/dags/pipeline_dag.py
[2026-05-06T22:46:30.024+0000] {processor.py:840} INFO - DAG(s) 'ab_test_medallion_pipeline' retrieved from /opt/airflow/dags/pipeline_dag.py
[2026-05-06T22:46:31.083+0000] {logging_mixin.py:188} INFO - [2026-05-06T22:46:31.080+0000] {dag.py:3096} INFO - Sync 1 DAGs
[2026-05-06T22:46:31.593+0000] {logging_mixin.py:188} INFO - [2026-05-06T22:46:31.592+0000] {dag.py:3954} INFO - Setting next_dagrun for ab_test_medallion_pipeline to 2026-05-06 00:00:00+00:00, run_after=2026-05-07 00:00:00+00:00
[2026-05-06T22:46:31.997+0000] {processor.py:183} INFO - Processing /opt/airflow/dags/pipeline_dag.py took 3.084 seconds
[2026-05-06T22:47:31.124+0000] {processor.py:161} INFO - Started process (PID=5975) to work on /opt/airflow/dags/pipeline_dag.py
[2026-05-06T22:47:49.860+0000] {processor.py:830} INFO - Processing file /opt/airflow/dags/pipeline_dag.py for tasks to queue
[2026-05-06T22:48:10.774+0000] {logging_mixin.py:188} INFO - [2026-05-06T22:48:04.588+0000] {dagbag.py:545} INFO - Filling up the DagBag from /opt/airflow/dags/pipeline_dag.py
[2026-05-06T22:48:29.106+0000] {processor.py:161} INFO - Started process (PID=6024) to work on /opt/airflow/dags/pipeline_dag.py
[2026-05-06T22:48:29.143+0000] {processor.py:830} INFO - Processing file /opt/airflow/dags/pipeline_dag.py for tasks to queue
[2026-05-06T22:48:29.585+0000] {logging_mixin.py:188} INFO - [2026-05-06T22:48:29.562+0000] {dagbag.py:545} INFO - Filling up the DagBag from /opt/airflow/dags/pipeline_dag.py
[2026-05-06T22:48:32.805+0000] {processor.py:840} INFO - DAG(s) 'ab_test_medallion_pipeline' retrieved from /opt/airflow/dags/pipeline_dag.py
[2026-05-06T22:48:37.412+0000] {logging_mixin.py:188} INFO - [2026-05-06T22:48:37.340+0000] {taskinstance.py:2907} ERROR - {'DAG Id': 'ab_test_medallion_pipeline', 'Task Id': 'process_bronze_to_silver', 'Run Id': 'manual__2026-05-06T22:46:17.007283+00:00', 'Hostname': 'c145f51c9ab6'}
[2026-05-06T22:48:45.257+0000] {logging_mixin.py:188} INFO - [2026-05-06T22:48:45.210+0000] {taskinstance.py:1206} INFO - Marking task as UP_FOR_RETRY. dag_id=ab_test_medallion_pipeline, task_id=process_bronze_to_silver, run_id=manual__2026-05-06T22:46:17.007283+00:00, execution_date=20260506T224617, start_date=20260506T224630, end_date=20260506T224844
[2026-05-06T22:48:47.103+0000] {processor.py:791} INFO - Executed failure callback for <TaskInstance: ab_test_medallion_pipeline.process_bronze_to_silver manual__2026-05-06T22:46:17.007283+00:00 [up_for_retry]> in state up_for_retry
[2026-05-06T22:48:53.117+0000] {logging_mixin.py:188} INFO - [2026-05-06T22:48:53.051+0000] {dag.py:3096} INFO - Sync 1 DAGs
[2026-05-06T22:49:00.498+0000] {logging_mixin.py:188} INFO - [2026-05-06T22:49:00.397+0000] {dag.py:3954} INFO - Setting next_dagrun for ab_test_medallion_pipeline to 2026-05-06 00:00:00+00:00, run_after=2026-05-07 00:00:00+00:00
[2026-05-07T01:49:36.078+0000] {processor.py:876} ERROR - Error logging import errors!
Traceback (most recent call last):
  File "/home/airflow/.local/lib/python3.12/site-packages/sqlalchemy/engine/base.py", line 3371, in _wrap_pool_connect
    return fn()
           ^^^^
  File "/home/airflow/.local/lib/python3.12/site-packages/sqlalchemy/pool/base.py", line 327, in connect
    return _ConnectionFairy._checkout(self)
           ^^^^^^^^^^^^^^^^^^^^^^^^^^^^^^^^
  File "/home/airflow/.local/lib/python3.12/site-packages/sqlalchemy/pool/base.py", line 894, in _checkout
    fairy = _ConnectionRecord.checkout(pool)
            ^^^^^^^^^^^^^^^^^^^^^^^^^^^^^^^^
  File "/home/airflow/.local/lib/python3.12/site-packages/sqlalchemy/pool/base.py", line 497, in checkout
    with util.safe_reraise():
  File "/home/airflow/.local/lib/python3.12/site-packages/sqlalchemy/util/langhelpers.py", line 70, in __exit__
    compat.raise_(
  File "/home/airflow/.local/lib/python3.12/site-packages/sqlalchemy/util/compat.py", line 211, in raise_
    raise exception
  File "/home/airflow/.local/lib/python3.12/site-packages/sqlalchemy/pool/base.py", line 495, in checkout
    dbapi_connection = rec.get_connection()
                       ^^^^^^^^^^^^^^^^^^^^
  File "/home/airflow/.local/lib/python3.12/site-packages/sqlalchemy/pool/base.py", line 659, in get_connection
    self.__connect()
  File "/home/airflow/.local/lib/python3.12/site-packages/sqlalchemy/pool/base.py", line 690, in __connect
    with util.safe_reraise():
  File "/home/airflow/.local/lib/python3.12/site-packages/sqlalchemy/util/langhelpers.py", line 70, in __exit__
    compat.raise_(
  File "/home/airflow/.local/lib/python3.12/site-packages/sqlalchemy/util/compat.py", line 211, in raise_
    raise exception
  File "/home/airflow/.local/lib/python3.12/site-packages/sqlalchemy/pool/base.py", line 686, in __connect
    self.dbapi_connection = connection = pool._invoke_creator(self)
                                         ^^^^^^^^^^^^^^^^^^^^^^^^^^
  File "/home/airflow/.local/lib/python3.12/site-packages/sqlalchemy/engine/create.py", line 574, in connect
    return dialect.connect(*cargs, **cparams)
           ^^^^^^^^^^^^^^^^^^^^^^^^^^^^^^^^^^
  File "/home/airflow/.local/lib/python3.12/site-packages/sqlalchemy/engine/default.py", line 598, in connect
    return self.dbapi.connect(*cargs, **cparams)
           ^^^^^^^^^^^^^^^^^^^^^^^^^^^^^^^^^^^^^
  File "/home/airflow/.local/lib/python3.12/site-packages/psycopg2/__init__.py", line 122, in connect
    conn = _connect(dsn, connection_factory=connection_factory, **kwasync)
           ^^^^^^^^^^^^^^^^^^^^^^^^^^^^^^^^^^^^^^^^^^^^^^^^^^^^^^^^^^^^^^^
psycopg2.OperationalError: could not translate host name "postgres" to address: Temporary failure in name resolution


The above exception was the direct cause of the following exception:

Traceback (most recent call last):
  File "/home/airflow/.local/lib/python3.12/site-packages/airflow/dag_processing/processor.py", line 869, in process_file
    DagFileProcessor.update_import_errors(
  File "/home/airflow/.local/lib/python3.12/site-packages/airflow/api_internal/internal_api_call.py", line 115, in wrapper
    return func(*args, **kwargs)
           ^^^^^^^^^^^^^^^^^^^^^
  File "/home/airflow/.local/lib/python3.12/site-packages/airflow/utils/session.py", line 76, in wrapper
    return func(*args, **kwargs)
           ^^^^^^^^^^^^^^^^^^^^^
  File "/home/airflow/.local/lib/python3.12/site-packages/airflow/dag_processing/processor.py", line 615, in update_import_errors
    session.execute(
  File "/home/airflow/.local/lib/python3.12/site-packages/sqlalchemy/orm/session.py", line 1716, in execute
    conn = self._connection_for_bind(bind)
           ^^^^^^^^^^^^^^^^^^^^^^^^^^^^^^^
  File "/home/airflow/.local/lib/python3.12/site-packages/sqlalchemy/orm/session.py", line 1555, in _connection_for_bind
    return self._transaction._connection_for_bind(
           ^^^^^^^^^^^^^^^^^^^^^^^^^^^^^^^^^^^^^^^
  File "/home/airflow/.local/lib/python3.12/site-packages/sqlalchemy/orm/session.py", line 750, in _connection_for_bind
    conn = bind.connect()
           ^^^^^^^^^^^^^^
  File "/home/airflow/.local/lib/python3.12/site-packages/sqlalchemy/future/engine.py", line 412, in connect
    return super(Engine, self).connect()
           ^^^^^^^^^^^^^^^^^^^^^^^^^^^^^
  File "/home/airflow/.local/lib/python3.12/site-packages/sqlalchemy/engine/base.py", line 3325, in connect
    return self._connection_cls(self, close_with_result=close_with_result)
           ^^^^^^^^^^^^^^^^^^^^^^^^^^^^^^^^^^^^^^^^^^^^^^^^^^^^^^^^^^^^^^^
  File "/home/airflow/.local/lib/python3.12/site-packages/sqlalchemy/engine/base.py", line 96, in __init__
    else engine.raw_connection()
         ^^^^^^^^^^^^^^^^^^^^^^^
  File "/home/airflow/.local/lib/python3.12/site-packages/sqlalchemy/engine/base.py", line 3404, in raw_connection
    return self._wrap_pool_connect(self.pool.connect, _connection)
           ^^^^^^^^^^^^^^^^^^^^^^^^^^^^^^^^^^^^^^^^^^^^^^^^^^^^^^^
  File "/home/airflow/.local/lib/python3.12/site-packages/sqlalchemy/engine/base.py", line 3374, in _wrap_pool_connect
    Connection._handle_dbapi_exception_noconnection(
  File "/home/airflow/.local/lib/python3.12/site-packages/sqlalchemy/engine/base.py", line 2208, in _handle_dbapi_exception_noconnection
    util.raise_(
  File "/home/airflow/.local/lib/python3.12/site-packages/sqlalchemy/util/compat.py", line 211, in raise_
    raise exception
  File "/home/airflow/.local/lib/python3.12/site-packages/sqlalchemy/engine/base.py", line 3371, in _wrap_pool_connect
    return fn()
           ^^^^
  File "/home/airflow/.local/lib/python3.12/site-packages/sqlalchemy/pool/base.py", line 327, in connect
    return _ConnectionFairy._checkout(self)
           ^^^^^^^^^^^^^^^^^^^^^^^^^^^^^^^^
  File "/home/airflow/.local/lib/python3.12/site-packages/sqlalchemy/pool/base.py", line 894, in _checkout
    fairy = _ConnectionRecord.checkout(pool)
            ^^^^^^^^^^^^^^^^^^^^^^^^^^^^^^^^
  File "/home/airflow/.local/lib/python3.12/site-packages/sqlalchemy/pool/base.py", line 497, in checkout
    with util.safe_reraise():
  File "/home/airflow/.local/lib/python3.12/site-packages/sqlalchemy/util/langhelpers.py", line 70, in __exit__
    compat.raise_(
  File "/home/airflow/.local/lib/python3.12/site-packages/sqlalchemy/util/compat.py", line 211, in raise_
    raise exception
  File "/home/airflow/.local/lib/python3.12/site-packages/sqlalchemy/pool/base.py", line 495, in checkout
    dbapi_connection = rec.get_connection()
                       ^^^^^^^^^^^^^^^^^^^^
  File "/home/airflow/.local/lib/python3.12/site-packages/sqlalchemy/pool/base.py", line 659, in get_connection
    self.__connect()
  File "/home/airflow/.local/lib/python3.12/site-packages/sqlalchemy/pool/base.py", line 690, in __connect
    with util.safe_reraise():
  File "/home/airflow/.local/lib/python3.12/site-packages/sqlalchemy/util/langhelpers.py", line 70, in __exit__
    compat.raise_(
  File "/home/airflow/.local/lib/python3.12/site-packages/sqlalchemy/util/compat.py", line 211, in raise_
    raise exception
  File "/home/airflow/.local/lib/python3.12/site-packages/sqlalchemy/pool/base.py", line 686, in __connect
    self.dbapi_connection = connection = pool._invoke_creator(self)
                                         ^^^^^^^^^^^^^^^^^^^^^^^^^^
  File "/home/airflow/.local/lib/python3.12/site-packages/sqlalchemy/engine/create.py", line 574, in connect
    return dialect.connect(*cargs, **cparams)
           ^^^^^^^^^^^^^^^^^^^^^^^^^^^^^^^^^^
  File "/home/airflow/.local/lib/python3.12/site-packages/sqlalchemy/engine/default.py", line 598, in connect
    return self.dbapi.connect(*cargs, **cparams)
           ^^^^^^^^^^^^^^^^^^^^^^^^^^^^^^^^^^^^^
  File "/home/airflow/.local/lib/python3.12/site-packages/psycopg2/__init__.py", line 122, in connect
    conn = _connect(dsn, connection_factory=connection_factory, **kwasync)
           ^^^^^^^^^^^^^^^^^^^^^^^^^^^^^^^^^^^^^^^^^^^^^^^^^^^^^^^^^^^^^^^
sqlalchemy.exc.OperationalError: (psycopg2.OperationalError) could not translate host name "postgres" to address: Temporary failure in name resolution

(Background on this error at: https://sqlalche.me/e/14/e3q8)
[2026-05-07T08:22:12.770+0000] {processor.py:183} INFO - Processing /opt/airflow/dags/pipeline_dag.py took 177.397 seconds
