[2026-05-10T01:35:02.205+0000] {processor.py:161} INFO - Started process (PID=21933) to work on /opt/airflow/dags/pipeline_dag.py
[2026-05-10T01:35:02.207+0000] {processor.py:830} INFO - Processing file /opt/airflow/dags/pipeline_dag.py for tasks to queue
[2026-05-10T01:35:02.209+0000] {logging_mixin.py:188} INFO - [2026-05-10T01:35:02.208+0000] {dagbag.py:545} INFO - Filling up the DagBag from /opt/airflow/dags/pipeline_dag.py
[2026-05-10T01:35:02.365+0000] {processor.py:840} INFO - DAG(s) 'ab_test_medallion_pipeline' retrieved from /opt/airflow/dags/pipeline_dag.py
[2026-05-10T01:35:02.857+0000] {logging_mixin.py:188} INFO - [2026-05-10T01:35:02.856+0000] {dag.py:3096} INFO - Sync 1 DAGs
[2026-05-10T01:35:03.119+0000] {logging_mixin.py:188} INFO - [2026-05-10T01:35:03.108+0000] {dag.py:3954} INFO - Setting next_dagrun for ab_test_medallion_pipeline to 2026-05-09 00:00:00+00:00, run_after=2026-05-10 00:00:00+00:00
[2026-05-10T01:35:03.294+0000] {processor.py:183} INFO - Processing /opt/airflow/dags/pipeline_dag.py took 1.144 seconds
[2026-05-10T16:16:38.446+0000] {processor.py:161} INFO - Started process (PID=21941) to work on /opt/airflow/dags/pipeline_dag.py
[2026-05-10T16:16:38.565+0000] {processor.py:830} INFO - Processing file /opt/airflow/dags/pipeline_dag.py for tasks to queue
[2026-05-10T16:16:38.569+0000] {logging_mixin.py:188} INFO - [2026-05-10T16:16:38.567+0000] {dagbag.py:545} INFO - Filling up the DagBag from /opt/airflow/dags/pipeline_dag.py
[2026-05-10T16:16:39.215+0000] {processor.py:840} INFO - DAG(s) 'ab_test_medallion_pipeline' retrieved from /opt/airflow/dags/pipeline_dag.py
[2026-05-10T16:16:40.199+0000] {logging_mixin.py:188} INFO - [2026-05-10T16:16:40.199+0000] {dag.py:3096} INFO - Sync 1 DAGs
[2026-05-10T16:16:40.445+0000] {logging_mixin.py:188} INFO - [2026-05-10T16:16:40.444+0000] {dag.py:3954} INFO - Setting next_dagrun for ab_test_medallion_pipeline to 2026-05-10 00:00:00+00:00, run_after=2026-05-11 00:00:00+00:00
[2026-05-10T16:16:40.715+0000] {processor.py:183} INFO - Processing /opt/airflow/dags/pipeline_dag.py took 2.398 seconds
[2026-05-10T16:17:11.793+0000] {processor.py:161} INFO - Started process (PID=22003) to work on /opt/airflow/dags/pipeline_dag.py
[2026-05-10T16:17:11.796+0000] {processor.py:830} INFO - Processing file /opt/airflow/dags/pipeline_dag.py for tasks to queue
[2026-05-10T16:17:11.808+0000] {logging_mixin.py:188} INFO - [2026-05-10T16:17:11.806+0000] {dagbag.py:545} INFO - Filling up the DagBag from /opt/airflow/dags/pipeline_dag.py
[2026-05-10T16:17:11.857+0000] {processor.py:840} INFO - DAG(s) 'ab_test_medallion_pipeline' retrieved from /opt/airflow/dags/pipeline_dag.py
[2026-05-10T16:17:11.932+0000] {logging_mixin.py:188} INFO - [2026-05-10T16:17:11.931+0000] {dag.py:3096} INFO - Sync 1 DAGs
[2026-05-10T16:17:12.024+0000] {logging_mixin.py:188} INFO - [2026-05-10T16:17:12.024+0000] {dag.py:3954} INFO - Setting next_dagrun for ab_test_medallion_pipeline to 2026-05-10 00:00:00+00:00, run_after=2026-05-11 00:00:00+00:00
[2026-05-10T16:17:12.122+0000] {processor.py:183} INFO - Processing /opt/airflow/dags/pipeline_dag.py took 0.358 seconds
[2026-05-10T16:17:43.162+0000] {processor.py:161} INFO - Started process (PID=22062) to work on /opt/airflow/dags/pipeline_dag.py
[2026-05-10T16:17:43.216+0000] {processor.py:830} INFO - Processing file /opt/airflow/dags/pipeline_dag.py for tasks to queue
[2026-05-10T16:17:43.218+0000] {logging_mixin.py:188} INFO - [2026-05-10T16:17:43.217+0000] {dagbag.py:545} INFO - Filling up the DagBag from /opt/airflow/dags/pipeline_dag.py
[2026-05-10T16:17:43.293+0000] {processor.py:840} INFO - DAG(s) 'ab_test_medallion_pipeline' retrieved from /opt/airflow/dags/pipeline_dag.py
[2026-05-10T16:17:43.526+0000] {logging_mixin.py:188} INFO - [2026-05-10T16:17:43.526+0000] {dag.py:3096} INFO - Sync 1 DAGs
[2026-05-10T16:17:43.816+0000] {logging_mixin.py:188} INFO - [2026-05-10T16:17:43.815+0000] {dag.py:3954} INFO - Setting next_dagrun for ab_test_medallion_pipeline to 2026-05-10 00:00:00+00:00, run_after=2026-05-11 00:00:00+00:00
[2026-05-10T16:17:43.951+0000] {processor.py:183} INFO - Processing /opt/airflow/dags/pipeline_dag.py took 0.818 seconds
[2026-05-10T16:18:14.874+0000] {processor.py:161} INFO - Started process (PID=22151) to work on /opt/airflow/dags/pipeline_dag.py
[2026-05-10T16:18:14.893+0000] {processor.py:830} INFO - Processing file /opt/airflow/dags/pipeline_dag.py for tasks to queue
[2026-05-10T16:18:14.910+0000] {logging_mixin.py:188} INFO - [2026-05-10T16:18:14.901+0000] {dagbag.py:545} INFO - Filling up the DagBag from /opt/airflow/dags/pipeline_dag.py
[2026-05-10T16:18:15.104+0000] {processor.py:840} INFO - DAG(s) 'ab_test_medallion_pipeline' retrieved from /opt/airflow/dags/pipeline_dag.py
[2026-05-10T16:18:15.235+0000] {logging_mixin.py:188} INFO - [2026-05-10T16:18:15.234+0000] {dag.py:3096} INFO - Sync 1 DAGs
[2026-05-10T16:18:15.334+0000] {logging_mixin.py:188} INFO - [2026-05-10T16:18:15.333+0000] {dag.py:3954} INFO - Setting next_dagrun for ab_test_medallion_pipeline to 2026-05-10 00:00:00+00:00, run_after=2026-05-11 00:00:00+00:00
[2026-05-10T16:18:15.447+0000] {processor.py:183} INFO - Processing /opt/airflow/dags/pipeline_dag.py took 0.595 seconds
[2026-05-10T16:18:45.659+0000] {processor.py:161} INFO - Started process (PID=22207) to work on /opt/airflow/dags/pipeline_dag.py
[2026-05-10T16:18:45.661+0000] {processor.py:830} INFO - Processing file /opt/airflow/dags/pipeline_dag.py for tasks to queue
[2026-05-10T16:18:45.663+0000] {logging_mixin.py:188} INFO - [2026-05-10T16:18:45.662+0000] {dagbag.py:545} INFO - Filling up the DagBag from /opt/airflow/dags/pipeline_dag.py
[2026-05-10T16:18:45.714+0000] {processor.py:840} INFO - DAG(s) 'ab_test_medallion_pipeline' retrieved from /opt/airflow/dags/pipeline_dag.py
[2026-05-10T16:18:45.844+0000] {logging_mixin.py:188} INFO - [2026-05-10T16:18:45.844+0000] {dag.py:3096} INFO - Sync 1 DAGs
[2026-05-10T16:18:45.961+0000] {logging_mixin.py:188} INFO - [2026-05-10T16:18:45.960+0000] {dag.py:3954} INFO - Setting next_dagrun for ab_test_medallion_pipeline to 2026-05-10 00:00:00+00:00, run_after=2026-05-11 00:00:00+00:00
[2026-05-10T16:18:46.015+0000] {processor.py:183} INFO - Processing /opt/airflow/dags/pipeline_dag.py took 0.373 seconds
[2026-05-10T16:19:16.525+0000] {processor.py:161} INFO - Started process (PID=22410) to work on /opt/airflow/dags/pipeline_dag.py
[2026-05-10T16:19:16.527+0000] {processor.py:830} INFO - Processing file /opt/airflow/dags/pipeline_dag.py for tasks to queue
[2026-05-10T16:19:16.530+0000] {logging_mixin.py:188} INFO - [2026-05-10T16:19:16.530+0000] {dagbag.py:545} INFO - Filling up the DagBag from /opt/airflow/dags/pipeline_dag.py
[2026-05-10T16:19:16.698+0000] {processor.py:840} INFO - DAG(s) 'ab_test_medallion_pipeline' retrieved from /opt/airflow/dags/pipeline_dag.py
[2026-05-10T16:19:16.985+0000] {logging_mixin.py:188} INFO - [2026-05-10T16:19:16.984+0000] {dag.py:3096} INFO - Sync 1 DAGs
[2026-05-10T16:19:17.139+0000] {logging_mixin.py:188} INFO - [2026-05-10T16:19:17.139+0000] {dag.py:3954} INFO - Setting next_dagrun for ab_test_medallion_pipeline to 2026-05-10 00:00:00+00:00, run_after=2026-05-11 00:00:00+00:00
[2026-05-10T16:19:17.232+0000] {processor.py:183} INFO - Processing /opt/airflow/dags/pipeline_dag.py took 0.762 seconds
[2026-05-10T16:19:47.887+0000] {processor.py:161} INFO - Started process (PID=22444) to work on /opt/airflow/dags/pipeline_dag.py
[2026-05-10T16:19:47.899+0000] {processor.py:830} INFO - Processing file /opt/airflow/dags/pipeline_dag.py for tasks to queue
[2026-05-10T16:19:47.905+0000] {logging_mixin.py:188} INFO - [2026-05-10T16:19:47.902+0000] {dagbag.py:545} INFO - Filling up the DagBag from /opt/airflow/dags/pipeline_dag.py
[2026-05-10T16:19:48.175+0000] {processor.py:840} INFO - DAG(s) 'ab_test_medallion_pipeline' retrieved from /opt/airflow/dags/pipeline_dag.py
[2026-05-10T16:19:48.304+0000] {logging_mixin.py:188} INFO - [2026-05-10T16:19:48.304+0000] {dag.py:3096} INFO - Sync 1 DAGs
[2026-05-10T16:19:48.542+0000] {logging_mixin.py:188} INFO - [2026-05-10T16:19:48.542+0000] {dag.py:3954} INFO - Setting next_dagrun for ab_test_medallion_pipeline to 2026-05-10 00:00:00+00:00, run_after=2026-05-11 00:00:00+00:00
[2026-05-10T16:19:48.631+0000] {processor.py:183} INFO - Processing /opt/airflow/dags/pipeline_dag.py took 0.873 seconds
[2026-05-10T16:20:18.868+0000] {processor.py:161} INFO - Started process (PID=22449) to work on /opt/airflow/dags/pipeline_dag.py
[2026-05-10T16:20:18.870+0000] {processor.py:830} INFO - Processing file /opt/airflow/dags/pipeline_dag.py for tasks to queue
[2026-05-10T16:20:18.874+0000] {logging_mixin.py:188} INFO - [2026-05-10T16:20:18.873+0000] {dagbag.py:545} INFO - Filling up the DagBag from /opt/airflow/dags/pipeline_dag.py
[2026-05-10T16:20:18.992+0000] {processor.py:840} INFO - DAG(s) 'ab_test_medallion_pipeline' retrieved from /opt/airflow/dags/pipeline_dag.py
[2026-05-10T16:20:19.148+0000] {logging_mixin.py:188} INFO - [2026-05-10T16:20:19.148+0000] {dag.py:3096} INFO - Sync 1 DAGs
[2026-05-10T16:20:19.225+0000] {logging_mixin.py:188} INFO - [2026-05-10T16:20:19.224+0000] {dag.py:3954} INFO - Setting next_dagrun for ab_test_medallion_pipeline to 2026-05-10 00:00:00+00:00, run_after=2026-05-11 00:00:00+00:00
[2026-05-10T16:20:19.316+0000] {processor.py:183} INFO - Processing /opt/airflow/dags/pipeline_dag.py took 0.469 seconds
[2026-05-10T16:20:50.222+0000] {processor.py:161} INFO - Started process (PID=22454) to work on /opt/airflow/dags/pipeline_dag.py
[2026-05-10T16:20:50.225+0000] {processor.py:830} INFO - Processing file /opt/airflow/dags/pipeline_dag.py for tasks to queue
[2026-05-10T16:20:50.227+0000] {logging_mixin.py:188} INFO - [2026-05-10T16:20:50.227+0000] {dagbag.py:545} INFO - Filling up the DagBag from /opt/airflow/dags/pipeline_dag.py
[2026-05-10T16:20:50.277+0000] {processor.py:840} INFO - DAG(s) 'ab_test_medallion_pipeline' retrieved from /opt/airflow/dags/pipeline_dag.py
[2026-05-10T16:20:50.337+0000] {logging_mixin.py:188} INFO - [2026-05-10T16:20:50.336+0000] {dag.py:3096} INFO - Sync 1 DAGs
[2026-05-10T16:20:50.385+0000] {logging_mixin.py:188} INFO - [2026-05-10T16:20:50.385+0000] {dag.py:3954} INFO - Setting next_dagrun for ab_test_medallion_pipeline to 2026-05-10 00:00:00+00:00, run_after=2026-05-11 00:00:00+00:00
[2026-05-10T16:20:50.413+0000] {processor.py:183} INFO - Processing /opt/airflow/dags/pipeline_dag.py took 0.228 seconds
[2026-05-10T16:21:21.012+0000] {processor.py:161} INFO - Started process (PID=22459) to work on /opt/airflow/dags/pipeline_dag.py
[2026-05-10T16:21:21.013+0000] {processor.py:830} INFO - Processing file /opt/airflow/dags/pipeline_dag.py for tasks to queue
[2026-05-10T16:21:21.014+0000] {logging_mixin.py:188} INFO - [2026-05-10T16:21:21.014+0000] {dagbag.py:545} INFO - Filling up the DagBag from /opt/airflow/dags/pipeline_dag.py
[2026-05-10T16:21:21.034+0000] {processor.py:840} INFO - DAG(s) 'ab_test_medallion_pipeline' retrieved from /opt/airflow/dags/pipeline_dag.py
[2026-05-10T16:21:21.084+0000] {logging_mixin.py:188} INFO - [2026-05-10T16:21:21.083+0000] {dag.py:3096} INFO - Sync 1 DAGs
[2026-05-10T16:21:21.117+0000] {logging_mixin.py:188} INFO - [2026-05-10T16:21:21.117+0000] {dag.py:3954} INFO - Setting next_dagrun for ab_test_medallion_pipeline to 2026-05-10 00:00:00+00:00, run_after=2026-05-11 00:00:00+00:00
[2026-05-10T16:21:21.149+0000] {processor.py:183} INFO - Processing /opt/airflow/dags/pipeline_dag.py took 0.152 seconds
[2026-05-10T16:21:51.942+0000] {processor.py:161} INFO - Started process (PID=22464) to work on /opt/airflow/dags/pipeline_dag.py
[2026-05-10T16:21:51.944+0000] {processor.py:830} INFO - Processing file /opt/airflow/dags/pipeline_dag.py for tasks to queue
[2026-05-10T16:21:51.946+0000] {logging_mixin.py:188} INFO - [2026-05-10T16:21:51.945+0000] {dagbag.py:545} INFO - Filling up the DagBag from /opt/airflow/dags/pipeline_dag.py
[2026-05-10T16:21:51.978+0000] {processor.py:840} INFO - DAG(s) 'ab_test_medallion_pipeline' retrieved from /opt/airflow/dags/pipeline_dag.py
[2026-05-10T16:21:52.033+0000] {logging_mixin.py:188} INFO - [2026-05-10T16:21:52.032+0000] {dag.py:3096} INFO - Sync 1 DAGs
[2026-05-10T16:21:52.074+0000] {logging_mixin.py:188} INFO - [2026-05-10T16:21:52.073+0000] {dag.py:3954} INFO - Setting next_dagrun for ab_test_medallion_pipeline to 2026-05-10 00:00:00+00:00, run_after=2026-05-11 00:00:00+00:00
[2026-05-10T16:21:52.107+0000] {processor.py:183} INFO - Processing /opt/airflow/dags/pipeline_dag.py took 0.216 seconds
[2026-05-10T16:22:22.715+0000] {processor.py:161} INFO - Started process (PID=22469) to work on /opt/airflow/dags/pipeline_dag.py
[2026-05-10T16:22:22.716+0000] {processor.py:830} INFO - Processing file /opt/airflow/dags/pipeline_dag.py for tasks to queue
[2026-05-10T16:22:22.719+0000] {logging_mixin.py:188} INFO - [2026-05-10T16:22:22.718+0000] {dagbag.py:545} INFO - Filling up the DagBag from /opt/airflow/dags/pipeline_dag.py
[2026-05-10T16:22:22.754+0000] {processor.py:840} INFO - DAG(s) 'ab_test_medallion_pipeline' retrieved from /opt/airflow/dags/pipeline_dag.py
[2026-05-10T16:22:22.804+0000] {logging_mixin.py:188} INFO - [2026-05-10T16:22:22.803+0000] {dag.py:3096} INFO - Sync 1 DAGs
[2026-05-10T16:22:22.852+0000] {logging_mixin.py:188} INFO - [2026-05-10T16:22:22.851+0000] {dag.py:3954} INFO - Setting next_dagrun for ab_test_medallion_pipeline to 2026-05-10 00:00:00+00:00, run_after=2026-05-11 00:00:00+00:00
[2026-05-10T16:22:22.890+0000] {processor.py:183} INFO - Processing /opt/airflow/dags/pipeline_dag.py took 0.194 seconds
[2026-05-10T16:22:53.839+0000] {processor.py:161} INFO - Started process (PID=22474) to work on /opt/airflow/dags/pipeline_dag.py
[2026-05-10T16:22:53.846+0000] {processor.py:830} INFO - Processing file /opt/airflow/dags/pipeline_dag.py for tasks to queue
[2026-05-10T16:22:53.851+0000] {logging_mixin.py:188} INFO - [2026-05-10T16:22:53.849+0000] {dagbag.py:545} INFO - Filling up the DagBag from /opt/airflow/dags/pipeline_dag.py
[2026-05-10T16:22:53.909+0000] {processor.py:840} INFO - DAG(s) 'ab_test_medallion_pipeline' retrieved from /opt/airflow/dags/pipeline_dag.py
[2026-05-10T16:22:54.004+0000] {logging_mixin.py:188} INFO - [2026-05-10T16:22:54.004+0000] {dag.py:3096} INFO - Sync 1 DAGs
[2026-05-10T16:22:54.039+0000] {logging_mixin.py:188} INFO - [2026-05-10T16:22:54.039+0000] {dag.py:3954} INFO - Setting next_dagrun for ab_test_medallion_pipeline to 2026-05-10 00:00:00+00:00, run_after=2026-05-11 00:00:00+00:00
[2026-05-10T16:22:54.067+0000] {processor.py:183} INFO - Processing /opt/airflow/dags/pipeline_dag.py took 0.249 seconds
[2026-05-10T16:23:24.692+0000] {processor.py:161} INFO - Started process (PID=22479) to work on /opt/airflow/dags/pipeline_dag.py
[2026-05-10T16:23:24.700+0000] {processor.py:830} INFO - Processing file /opt/airflow/dags/pipeline_dag.py for tasks to queue
[2026-05-10T16:23:24.703+0000] {logging_mixin.py:188} INFO - [2026-05-10T16:23:24.702+0000] {dagbag.py:545} INFO - Filling up the DagBag from /opt/airflow/dags/pipeline_dag.py
[2026-05-10T16:23:24.798+0000] {processor.py:840} INFO - DAG(s) 'ab_test_medallion_pipeline' retrieved from /opt/airflow/dags/pipeline_dag.py
[2026-05-10T16:23:24.904+0000] {logging_mixin.py:188} INFO - [2026-05-10T16:23:24.903+0000] {dag.py:3096} INFO - Sync 1 DAGs
[2026-05-10T16:23:24.974+0000] {logging_mixin.py:188} INFO - [2026-05-10T16:23:24.973+0000] {dag.py:3954} INFO - Setting next_dagrun for ab_test_medallion_pipeline to 2026-05-10 00:00:00+00:00, run_after=2026-05-11 00:00:00+00:00
[2026-05-10T16:23:25.008+0000] {processor.py:183} INFO - Processing /opt/airflow/dags/pipeline_dag.py took 0.352 seconds
[2026-05-10T16:23:55.743+0000] {processor.py:161} INFO - Started process (PID=22484) to work on /opt/airflow/dags/pipeline_dag.py
[2026-05-10T16:23:55.750+0000] {processor.py:830} INFO - Processing file /opt/airflow/dags/pipeline_dag.py for tasks to queue
[2026-05-10T16:23:55.753+0000] {logging_mixin.py:188} INFO - [2026-05-10T16:23:55.752+0000] {dagbag.py:545} INFO - Filling up the DagBag from /opt/airflow/dags/pipeline_dag.py
[2026-05-10T16:23:55.804+0000] {processor.py:840} INFO - DAG(s) 'ab_test_medallion_pipeline' retrieved from /opt/airflow/dags/pipeline_dag.py
[2026-05-10T16:23:55.864+0000] {logging_mixin.py:188} INFO - [2026-05-10T16:23:55.863+0000] {dag.py:3096} INFO - Sync 1 DAGs
[2026-05-10T16:23:55.917+0000] {logging_mixin.py:188} INFO - [2026-05-10T16:23:55.917+0000] {dag.py:3954} INFO - Setting next_dagrun for ab_test_medallion_pipeline to 2026-05-10 00:00:00+00:00, run_after=2026-05-11 00:00:00+00:00
[2026-05-10T16:23:55.949+0000] {processor.py:183} INFO - Processing /opt/airflow/dags/pipeline_dag.py took 0.239 seconds
[2026-05-10T16:24:26.525+0000] {processor.py:161} INFO - Started process (PID=22489) to work on /opt/airflow/dags/pipeline_dag.py
[2026-05-10T16:24:26.532+0000] {processor.py:830} INFO - Processing file /opt/airflow/dags/pipeline_dag.py for tasks to queue
[2026-05-10T16:24:26.536+0000] {logging_mixin.py:188} INFO - [2026-05-10T16:24:26.535+0000] {dagbag.py:545} INFO - Filling up the DagBag from /opt/airflow/dags/pipeline_dag.py
[2026-05-10T16:24:26.584+0000] {processor.py:840} INFO - DAG(s) 'ab_test_medallion_pipeline' retrieved from /opt/airflow/dags/pipeline_dag.py
[2026-05-10T16:24:26.654+0000] {logging_mixin.py:188} INFO - [2026-05-10T16:24:26.653+0000] {dag.py:3096} INFO - Sync 1 DAGs
[2026-05-10T16:24:26.722+0000] {logging_mixin.py:188} INFO - [2026-05-10T16:24:26.721+0000] {dag.py:3954} INFO - Setting next_dagrun for ab_test_medallion_pipeline to 2026-05-10 00:00:00+00:00, run_after=2026-05-11 00:00:00+00:00
[2026-05-10T16:24:26.769+0000] {processor.py:183} INFO - Processing /opt/airflow/dags/pipeline_dag.py took 0.268 seconds
[2026-05-10T16:24:57.547+0000] {processor.py:161} INFO - Started process (PID=22494) to work on /opt/airflow/dags/pipeline_dag.py
[2026-05-10T16:24:57.551+0000] {processor.py:830} INFO - Processing file /opt/airflow/dags/pipeline_dag.py for tasks to queue
[2026-05-10T16:24:57.554+0000] {logging_mixin.py:188} INFO - [2026-05-10T16:24:57.553+0000] {dagbag.py:545} INFO - Filling up the DagBag from /opt/airflow/dags/pipeline_dag.py
[2026-05-10T16:24:57.577+0000] {processor.py:840} INFO - DAG(s) 'ab_test_medallion_pipeline' retrieved from /opt/airflow/dags/pipeline_dag.py
[2026-05-10T16:24:57.624+0000] {logging_mixin.py:188} INFO - [2026-05-10T16:24:57.624+0000] {dag.py:3096} INFO - Sync 1 DAGs
[2026-05-10T16:24:57.658+0000] {logging_mixin.py:188} INFO - [2026-05-10T16:24:57.657+0000] {dag.py:3954} INFO - Setting next_dagrun for ab_test_medallion_pipeline to 2026-05-10 00:00:00+00:00, run_after=2026-05-11 00:00:00+00:00
[2026-05-10T16:24:57.696+0000] {processor.py:183} INFO - Processing /opt/airflow/dags/pipeline_dag.py took 0.166 seconds
[2026-05-10T16:25:28.574+0000] {processor.py:161} INFO - Started process (PID=22499) to work on /opt/airflow/dags/pipeline_dag.py
[2026-05-10T16:25:28.576+0000] {processor.py:830} INFO - Processing file /opt/airflow/dags/pipeline_dag.py for tasks to queue
[2026-05-10T16:25:28.579+0000] {logging_mixin.py:188} INFO - [2026-05-10T16:25:28.578+0000] {dagbag.py:545} INFO - Filling up the DagBag from /opt/airflow/dags/pipeline_dag.py
[2026-05-10T16:25:28.607+0000] {processor.py:840} INFO - DAG(s) 'ab_test_medallion_pipeline' retrieved from /opt/airflow/dags/pipeline_dag.py
[2026-05-10T16:25:28.648+0000] {logging_mixin.py:188} INFO - [2026-05-10T16:25:28.648+0000] {dag.py:3096} INFO - Sync 1 DAGs
[2026-05-10T16:25:28.684+0000] {logging_mixin.py:188} INFO - [2026-05-10T16:25:28.683+0000] {dag.py:3954} INFO - Setting next_dagrun for ab_test_medallion_pipeline to 2026-05-10 00:00:00+00:00, run_after=2026-05-11 00:00:00+00:00
[2026-05-10T16:25:28.715+0000] {processor.py:183} INFO - Processing /opt/airflow/dags/pipeline_dag.py took 0.161 seconds
[2026-05-10T16:25:59.480+0000] {processor.py:161} INFO - Started process (PID=22504) to work on /opt/airflow/dags/pipeline_dag.py
[2026-05-10T16:25:59.482+0000] {processor.py:830} INFO - Processing file /opt/airflow/dags/pipeline_dag.py for tasks to queue
[2026-05-10T16:25:59.484+0000] {logging_mixin.py:188} INFO - [2026-05-10T16:25:59.484+0000] {dagbag.py:545} INFO - Filling up the DagBag from /opt/airflow/dags/pipeline_dag.py
[2026-05-10T16:25:59.515+0000] {processor.py:840} INFO - DAG(s) 'ab_test_medallion_pipeline' retrieved from /opt/airflow/dags/pipeline_dag.py
[2026-05-10T16:25:59.584+0000] {logging_mixin.py:188} INFO - [2026-05-10T16:25:59.583+0000] {dag.py:3096} INFO - Sync 1 DAGs
[2026-05-10T16:25:59.615+0000] {logging_mixin.py:188} INFO - [2026-05-10T16:25:59.615+0000] {dag.py:3954} INFO - Setting next_dagrun for ab_test_medallion_pipeline to 2026-05-10 00:00:00+00:00, run_after=2026-05-11 00:00:00+00:00
[2026-05-10T16:25:59.728+0000] {processor.py:183} INFO - Processing /opt/airflow/dags/pipeline_dag.py took 0.263 seconds
[2026-05-10T16:26:30.455+0000] {processor.py:161} INFO - Started process (PID=22509) to work on /opt/airflow/dags/pipeline_dag.py
[2026-05-10T16:26:30.460+0000] {processor.py:830} INFO - Processing file /opt/airflow/dags/pipeline_dag.py for tasks to queue
[2026-05-10T16:26:30.463+0000] {logging_mixin.py:188} INFO - [2026-05-10T16:26:30.462+0000] {dagbag.py:545} INFO - Filling up the DagBag from /opt/airflow/dags/pipeline_dag.py
[2026-05-10T16:26:30.501+0000] {processor.py:840} INFO - DAG(s) 'ab_test_medallion_pipeline' retrieved from /opt/airflow/dags/pipeline_dag.py
[2026-05-10T16:26:30.562+0000] {logging_mixin.py:188} INFO - [2026-05-10T16:26:30.561+0000] {dag.py:3096} INFO - Sync 1 DAGs
[2026-05-10T16:26:30.597+0000] {logging_mixin.py:188} INFO - [2026-05-10T16:26:30.597+0000] {dag.py:3954} INFO - Setting next_dagrun for ab_test_medallion_pipeline to 2026-05-10 00:00:00+00:00, run_after=2026-05-11 00:00:00+00:00
[2026-05-10T16:26:30.638+0000] {processor.py:183} INFO - Processing /opt/airflow/dags/pipeline_dag.py took 0.221 seconds
[2026-05-10T16:27:01.394+0000] {processor.py:161} INFO - Started process (PID=22514) to work on /opt/airflow/dags/pipeline_dag.py
[2026-05-10T16:27:01.398+0000] {processor.py:830} INFO - Processing file /opt/airflow/dags/pipeline_dag.py for tasks to queue
[2026-05-10T16:27:01.400+0000] {logging_mixin.py:188} INFO - [2026-05-10T16:27:01.399+0000] {dagbag.py:545} INFO - Filling up the DagBag from /opt/airflow/dags/pipeline_dag.py
[2026-05-10T16:27:01.426+0000] {processor.py:840} INFO - DAG(s) 'ab_test_medallion_pipeline' retrieved from /opt/airflow/dags/pipeline_dag.py
[2026-05-10T16:27:01.481+0000] {logging_mixin.py:188} INFO - [2026-05-10T16:27:01.481+0000] {dag.py:3096} INFO - Sync 1 DAGs
[2026-05-10T16:27:01.521+0000] {logging_mixin.py:188} INFO - [2026-05-10T16:27:01.521+0000] {dag.py:3954} INFO - Setting next_dagrun for ab_test_medallion_pipeline to 2026-05-10 00:00:00+00:00, run_after=2026-05-11 00:00:00+00:00
[2026-05-10T16:27:01.555+0000] {processor.py:183} INFO - Processing /opt/airflow/dags/pipeline_dag.py took 0.184 seconds
[2026-05-10T16:27:32.029+0000] {processor.py:161} INFO - Started process (PID=22611) to work on /opt/airflow/dags/pipeline_dag.py
[2026-05-10T16:27:32.033+0000] {processor.py:830} INFO - Processing file /opt/airflow/dags/pipeline_dag.py for tasks to queue
[2026-05-10T16:27:32.035+0000] {logging_mixin.py:188} INFO - [2026-05-10T16:27:32.034+0000] {dagbag.py:545} INFO - Filling up the DagBag from /opt/airflow/dags/pipeline_dag.py
[2026-05-10T16:27:32.074+0000] {processor.py:840} INFO - DAG(s) 'ab_test_medallion_pipeline' retrieved from /opt/airflow/dags/pipeline_dag.py
[2026-05-10T16:27:32.121+0000] {logging_mixin.py:188} INFO - [2026-05-10T16:27:32.121+0000] {dag.py:3096} INFO - Sync 1 DAGs
[2026-05-10T16:27:32.178+0000] {logging_mixin.py:188} INFO - [2026-05-10T16:27:32.177+0000] {dag.py:3954} INFO - Setting next_dagrun for ab_test_medallion_pipeline to 2026-05-10 00:00:00+00:00, run_after=2026-05-11 00:00:00+00:00
[2026-05-10T16:27:32.244+0000] {processor.py:183} INFO - Processing /opt/airflow/dags/pipeline_dag.py took 0.233 seconds
[2026-05-10T16:28:02.783+0000] {processor.py:161} INFO - Started process (PID=22634) to work on /opt/airflow/dags/pipeline_dag.py
[2026-05-10T16:28:02.786+0000] {processor.py:830} INFO - Processing file /opt/airflow/dags/pipeline_dag.py for tasks to queue
[2026-05-10T16:28:02.790+0000] {logging_mixin.py:188} INFO - [2026-05-10T16:28:02.789+0000] {dagbag.py:545} INFO - Filling up the DagBag from /opt/airflow/dags/pipeline_dag.py
[2026-05-10T16:28:02.833+0000] {processor.py:840} INFO - DAG(s) 'ab_test_medallion_pipeline' retrieved from /opt/airflow/dags/pipeline_dag.py
[2026-05-10T16:28:02.932+0000] {logging_mixin.py:188} INFO - [2026-05-10T16:28:02.931+0000] {dag.py:3096} INFO - Sync 1 DAGs
[2026-05-10T16:28:03.004+0000] {logging_mixin.py:188} INFO - [2026-05-10T16:28:03.004+0000] {dag.py:3954} INFO - Setting next_dagrun for ab_test_medallion_pipeline to 2026-05-10 00:00:00+00:00, run_after=2026-05-11 00:00:00+00:00
[2026-05-10T16:28:03.079+0000] {processor.py:183} INFO - Processing /opt/airflow/dags/pipeline_dag.py took 0.316 seconds
[2026-05-10T16:28:33.427+0000] {processor.py:161} INFO - Started process (PID=22744) to work on /opt/airflow/dags/pipeline_dag.py
[2026-05-10T16:28:33.429+0000] {processor.py:830} INFO - Processing file /opt/airflow/dags/pipeline_dag.py for tasks to queue
[2026-05-10T16:28:33.431+0000] {logging_mixin.py:188} INFO - [2026-05-10T16:28:33.430+0000] {dagbag.py:545} INFO - Filling up the DagBag from /opt/airflow/dags/pipeline_dag.py
[2026-05-10T16:28:33.525+0000] {processor.py:840} INFO - DAG(s) 'ab_test_medallion_pipeline' retrieved from /opt/airflow/dags/pipeline_dag.py
[2026-05-10T16:28:33.726+0000] {logging_mixin.py:188} INFO - [2026-05-10T16:28:33.725+0000] {dag.py:3096} INFO - Sync 1 DAGs
[2026-05-10T16:28:33.859+0000] {logging_mixin.py:188} INFO - [2026-05-10T16:28:33.857+0000] {dag.py:3954} INFO - Setting next_dagrun for ab_test_medallion_pipeline to 2026-05-10 00:00:00+00:00, run_after=2026-05-11 00:00:00+00:00
[2026-05-10T16:28:33.987+0000] {processor.py:183} INFO - Processing /opt/airflow/dags/pipeline_dag.py took 0.581 seconds
[2026-05-10T16:29:04.815+0000] {processor.py:161} INFO - Started process (PID=22765) to work on /opt/airflow/dags/pipeline_dag.py
[2026-05-10T16:29:04.829+0000] {processor.py:830} INFO - Processing file /opt/airflow/dags/pipeline_dag.py for tasks to queue
[2026-05-10T16:29:04.891+0000] {logging_mixin.py:188} INFO - [2026-05-10T16:29:04.847+0000] {dagbag.py:545} INFO - Filling up the DagBag from /opt/airflow/dags/pipeline_dag.py
[2026-05-10T16:29:05.048+0000] {processor.py:840} INFO - DAG(s) 'ab_test_medallion_pipeline' retrieved from /opt/airflow/dags/pipeline_dag.py
[2026-05-10T16:29:05.522+0000] {logging_mixin.py:188} INFO - [2026-05-10T16:29:05.516+0000] {dag.py:3096} INFO - Sync 1 DAGs
[2026-05-10T16:29:06.156+0000] {logging_mixin.py:188} INFO - [2026-05-10T16:29:06.155+0000] {dag.py:3954} INFO - Setting next_dagrun for ab_test_medallion_pipeline to 2026-05-10 00:00:00+00:00, run_after=2026-05-11 00:00:00+00:00
[2026-05-10T16:29:06.345+0000] {processor.py:183} INFO - Processing /opt/airflow/dags/pipeline_dag.py took 1.636 seconds
[2026-05-10T16:29:36.950+0000] {processor.py:161} INFO - Started process (PID=22772) to work on /opt/airflow/dags/pipeline_dag.py
[2026-05-10T16:29:36.979+0000] {processor.py:830} INFO - Processing file /opt/airflow/dags/pipeline_dag.py for tasks to queue
[2026-05-10T16:29:36.996+0000] {logging_mixin.py:188} INFO - [2026-05-10T16:29:36.995+0000] {dagbag.py:545} INFO - Filling up the DagBag from /opt/airflow/dags/pipeline_dag.py
[2026-05-10T16:29:37.172+0000] {processor.py:840} INFO - DAG(s) 'ab_test_medallion_pipeline' retrieved from /opt/airflow/dags/pipeline_dag.py
[2026-05-10T16:29:37.550+0000] {logging_mixin.py:188} INFO - [2026-05-10T16:29:37.550+0000] {dag.py:3096} INFO - Sync 1 DAGs
[2026-05-10T16:29:37.922+0000] {logging_mixin.py:188} INFO - [2026-05-10T16:29:37.922+0000] {dag.py:3954} INFO - Setting next_dagrun for ab_test_medallion_pipeline to 2026-05-10 00:00:00+00:00, run_after=2026-05-11 00:00:00+00:00
[2026-05-10T16:29:38.174+0000] {processor.py:183} INFO - Processing /opt/airflow/dags/pipeline_dag.py took 1.395 seconds
[2026-05-10T16:30:08.892+0000] {processor.py:161} INFO - Started process (PID=22784) to work on /opt/airflow/dags/pipeline_dag.py
[2026-05-10T16:30:08.898+0000] {processor.py:830} INFO - Processing file /opt/airflow/dags/pipeline_dag.py for tasks to queue
[2026-05-10T16:30:08.901+0000] {logging_mixin.py:188} INFO - [2026-05-10T16:30:08.899+0000] {dagbag.py:545} INFO - Filling up the DagBag from /opt/airflow/dags/pipeline_dag.py
[2026-05-10T16:30:09.026+0000] {processor.py:840} INFO - DAG(s) 'ab_test_medallion_pipeline' retrieved from /opt/airflow/dags/pipeline_dag.py
[2026-05-10T16:30:09.254+0000] {logging_mixin.py:188} INFO - [2026-05-10T16:30:09.254+0000] {dag.py:3096} INFO - Sync 1 DAGs
[2026-05-10T16:30:09.426+0000] {logging_mixin.py:188} INFO - [2026-05-10T16:30:09.425+0000] {dag.py:3954} INFO - Setting next_dagrun for ab_test_medallion_pipeline to 2026-05-10 00:00:00+00:00, run_after=2026-05-11 00:00:00+00:00
[2026-05-10T16:30:09.554+0000] {processor.py:183} INFO - Processing /opt/airflow/dags/pipeline_dag.py took 0.734 seconds
[2026-05-10T16:30:40.281+0000] {processor.py:161} INFO - Started process (PID=22789) to work on /opt/airflow/dags/pipeline_dag.py
[2026-05-10T16:30:40.290+0000] {processor.py:830} INFO - Processing file /opt/airflow/dags/pipeline_dag.py for tasks to queue
[2026-05-10T16:30:40.314+0000] {logging_mixin.py:188} INFO - [2026-05-10T16:30:40.303+0000] {dagbag.py:545} INFO - Filling up the DagBag from /opt/airflow/dags/pipeline_dag.py
[2026-05-10T16:30:40.606+0000] {processor.py:840} INFO - DAG(s) 'ab_test_medallion_pipeline' retrieved from /opt/airflow/dags/pipeline_dag.py
[2026-05-10T16:30:40.801+0000] {logging_mixin.py:188} INFO - [2026-05-10T16:30:40.801+0000] {dag.py:3096} INFO - Sync 1 DAGs
[2026-05-10T16:30:40.946+0000] {logging_mixin.py:188} INFO - [2026-05-10T16:30:40.945+0000] {dag.py:3954} INFO - Setting next_dagrun for ab_test_medallion_pipeline to 2026-05-10 00:00:00+00:00, run_after=2026-05-11 00:00:00+00:00
[2026-05-10T16:30:41.113+0000] {processor.py:183} INFO - Processing /opt/airflow/dags/pipeline_dag.py took 0.905 seconds
[2026-05-10T16:31:11.754+0000] {processor.py:161} INFO - Started process (PID=22794) to work on /opt/airflow/dags/pipeline_dag.py
[2026-05-10T16:31:11.777+0000] {processor.py:830} INFO - Processing file /opt/airflow/dags/pipeline_dag.py for tasks to queue
[2026-05-10T16:31:11.788+0000] {logging_mixin.py:188} INFO - [2026-05-10T16:31:11.784+0000] {dagbag.py:545} INFO - Filling up the DagBag from /opt/airflow/dags/pipeline_dag.py
[2026-05-10T16:31:11.906+0000] {processor.py:840} INFO - DAG(s) 'ab_test_medallion_pipeline' retrieved from /opt/airflow/dags/pipeline_dag.py
[2026-05-10T16:31:12.132+0000] {logging_mixin.py:188} INFO - [2026-05-10T16:31:12.121+0000] {dag.py:3096} INFO - Sync 1 DAGs
[2026-05-10T16:31:12.332+0000] {logging_mixin.py:188} INFO - [2026-05-10T16:31:12.331+0000] {dag.py:3954} INFO - Setting next_dagrun for ab_test_medallion_pipeline to 2026-05-10 00:00:00+00:00, run_after=2026-05-11 00:00:00+00:00
[2026-05-10T16:31:12.439+0000] {processor.py:183} INFO - Processing /opt/airflow/dags/pipeline_dag.py took 0.801 seconds
[2026-05-10T16:31:42.882+0000] {processor.py:161} INFO - Started process (PID=22799) to work on /opt/airflow/dags/pipeline_dag.py
[2026-05-10T16:31:42.893+0000] {processor.py:830} INFO - Processing file /opt/airflow/dags/pipeline_dag.py for tasks to queue
[2026-05-10T16:31:42.896+0000] {logging_mixin.py:188} INFO - [2026-05-10T16:31:42.895+0000] {dagbag.py:545} INFO - Filling up the DagBag from /opt/airflow/dags/pipeline_dag.py
[2026-05-10T16:31:43.014+0000] {processor.py:840} INFO - DAG(s) 'ab_test_medallion_pipeline' retrieved from /opt/airflow/dags/pipeline_dag.py
[2026-05-10T16:31:43.204+0000] {logging_mixin.py:188} INFO - [2026-05-10T16:31:43.203+0000] {dag.py:3096} INFO - Sync 1 DAGs
[2026-05-10T16:31:43.335+0000] {logging_mixin.py:188} INFO - [2026-05-10T16:31:43.324+0000] {dag.py:3954} INFO - Setting next_dagrun for ab_test_medallion_pipeline to 2026-05-10 00:00:00+00:00, run_after=2026-05-11 00:00:00+00:00
[2026-05-10T16:31:43.417+0000] {processor.py:183} INFO - Processing /opt/airflow/dags/pipeline_dag.py took 0.571 seconds
[2026-05-10T16:32:13.758+0000] {processor.py:161} INFO - Started process (PID=22804) to work on /opt/airflow/dags/pipeline_dag.py
[2026-05-10T16:32:13.762+0000] {processor.py:830} INFO - Processing file /opt/airflow/dags/pipeline_dag.py for tasks to queue
[2026-05-10T16:32:13.764+0000] {logging_mixin.py:188} INFO - [2026-05-10T16:32:13.763+0000] {dagbag.py:545} INFO - Filling up the DagBag from /opt/airflow/dags/pipeline_dag.py
[2026-05-10T16:32:13.854+0000] {processor.py:840} INFO - DAG(s) 'ab_test_medallion_pipeline' retrieved from /opt/airflow/dags/pipeline_dag.py
[2026-05-10T16:32:14.014+0000] {logging_mixin.py:188} INFO - [2026-05-10T16:32:14.013+0000] {dag.py:3096} INFO - Sync 1 DAGs
[2026-05-10T16:32:14.161+0000] {logging_mixin.py:188} INFO - [2026-05-10T16:32:14.161+0000] {dag.py:3954} INFO - Setting next_dagrun for ab_test_medallion_pipeline to 2026-05-10 00:00:00+00:00, run_after=2026-05-11 00:00:00+00:00
[2026-05-10T16:32:14.278+0000] {processor.py:183} INFO - Processing /opt/airflow/dags/pipeline_dag.py took 0.571 seconds
[2026-05-10T16:32:44.936+0000] {processor.py:161} INFO - Started process (PID=22809) to work on /opt/airflow/dags/pipeline_dag.py
[2026-05-10T16:32:44.939+0000] {processor.py:830} INFO - Processing file /opt/airflow/dags/pipeline_dag.py for tasks to queue
[2026-05-10T16:32:44.942+0000] {logging_mixin.py:188} INFO - [2026-05-10T16:32:44.940+0000] {dagbag.py:545} INFO - Filling up the DagBag from /opt/airflow/dags/pipeline_dag.py
[2026-05-10T16:32:44.994+0000] {processor.py:840} INFO - DAG(s) 'ab_test_medallion_pipeline' retrieved from /opt/airflow/dags/pipeline_dag.py
[2026-05-10T16:32:45.139+0000] {logging_mixin.py:188} INFO - [2026-05-10T16:32:45.138+0000] {dag.py:3096} INFO - Sync 1 DAGs
[2026-05-10T16:32:45.296+0000] {logging_mixin.py:188} INFO - [2026-05-10T16:32:45.296+0000] {dag.py:3954} INFO - Setting next_dagrun for ab_test_medallion_pipeline to 2026-05-10 00:00:00+00:00, run_after=2026-05-11 00:00:00+00:00
[2026-05-10T16:32:45.408+0000] {processor.py:183} INFO - Processing /opt/airflow/dags/pipeline_dag.py took 0.498 seconds
[2026-05-10T16:33:15.574+0000] {processor.py:161} INFO - Started process (PID=22814) to work on /opt/airflow/dags/pipeline_dag.py
[2026-05-10T16:33:15.580+0000] {processor.py:830} INFO - Processing file /opt/airflow/dags/pipeline_dag.py for tasks to queue
[2026-05-10T16:33:15.582+0000] {logging_mixin.py:188} INFO - [2026-05-10T16:33:15.581+0000] {dagbag.py:545} INFO - Filling up the DagBag from /opt/airflow/dags/pipeline_dag.py
[2026-05-10T16:33:15.636+0000] {processor.py:840} INFO - DAG(s) 'ab_test_medallion_pipeline' retrieved from /opt/airflow/dags/pipeline_dag.py
[2026-05-10T16:33:15.727+0000] {logging_mixin.py:188} INFO - [2026-05-10T16:33:15.727+0000] {dag.py:3096} INFO - Sync 1 DAGs
[2026-05-10T16:33:15.785+0000] {logging_mixin.py:188} INFO - [2026-05-10T16:33:15.784+0000] {dag.py:3954} INFO - Setting next_dagrun for ab_test_medallion_pipeline to 2026-05-10 00:00:00+00:00, run_after=2026-05-11 00:00:00+00:00
[2026-05-10T16:33:16.818+0000] {processor.py:183} INFO - Processing /opt/airflow/dags/pipeline_dag.py took 1.276 seconds
[2026-05-10T16:33:47.285+0000] {processor.py:161} INFO - Started process (PID=22819) to work on /opt/airflow/dags/pipeline_dag.py
[2026-05-10T16:33:47.287+0000] {processor.py:830} INFO - Processing file /opt/airflow/dags/pipeline_dag.py for tasks to queue
[2026-05-10T16:33:47.290+0000] {logging_mixin.py:188} INFO - [2026-05-10T16:33:47.289+0000] {dagbag.py:545} INFO - Filling up the DagBag from /opt/airflow/dags/pipeline_dag.py
[2026-05-10T16:33:47.375+0000] {processor.py:840} INFO - DAG(s) 'ab_test_medallion_pipeline' retrieved from /opt/airflow/dags/pipeline_dag.py
[2026-05-10T16:33:47.521+0000] {logging_mixin.py:188} INFO - [2026-05-10T16:33:47.520+0000] {dag.py:3096} INFO - Sync 1 DAGs
[2026-05-10T16:33:47.661+0000] {logging_mixin.py:188} INFO - [2026-05-10T16:33:47.660+0000] {dag.py:3954} INFO - Setting next_dagrun for ab_test_medallion_pipeline to 2026-05-10 00:00:00+00:00, run_after=2026-05-11 00:00:00+00:00
[2026-05-10T16:33:47.793+0000] {processor.py:183} INFO - Processing /opt/airflow/dags/pipeline_dag.py took 0.546 seconds
[2026-05-10T16:34:18.449+0000] {processor.py:161} INFO - Started process (PID=22824) to work on /opt/airflow/dags/pipeline_dag.py
[2026-05-10T16:34:18.453+0000] {processor.py:830} INFO - Processing file /opt/airflow/dags/pipeline_dag.py for tasks to queue
[2026-05-10T16:34:18.465+0000] {logging_mixin.py:188} INFO - [2026-05-10T16:34:18.454+0000] {dagbag.py:545} INFO - Filling up the DagBag from /opt/airflow/dags/pipeline_dag.py
[2026-05-10T16:34:18.576+0000] {processor.py:840} INFO - DAG(s) 'ab_test_medallion_pipeline' retrieved from /opt/airflow/dags/pipeline_dag.py
[2026-05-10T16:34:18.751+0000] {logging_mixin.py:188} INFO - [2026-05-10T16:34:18.751+0000] {dag.py:3096} INFO - Sync 1 DAGs
[2026-05-10T16:34:18.885+0000] {logging_mixin.py:188} INFO - [2026-05-10T16:34:18.885+0000] {dag.py:3954} INFO - Setting next_dagrun for ab_test_medallion_pipeline to 2026-05-10 00:00:00+00:00, run_after=2026-05-11 00:00:00+00:00
[2026-05-10T16:34:18.988+0000] {processor.py:183} INFO - Processing /opt/airflow/dags/pipeline_dag.py took 0.590 seconds
[2026-05-10T16:34:49.379+0000] {processor.py:161} INFO - Started process (PID=22829) to work on /opt/airflow/dags/pipeline_dag.py
[2026-05-10T16:34:49.381+0000] {processor.py:830} INFO - Processing file /opt/airflow/dags/pipeline_dag.py for tasks to queue
[2026-05-10T16:34:49.382+0000] {logging_mixin.py:188} INFO - [2026-05-10T16:34:49.381+0000] {dagbag.py:545} INFO - Filling up the DagBag from /opt/airflow/dags/pipeline_dag.py
[2026-05-10T16:34:49.411+0000] {processor.py:840} INFO - DAG(s) 'ab_test_medallion_pipeline' retrieved from /opt/airflow/dags/pipeline_dag.py
[2026-05-10T16:34:49.473+0000] {logging_mixin.py:188} INFO - [2026-05-10T16:34:49.472+0000] {dag.py:3096} INFO - Sync 1 DAGs
[2026-05-10T16:34:49.511+0000] {logging_mixin.py:188} INFO - [2026-05-10T16:34:49.511+0000] {dag.py:3954} INFO - Setting next_dagrun for ab_test_medallion_pipeline to 2026-05-10 00:00:00+00:00, run_after=2026-05-11 00:00:00+00:00
[2026-05-10T16:34:49.543+0000] {processor.py:183} INFO - Processing /opt/airflow/dags/pipeline_dag.py took 0.175 seconds
[2026-05-10T16:35:19.726+0000] {processor.py:161} INFO - Started process (PID=22834) to work on /opt/airflow/dags/pipeline_dag.py
[2026-05-10T16:35:19.728+0000] {processor.py:830} INFO - Processing file /opt/airflow/dags/pipeline_dag.py for tasks to queue
[2026-05-10T16:35:19.730+0000] {logging_mixin.py:188} INFO - [2026-05-10T16:35:19.729+0000] {dagbag.py:545} INFO - Filling up the DagBag from /opt/airflow/dags/pipeline_dag.py
[2026-05-10T16:35:19.790+0000] {processor.py:840} INFO - DAG(s) 'ab_test_medallion_pipeline' retrieved from /opt/airflow/dags/pipeline_dag.py
[2026-05-10T16:35:19.899+0000] {logging_mixin.py:188} INFO - [2026-05-10T16:35:19.899+0000] {dag.py:3096} INFO - Sync 1 DAGs
[2026-05-10T16:35:19.966+0000] {logging_mixin.py:188} INFO - [2026-05-10T16:35:19.966+0000] {dag.py:3954} INFO - Setting next_dagrun for ab_test_medallion_pipeline to 2026-05-10 00:00:00+00:00, run_after=2026-05-11 00:00:00+00:00
[2026-05-10T16:35:20.018+0000] {processor.py:183} INFO - Processing /opt/airflow/dags/pipeline_dag.py took 0.306 seconds
[2026-05-10T16:35:50.345+0000] {processor.py:161} INFO - Started process (PID=22839) to work on /opt/airflow/dags/pipeline_dag.py
[2026-05-10T16:35:50.346+0000] {processor.py:830} INFO - Processing file /opt/airflow/dags/pipeline_dag.py for tasks to queue
[2026-05-10T16:35:50.348+0000] {logging_mixin.py:188} INFO - [2026-05-10T16:35:50.347+0000] {dagbag.py:545} INFO - Filling up the DagBag from /opt/airflow/dags/pipeline_dag.py
[2026-05-10T16:35:50.561+0000] {processor.py:840} INFO - DAG(s) 'ab_test_medallion_pipeline' retrieved from /opt/airflow/dags/pipeline_dag.py
[2026-05-10T16:35:50.639+0000] {logging_mixin.py:188} INFO - [2026-05-10T16:35:50.638+0000] {dag.py:3096} INFO - Sync 1 DAGs
[2026-05-10T16:35:50.729+0000] {logging_mixin.py:188} INFO - [2026-05-10T16:35:50.729+0000] {dag.py:3954} INFO - Setting next_dagrun for ab_test_medallion_pipeline to 2026-05-10 00:00:00+00:00, run_after=2026-05-11 00:00:00+00:00
[2026-05-10T16:35:50.794+0000] {processor.py:183} INFO - Processing /opt/airflow/dags/pipeline_dag.py took 0.293 seconds
[2026-05-10T16:36:21.021+0000] {processor.py:161} INFO - Started process (PID=22844) to work on /opt/airflow/dags/pipeline_dag.py
[2026-05-10T16:36:21.033+0000] {processor.py:830} INFO - Processing file /opt/airflow/dags/pipeline_dag.py for tasks to queue
[2026-05-10T16:36:21.036+0000] {logging_mixin.py:188} INFO - [2026-05-10T16:36:21.035+0000] {dagbag.py:545} INFO - Filling up the DagBag from /opt/airflow/dags/pipeline_dag.py
[2026-05-10T16:36:21.166+0000] {processor.py:840} INFO - DAG(s) 'ab_test_medallion_pipeline' retrieved from /opt/airflow/dags/pipeline_dag.py
[2026-05-10T16:36:21.394+0000] {logging_mixin.py:188} INFO - [2026-05-10T16:36:21.393+0000] {dag.py:3096} INFO - Sync 1 DAGs
[2026-05-10T16:36:21.603+0000] {logging_mixin.py:188} INFO - [2026-05-10T16:36:21.591+0000] {dag.py:3954} INFO - Setting next_dagrun for ab_test_medallion_pipeline to 2026-05-10 00:00:00+00:00, run_after=2026-05-11 00:00:00+00:00
[2026-05-10T16:36:21.706+0000] {processor.py:183} INFO - Processing /opt/airflow/dags/pipeline_dag.py took 0.732 seconds
[2026-05-10T16:36:52.320+0000] {processor.py:161} INFO - Started process (PID=22849) to work on /opt/airflow/dags/pipeline_dag.py
[2026-05-10T16:36:52.322+0000] {processor.py:830} INFO - Processing file /opt/airflow/dags/pipeline_dag.py for tasks to queue
[2026-05-10T16:36:52.324+0000] {logging_mixin.py:188} INFO - [2026-05-10T16:36:52.323+0000] {dagbag.py:545} INFO - Filling up the DagBag from /opt/airflow/dags/pipeline_dag.py
[2026-05-10T16:36:52.434+0000] {processor.py:840} INFO - DAG(s) 'ab_test_medallion_pipeline' retrieved from /opt/airflow/dags/pipeline_dag.py
[2026-05-10T16:36:52.581+0000] {logging_mixin.py:188} INFO - [2026-05-10T16:36:52.580+0000] {dag.py:3096} INFO - Sync 1 DAGs
[2026-05-10T16:36:52.698+0000] {logging_mixin.py:188} INFO - [2026-05-10T16:36:52.697+0000] {dag.py:3954} INFO - Setting next_dagrun for ab_test_medallion_pipeline to 2026-05-10 00:00:00+00:00, run_after=2026-05-11 00:00:00+00:00
[2026-05-10T16:36:52.782+0000] {processor.py:183} INFO - Processing /opt/airflow/dags/pipeline_dag.py took 0.497 seconds
[2026-05-10T16:37:23.175+0000] {processor.py:161} INFO - Started process (PID=22951) to work on /opt/airflow/dags/pipeline_dag.py
[2026-05-10T16:37:23.187+0000] {processor.py:830} INFO - Processing file /opt/airflow/dags/pipeline_dag.py for tasks to queue
[2026-05-10T16:37:23.188+0000] {logging_mixin.py:188} INFO - [2026-05-10T16:37:23.188+0000] {dagbag.py:545} INFO - Filling up the DagBag from /opt/airflow/dags/pipeline_dag.py
[2026-05-10T16:37:23.269+0000] {processor.py:840} INFO - DAG(s) 'ab_test_medallion_pipeline' retrieved from /opt/airflow/dags/pipeline_dag.py
[2026-05-10T16:37:23.414+0000] {logging_mixin.py:188} INFO - [2026-05-10T16:37:23.414+0000] {dag.py:3096} INFO - Sync 1 DAGs
[2026-05-10T16:37:23.564+0000] {logging_mixin.py:188} INFO - [2026-05-10T16:37:23.563+0000] {dag.py:3954} INFO - Setting next_dagrun for ab_test_medallion_pipeline to 2026-05-10 00:00:00+00:00, run_after=2026-05-11 00:00:00+00:00
[2026-05-10T16:37:23.660+0000] {processor.py:183} INFO - Processing /opt/airflow/dags/pipeline_dag.py took 0.518 seconds
[2026-05-10T16:37:54.368+0000] {processor.py:161} INFO - Started process (PID=22981) to work on /opt/airflow/dags/pipeline_dag.py
[2026-05-10T16:37:54.393+0000] {processor.py:830} INFO - Processing file /opt/airflow/dags/pipeline_dag.py for tasks to queue
[2026-05-10T16:37:54.399+0000] {logging_mixin.py:188} INFO - [2026-05-10T16:37:54.397+0000] {dagbag.py:545} INFO - Filling up the DagBag from /opt/airflow/dags/pipeline_dag.py
[2026-05-10T16:37:54.628+0000] {processor.py:840} INFO - DAG(s) 'ab_test_medallion_pipeline' retrieved from /opt/airflow/dags/pipeline_dag.py
[2026-05-10T16:37:55.012+0000] {logging_mixin.py:188} INFO - [2026-05-10T16:37:55.011+0000] {dag.py:3096} INFO - Sync 1 DAGs
[2026-05-10T16:37:55.347+0000] {logging_mixin.py:188} INFO - [2026-05-10T16:37:55.346+0000] {dag.py:3954} INFO - Setting next_dagrun for ab_test_medallion_pipeline to 2026-05-10 00:00:00+00:00, run_after=2026-05-11 00:00:00+00:00
[2026-05-10T16:37:55.624+0000] {processor.py:183} INFO - Processing /opt/airflow/dags/pipeline_dag.py took 1.319 seconds
[2026-05-10T16:38:26.031+0000] {processor.py:161} INFO - Started process (PID=23086) to work on /opt/airflow/dags/pipeline_dag.py
[2026-05-10T16:38:26.037+0000] {processor.py:830} INFO - Processing file /opt/airflow/dags/pipeline_dag.py for tasks to queue
[2026-05-10T16:38:26.042+0000] {logging_mixin.py:188} INFO - [2026-05-10T16:38:26.039+0000] {dagbag.py:545} INFO - Filling up the DagBag from /opt/airflow/dags/pipeline_dag.py
[2026-05-10T16:38:26.142+0000] {processor.py:840} INFO - DAG(s) 'ab_test_medallion_pipeline' retrieved from /opt/airflow/dags/pipeline_dag.py
[2026-05-10T16:38:26.279+0000] {logging_mixin.py:188} INFO - [2026-05-10T16:38:26.278+0000] {dag.py:3096} INFO - Sync 1 DAGs
[2026-05-10T16:38:26.350+0000] {logging_mixin.py:188} INFO - [2026-05-10T16:38:26.350+0000] {dag.py:3954} INFO - Setting next_dagrun for ab_test_medallion_pipeline to 2026-05-10 00:00:00+00:00, run_after=2026-05-11 00:00:00+00:00
[2026-05-10T16:38:26.395+0000] {processor.py:183} INFO - Processing /opt/airflow/dags/pipeline_dag.py took 0.418 seconds
[2026-05-10T16:38:56.799+0000] {processor.py:161} INFO - Started process (PID=23229) to work on /opt/airflow/dags/pipeline_dag.py
[2026-05-10T16:38:56.803+0000] {processor.py:830} INFO - Processing file /opt/airflow/dags/pipeline_dag.py for tasks to queue
[2026-05-10T16:38:56.814+0000] {logging_mixin.py:188} INFO - [2026-05-10T16:38:56.806+0000] {dagbag.py:545} INFO - Filling up the DagBag from /opt/airflow/dags/pipeline_dag.py
[2026-05-10T16:38:56.889+0000] {processor.py:840} INFO - DAG(s) 'ab_test_medallion_pipeline' retrieved from /opt/airflow/dags/pipeline_dag.py
[2026-05-10T16:38:57.029+0000] {logging_mixin.py:188} INFO - [2026-05-10T16:38:57.029+0000] {dag.py:3096} INFO - Sync 1 DAGs
[2026-05-10T16:38:57.168+0000] {logging_mixin.py:188} INFO - [2026-05-10T16:38:57.168+0000] {dag.py:3954} INFO - Setting next_dagrun for ab_test_medallion_pipeline to 2026-05-10 00:00:00+00:00, run_after=2026-05-11 00:00:00+00:00
[2026-05-10T16:38:57.255+0000] {processor.py:183} INFO - Processing /opt/airflow/dags/pipeline_dag.py took 0.488 seconds
[2026-05-10T16:39:27.729+0000] {processor.py:161} INFO - Started process (PID=23391) to work on /opt/airflow/dags/pipeline_dag.py
[2026-05-10T16:39:27.732+0000] {processor.py:830} INFO - Processing file /opt/airflow/dags/pipeline_dag.py for tasks to queue
[2026-05-10T16:39:27.736+0000] {logging_mixin.py:188} INFO - [2026-05-10T16:39:27.734+0000] {dagbag.py:545} INFO - Filling up the DagBag from /opt/airflow/dags/pipeline_dag.py
[2026-05-10T16:39:27.785+0000] {processor.py:840} INFO - DAG(s) 'ab_test_medallion_pipeline' retrieved from /opt/airflow/dags/pipeline_dag.py
[2026-05-10T16:39:27.835+0000] {logging_mixin.py:188} INFO - [2026-05-10T16:39:27.835+0000] {dag.py:3096} INFO - Sync 1 DAGs
[2026-05-10T16:39:27.891+0000] {logging_mixin.py:188} INFO - [2026-05-10T16:39:27.890+0000] {dag.py:3954} INFO - Setting next_dagrun for ab_test_medallion_pipeline to 2026-05-10 00:00:00+00:00, run_after=2026-05-11 00:00:00+00:00
[2026-05-10T16:39:27.922+0000] {processor.py:183} INFO - Processing /opt/airflow/dags/pipeline_dag.py took 0.213 seconds
[2026-05-10T16:39:58.410+0000] {processor.py:161} INFO - Started process (PID=23424) to work on /opt/airflow/dags/pipeline_dag.py
[2026-05-10T16:39:58.412+0000] {processor.py:830} INFO - Processing file /opt/airflow/dags/pipeline_dag.py for tasks to queue
[2026-05-10T16:39:58.415+0000] {logging_mixin.py:188} INFO - [2026-05-10T16:39:58.414+0000] {dagbag.py:545} INFO - Filling up the DagBag from /opt/airflow/dags/pipeline_dag.py
[2026-05-10T16:39:58.449+0000] {processor.py:840} INFO - DAG(s) 'ab_test_medallion_pipeline' retrieved from /opt/airflow/dags/pipeline_dag.py
[2026-05-10T16:39:58.541+0000] {logging_mixin.py:188} INFO - [2026-05-10T16:39:58.541+0000] {dag.py:3096} INFO - Sync 1 DAGs
[2026-05-10T16:39:58.603+0000] {logging_mixin.py:188} INFO - [2026-05-10T16:39:58.602+0000] {dag.py:3954} INFO - Setting next_dagrun for ab_test_medallion_pipeline to 2026-05-10 00:00:00+00:00, run_after=2026-05-11 00:00:00+00:00
[2026-05-10T16:39:58.655+0000] {processor.py:183} INFO - Processing /opt/airflow/dags/pipeline_dag.py took 0.282 seconds
[2026-05-10T16:40:28.841+0000] {processor.py:161} INFO - Started process (PID=23474) to work on /opt/airflow/dags/pipeline_dag.py
[2026-05-10T16:40:28.843+0000] {processor.py:830} INFO - Processing file /opt/airflow/dags/pipeline_dag.py for tasks to queue
[2026-05-10T16:40:28.846+0000] {logging_mixin.py:188} INFO - [2026-05-10T16:40:28.844+0000] {dagbag.py:545} INFO - Filling up the DagBag from /opt/airflow/dags/pipeline_dag.py
[2026-05-10T16:40:28.881+0000] {processor.py:840} INFO - DAG(s) 'ab_test_medallion_pipeline' retrieved from /opt/airflow/dags/pipeline_dag.py
[2026-05-10T16:40:28.942+0000] {logging_mixin.py:188} INFO - [2026-05-10T16:40:28.941+0000] {dag.py:3096} INFO - Sync 1 DAGs
[2026-05-10T16:40:28.992+0000] {logging_mixin.py:188} INFO - [2026-05-10T16:40:28.991+0000] {dag.py:3954} INFO - Setting next_dagrun for ab_test_medallion_pipeline to 2026-05-10 00:00:00+00:00, run_after=2026-05-11 00:00:00+00:00
[2026-05-10T16:40:29.028+0000] {processor.py:183} INFO - Processing /opt/airflow/dags/pipeline_dag.py took 0.280 seconds
[2026-05-10T16:40:59.461+0000] {processor.py:161} INFO - Started process (PID=23599) to work on /opt/airflow/dags/pipeline_dag.py
[2026-05-10T16:40:59.464+0000] {processor.py:830} INFO - Processing file /opt/airflow/dags/pipeline_dag.py for tasks to queue
[2026-05-10T16:40:59.467+0000] {logging_mixin.py:188} INFO - [2026-05-10T16:40:59.466+0000] {dagbag.py:545} INFO - Filling up the DagBag from /opt/airflow/dags/pipeline_dag.py
[2026-05-10T16:40:59.505+0000] {processor.py:840} INFO - DAG(s) 'ab_test_medallion_pipeline' retrieved from /opt/airflow/dags/pipeline_dag.py
[2026-05-10T16:40:59.572+0000] {logging_mixin.py:188} INFO - [2026-05-10T16:40:59.571+0000] {dag.py:3096} INFO - Sync 1 DAGs
[2026-05-10T16:40:59.633+0000] {logging_mixin.py:188} INFO - [2026-05-10T16:40:59.632+0000] {dag.py:3954} INFO - Setting next_dagrun for ab_test_medallion_pipeline to 2026-05-10 00:00:00+00:00, run_after=2026-05-11 00:00:00+00:00
[2026-05-10T16:40:59.686+0000] {processor.py:183} INFO - Processing /opt/airflow/dags/pipeline_dag.py took 0.237 seconds
[2026-05-10T16:41:29.870+0000] {processor.py:161} INFO - Started process (PID=23634) to work on /opt/airflow/dags/pipeline_dag.py
[2026-05-10T16:41:29.872+0000] {processor.py:830} INFO - Processing file /opt/airflow/dags/pipeline_dag.py for tasks to queue
[2026-05-10T16:41:29.874+0000] {logging_mixin.py:188} INFO - [2026-05-10T16:41:29.873+0000] {dagbag.py:545} INFO - Filling up the DagBag from /opt/airflow/dags/pipeline_dag.py
[2026-05-10T16:41:30.115+0000] {processor.py:840} INFO - DAG(s) 'ab_test_medallion_pipeline' retrieved from /opt/airflow/dags/pipeline_dag.py
[2026-05-10T16:41:30.295+0000] {logging_mixin.py:188} INFO - [2026-05-10T16:41:30.294+0000] {dag.py:3096} INFO - Sync 1 DAGs
[2026-05-10T16:41:30.469+0000] {logging_mixin.py:188} INFO - [2026-05-10T16:41:30.467+0000] {dag.py:3954} INFO - Setting next_dagrun for ab_test_medallion_pipeline to 2026-05-10 00:00:00+00:00, run_after=2026-05-11 00:00:00+00:00
[2026-05-10T16:41:30.558+0000] {processor.py:183} INFO - Processing /opt/airflow/dags/pipeline_dag.py took 0.719 seconds
[2026-05-10T16:42:01.052+0000] {processor.py:161} INFO - Started process (PID=23692) to work on /opt/airflow/dags/pipeline_dag.py
[2026-05-10T16:42:01.058+0000] {processor.py:830} INFO - Processing file /opt/airflow/dags/pipeline_dag.py for tasks to queue
[2026-05-10T16:42:01.073+0000] {logging_mixin.py:188} INFO - [2026-05-10T16:42:01.064+0000] {dagbag.py:545} INFO - Filling up the DagBag from /opt/airflow/dags/pipeline_dag.py
[2026-05-10T16:42:01.233+0000] {processor.py:840} INFO - DAG(s) 'ab_test_medallion_pipeline' retrieved from /opt/airflow/dags/pipeline_dag.py
[2026-05-10T16:42:01.435+0000] {logging_mixin.py:188} INFO - [2026-05-10T16:42:01.433+0000] {dag.py:3096} INFO - Sync 1 DAGs
[2026-05-10T16:42:01.568+0000] {logging_mixin.py:188} INFO - [2026-05-10T16:42:01.567+0000] {dag.py:3954} INFO - Setting next_dagrun for ab_test_medallion_pipeline to 2026-05-10 00:00:00+00:00, run_after=2026-05-11 00:00:00+00:00
[2026-05-10T16:42:01.636+0000] {processor.py:183} INFO - Processing /opt/airflow/dags/pipeline_dag.py took 0.641 seconds
[2026-05-10T16:42:31.841+0000] {processor.py:161} INFO - Started process (PID=23740) to work on /opt/airflow/dags/pipeline_dag.py
[2026-05-10T16:42:31.842+0000] {processor.py:830} INFO - Processing file /opt/airflow/dags/pipeline_dag.py for tasks to queue
[2026-05-10T16:42:31.844+0000] {logging_mixin.py:188} INFO - [2026-05-10T16:42:31.843+0000] {dagbag.py:545} INFO - Filling up the DagBag from /opt/airflow/dags/pipeline_dag.py
[2026-05-10T16:42:31.890+0000] {processor.py:840} INFO - DAG(s) 'ab_test_medallion_pipeline' retrieved from /opt/airflow/dags/pipeline_dag.py
[2026-05-10T16:42:32.137+0000] {logging_mixin.py:188} INFO - [2026-05-10T16:42:32.136+0000] {dag.py:3096} INFO - Sync 1 DAGs
[2026-05-10T16:42:32.287+0000] {logging_mixin.py:188} INFO - [2026-05-10T16:42:32.287+0000] {dag.py:3954} INFO - Setting next_dagrun for ab_test_medallion_pipeline to 2026-05-10 00:00:00+00:00, run_after=2026-05-11 00:00:00+00:00
[2026-05-10T16:42:32.329+0000] {processor.py:183} INFO - Processing /opt/airflow/dags/pipeline_dag.py took 0.501 seconds
[2026-05-10T16:43:02.713+0000] {processor.py:161} INFO - Started process (PID=23767) to work on /opt/airflow/dags/pipeline_dag.py
[2026-05-10T16:43:02.714+0000] {processor.py:830} INFO - Processing file /opt/airflow/dags/pipeline_dag.py for tasks to queue
[2026-05-10T16:43:02.716+0000] {logging_mixin.py:188} INFO - [2026-05-10T16:43:02.715+0000] {dagbag.py:545} INFO - Filling up the DagBag from /opt/airflow/dags/pipeline_dag.py
[2026-05-10T16:43:02.750+0000] {processor.py:840} INFO - DAG(s) 'ab_test_medallion_pipeline' retrieved from /opt/airflow/dags/pipeline_dag.py
[2026-05-10T16:43:02.839+0000] {logging_mixin.py:188} INFO - [2026-05-10T16:43:02.838+0000] {dag.py:3096} INFO - Sync 1 DAGs
[2026-05-10T16:43:02.928+0000] {logging_mixin.py:188} INFO - [2026-05-10T16:43:02.926+0000] {dag.py:3954} INFO - Setting next_dagrun for ab_test_medallion_pipeline to 2026-05-10 00:00:00+00:00, run_after=2026-05-11 00:00:00+00:00
[2026-05-10T16:43:02.983+0000] {processor.py:183} INFO - Processing /opt/airflow/dags/pipeline_dag.py took 0.283 seconds
[2026-05-10T16:43:33.177+0000] {processor.py:161} INFO - Started process (PID=23798) to work on /opt/airflow/dags/pipeline_dag.py
[2026-05-10T16:43:33.179+0000] {processor.py:830} INFO - Processing file /opt/airflow/dags/pipeline_dag.py for tasks to queue
[2026-05-10T16:43:33.181+0000] {logging_mixin.py:188} INFO - [2026-05-10T16:43:33.180+0000] {dagbag.py:545} INFO - Filling up the DagBag from /opt/airflow/dags/pipeline_dag.py
[2026-05-10T16:43:33.233+0000] {processor.py:840} INFO - DAG(s) 'ab_test_medallion_pipeline' retrieved from /opt/airflow/dags/pipeline_dag.py
[2026-05-10T16:43:33.362+0000] {logging_mixin.py:188} INFO - [2026-05-10T16:43:33.361+0000] {dag.py:3096} INFO - Sync 1 DAGs
[2026-05-10T16:43:33.597+0000] {logging_mixin.py:188} INFO - [2026-05-10T16:43:33.595+0000] {dag.py:3954} INFO - Setting next_dagrun for ab_test_medallion_pipeline to 2026-05-10 00:00:00+00:00, run_after=2026-05-11 00:00:00+00:00
[2026-05-10T16:43:33.749+0000] {processor.py:183} INFO - Processing /opt/airflow/dags/pipeline_dag.py took 0.595 seconds
[2026-05-10T16:44:03.842+0000] {processor.py:161} INFO - Started process (PID=23837) to work on /opt/airflow/dags/pipeline_dag.py
[2026-05-10T16:44:03.844+0000] {processor.py:830} INFO - Processing file /opt/airflow/dags/pipeline_dag.py for tasks to queue
[2026-05-10T16:44:03.846+0000] {logging_mixin.py:188} INFO - [2026-05-10T16:44:03.845+0000] {dagbag.py:545} INFO - Filling up the DagBag from /opt/airflow/dags/pipeline_dag.py
[2026-05-10T16:44:03.920+0000] {processor.py:840} INFO - DAG(s) 'ab_test_medallion_pipeline' retrieved from /opt/airflow/dags/pipeline_dag.py
[2026-05-10T16:44:04.008+0000] {logging_mixin.py:188} INFO - [2026-05-10T16:44:04.007+0000] {dag.py:3096} INFO - Sync 1 DAGs
[2026-05-10T16:44:04.069+0000] {logging_mixin.py:188} INFO - [2026-05-10T16:44:04.069+0000] {dag.py:3954} INFO - Setting next_dagrun for ab_test_medallion_pipeline to 2026-05-10 00:00:00+00:00, run_after=2026-05-11 00:00:00+00:00
[2026-05-10T16:44:04.111+0000] {processor.py:183} INFO - Processing /opt/airflow/dags/pipeline_dag.py took 0.286 seconds
[2026-05-10T16:44:34.215+0000] {processor.py:161} INFO - Started process (PID=23871) to work on /opt/airflow/dags/pipeline_dag.py
[2026-05-10T16:44:34.218+0000] {processor.py:830} INFO - Processing file /opt/airflow/dags/pipeline_dag.py for tasks to queue
[2026-05-10T16:44:34.220+0000] {logging_mixin.py:188} INFO - [2026-05-10T16:44:34.219+0000] {dagbag.py:545} INFO - Filling up the DagBag from /opt/airflow/dags/pipeline_dag.py
[2026-05-10T16:44:34.261+0000] {processor.py:840} INFO - DAG(s) 'ab_test_medallion_pipeline' retrieved from /opt/airflow/dags/pipeline_dag.py
[2026-05-10T16:44:34.360+0000] {logging_mixin.py:188} INFO - [2026-05-10T16:44:34.359+0000] {dag.py:3096} INFO - Sync 1 DAGs
[2026-05-10T16:44:34.482+0000] {logging_mixin.py:188} INFO - [2026-05-10T16:44:34.481+0000] {dag.py:3954} INFO - Setting next_dagrun for ab_test_medallion_pipeline to 2026-05-10 00:00:00+00:00, run_after=2026-05-11 00:00:00+00:00
[2026-05-10T16:44:34.518+0000] {processor.py:183} INFO - Processing /opt/airflow/dags/pipeline_dag.py took 0.321 seconds
[2026-05-10T16:45:04.849+0000] {processor.py:161} INFO - Started process (PID=23908) to work on /opt/airflow/dags/pipeline_dag.py
[2026-05-10T16:45:04.851+0000] {processor.py:830} INFO - Processing file /opt/airflow/dags/pipeline_dag.py for tasks to queue
[2026-05-10T16:45:04.853+0000] {logging_mixin.py:188} INFO - [2026-05-10T16:45:04.852+0000] {dagbag.py:545} INFO - Filling up the DagBag from /opt/airflow/dags/pipeline_dag.py
[2026-05-10T16:45:04.879+0000] {processor.py:840} INFO - DAG(s) 'ab_test_medallion_pipeline' retrieved from /opt/airflow/dags/pipeline_dag.py
[2026-05-10T16:45:04.945+0000] {logging_mixin.py:188} INFO - [2026-05-10T16:45:04.944+0000] {dag.py:3096} INFO - Sync 1 DAGs
[2026-05-10T16:45:04.982+0000] {logging_mixin.py:188} INFO - [2026-05-10T16:45:04.982+0000] {dag.py:3954} INFO - Setting next_dagrun for ab_test_medallion_pipeline to 2026-05-10 00:00:00+00:00, run_after=2026-05-11 00:00:00+00:00
[2026-05-10T16:45:05.026+0000] {processor.py:183} INFO - Processing /opt/airflow/dags/pipeline_dag.py took 0.193 seconds
[2026-05-10T16:45:35.252+0000] {processor.py:161} INFO - Started process (PID=23942) to work on /opt/airflow/dags/pipeline_dag.py
[2026-05-10T16:45:35.256+0000] {processor.py:830} INFO - Processing file /opt/airflow/dags/pipeline_dag.py for tasks to queue
[2026-05-10T16:45:35.258+0000] {logging_mixin.py:188} INFO - [2026-05-10T16:45:35.257+0000] {dagbag.py:545} INFO - Filling up the DagBag from /opt/airflow/dags/pipeline_dag.py
[2026-05-10T16:45:35.295+0000] {processor.py:840} INFO - DAG(s) 'ab_test_medallion_pipeline' retrieved from /opt/airflow/dags/pipeline_dag.py
[2026-05-10T16:45:35.347+0000] {logging_mixin.py:188} INFO - [2026-05-10T16:45:35.347+0000] {dag.py:3096} INFO - Sync 1 DAGs
[2026-05-10T16:45:35.384+0000] {logging_mixin.py:188} INFO - [2026-05-10T16:45:35.384+0000] {dag.py:3954} INFO - Setting next_dagrun for ab_test_medallion_pipeline to 2026-05-10 00:00:00+00:00, run_after=2026-05-11 00:00:00+00:00
[2026-05-10T16:45:35.449+0000] {processor.py:183} INFO - Processing /opt/airflow/dags/pipeline_dag.py took 0.210 seconds
[2026-05-10T16:46:05.828+0000] {processor.py:161} INFO - Started process (PID=23981) to work on /opt/airflow/dags/pipeline_dag.py
[2026-05-10T16:46:05.829+0000] {processor.py:830} INFO - Processing file /opt/airflow/dags/pipeline_dag.py for tasks to queue
[2026-05-10T16:46:05.831+0000] {logging_mixin.py:188} INFO - [2026-05-10T16:46:05.830+0000] {dagbag.py:545} INFO - Filling up the DagBag from /opt/airflow/dags/pipeline_dag.py
[2026-05-10T16:46:05.973+0000] {processor.py:840} INFO - DAG(s) 'ab_test_medallion_pipeline' retrieved from /opt/airflow/dags/pipeline_dag.py
[2026-05-10T16:46:06.070+0000] {logging_mixin.py:188} INFO - [2026-05-10T16:46:06.069+0000] {dag.py:3096} INFO - Sync 1 DAGs
[2026-05-10T16:46:06.117+0000] {logging_mixin.py:188} INFO - [2026-05-10T16:46:06.117+0000] {dag.py:3954} INFO - Setting next_dagrun for ab_test_medallion_pipeline to 2026-05-10 00:00:00+00:00, run_after=2026-05-11 00:00:00+00:00
[2026-05-10T16:46:06.148+0000] {processor.py:183} INFO - Processing /opt/airflow/dags/pipeline_dag.py took 0.341 seconds
[2026-05-10T16:46:36.281+0000] {processor.py:161} INFO - Started process (PID=24108) to work on /opt/airflow/dags/pipeline_dag.py
[2026-05-10T16:46:36.283+0000] {processor.py:830} INFO - Processing file /opt/airflow/dags/pipeline_dag.py for tasks to queue
[2026-05-10T16:46:36.289+0000] {logging_mixin.py:188} INFO - [2026-05-10T16:46:36.285+0000] {dagbag.py:545} INFO - Filling up the DagBag from /opt/airflow/dags/pipeline_dag.py
[2026-05-10T16:46:36.353+0000] {processor.py:840} INFO - DAG(s) 'ab_test_medallion_pipeline' retrieved from /opt/airflow/dags/pipeline_dag.py
[2026-05-10T16:46:36.525+0000] {logging_mixin.py:188} INFO - [2026-05-10T16:46:36.524+0000] {dag.py:3096} INFO - Sync 1 DAGs
[2026-05-10T16:46:36.607+0000] {logging_mixin.py:188} INFO - [2026-05-10T16:46:36.606+0000] {dag.py:3954} INFO - Setting next_dagrun for ab_test_medallion_pipeline to 2026-05-10 00:00:00+00:00, run_after=2026-05-11 00:00:00+00:00
[2026-05-10T16:46:36.680+0000] {processor.py:183} INFO - Processing /opt/airflow/dags/pipeline_dag.py took 0.432 seconds
[2026-05-10T16:47:07.094+0000] {processor.py:161} INFO - Started process (PID=24205) to work on /opt/airflow/dags/pipeline_dag.py
[2026-05-10T16:47:07.095+0000] {processor.py:830} INFO - Processing file /opt/airflow/dags/pipeline_dag.py for tasks to queue
[2026-05-10T16:47:07.097+0000] {logging_mixin.py:188} INFO - [2026-05-10T16:47:07.096+0000] {dagbag.py:545} INFO - Filling up the DagBag from /opt/airflow/dags/pipeline_dag.py
[2026-05-10T16:47:07.125+0000] {processor.py:840} INFO - DAG(s) 'ab_test_medallion_pipeline' retrieved from /opt/airflow/dags/pipeline_dag.py
[2026-05-10T16:47:07.173+0000] {logging_mixin.py:188} INFO - [2026-05-10T16:47:07.173+0000] {dag.py:3096} INFO - Sync 1 DAGs
[2026-05-10T16:47:07.209+0000] {logging_mixin.py:188} INFO - [2026-05-10T16:47:07.208+0000] {dag.py:3954} INFO - Setting next_dagrun for ab_test_medallion_pipeline to 2026-05-10 00:00:00+00:00, run_after=2026-05-11 00:00:00+00:00
[2026-05-10T16:47:07.243+0000] {processor.py:183} INFO - Processing /opt/airflow/dags/pipeline_dag.py took 0.167 seconds
[2026-05-10T16:47:37.463+0000] {processor.py:161} INFO - Started process (PID=24317) to work on /opt/airflow/dags/pipeline_dag.py
[2026-05-10T16:47:37.465+0000] {processor.py:830} INFO - Processing file /opt/airflow/dags/pipeline_dag.py for tasks to queue
[2026-05-10T16:47:37.467+0000] {logging_mixin.py:188} INFO - [2026-05-10T16:47:37.466+0000] {dagbag.py:545} INFO - Filling up the DagBag from /opt/airflow/dags/pipeline_dag.py
[2026-05-10T16:47:37.494+0000] {processor.py:840} INFO - DAG(s) 'ab_test_medallion_pipeline' retrieved from /opt/airflow/dags/pipeline_dag.py
[2026-05-10T16:47:37.557+0000] {logging_mixin.py:188} INFO - [2026-05-10T16:47:37.557+0000] {dag.py:3096} INFO - Sync 1 DAGs
[2026-05-10T16:47:37.613+0000] {logging_mixin.py:188} INFO - [2026-05-10T16:47:37.612+0000] {dag.py:3954} INFO - Setting next_dagrun for ab_test_medallion_pipeline to 2026-05-10 00:00:00+00:00, run_after=2026-05-11 00:00:00+00:00
[2026-05-10T16:47:37.648+0000] {processor.py:183} INFO - Processing /opt/airflow/dags/pipeline_dag.py took 0.200 seconds
[2026-05-10T16:48:08.027+0000] {processor.py:161} INFO - Started process (PID=24528) to work on /opt/airflow/dags/pipeline_dag.py
[2026-05-10T16:48:08.032+0000] {processor.py:830} INFO - Processing file /opt/airflow/dags/pipeline_dag.py for tasks to queue
[2026-05-10T16:48:08.035+0000] {logging_mixin.py:188} INFO - [2026-05-10T16:48:08.033+0000] {dagbag.py:545} INFO - Filling up the DagBag from /opt/airflow/dags/pipeline_dag.py
[2026-05-10T16:48:08.072+0000] {processor.py:840} INFO - DAG(s) 'ab_test_medallion_pipeline' retrieved from /opt/airflow/dags/pipeline_dag.py
[2026-05-10T16:48:08.143+0000] {logging_mixin.py:188} INFO - [2026-05-10T16:48:08.142+0000] {dag.py:3096} INFO - Sync 1 DAGs
[2026-05-10T16:48:08.209+0000] {logging_mixin.py:188} INFO - [2026-05-10T16:48:08.208+0000] {dag.py:3954} INFO - Setting next_dagrun for ab_test_medallion_pipeline to 2026-05-10 00:00:00+00:00, run_after=2026-05-11 00:00:00+00:00
[2026-05-10T16:48:08.249+0000] {processor.py:183} INFO - Processing /opt/airflow/dags/pipeline_dag.py took 0.236 seconds
[2026-05-10T16:48:38.440+0000] {processor.py:161} INFO - Started process (PID=24652) to work on /opt/airflow/dags/pipeline_dag.py
[2026-05-10T16:48:38.441+0000] {processor.py:830} INFO - Processing file /opt/airflow/dags/pipeline_dag.py for tasks to queue
[2026-05-10T16:48:38.444+0000] {logging_mixin.py:188} INFO - [2026-05-10T16:48:38.443+0000] {dagbag.py:545} INFO - Filling up the DagBag from /opt/airflow/dags/pipeline_dag.py
[2026-05-10T16:48:38.488+0000] {processor.py:840} INFO - DAG(s) 'ab_test_medallion_pipeline' retrieved from /opt/airflow/dags/pipeline_dag.py
[2026-05-10T16:48:38.561+0000] {logging_mixin.py:188} INFO - [2026-05-10T16:48:38.560+0000] {dag.py:3096} INFO - Sync 1 DAGs
[2026-05-10T16:48:38.599+0000] {logging_mixin.py:188} INFO - [2026-05-10T16:48:38.598+0000] {dag.py:3954} INFO - Setting next_dagrun for ab_test_medallion_pipeline to 2026-05-10 00:00:00+00:00, run_after=2026-05-11 00:00:00+00:00
[2026-05-10T16:48:38.633+0000] {processor.py:183} INFO - Processing /opt/airflow/dags/pipeline_dag.py took 0.208 seconds
[2026-05-10T16:49:09.033+0000] {processor.py:161} INFO - Started process (PID=24789) to work on /opt/airflow/dags/pipeline_dag.py
[2026-05-10T16:49:09.037+0000] {processor.py:830} INFO - Processing file /opt/airflow/dags/pipeline_dag.py for tasks to queue
[2026-05-10T16:49:09.041+0000] {logging_mixin.py:188} INFO - [2026-05-10T16:49:09.039+0000] {dagbag.py:545} INFO - Filling up the DagBag from /opt/airflow/dags/pipeline_dag.py
[2026-05-10T16:49:09.073+0000] {processor.py:840} INFO - DAG(s) 'ab_test_medallion_pipeline' retrieved from /opt/airflow/dags/pipeline_dag.py
[2026-05-10T16:49:09.125+0000] {logging_mixin.py:188} INFO - [2026-05-10T16:49:09.125+0000] {dag.py:3096} INFO - Sync 1 DAGs
[2026-05-10T16:49:09.168+0000] {logging_mixin.py:188} INFO - [2026-05-10T16:49:09.168+0000] {dag.py:3954} INFO - Setting next_dagrun for ab_test_medallion_pipeline to 2026-05-10 00:00:00+00:00, run_after=2026-05-11 00:00:00+00:00
[2026-05-10T16:49:09.198+0000] {processor.py:183} INFO - Processing /opt/airflow/dags/pipeline_dag.py took 0.179 seconds
[2026-05-10T16:49:39.402+0000] {processor.py:161} INFO - Started process (PID=24821) to work on /opt/airflow/dags/pipeline_dag.py
[2026-05-10T16:49:39.404+0000] {processor.py:830} INFO - Processing file /opt/airflow/dags/pipeline_dag.py for tasks to queue
[2026-05-10T16:49:39.406+0000] {logging_mixin.py:188} INFO - [2026-05-10T16:49:39.405+0000] {dagbag.py:545} INFO - Filling up the DagBag from /opt/airflow/dags/pipeline_dag.py
[2026-05-10T16:49:39.453+0000] {processor.py:840} INFO - DAG(s) 'ab_test_medallion_pipeline' retrieved from /opt/airflow/dags/pipeline_dag.py
[2026-05-10T16:49:39.527+0000] {logging_mixin.py:188} INFO - [2026-05-10T16:49:39.526+0000] {dag.py:3096} INFO - Sync 1 DAGs
[2026-05-10T16:49:39.579+0000] {logging_mixin.py:188} INFO - [2026-05-10T16:49:39.579+0000] {dag.py:3954} INFO - Setting next_dagrun for ab_test_medallion_pipeline to 2026-05-10 00:00:00+00:00, run_after=2026-05-11 00:00:00+00:00
[2026-05-10T16:49:39.627+0000] {processor.py:183} INFO - Processing /opt/airflow/dags/pipeline_dag.py took 0.238 seconds
[2026-05-10T16:50:09.942+0000] {processor.py:161} INFO - Started process (PID=24862) to work on /opt/airflow/dags/pipeline_dag.py
[2026-05-10T16:50:09.947+0000] {processor.py:830} INFO - Processing file /opt/airflow/dags/pipeline_dag.py for tasks to queue
[2026-05-10T16:50:09.949+0000] {logging_mixin.py:188} INFO - [2026-05-10T16:50:09.948+0000] {dagbag.py:545} INFO - Filling up the DagBag from /opt/airflow/dags/pipeline_dag.py
[2026-05-10T16:50:09.990+0000] {processor.py:840} INFO - DAG(s) 'ab_test_medallion_pipeline' retrieved from /opt/airflow/dags/pipeline_dag.py
[2026-05-10T16:50:10.056+0000] {logging_mixin.py:188} INFO - [2026-05-10T16:50:10.055+0000] {dag.py:3096} INFO - Sync 1 DAGs
[2026-05-10T16:50:10.107+0000] {logging_mixin.py:188} INFO - [2026-05-10T16:50:10.106+0000] {dag.py:3954} INFO - Setting next_dagrun for ab_test_medallion_pipeline to 2026-05-10 00:00:00+00:00, run_after=2026-05-11 00:00:00+00:00
[2026-05-10T16:50:10.134+0000] {processor.py:183} INFO - Processing /opt/airflow/dags/pipeline_dag.py took 0.208 seconds
[2026-05-10T16:50:40.425+0000] {processor.py:161} INFO - Started process (PID=24907) to work on /opt/airflow/dags/pipeline_dag.py
[2026-05-10T16:50:40.426+0000] {processor.py:830} INFO - Processing file /opt/airflow/dags/pipeline_dag.py for tasks to queue
[2026-05-10T16:50:40.429+0000] {logging_mixin.py:188} INFO - [2026-05-10T16:50:40.428+0000] {dagbag.py:545} INFO - Filling up the DagBag from /opt/airflow/dags/pipeline_dag.py
[2026-05-10T16:50:40.464+0000] {processor.py:840} INFO - DAG(s) 'ab_test_medallion_pipeline' retrieved from /opt/airflow/dags/pipeline_dag.py
[2026-05-10T16:50:40.528+0000] {logging_mixin.py:188} INFO - [2026-05-10T16:50:40.528+0000] {dag.py:3096} INFO - Sync 1 DAGs
[2026-05-10T16:50:40.574+0000] {logging_mixin.py:188} INFO - [2026-05-10T16:50:40.574+0000] {dag.py:3954} INFO - Setting next_dagrun for ab_test_medallion_pipeline to 2026-05-10 00:00:00+00:00, run_after=2026-05-11 00:00:00+00:00
[2026-05-10T16:50:40.606+0000] {processor.py:183} INFO - Processing /opt/airflow/dags/pipeline_dag.py took 0.202 seconds
[2026-05-10T16:51:10.887+0000] {processor.py:161} INFO - Started process (PID=24946) to work on /opt/airflow/dags/pipeline_dag.py
[2026-05-10T16:51:10.889+0000] {processor.py:830} INFO - Processing file /opt/airflow/dags/pipeline_dag.py for tasks to queue
[2026-05-10T16:51:10.890+0000] {logging_mixin.py:188} INFO - [2026-05-10T16:51:10.889+0000] {dagbag.py:545} INFO - Filling up the DagBag from /opt/airflow/dags/pipeline_dag.py
[2026-05-10T16:51:10.923+0000] {processor.py:840} INFO - DAG(s) 'ab_test_medallion_pipeline' retrieved from /opt/airflow/dags/pipeline_dag.py
[2026-05-10T16:51:10.984+0000] {logging_mixin.py:188} INFO - [2026-05-10T16:51:10.984+0000] {dag.py:3096} INFO - Sync 1 DAGs
[2026-05-10T16:51:11.034+0000] {logging_mixin.py:188} INFO - [2026-05-10T16:51:11.034+0000] {dag.py:3954} INFO - Setting next_dagrun for ab_test_medallion_pipeline to 2026-05-10 00:00:00+00:00, run_after=2026-05-11 00:00:00+00:00
[2026-05-10T16:51:11.066+0000] {processor.py:183} INFO - Processing /opt/airflow/dags/pipeline_dag.py took 0.191 seconds
[2026-05-10T16:51:41.337+0000] {processor.py:161} INFO - Started process (PID=25002) to work on /opt/airflow/dags/pipeline_dag.py
[2026-05-10T16:51:41.338+0000] {processor.py:830} INFO - Processing file /opt/airflow/dags/pipeline_dag.py for tasks to queue
[2026-05-10T16:51:41.339+0000] {logging_mixin.py:188} INFO - [2026-05-10T16:51:41.339+0000] {dagbag.py:545} INFO - Filling up the DagBag from /opt/airflow/dags/pipeline_dag.py
[2026-05-10T16:51:41.368+0000] {processor.py:840} INFO - DAG(s) 'ab_test_medallion_pipeline' retrieved from /opt/airflow/dags/pipeline_dag.py
[2026-05-10T16:51:41.430+0000] {logging_mixin.py:188} INFO - [2026-05-10T16:51:41.429+0000] {dag.py:3096} INFO - Sync 1 DAGs
[2026-05-10T16:51:41.503+0000] {logging_mixin.py:188} INFO - [2026-05-10T16:51:41.503+0000] {dag.py:3954} INFO - Setting next_dagrun for ab_test_medallion_pipeline to 2026-05-10 00:00:00+00:00, run_after=2026-05-11 00:00:00+00:00
[2026-05-10T16:51:41.557+0000] {processor.py:183} INFO - Processing /opt/airflow/dags/pipeline_dag.py took 0.233 seconds
[2026-05-10T16:52:12.280+0000] {processor.py:161} INFO - Started process (PID=25056) to work on /opt/airflow/dags/pipeline_dag.py
[2026-05-10T16:52:12.283+0000] {processor.py:830} INFO - Processing file /opt/airflow/dags/pipeline_dag.py for tasks to queue
[2026-05-10T16:52:12.286+0000] {logging_mixin.py:188} INFO - [2026-05-10T16:52:12.285+0000] {dagbag.py:545} INFO - Filling up the DagBag from /opt/airflow/dags/pipeline_dag.py
[2026-05-10T16:52:12.329+0000] {processor.py:840} INFO - DAG(s) 'ab_test_medallion_pipeline' retrieved from /opt/airflow/dags/pipeline_dag.py
[2026-05-10T16:52:12.392+0000] {logging_mixin.py:188} INFO - [2026-05-10T16:52:12.392+0000] {dag.py:3096} INFO - Sync 1 DAGs
[2026-05-10T16:52:12.441+0000] {logging_mixin.py:188} INFO - [2026-05-10T16:52:12.441+0000] {dag.py:3954} INFO - Setting next_dagrun for ab_test_medallion_pipeline to 2026-05-10 00:00:00+00:00, run_after=2026-05-11 00:00:00+00:00
[2026-05-10T16:52:12.486+0000] {processor.py:183} INFO - Processing /opt/airflow/dags/pipeline_dag.py took 0.225 seconds
[2026-05-10T16:52:42.686+0000] {processor.py:161} INFO - Started process (PID=25067) to work on /opt/airflow/dags/pipeline_dag.py
[2026-05-10T16:52:42.690+0000] {processor.py:830} INFO - Processing file /opt/airflow/dags/pipeline_dag.py for tasks to queue
[2026-05-10T16:52:42.692+0000] {logging_mixin.py:188} INFO - [2026-05-10T16:52:42.691+0000] {dagbag.py:545} INFO - Filling up the DagBag from /opt/airflow/dags/pipeline_dag.py
[2026-05-10T16:52:42.734+0000] {processor.py:840} INFO - DAG(s) 'ab_test_medallion_pipeline' retrieved from /opt/airflow/dags/pipeline_dag.py
[2026-05-10T16:52:42.802+0000] {logging_mixin.py:188} INFO - [2026-05-10T16:52:42.802+0000] {dag.py:3096} INFO - Sync 1 DAGs
[2026-05-10T16:52:42.837+0000] {logging_mixin.py:188} INFO - [2026-05-10T16:52:42.836+0000] {dag.py:3954} INFO - Setting next_dagrun for ab_test_medallion_pipeline to 2026-05-10 00:00:00+00:00, run_after=2026-05-11 00:00:00+00:00
[2026-05-10T16:52:42.881+0000] {processor.py:183} INFO - Processing /opt/airflow/dags/pipeline_dag.py took 0.209 seconds
[2026-05-10T16:53:13.053+0000] {processor.py:161} INFO - Started process (PID=25100) to work on /opt/airflow/dags/pipeline_dag.py
[2026-05-10T16:53:13.055+0000] {processor.py:830} INFO - Processing file /opt/airflow/dags/pipeline_dag.py for tasks to queue
[2026-05-10T16:53:13.058+0000] {logging_mixin.py:188} INFO - [2026-05-10T16:53:13.057+0000] {dagbag.py:545} INFO - Filling up the DagBag from /opt/airflow/dags/pipeline_dag.py
[2026-05-10T16:53:13.084+0000] {processor.py:840} INFO - DAG(s) 'ab_test_medallion_pipeline' retrieved from /opt/airflow/dags/pipeline_dag.py
[2026-05-10T16:53:13.146+0000] {logging_mixin.py:188} INFO - [2026-05-10T16:53:13.145+0000] {dag.py:3096} INFO - Sync 1 DAGs
[2026-05-10T16:53:13.181+0000] {logging_mixin.py:188} INFO - [2026-05-10T16:53:13.180+0000] {dag.py:3954} INFO - Setting next_dagrun for ab_test_medallion_pipeline to 2026-05-10 00:00:00+00:00, run_after=2026-05-11 00:00:00+00:00
[2026-05-10T16:53:13.211+0000] {processor.py:183} INFO - Processing /opt/airflow/dags/pipeline_dag.py took 0.177 seconds
[2026-05-10T16:53:43.424+0000] {processor.py:161} INFO - Started process (PID=25185) to work on /opt/airflow/dags/pipeline_dag.py
[2026-05-10T16:53:43.426+0000] {processor.py:830} INFO - Processing file /opt/airflow/dags/pipeline_dag.py for tasks to queue
[2026-05-10T16:53:43.428+0000] {logging_mixin.py:188} INFO - [2026-05-10T16:53:43.427+0000] {dagbag.py:545} INFO - Filling up the DagBag from /opt/airflow/dags/pipeline_dag.py
[2026-05-10T16:53:43.465+0000] {processor.py:840} INFO - DAG(s) 'ab_test_medallion_pipeline' retrieved from /opt/airflow/dags/pipeline_dag.py
[2026-05-10T16:53:43.528+0000] {logging_mixin.py:188} INFO - [2026-05-10T16:53:43.527+0000] {dag.py:3096} INFO - Sync 1 DAGs
[2026-05-10T16:53:43.581+0000] {logging_mixin.py:188} INFO - [2026-05-10T16:53:43.581+0000] {dag.py:3954} INFO - Setting next_dagrun for ab_test_medallion_pipeline to 2026-05-10 00:00:00+00:00, run_after=2026-05-11 00:00:00+00:00
[2026-05-10T16:53:43.623+0000] {processor.py:183} INFO - Processing /opt/airflow/dags/pipeline_dag.py took 0.212 seconds
[2026-05-10T16:54:13.933+0000] {processor.py:161} INFO - Started process (PID=25219) to work on /opt/airflow/dags/pipeline_dag.py
[2026-05-10T16:54:13.934+0000] {processor.py:830} INFO - Processing file /opt/airflow/dags/pipeline_dag.py for tasks to queue
[2026-05-10T16:54:13.936+0000] {logging_mixin.py:188} INFO - [2026-05-10T16:54:13.935+0000] {dagbag.py:545} INFO - Filling up the DagBag from /opt/airflow/dags/pipeline_dag.py
[2026-05-10T16:54:13.966+0000] {processor.py:840} INFO - DAG(s) 'ab_test_medallion_pipeline' retrieved from /opt/airflow/dags/pipeline_dag.py
[2026-05-10T16:54:14.017+0000] {logging_mixin.py:188} INFO - [2026-05-10T16:54:14.017+0000] {dag.py:3096} INFO - Sync 1 DAGs
[2026-05-10T16:54:14.061+0000] {logging_mixin.py:188} INFO - [2026-05-10T16:54:14.060+0000] {dag.py:3954} INFO - Setting next_dagrun for ab_test_medallion_pipeline to 2026-05-10 00:00:00+00:00, run_after=2026-05-11 00:00:00+00:00
[2026-05-10T16:54:14.097+0000] {processor.py:183} INFO - Processing /opt/airflow/dags/pipeline_dag.py took 0.180 seconds
[2026-05-10T16:54:44.319+0000] {processor.py:161} INFO - Started process (PID=25314) to work on /opt/airflow/dags/pipeline_dag.py
[2026-05-10T16:54:44.322+0000] {processor.py:830} INFO - Processing file /opt/airflow/dags/pipeline_dag.py for tasks to queue
[2026-05-10T16:54:44.324+0000] {logging_mixin.py:188} INFO - [2026-05-10T16:54:44.323+0000] {dagbag.py:545} INFO - Filling up the DagBag from /opt/airflow/dags/pipeline_dag.py
[2026-05-10T16:54:44.364+0000] {processor.py:840} INFO - DAG(s) 'ab_test_medallion_pipeline' retrieved from /opt/airflow/dags/pipeline_dag.py
[2026-05-10T16:54:44.429+0000] {logging_mixin.py:188} INFO - [2026-05-10T16:54:44.428+0000] {dag.py:3096} INFO - Sync 1 DAGs
[2026-05-10T16:54:44.493+0000] {logging_mixin.py:188} INFO - [2026-05-10T16:54:44.492+0000] {dag.py:3954} INFO - Setting next_dagrun for ab_test_medallion_pipeline to 2026-05-10 00:00:00+00:00, run_after=2026-05-11 00:00:00+00:00
[2026-05-10T16:54:44.534+0000] {processor.py:183} INFO - Processing /opt/airflow/dags/pipeline_dag.py took 0.231 seconds
[2026-05-10T16:55:14.836+0000] {processor.py:161} INFO - Started process (PID=25331) to work on /opt/airflow/dags/pipeline_dag.py
[2026-05-10T16:55:14.838+0000] {processor.py:830} INFO - Processing file /opt/airflow/dags/pipeline_dag.py for tasks to queue
[2026-05-10T16:55:14.840+0000] {logging_mixin.py:188} INFO - [2026-05-10T16:55:14.839+0000] {dagbag.py:545} INFO - Filling up the DagBag from /opt/airflow/dags/pipeline_dag.py
[2026-05-10T16:55:14.876+0000] {processor.py:840} INFO - DAG(s) 'ab_test_medallion_pipeline' retrieved from /opt/airflow/dags/pipeline_dag.py
[2026-05-10T16:55:14.945+0000] {logging_mixin.py:188} INFO - [2026-05-10T16:55:14.944+0000] {dag.py:3096} INFO - Sync 1 DAGs
[2026-05-10T16:55:14.997+0000] {logging_mixin.py:188} INFO - [2026-05-10T16:55:14.997+0000] {dag.py:3954} INFO - Setting next_dagrun for ab_test_medallion_pipeline to 2026-05-10 00:00:00+00:00, run_after=2026-05-11 00:00:00+00:00
[2026-05-10T16:55:15.054+0000] {processor.py:183} INFO - Processing /opt/airflow/dags/pipeline_dag.py took 0.235 seconds
[2026-05-10T16:55:45.236+0000] {processor.py:161} INFO - Started process (PID=25358) to work on /opt/airflow/dags/pipeline_dag.py
[2026-05-10T16:55:45.238+0000] {processor.py:830} INFO - Processing file /opt/airflow/dags/pipeline_dag.py for tasks to queue
[2026-05-10T16:55:45.241+0000] {logging_mixin.py:188} INFO - [2026-05-10T16:55:45.241+0000] {dagbag.py:545} INFO - Filling up the DagBag from /opt/airflow/dags/pipeline_dag.py
[2026-05-10T16:55:45.284+0000] {processor.py:840} INFO - DAG(s) 'ab_test_medallion_pipeline' retrieved from /opt/airflow/dags/pipeline_dag.py
[2026-05-10T16:55:45.423+0000] {logging_mixin.py:188} INFO - [2026-05-10T16:55:45.423+0000] {dag.py:3096} INFO - Sync 1 DAGs
[2026-05-10T16:55:45.483+0000] {logging_mixin.py:188} INFO - [2026-05-10T16:55:45.483+0000] {dag.py:3954} INFO - Setting next_dagrun for ab_test_medallion_pipeline to 2026-05-10 00:00:00+00:00, run_after=2026-05-11 00:00:00+00:00
[2026-05-10T16:55:45.521+0000] {processor.py:183} INFO - Processing /opt/airflow/dags/pipeline_dag.py took 0.298 seconds
[2026-05-10T16:56:15.758+0000] {processor.py:161} INFO - Started process (PID=25455) to work on /opt/airflow/dags/pipeline_dag.py
[2026-05-10T16:56:15.760+0000] {processor.py:830} INFO - Processing file /opt/airflow/dags/pipeline_dag.py for tasks to queue
[2026-05-10T16:56:15.763+0000] {logging_mixin.py:188} INFO - [2026-05-10T16:56:15.762+0000] {dagbag.py:545} INFO - Filling up the DagBag from /opt/airflow/dags/pipeline_dag.py
[2026-05-10T16:56:15.801+0000] {processor.py:840} INFO - DAG(s) 'ab_test_medallion_pipeline' retrieved from /opt/airflow/dags/pipeline_dag.py
[2026-05-10T16:56:15.861+0000] {logging_mixin.py:188} INFO - [2026-05-10T16:56:15.861+0000] {dag.py:3096} INFO - Sync 1 DAGs
[2026-05-10T16:56:16.039+0000] {logging_mixin.py:188} INFO - [2026-05-10T16:56:16.039+0000] {dag.py:3954} INFO - Setting next_dagrun for ab_test_medallion_pipeline to 2026-05-10 00:00:00+00:00, run_after=2026-05-11 00:00:00+00:00
[2026-05-10T16:56:16.132+0000] {processor.py:183} INFO - Processing /opt/airflow/dags/pipeline_dag.py took 0.389 seconds
[2026-05-10T16:56:46.658+0000] {processor.py:161} INFO - Started process (PID=25518) to work on /opt/airflow/dags/pipeline_dag.py
[2026-05-10T16:56:46.665+0000] {processor.py:830} INFO - Processing file /opt/airflow/dags/pipeline_dag.py for tasks to queue
[2026-05-10T16:56:46.670+0000] {logging_mixin.py:188} INFO - [2026-05-10T16:56:46.668+0000] {dagbag.py:545} INFO - Filling up the DagBag from /opt/airflow/dags/pipeline_dag.py
[2026-05-10T16:56:46.762+0000] {processor.py:840} INFO - DAG(s) 'ab_test_medallion_pipeline' retrieved from /opt/airflow/dags/pipeline_dag.py
[2026-05-10T16:56:46.994+0000] {logging_mixin.py:188} INFO - [2026-05-10T16:56:46.993+0000] {dag.py:3096} INFO - Sync 1 DAGs
[2026-05-10T16:56:47.117+0000] {logging_mixin.py:188} INFO - [2026-05-10T16:56:47.116+0000] {dag.py:3954} INFO - Setting next_dagrun for ab_test_medallion_pipeline to 2026-05-10 00:00:00+00:00, run_after=2026-05-11 00:00:00+00:00
[2026-05-10T16:56:47.219+0000] {processor.py:183} INFO - Processing /opt/airflow/dags/pipeline_dag.py took 0.702 seconds
[2026-05-10T16:57:18.066+0000] {processor.py:161} INFO - Started process (PID=25559) to work on /opt/airflow/dags/pipeline_dag.py
[2026-05-10T16:57:18.068+0000] {processor.py:830} INFO - Processing file /opt/airflow/dags/pipeline_dag.py for tasks to queue
[2026-05-10T16:57:18.070+0000] {logging_mixin.py:188} INFO - [2026-05-10T16:57:18.069+0000] {dagbag.py:545} INFO - Filling up the DagBag from /opt/airflow/dags/pipeline_dag.py
[2026-05-10T16:57:18.097+0000] {processor.py:840} INFO - DAG(s) 'ab_test_medallion_pipeline' retrieved from /opt/airflow/dags/pipeline_dag.py
[2026-05-10T16:57:18.144+0000] {logging_mixin.py:188} INFO - [2026-05-10T16:57:18.143+0000] {dag.py:3096} INFO - Sync 1 DAGs
[2026-05-10T16:57:18.176+0000] {logging_mixin.py:188} INFO - [2026-05-10T16:57:18.176+0000] {dag.py:3954} INFO - Setting next_dagrun for ab_test_medallion_pipeline to 2026-05-10 00:00:00+00:00, run_after=2026-05-11 00:00:00+00:00
[2026-05-10T16:57:18.205+0000] {processor.py:183} INFO - Processing /opt/airflow/dags/pipeline_dag.py took 0.157 seconds
[2026-05-10T16:57:48.291+0000] {processor.py:161} INFO - Started process (PID=25564) to work on /opt/airflow/dags/pipeline_dag.py
[2026-05-10T16:57:48.292+0000] {processor.py:830} INFO - Processing file /opt/airflow/dags/pipeline_dag.py for tasks to queue
[2026-05-10T16:57:48.294+0000] {logging_mixin.py:188} INFO - [2026-05-10T16:57:48.293+0000] {dagbag.py:545} INFO - Filling up the DagBag from /opt/airflow/dags/pipeline_dag.py
[2026-05-10T16:57:48.317+0000] {processor.py:840} INFO - DAG(s) 'ab_test_medallion_pipeline' retrieved from /opt/airflow/dags/pipeline_dag.py
[2026-05-10T16:57:48.371+0000] {logging_mixin.py:188} INFO - [2026-05-10T16:57:48.370+0000] {dag.py:3096} INFO - Sync 1 DAGs
[2026-05-10T16:57:48.410+0000] {logging_mixin.py:188} INFO - [2026-05-10T16:57:48.410+0000] {dag.py:3954} INFO - Setting next_dagrun for ab_test_medallion_pipeline to 2026-05-10 00:00:00+00:00, run_after=2026-05-11 00:00:00+00:00
[2026-05-10T16:57:48.440+0000] {processor.py:183} INFO - Processing /opt/airflow/dags/pipeline_dag.py took 0.161 seconds
[2026-05-10T16:58:18.800+0000] {processor.py:161} INFO - Started process (PID=25569) to work on /opt/airflow/dags/pipeline_dag.py
[2026-05-10T16:58:18.801+0000] {processor.py:830} INFO - Processing file /opt/airflow/dags/pipeline_dag.py for tasks to queue
[2026-05-10T16:58:18.802+0000] {logging_mixin.py:188} INFO - [2026-05-10T16:58:18.802+0000] {dagbag.py:545} INFO - Filling up the DagBag from /opt/airflow/dags/pipeline_dag.py
[2026-05-10T16:58:18.824+0000] {processor.py:840} INFO - DAG(s) 'ab_test_medallion_pipeline' retrieved from /opt/airflow/dags/pipeline_dag.py
[2026-05-10T16:58:18.866+0000] {logging_mixin.py:188} INFO - [2026-05-10T16:58:18.866+0000] {dag.py:3096} INFO - Sync 1 DAGs
[2026-05-10T16:58:18.899+0000] {logging_mixin.py:188} INFO - [2026-05-10T16:58:18.899+0000] {dag.py:3954} INFO - Setting next_dagrun for ab_test_medallion_pipeline to 2026-05-10 00:00:00+00:00, run_after=2026-05-11 00:00:00+00:00
[2026-05-10T16:58:18.930+0000] {processor.py:183} INFO - Processing /opt/airflow/dags/pipeline_dag.py took 0.140 seconds
[2026-05-10T16:58:49.258+0000] {processor.py:161} INFO - Started process (PID=25574) to work on /opt/airflow/dags/pipeline_dag.py
[2026-05-10T16:58:49.260+0000] {processor.py:830} INFO - Processing file /opt/airflow/dags/pipeline_dag.py for tasks to queue
[2026-05-10T16:58:49.262+0000] {logging_mixin.py:188} INFO - [2026-05-10T16:58:49.261+0000] {dagbag.py:545} INFO - Filling up the DagBag from /opt/airflow/dags/pipeline_dag.py
[2026-05-10T16:58:49.292+0000] {processor.py:840} INFO - DAG(s) 'ab_test_medallion_pipeline' retrieved from /opt/airflow/dags/pipeline_dag.py
[2026-05-10T16:58:49.349+0000] {logging_mixin.py:188} INFO - [2026-05-10T16:58:49.348+0000] {dag.py:3096} INFO - Sync 1 DAGs
[2026-05-10T16:58:49.394+0000] {logging_mixin.py:188} INFO - [2026-05-10T16:58:49.394+0000] {dag.py:3954} INFO - Setting next_dagrun for ab_test_medallion_pipeline to 2026-05-10 00:00:00+00:00, run_after=2026-05-11 00:00:00+00:00
[2026-05-10T16:58:49.428+0000] {processor.py:183} INFO - Processing /opt/airflow/dags/pipeline_dag.py took 0.184 seconds
[2026-05-10T16:59:19.822+0000] {processor.py:161} INFO - Started process (PID=25579) to work on /opt/airflow/dags/pipeline_dag.py
[2026-05-10T16:59:19.824+0000] {processor.py:830} INFO - Processing file /opt/airflow/dags/pipeline_dag.py for tasks to queue
[2026-05-10T16:59:19.826+0000] {logging_mixin.py:188} INFO - [2026-05-10T16:59:19.825+0000] {dagbag.py:545} INFO - Filling up the DagBag from /opt/airflow/dags/pipeline_dag.py
[2026-05-10T16:59:19.854+0000] {processor.py:840} INFO - DAG(s) 'ab_test_medallion_pipeline' retrieved from /opt/airflow/dags/pipeline_dag.py
[2026-05-10T16:59:19.911+0000] {logging_mixin.py:188} INFO - [2026-05-10T16:59:19.910+0000] {dag.py:3096} INFO - Sync 1 DAGs
[2026-05-10T16:59:19.959+0000] {logging_mixin.py:188} INFO - [2026-05-10T16:59:19.958+0000] {dag.py:3954} INFO - Setting next_dagrun for ab_test_medallion_pipeline to 2026-05-10 00:00:00+00:00, run_after=2026-05-11 00:00:00+00:00
[2026-05-10T16:59:19.991+0000] {processor.py:183} INFO - Processing /opt/airflow/dags/pipeline_dag.py took 0.182 seconds
[2026-05-10T16:59:50.306+0000] {processor.py:161} INFO - Started process (PID=25584) to work on /opt/airflow/dags/pipeline_dag.py
[2026-05-10T16:59:50.308+0000] {processor.py:830} INFO - Processing file /opt/airflow/dags/pipeline_dag.py for tasks to queue
[2026-05-10T16:59:50.309+0000] {logging_mixin.py:188} INFO - [2026-05-10T16:59:50.309+0000] {dagbag.py:545} INFO - Filling up the DagBag from /opt/airflow/dags/pipeline_dag.py
[2026-05-10T16:59:50.339+0000] {processor.py:840} INFO - DAG(s) 'ab_test_medallion_pipeline' retrieved from /opt/airflow/dags/pipeline_dag.py
[2026-05-10T16:59:50.387+0000] {logging_mixin.py:188} INFO - [2026-05-10T16:59:50.387+0000] {dag.py:3096} INFO - Sync 1 DAGs
[2026-05-10T16:59:50.428+0000] {logging_mixin.py:188} INFO - [2026-05-10T16:59:50.428+0000] {dag.py:3954} INFO - Setting next_dagrun for ab_test_medallion_pipeline to 2026-05-10 00:00:00+00:00, run_after=2026-05-11 00:00:00+00:00
[2026-05-10T16:59:50.481+0000] {processor.py:183} INFO - Processing /opt/airflow/dags/pipeline_dag.py took 0.189 seconds
[2026-05-10T17:00:20.926+0000] {processor.py:161} INFO - Started process (PID=25589) to work on /opt/airflow/dags/pipeline_dag.py
[2026-05-10T17:00:20.930+0000] {processor.py:830} INFO - Processing file /opt/airflow/dags/pipeline_dag.py for tasks to queue
[2026-05-10T17:00:20.932+0000] {logging_mixin.py:188} INFO - [2026-05-10T17:00:20.931+0000] {dagbag.py:545} INFO - Filling up the DagBag from /opt/airflow/dags/pipeline_dag.py
[2026-05-10T17:00:20.960+0000] {processor.py:840} INFO - DAG(s) 'ab_test_medallion_pipeline' retrieved from /opt/airflow/dags/pipeline_dag.py
[2026-05-10T17:00:21.004+0000] {logging_mixin.py:188} INFO - [2026-05-10T17:00:21.003+0000] {dag.py:3096} INFO - Sync 1 DAGs
[2026-05-10T17:00:21.048+0000] {logging_mixin.py:188} INFO - [2026-05-10T17:00:21.048+0000] {dag.py:3954} INFO - Setting next_dagrun for ab_test_medallion_pipeline to 2026-05-10 00:00:00+00:00, run_after=2026-05-11 00:00:00+00:00
[2026-05-10T17:00:21.084+0000] {processor.py:183} INFO - Processing /opt/airflow/dags/pipeline_dag.py took 0.173 seconds
[2026-05-10T17:00:51.451+0000] {processor.py:161} INFO - Started process (PID=25594) to work on /opt/airflow/dags/pipeline_dag.py
[2026-05-10T17:00:51.454+0000] {processor.py:830} INFO - Processing file /opt/airflow/dags/pipeline_dag.py for tasks to queue
[2026-05-10T17:00:51.455+0000] {logging_mixin.py:188} INFO - [2026-05-10T17:00:51.455+0000] {dagbag.py:545} INFO - Filling up the DagBag from /opt/airflow/dags/pipeline_dag.py
[2026-05-10T17:00:51.487+0000] {processor.py:840} INFO - DAG(s) 'ab_test_medallion_pipeline' retrieved from /opt/airflow/dags/pipeline_dag.py
[2026-05-10T17:00:51.528+0000] {logging_mixin.py:188} INFO - [2026-05-10T17:00:51.528+0000] {dag.py:3096} INFO - Sync 1 DAGs
[2026-05-10T17:00:51.561+0000] {logging_mixin.py:188} INFO - [2026-05-10T17:00:51.561+0000] {dag.py:3954} INFO - Setting next_dagrun for ab_test_medallion_pipeline to 2026-05-10 00:00:00+00:00, run_after=2026-05-11 00:00:00+00:00
[2026-05-10T17:00:51.596+0000] {processor.py:183} INFO - Processing /opt/airflow/dags/pipeline_dag.py took 0.158 seconds
[2026-05-10T17:01:21.937+0000] {processor.py:161} INFO - Started process (PID=25599) to work on /opt/airflow/dags/pipeline_dag.py
[2026-05-10T17:01:21.941+0000] {processor.py:830} INFO - Processing file /opt/airflow/dags/pipeline_dag.py for tasks to queue
[2026-05-10T17:01:21.943+0000] {logging_mixin.py:188} INFO - [2026-05-10T17:01:21.942+0000] {dagbag.py:545} INFO - Filling up the DagBag from /opt/airflow/dags/pipeline_dag.py
[2026-05-10T17:01:21.967+0000] {processor.py:840} INFO - DAG(s) 'ab_test_medallion_pipeline' retrieved from /opt/airflow/dags/pipeline_dag.py
[2026-05-10T17:01:22.013+0000] {logging_mixin.py:188} INFO - [2026-05-10T17:01:22.013+0000] {dag.py:3096} INFO - Sync 1 DAGs
[2026-05-10T17:01:22.057+0000] {logging_mixin.py:188} INFO - [2026-05-10T17:01:22.057+0000] {dag.py:3954} INFO - Setting next_dagrun for ab_test_medallion_pipeline to 2026-05-10 00:00:00+00:00, run_after=2026-05-11 00:00:00+00:00
[2026-05-10T17:01:22.093+0000] {processor.py:183} INFO - Processing /opt/airflow/dags/pipeline_dag.py took 0.167 seconds
[2026-05-10T17:01:52.595+0000] {processor.py:161} INFO - Started process (PID=25604) to work on /opt/airflow/dags/pipeline_dag.py
[2026-05-10T17:01:52.600+0000] {processor.py:830} INFO - Processing file /opt/airflow/dags/pipeline_dag.py for tasks to queue
[2026-05-10T17:01:52.602+0000] {logging_mixin.py:188} INFO - [2026-05-10T17:01:52.601+0000] {dagbag.py:545} INFO - Filling up the DagBag from /opt/airflow/dags/pipeline_dag.py
[2026-05-10T17:01:52.625+0000] {processor.py:840} INFO - DAG(s) 'ab_test_medallion_pipeline' retrieved from /opt/airflow/dags/pipeline_dag.py
[2026-05-10T17:01:52.668+0000] {logging_mixin.py:188} INFO - [2026-05-10T17:01:52.668+0000] {dag.py:3096} INFO - Sync 1 DAGs
[2026-05-10T17:01:52.700+0000] {logging_mixin.py:188} INFO - [2026-05-10T17:01:52.700+0000] {dag.py:3954} INFO - Setting next_dagrun for ab_test_medallion_pipeline to 2026-05-10 00:00:00+00:00, run_after=2026-05-11 00:00:00+00:00
[2026-05-10T17:01:52.736+0000] {processor.py:183} INFO - Processing /opt/airflow/dags/pipeline_dag.py took 0.157 seconds
[2026-05-10T17:02:23.142+0000] {processor.py:161} INFO - Started process (PID=25609) to work on /opt/airflow/dags/pipeline_dag.py
[2026-05-10T17:02:23.143+0000] {processor.py:830} INFO - Processing file /opt/airflow/dags/pipeline_dag.py for tasks to queue
[2026-05-10T17:02:23.145+0000] {logging_mixin.py:188} INFO - [2026-05-10T17:02:23.144+0000] {dagbag.py:545} INFO - Filling up the DagBag from /opt/airflow/dags/pipeline_dag.py
[2026-05-10T17:02:23.165+0000] {processor.py:840} INFO - DAG(s) 'ab_test_medallion_pipeline' retrieved from /opt/airflow/dags/pipeline_dag.py
[2026-05-10T17:02:23.209+0000] {logging_mixin.py:188} INFO - [2026-05-10T17:02:23.208+0000] {dag.py:3096} INFO - Sync 1 DAGs
[2026-05-10T17:02:23.243+0000] {logging_mixin.py:188} INFO - [2026-05-10T17:02:23.243+0000] {dag.py:3954} INFO - Setting next_dagrun for ab_test_medallion_pipeline to 2026-05-10 00:00:00+00:00, run_after=2026-05-11 00:00:00+00:00
[2026-05-10T17:02:23.351+0000] {processor.py:183} INFO - Processing /opt/airflow/dags/pipeline_dag.py took 0.219 seconds
[2026-05-10T17:02:53.705+0000] {processor.py:161} INFO - Started process (PID=25614) to work on /opt/airflow/dags/pipeline_dag.py
[2026-05-10T17:02:53.708+0000] {processor.py:830} INFO - Processing file /opt/airflow/dags/pipeline_dag.py for tasks to queue
[2026-05-10T17:02:53.710+0000] {logging_mixin.py:188} INFO - [2026-05-10T17:02:53.709+0000] {dagbag.py:545} INFO - Filling up the DagBag from /opt/airflow/dags/pipeline_dag.py
[2026-05-10T17:02:53.735+0000] {processor.py:840} INFO - DAG(s) 'ab_test_medallion_pipeline' retrieved from /opt/airflow/dags/pipeline_dag.py
[2026-05-10T17:02:53.777+0000] {logging_mixin.py:188} INFO - [2026-05-10T17:02:53.777+0000] {dag.py:3096} INFO - Sync 1 DAGs
[2026-05-10T17:02:53.809+0000] {logging_mixin.py:188} INFO - [2026-05-10T17:02:53.809+0000] {dag.py:3954} INFO - Setting next_dagrun for ab_test_medallion_pipeline to 2026-05-10 00:00:00+00:00, run_after=2026-05-11 00:00:00+00:00
[2026-05-10T17:02:53.847+0000] {processor.py:183} INFO - Processing /opt/airflow/dags/pipeline_dag.py took 0.155 seconds
[2026-05-10T17:03:24.215+0000] {processor.py:161} INFO - Started process (PID=25619) to work on /opt/airflow/dags/pipeline_dag.py
[2026-05-10T17:03:24.216+0000] {processor.py:830} INFO - Processing file /opt/airflow/dags/pipeline_dag.py for tasks to queue
[2026-05-10T17:03:24.218+0000] {logging_mixin.py:188} INFO - [2026-05-10T17:03:24.217+0000] {dagbag.py:545} INFO - Filling up the DagBag from /opt/airflow/dags/pipeline_dag.py
[2026-05-10T17:03:24.245+0000] {processor.py:840} INFO - DAG(s) 'ab_test_medallion_pipeline' retrieved from /opt/airflow/dags/pipeline_dag.py
[2026-05-10T17:03:24.298+0000] {logging_mixin.py:188} INFO - [2026-05-10T17:03:24.297+0000] {dag.py:3096} INFO - Sync 1 DAGs
[2026-05-10T17:03:24.342+0000] {logging_mixin.py:188} INFO - [2026-05-10T17:03:24.342+0000] {dag.py:3954} INFO - Setting next_dagrun for ab_test_medallion_pipeline to 2026-05-10 00:00:00+00:00, run_after=2026-05-11 00:00:00+00:00
[2026-05-10T17:03:24.379+0000] {processor.py:183} INFO - Processing /opt/airflow/dags/pipeline_dag.py took 0.178 seconds
[2026-05-10T17:03:54.670+0000] {processor.py:161} INFO - Started process (PID=25624) to work on /opt/airflow/dags/pipeline_dag.py
[2026-05-10T17:03:54.672+0000] {processor.py:830} INFO - Processing file /opt/airflow/dags/pipeline_dag.py for tasks to queue
[2026-05-10T17:03:54.673+0000] {logging_mixin.py:188} INFO - [2026-05-10T17:03:54.672+0000] {dagbag.py:545} INFO - Filling up the DagBag from /opt/airflow/dags/pipeline_dag.py
[2026-05-10T17:03:54.695+0000] {processor.py:840} INFO - DAG(s) 'ab_test_medallion_pipeline' retrieved from /opt/airflow/dags/pipeline_dag.py
[2026-05-10T17:03:54.738+0000] {logging_mixin.py:188} INFO - [2026-05-10T17:03:54.738+0000] {dag.py:3096} INFO - Sync 1 DAGs
[2026-05-10T17:03:54.775+0000] {logging_mixin.py:188} INFO - [2026-05-10T17:03:54.774+0000] {dag.py:3954} INFO - Setting next_dagrun for ab_test_medallion_pipeline to 2026-05-10 00:00:00+00:00, run_after=2026-05-11 00:00:00+00:00
[2026-05-10T17:03:54.812+0000] {processor.py:183} INFO - Processing /opt/airflow/dags/pipeline_dag.py took 0.152 seconds
[2026-05-10T17:04:25.197+0000] {processor.py:161} INFO - Started process (PID=25629) to work on /opt/airflow/dags/pipeline_dag.py
[2026-05-10T17:04:25.201+0000] {processor.py:830} INFO - Processing file /opt/airflow/dags/pipeline_dag.py for tasks to queue
[2026-05-10T17:04:25.203+0000] {logging_mixin.py:188} INFO - [2026-05-10T17:04:25.202+0000] {dagbag.py:545} INFO - Filling up the DagBag from /opt/airflow/dags/pipeline_dag.py
[2026-05-10T17:04:25.226+0000] {processor.py:840} INFO - DAG(s) 'ab_test_medallion_pipeline' retrieved from /opt/airflow/dags/pipeline_dag.py
[2026-05-10T17:04:25.273+0000] {logging_mixin.py:188} INFO - [2026-05-10T17:04:25.273+0000] {dag.py:3096} INFO - Sync 1 DAGs
[2026-05-10T17:04:25.309+0000] {logging_mixin.py:188} INFO - [2026-05-10T17:04:25.308+0000] {dag.py:3954} INFO - Setting next_dagrun for ab_test_medallion_pipeline to 2026-05-10 00:00:00+00:00, run_after=2026-05-11 00:00:00+00:00
[2026-05-10T17:04:25.341+0000] {processor.py:183} INFO - Processing /opt/airflow/dags/pipeline_dag.py took 0.158 seconds
[2026-05-10T17:04:55.619+0000] {processor.py:161} INFO - Started process (PID=25634) to work on /opt/airflow/dags/pipeline_dag.py
[2026-05-10T17:04:55.620+0000] {processor.py:830} INFO - Processing file /opt/airflow/dags/pipeline_dag.py for tasks to queue
[2026-05-10T17:04:55.621+0000] {logging_mixin.py:188} INFO - [2026-05-10T17:04:55.621+0000] {dagbag.py:545} INFO - Filling up the DagBag from /opt/airflow/dags/pipeline_dag.py
[2026-05-10T17:04:55.642+0000] {processor.py:840} INFO - DAG(s) 'ab_test_medallion_pipeline' retrieved from /opt/airflow/dags/pipeline_dag.py
[2026-05-10T17:04:55.684+0000] {logging_mixin.py:188} INFO - [2026-05-10T17:04:55.683+0000] {dag.py:3096} INFO - Sync 1 DAGs
[2026-05-10T17:04:55.722+0000] {logging_mixin.py:188} INFO - [2026-05-10T17:04:55.721+0000] {dag.py:3954} INFO - Setting next_dagrun for ab_test_medallion_pipeline to 2026-05-10 00:00:00+00:00, run_after=2026-05-11 00:00:00+00:00
[2026-05-10T17:04:55.753+0000] {processor.py:183} INFO - Processing /opt/airflow/dags/pipeline_dag.py took 0.143 seconds
[2026-05-10T17:05:25.942+0000] {processor.py:161} INFO - Started process (PID=25639) to work on /opt/airflow/dags/pipeline_dag.py
[2026-05-10T17:05:25.944+0000] {processor.py:830} INFO - Processing file /opt/airflow/dags/pipeline_dag.py for tasks to queue
[2026-05-10T17:05:25.946+0000] {logging_mixin.py:188} INFO - [2026-05-10T17:05:25.945+0000] {dagbag.py:545} INFO - Filling up the DagBag from /opt/airflow/dags/pipeline_dag.py
[2026-05-10T17:05:25.974+0000] {processor.py:840} INFO - DAG(s) 'ab_test_medallion_pipeline' retrieved from /opt/airflow/dags/pipeline_dag.py
[2026-05-10T17:05:26.025+0000] {logging_mixin.py:188} INFO - [2026-05-10T17:05:26.024+0000] {dag.py:3096} INFO - Sync 1 DAGs
[2026-05-10T17:05:26.062+0000] {logging_mixin.py:188} INFO - [2026-05-10T17:05:26.062+0000] {dag.py:3954} INFO - Setting next_dagrun for ab_test_medallion_pipeline to 2026-05-10 00:00:00+00:00, run_after=2026-05-11 00:00:00+00:00
[2026-05-10T17:05:26.091+0000] {processor.py:183} INFO - Processing /opt/airflow/dags/pipeline_dag.py took 0.166 seconds
[2026-05-10T17:05:56.592+0000] {processor.py:161} INFO - Started process (PID=25644) to work on /opt/airflow/dags/pipeline_dag.py
[2026-05-10T17:05:56.594+0000] {processor.py:830} INFO - Processing file /opt/airflow/dags/pipeline_dag.py for tasks to queue
[2026-05-10T17:05:56.595+0000] {logging_mixin.py:188} INFO - [2026-05-10T17:05:56.594+0000] {dagbag.py:545} INFO - Filling up the DagBag from /opt/airflow/dags/pipeline_dag.py
[2026-05-10T17:05:56.634+0000] {processor.py:840} INFO - DAG(s) 'ab_test_medallion_pipeline' retrieved from /opt/airflow/dags/pipeline_dag.py
[2026-05-10T17:05:56.693+0000] {logging_mixin.py:188} INFO - [2026-05-10T17:05:56.692+0000] {dag.py:3096} INFO - Sync 1 DAGs
[2026-05-10T17:05:56.735+0000] {logging_mixin.py:188} INFO - [2026-05-10T17:05:56.734+0000] {dag.py:3954} INFO - Setting next_dagrun for ab_test_medallion_pipeline to 2026-05-10 00:00:00+00:00, run_after=2026-05-11 00:00:00+00:00
[2026-05-10T17:05:56.769+0000] {processor.py:183} INFO - Processing /opt/airflow/dags/pipeline_dag.py took 0.195 seconds
[2026-05-10T17:06:27.041+0000] {processor.py:161} INFO - Started process (PID=25649) to work on /opt/airflow/dags/pipeline_dag.py
[2026-05-10T17:06:27.045+0000] {processor.py:830} INFO - Processing file /opt/airflow/dags/pipeline_dag.py for tasks to queue
[2026-05-10T17:06:27.046+0000] {logging_mixin.py:188} INFO - [2026-05-10T17:06:27.046+0000] {dagbag.py:545} INFO - Filling up the DagBag from /opt/airflow/dags/pipeline_dag.py
[2026-05-10T17:06:27.068+0000] {processor.py:840} INFO - DAG(s) 'ab_test_medallion_pipeline' retrieved from /opt/airflow/dags/pipeline_dag.py
[2026-05-10T17:06:27.111+0000] {logging_mixin.py:188} INFO - [2026-05-10T17:06:27.111+0000] {dag.py:3096} INFO - Sync 1 DAGs
[2026-05-10T17:06:27.143+0000] {logging_mixin.py:188} INFO - [2026-05-10T17:06:27.142+0000] {dag.py:3954} INFO - Setting next_dagrun for ab_test_medallion_pipeline to 2026-05-10 00:00:00+00:00, run_after=2026-05-11 00:00:00+00:00
[2026-05-10T17:06:27.176+0000] {processor.py:183} INFO - Processing /opt/airflow/dags/pipeline_dag.py took 0.144 seconds
[2026-05-10T17:06:57.747+0000] {processor.py:161} INFO - Started process (PID=25654) to work on /opt/airflow/dags/pipeline_dag.py
[2026-05-10T17:06:57.748+0000] {processor.py:830} INFO - Processing file /opt/airflow/dags/pipeline_dag.py for tasks to queue
[2026-05-10T17:06:57.750+0000] {logging_mixin.py:188} INFO - [2026-05-10T17:06:57.749+0000] {dagbag.py:545} INFO - Filling up the DagBag from /opt/airflow/dags/pipeline_dag.py
[2026-05-10T17:06:57.773+0000] {processor.py:840} INFO - DAG(s) 'ab_test_medallion_pipeline' retrieved from /opt/airflow/dags/pipeline_dag.py
[2026-05-10T17:06:57.815+0000] {logging_mixin.py:188} INFO - [2026-05-10T17:06:57.815+0000] {dag.py:3096} INFO - Sync 1 DAGs
[2026-05-10T17:06:57.847+0000] {logging_mixin.py:188} INFO - [2026-05-10T17:06:57.847+0000] {dag.py:3954} INFO - Setting next_dagrun for ab_test_medallion_pipeline to 2026-05-10 00:00:00+00:00, run_after=2026-05-11 00:00:00+00:00
[2026-05-10T17:06:58.030+0000] {processor.py:183} INFO - Processing /opt/airflow/dags/pipeline_dag.py took 0.298 seconds
[2026-05-10T17:07:28.746+0000] {processor.py:161} INFO - Started process (PID=25659) to work on /opt/airflow/dags/pipeline_dag.py
[2026-05-10T17:07:28.748+0000] {processor.py:830} INFO - Processing file /opt/airflow/dags/pipeline_dag.py for tasks to queue
[2026-05-10T17:07:28.750+0000] {logging_mixin.py:188} INFO - [2026-05-10T17:07:28.749+0000] {dagbag.py:545} INFO - Filling up the DagBag from /opt/airflow/dags/pipeline_dag.py
[2026-05-10T17:07:28.772+0000] {processor.py:840} INFO - DAG(s) 'ab_test_medallion_pipeline' retrieved from /opt/airflow/dags/pipeline_dag.py
[2026-05-10T17:07:28.816+0000] {logging_mixin.py:188} INFO - [2026-05-10T17:07:28.815+0000] {dag.py:3096} INFO - Sync 1 DAGs
[2026-05-10T17:07:28.847+0000] {logging_mixin.py:188} INFO - [2026-05-10T17:07:28.847+0000] {dag.py:3954} INFO - Setting next_dagrun for ab_test_medallion_pipeline to 2026-05-10 00:00:00+00:00, run_after=2026-05-11 00:00:00+00:00
[2026-05-10T17:07:28.886+0000] {processor.py:183} INFO - Processing /opt/airflow/dags/pipeline_dag.py took 0.151 seconds
[2026-05-10T17:07:58.986+0000] {processor.py:161} INFO - Started process (PID=25664) to work on /opt/airflow/dags/pipeline_dag.py
[2026-05-10T17:07:58.987+0000] {processor.py:830} INFO - Processing file /opt/airflow/dags/pipeline_dag.py for tasks to queue
[2026-05-10T17:07:58.988+0000] {logging_mixin.py:188} INFO - [2026-05-10T17:07:58.988+0000] {dagbag.py:545} INFO - Filling up the DagBag from /opt/airflow/dags/pipeline_dag.py
[2026-05-10T17:07:59.012+0000] {processor.py:840} INFO - DAG(s) 'ab_test_medallion_pipeline' retrieved from /opt/airflow/dags/pipeline_dag.py
[2026-05-10T17:07:59.057+0000] {logging_mixin.py:188} INFO - [2026-05-10T17:07:59.057+0000] {dag.py:3096} INFO - Sync 1 DAGs
[2026-05-10T17:07:59.090+0000] {logging_mixin.py:188} INFO - [2026-05-10T17:07:59.089+0000] {dag.py:3954} INFO - Setting next_dagrun for ab_test_medallion_pipeline to 2026-05-10 00:00:00+00:00, run_after=2026-05-11 00:00:00+00:00
[2026-05-10T17:07:59.116+0000] {processor.py:183} INFO - Processing /opt/airflow/dags/pipeline_dag.py took 0.142 seconds
[2026-05-10T17:08:29.586+0000] {processor.py:161} INFO - Started process (PID=25669) to work on /opt/airflow/dags/pipeline_dag.py
[2026-05-10T17:08:29.588+0000] {processor.py:830} INFO - Processing file /opt/airflow/dags/pipeline_dag.py for tasks to queue
[2026-05-10T17:08:29.590+0000] {logging_mixin.py:188} INFO - [2026-05-10T17:08:29.589+0000] {dagbag.py:545} INFO - Filling up the DagBag from /opt/airflow/dags/pipeline_dag.py
[2026-05-10T17:08:29.614+0000] {processor.py:840} INFO - DAG(s) 'ab_test_medallion_pipeline' retrieved from /opt/airflow/dags/pipeline_dag.py
[2026-05-10T17:08:29.655+0000] {logging_mixin.py:188} INFO - [2026-05-10T17:08:29.655+0000] {dag.py:3096} INFO - Sync 1 DAGs
[2026-05-10T17:08:29.686+0000] {logging_mixin.py:188} INFO - [2026-05-10T17:08:29.686+0000] {dag.py:3954} INFO - Setting next_dagrun for ab_test_medallion_pipeline to 2026-05-10 00:00:00+00:00, run_after=2026-05-11 00:00:00+00:00
[2026-05-10T17:08:29.716+0000] {processor.py:183} INFO - Processing /opt/airflow/dags/pipeline_dag.py took 0.141 seconds
[2026-05-10T17:09:00.109+0000] {processor.py:161} INFO - Started process (PID=25674) to work on /opt/airflow/dags/pipeline_dag.py
[2026-05-10T17:09:00.111+0000] {processor.py:830} INFO - Processing file /opt/airflow/dags/pipeline_dag.py for tasks to queue
[2026-05-10T17:09:00.112+0000] {logging_mixin.py:188} INFO - [2026-05-10T17:09:00.111+0000] {dagbag.py:545} INFO - Filling up the DagBag from /opt/airflow/dags/pipeline_dag.py
[2026-05-10T17:09:00.136+0000] {processor.py:840} INFO - DAG(s) 'ab_test_medallion_pipeline' retrieved from /opt/airflow/dags/pipeline_dag.py
[2026-05-10T17:09:00.181+0000] {logging_mixin.py:188} INFO - [2026-05-10T17:09:00.180+0000] {dag.py:3096} INFO - Sync 1 DAGs
[2026-05-10T17:09:00.214+0000] {logging_mixin.py:188} INFO - [2026-05-10T17:09:00.213+0000] {dag.py:3954} INFO - Setting next_dagrun for ab_test_medallion_pipeline to 2026-05-10 00:00:00+00:00, run_after=2026-05-11 00:00:00+00:00
[2026-05-10T17:09:00.243+0000] {processor.py:183} INFO - Processing /opt/airflow/dags/pipeline_dag.py took 0.151 seconds
[2026-05-10T17:09:30.666+0000] {processor.py:161} INFO - Started process (PID=25679) to work on /opt/airflow/dags/pipeline_dag.py
[2026-05-10T17:09:30.670+0000] {processor.py:830} INFO - Processing file /opt/airflow/dags/pipeline_dag.py for tasks to queue
[2026-05-10T17:09:30.672+0000] {logging_mixin.py:188} INFO - [2026-05-10T17:09:30.671+0000] {dagbag.py:545} INFO - Filling up the DagBag from /opt/airflow/dags/pipeline_dag.py
[2026-05-10T17:09:30.695+0000] {processor.py:840} INFO - DAG(s) 'ab_test_medallion_pipeline' retrieved from /opt/airflow/dags/pipeline_dag.py
[2026-05-10T17:09:30.737+0000] {logging_mixin.py:188} INFO - [2026-05-10T17:09:30.736+0000] {dag.py:3096} INFO - Sync 1 DAGs
[2026-05-10T17:09:30.769+0000] {logging_mixin.py:188} INFO - [2026-05-10T17:09:30.768+0000] {dag.py:3954} INFO - Setting next_dagrun for ab_test_medallion_pipeline to 2026-05-10 00:00:00+00:00, run_after=2026-05-11 00:00:00+00:00
[2026-05-10T17:09:30.798+0000] {processor.py:183} INFO - Processing /opt/airflow/dags/pipeline_dag.py took 0.146 seconds
[2026-05-10T17:10:01.207+0000] {processor.py:161} INFO - Started process (PID=25684) to work on /opt/airflow/dags/pipeline_dag.py
[2026-05-10T17:10:01.209+0000] {processor.py:830} INFO - Processing file /opt/airflow/dags/pipeline_dag.py for tasks to queue
[2026-05-10T17:10:01.211+0000] {logging_mixin.py:188} INFO - [2026-05-10T17:10:01.210+0000] {dagbag.py:545} INFO - Filling up the DagBag from /opt/airflow/dags/pipeline_dag.py
[2026-05-10T17:10:01.240+0000] {processor.py:840} INFO - DAG(s) 'ab_test_medallion_pipeline' retrieved from /opt/airflow/dags/pipeline_dag.py
[2026-05-10T17:10:01.283+0000] {logging_mixin.py:188} INFO - [2026-05-10T17:10:01.283+0000] {dag.py:3096} INFO - Sync 1 DAGs
[2026-05-10T17:10:01.460+0000] {logging_mixin.py:188} INFO - [2026-05-10T17:10:01.459+0000] {dag.py:3954} INFO - Setting next_dagrun for ab_test_medallion_pipeline to 2026-05-10 00:00:00+00:00, run_after=2026-05-11 00:00:00+00:00
[2026-05-10T17:10:01.772+0000] {processor.py:183} INFO - Processing /opt/airflow/dags/pipeline_dag.py took 0.447 seconds
[2026-05-10T17:10:32.296+0000] {processor.py:161} INFO - Started process (PID=25689) to work on /opt/airflow/dags/pipeline_dag.py
[2026-05-10T17:10:32.299+0000] {processor.py:830} INFO - Processing file /opt/airflow/dags/pipeline_dag.py for tasks to queue
[2026-05-10T17:10:32.302+0000] {logging_mixin.py:188} INFO - [2026-05-10T17:10:32.301+0000] {dagbag.py:545} INFO - Filling up the DagBag from /opt/airflow/dags/pipeline_dag.py
[2026-05-10T17:10:32.334+0000] {processor.py:840} INFO - DAG(s) 'ab_test_medallion_pipeline' retrieved from /opt/airflow/dags/pipeline_dag.py
[2026-05-10T17:10:32.378+0000] {logging_mixin.py:188} INFO - [2026-05-10T17:10:32.378+0000] {dag.py:3096} INFO - Sync 1 DAGs
[2026-05-10T17:10:32.419+0000] {logging_mixin.py:188} INFO - [2026-05-10T17:10:32.418+0000] {dag.py:3954} INFO - Setting next_dagrun for ab_test_medallion_pipeline to 2026-05-10 00:00:00+00:00, run_after=2026-05-11 00:00:00+00:00
[2026-05-10T17:10:32.794+0000] {processor.py:183} INFO - Processing /opt/airflow/dags/pipeline_dag.py took 0.516 seconds
[2026-05-10T17:11:03.366+0000] {processor.py:161} INFO - Started process (PID=25694) to work on /opt/airflow/dags/pipeline_dag.py
[2026-05-10T17:11:03.367+0000] {processor.py:830} INFO - Processing file /opt/airflow/dags/pipeline_dag.py for tasks to queue
[2026-05-10T17:11:03.369+0000] {logging_mixin.py:188} INFO - [2026-05-10T17:11:03.368+0000] {dagbag.py:545} INFO - Filling up the DagBag from /opt/airflow/dags/pipeline_dag.py
[2026-05-10T17:11:03.393+0000] {processor.py:840} INFO - DAG(s) 'ab_test_medallion_pipeline' retrieved from /opt/airflow/dags/pipeline_dag.py
[2026-05-10T17:11:03.447+0000] {logging_mixin.py:188} INFO - [2026-05-10T17:11:03.447+0000] {dag.py:3096} INFO - Sync 1 DAGs
[2026-05-10T17:11:03.547+0000] {logging_mixin.py:188} INFO - [2026-05-10T17:11:03.546+0000] {dag.py:3954} INFO - Setting next_dagrun for ab_test_medallion_pipeline to 2026-05-10 00:00:00+00:00, run_after=2026-05-11 00:00:00+00:00
[2026-05-10T17:11:03.594+0000] {processor.py:183} INFO - Processing /opt/airflow/dags/pipeline_dag.py took 0.241 seconds
[2026-05-10T17:17:36.935+0000] {processor.py:161} INFO - Started process (PID=25699) to work on /opt/airflow/dags/pipeline_dag.py
[2026-05-10T17:17:36.955+0000] {processor.py:830} INFO - Processing file /opt/airflow/dags/pipeline_dag.py for tasks to queue
[2026-05-10T17:17:36.957+0000] {logging_mixin.py:188} INFO - [2026-05-10T17:17:36.956+0000] {dagbag.py:545} INFO - Filling up the DagBag from /opt/airflow/dags/pipeline_dag.py
[2026-05-10T17:17:37.808+0000] {processor.py:840} INFO - DAG(s) 'ab_test_medallion_pipeline' retrieved from /opt/airflow/dags/pipeline_dag.py
[2026-05-10T17:17:38.394+0000] {logging_mixin.py:188} INFO - [2026-05-10T17:17:38.394+0000] {dag.py:3096} INFO - Sync 1 DAGs
[2026-05-10T17:17:38.816+0000] {logging_mixin.py:188} INFO - [2026-05-10T17:17:38.816+0000] {dag.py:3954} INFO - Setting next_dagrun for ab_test_medallion_pipeline to 2026-05-10 00:00:00+00:00, run_after=2026-05-11 00:00:00+00:00
[2026-05-10T17:17:39.040+0000] {processor.py:183} INFO - Processing /opt/airflow/dags/pipeline_dag.py took 2.148 seconds
[2026-05-10T17:18:09.676+0000] {processor.py:161} INFO - Started process (PID=25704) to work on /opt/airflow/dags/pipeline_dag.py
[2026-05-10T17:18:09.679+0000] {processor.py:830} INFO - Processing file /opt/airflow/dags/pipeline_dag.py for tasks to queue
[2026-05-10T17:18:09.681+0000] {logging_mixin.py:188} INFO - [2026-05-10T17:18:09.680+0000] {dagbag.py:545} INFO - Filling up the DagBag from /opt/airflow/dags/pipeline_dag.py
[2026-05-10T17:18:09.702+0000] {processor.py:840} INFO - DAG(s) 'ab_test_medallion_pipeline' retrieved from /opt/airflow/dags/pipeline_dag.py
[2026-05-10T17:18:09.750+0000] {logging_mixin.py:188} INFO - [2026-05-10T17:18:09.749+0000] {dag.py:3096} INFO - Sync 1 DAGs
[2026-05-10T17:18:09.787+0000] {logging_mixin.py:188} INFO - [2026-05-10T17:18:09.786+0000] {dag.py:3954} INFO - Setting next_dagrun for ab_test_medallion_pipeline to 2026-05-10 00:00:00+00:00, run_after=2026-05-11 00:00:00+00:00
[2026-05-10T17:18:09.833+0000] {processor.py:183} INFO - Processing /opt/airflow/dags/pipeline_dag.py took 0.169 seconds
[2026-05-10T17:18:40.545+0000] {processor.py:161} INFO - Started process (PID=25709) to work on /opt/airflow/dags/pipeline_dag.py
[2026-05-10T17:18:40.548+0000] {processor.py:830} INFO - Processing file /opt/airflow/dags/pipeline_dag.py for tasks to queue
[2026-05-10T17:18:40.549+0000] {logging_mixin.py:188} INFO - [2026-05-10T17:18:40.549+0000] {dagbag.py:545} INFO - Filling up the DagBag from /opt/airflow/dags/pipeline_dag.py
[2026-05-10T17:18:40.570+0000] {processor.py:840} INFO - DAG(s) 'ab_test_medallion_pipeline' retrieved from /opt/airflow/dags/pipeline_dag.py
[2026-05-10T17:18:40.620+0000] {logging_mixin.py:188} INFO - [2026-05-10T17:18:40.620+0000] {dag.py:3096} INFO - Sync 1 DAGs
[2026-05-10T17:18:40.657+0000] {logging_mixin.py:188} INFO - [2026-05-10T17:18:40.657+0000] {dag.py:3954} INFO - Setting next_dagrun for ab_test_medallion_pipeline to 2026-05-10 00:00:00+00:00, run_after=2026-05-11 00:00:00+00:00
[2026-05-10T17:18:40.686+0000] {processor.py:183} INFO - Processing /opt/airflow/dags/pipeline_dag.py took 0.152 seconds
[2026-05-10T17:19:11.508+0000] {processor.py:161} INFO - Started process (PID=25714) to work on /opt/airflow/dags/pipeline_dag.py
[2026-05-10T17:19:11.509+0000] {processor.py:830} INFO - Processing file /opt/airflow/dags/pipeline_dag.py for tasks to queue
[2026-05-10T17:19:11.511+0000] {logging_mixin.py:188} INFO - [2026-05-10T17:19:11.510+0000] {dagbag.py:545} INFO - Filling up the DagBag from /opt/airflow/dags/pipeline_dag.py
[2026-05-10T17:19:11.531+0000] {processor.py:840} INFO - DAG(s) 'ab_test_medallion_pipeline' retrieved from /opt/airflow/dags/pipeline_dag.py
[2026-05-10T17:19:11.578+0000] {logging_mixin.py:188} INFO - [2026-05-10T17:19:11.578+0000] {dag.py:3096} INFO - Sync 1 DAGs
[2026-05-10T17:19:11.612+0000] {logging_mixin.py:188} INFO - [2026-05-10T17:19:11.612+0000] {dag.py:3954} INFO - Setting next_dagrun for ab_test_medallion_pipeline to 2026-05-10 00:00:00+00:00, run_after=2026-05-11 00:00:00+00:00
[2026-05-10T17:19:11.641+0000] {processor.py:183} INFO - Processing /opt/airflow/dags/pipeline_dag.py took 0.145 seconds
[2026-05-10T17:19:42.371+0000] {processor.py:161} INFO - Started process (PID=25719) to work on /opt/airflow/dags/pipeline_dag.py
[2026-05-10T17:19:42.372+0000] {processor.py:830} INFO - Processing file /opt/airflow/dags/pipeline_dag.py for tasks to queue
[2026-05-10T17:19:42.373+0000] {logging_mixin.py:188} INFO - [2026-05-10T17:19:42.373+0000] {dagbag.py:545} INFO - Filling up the DagBag from /opt/airflow/dags/pipeline_dag.py
[2026-05-10T17:19:42.397+0000] {processor.py:840} INFO - DAG(s) 'ab_test_medallion_pipeline' retrieved from /opt/airflow/dags/pipeline_dag.py
[2026-05-10T17:19:42.446+0000] {logging_mixin.py:188} INFO - [2026-05-10T17:19:42.446+0000] {dag.py:3096} INFO - Sync 1 DAGs
[2026-05-10T17:19:42.482+0000] {logging_mixin.py:188} INFO - [2026-05-10T17:19:42.482+0000] {dag.py:3954} INFO - Setting next_dagrun for ab_test_medallion_pipeline to 2026-05-10 00:00:00+00:00, run_after=2026-05-11 00:00:00+00:00
[2026-05-10T17:19:42.513+0000] {processor.py:183} INFO - Processing /opt/airflow/dags/pipeline_dag.py took 0.152 seconds
[2026-05-10T17:20:13.385+0000] {processor.py:161} INFO - Started process (PID=25724) to work on /opt/airflow/dags/pipeline_dag.py
[2026-05-10T17:20:13.387+0000] {processor.py:830} INFO - Processing file /opt/airflow/dags/pipeline_dag.py for tasks to queue
[2026-05-10T17:20:13.389+0000] {logging_mixin.py:188} INFO - [2026-05-10T17:20:13.388+0000] {dagbag.py:545} INFO - Filling up the DagBag from /opt/airflow/dags/pipeline_dag.py
[2026-05-10T17:20:13.415+0000] {processor.py:840} INFO - DAG(s) 'ab_test_medallion_pipeline' retrieved from /opt/airflow/dags/pipeline_dag.py
[2026-05-10T17:20:13.464+0000] {logging_mixin.py:188} INFO - [2026-05-10T17:20:13.464+0000] {dag.py:3096} INFO - Sync 1 DAGs
[2026-05-10T17:20:13.511+0000] {logging_mixin.py:188} INFO - [2026-05-10T17:20:13.510+0000] {dag.py:3954} INFO - Setting next_dagrun for ab_test_medallion_pipeline to 2026-05-10 00:00:00+00:00, run_after=2026-05-11 00:00:00+00:00
[2026-05-10T17:20:13.544+0000] {processor.py:183} INFO - Processing /opt/airflow/dags/pipeline_dag.py took 0.173 seconds
[2026-05-10T17:20:44.359+0000] {processor.py:161} INFO - Started process (PID=25729) to work on /opt/airflow/dags/pipeline_dag.py
[2026-05-10T17:20:44.361+0000] {processor.py:830} INFO - Processing file /opt/airflow/dags/pipeline_dag.py for tasks to queue
[2026-05-10T17:20:44.362+0000] {logging_mixin.py:188} INFO - [2026-05-10T17:20:44.361+0000] {dagbag.py:545} INFO - Filling up the DagBag from /opt/airflow/dags/pipeline_dag.py
[2026-05-10T17:20:44.388+0000] {processor.py:840} INFO - DAG(s) 'ab_test_medallion_pipeline' retrieved from /opt/airflow/dags/pipeline_dag.py
[2026-05-10T17:20:44.439+0000] {logging_mixin.py:188} INFO - [2026-05-10T17:20:44.438+0000] {dag.py:3096} INFO - Sync 1 DAGs
[2026-05-10T17:20:44.491+0000] {logging_mixin.py:188} INFO - [2026-05-10T17:20:44.490+0000] {dag.py:3954} INFO - Setting next_dagrun for ab_test_medallion_pipeline to 2026-05-10 00:00:00+00:00, run_after=2026-05-11 00:00:00+00:00
[2026-05-10T17:20:44.538+0000] {processor.py:183} INFO - Processing /opt/airflow/dags/pipeline_dag.py took 0.193 seconds
[2026-05-10T17:21:15.328+0000] {processor.py:161} INFO - Started process (PID=25734) to work on /opt/airflow/dags/pipeline_dag.py
[2026-05-10T17:21:15.331+0000] {processor.py:830} INFO - Processing file /opt/airflow/dags/pipeline_dag.py for tasks to queue
[2026-05-10T17:21:15.333+0000] {logging_mixin.py:188} INFO - [2026-05-10T17:21:15.332+0000] {dagbag.py:545} INFO - Filling up the DagBag from /opt/airflow/dags/pipeline_dag.py
[2026-05-10T17:21:15.356+0000] {processor.py:840} INFO - DAG(s) 'ab_test_medallion_pipeline' retrieved from /opt/airflow/dags/pipeline_dag.py
[2026-05-10T17:21:15.409+0000] {logging_mixin.py:188} INFO - [2026-05-10T17:21:15.409+0000] {dag.py:3096} INFO - Sync 1 DAGs
[2026-05-10T17:21:15.450+0000] {logging_mixin.py:188} INFO - [2026-05-10T17:21:15.449+0000] {dag.py:3954} INFO - Setting next_dagrun for ab_test_medallion_pipeline to 2026-05-10 00:00:00+00:00, run_after=2026-05-11 00:00:00+00:00
[2026-05-10T17:21:15.484+0000] {processor.py:183} INFO - Processing /opt/airflow/dags/pipeline_dag.py took 0.165 seconds
[2026-05-10T17:21:46.206+0000] {processor.py:161} INFO - Started process (PID=25739) to work on /opt/airflow/dags/pipeline_dag.py
[2026-05-10T17:21:46.208+0000] {processor.py:830} INFO - Processing file /opt/airflow/dags/pipeline_dag.py for tasks to queue
[2026-05-10T17:21:46.210+0000] {logging_mixin.py:188} INFO - [2026-05-10T17:21:46.209+0000] {dagbag.py:545} INFO - Filling up the DagBag from /opt/airflow/dags/pipeline_dag.py
[2026-05-10T17:21:46.236+0000] {processor.py:840} INFO - DAG(s) 'ab_test_medallion_pipeline' retrieved from /opt/airflow/dags/pipeline_dag.py
[2026-05-10T17:21:46.280+0000] {logging_mixin.py:188} INFO - [2026-05-10T17:21:46.280+0000] {dag.py:3096} INFO - Sync 1 DAGs
[2026-05-10T17:21:46.325+0000] {logging_mixin.py:188} INFO - [2026-05-10T17:21:46.324+0000] {dag.py:3954} INFO - Setting next_dagrun for ab_test_medallion_pipeline to 2026-05-10 00:00:00+00:00, run_after=2026-05-11 00:00:00+00:00
[2026-05-10T17:21:46.356+0000] {processor.py:183} INFO - Processing /opt/airflow/dags/pipeline_dag.py took 0.169 seconds
[2026-05-10T17:22:17.245+0000] {processor.py:161} INFO - Started process (PID=25744) to work on /opt/airflow/dags/pipeline_dag.py
[2026-05-10T17:22:17.247+0000] {processor.py:830} INFO - Processing file /opt/airflow/dags/pipeline_dag.py for tasks to queue
[2026-05-10T17:22:17.248+0000] {logging_mixin.py:188} INFO - [2026-05-10T17:22:17.248+0000] {dagbag.py:545} INFO - Filling up the DagBag from /opt/airflow/dags/pipeline_dag.py
[2026-05-10T17:22:17.268+0000] {processor.py:840} INFO - DAG(s) 'ab_test_medallion_pipeline' retrieved from /opt/airflow/dags/pipeline_dag.py
[2026-05-10T17:22:17.310+0000] {logging_mixin.py:188} INFO - [2026-05-10T17:22:17.310+0000] {dag.py:3096} INFO - Sync 1 DAGs
[2026-05-10T17:22:17.342+0000] {logging_mixin.py:188} INFO - [2026-05-10T17:22:17.341+0000] {dag.py:3954} INFO - Setting next_dagrun for ab_test_medallion_pipeline to 2026-05-10 00:00:00+00:00, run_after=2026-05-11 00:00:00+00:00
[2026-05-10T17:22:17.418+0000] {processor.py:183} INFO - Processing /opt/airflow/dags/pipeline_dag.py took 0.192 seconds
[2026-05-10T17:22:48.139+0000] {processor.py:161} INFO - Started process (PID=25749) to work on /opt/airflow/dags/pipeline_dag.py
[2026-05-10T17:22:48.141+0000] {processor.py:830} INFO - Processing file /opt/airflow/dags/pipeline_dag.py for tasks to queue
[2026-05-10T17:22:48.144+0000] {logging_mixin.py:188} INFO - [2026-05-10T17:22:48.143+0000] {dagbag.py:545} INFO - Filling up the DagBag from /opt/airflow/dags/pipeline_dag.py
[2026-05-10T17:22:48.283+0000] {processor.py:840} INFO - DAG(s) 'ab_test_medallion_pipeline' retrieved from /opt/airflow/dags/pipeline_dag.py
[2026-05-10T17:22:48.534+0000] {logging_mixin.py:188} INFO - [2026-05-10T17:22:48.534+0000] {dag.py:3096} INFO - Sync 1 DAGs
[2026-05-10T17:22:48.695+0000] {logging_mixin.py:188} INFO - [2026-05-10T17:22:48.694+0000] {dag.py:3954} INFO - Setting next_dagrun for ab_test_medallion_pipeline to 2026-05-10 00:00:00+00:00, run_after=2026-05-11 00:00:00+00:00
[2026-05-10T17:22:48.811+0000] {processor.py:183} INFO - Processing /opt/airflow/dags/pipeline_dag.py took 0.767 seconds
[2026-05-10T17:23:19.740+0000] {processor.py:161} INFO - Started process (PID=25754) to work on /opt/airflow/dags/pipeline_dag.py
[2026-05-10T17:23:19.744+0000] {processor.py:830} INFO - Processing file /opt/airflow/dags/pipeline_dag.py for tasks to queue
[2026-05-10T17:23:19.745+0000] {logging_mixin.py:188} INFO - [2026-05-10T17:23:19.745+0000] {dagbag.py:545} INFO - Filling up the DagBag from /opt/airflow/dags/pipeline_dag.py
[2026-05-10T17:23:19.767+0000] {processor.py:840} INFO - DAG(s) 'ab_test_medallion_pipeline' retrieved from /opt/airflow/dags/pipeline_dag.py
[2026-05-10T17:23:19.813+0000] {logging_mixin.py:188} INFO - [2026-05-10T17:23:19.813+0000] {dag.py:3096} INFO - Sync 1 DAGs
[2026-05-10T17:23:19.847+0000] {logging_mixin.py:188} INFO - [2026-05-10T17:23:19.847+0000] {dag.py:3954} INFO - Setting next_dagrun for ab_test_medallion_pipeline to 2026-05-10 00:00:00+00:00, run_after=2026-05-11 00:00:00+00:00
[2026-05-10T17:23:19.879+0000] {processor.py:183} INFO - Processing /opt/airflow/dags/pipeline_dag.py took 0.162 seconds
[2026-05-10T17:23:50.584+0000] {processor.py:161} INFO - Started process (PID=25759) to work on /opt/airflow/dags/pipeline_dag.py
[2026-05-10T17:23:50.585+0000] {processor.py:830} INFO - Processing file /opt/airflow/dags/pipeline_dag.py for tasks to queue
[2026-05-10T17:23:50.587+0000] {logging_mixin.py:188} INFO - [2026-05-10T17:23:50.586+0000] {dagbag.py:545} INFO - Filling up the DagBag from /opt/airflow/dags/pipeline_dag.py
[2026-05-10T17:23:50.612+0000] {processor.py:840} INFO - DAG(s) 'ab_test_medallion_pipeline' retrieved from /opt/airflow/dags/pipeline_dag.py
[2026-05-10T17:23:50.661+0000] {logging_mixin.py:188} INFO - [2026-05-10T17:23:50.660+0000] {dag.py:3096} INFO - Sync 1 DAGs
[2026-05-10T17:23:50.697+0000] {logging_mixin.py:188} INFO - [2026-05-10T17:23:50.696+0000] {dag.py:3954} INFO - Setting next_dagrun for ab_test_medallion_pipeline to 2026-05-10 00:00:00+00:00, run_after=2026-05-11 00:00:00+00:00
[2026-05-10T17:23:50.728+0000] {processor.py:183} INFO - Processing /opt/airflow/dags/pipeline_dag.py took 0.156 seconds
[2026-05-10T17:24:21.427+0000] {processor.py:161} INFO - Started process (PID=25764) to work on /opt/airflow/dags/pipeline_dag.py
[2026-05-10T17:24:21.431+0000] {processor.py:830} INFO - Processing file /opt/airflow/dags/pipeline_dag.py for tasks to queue
[2026-05-10T17:24:21.433+0000] {logging_mixin.py:188} INFO - [2026-05-10T17:24:21.432+0000] {dagbag.py:545} INFO - Filling up the DagBag from /opt/airflow/dags/pipeline_dag.py
[2026-05-10T17:24:21.477+0000] {processor.py:840} INFO - DAG(s) 'ab_test_medallion_pipeline' retrieved from /opt/airflow/dags/pipeline_dag.py
[2026-05-10T17:24:21.522+0000] {logging_mixin.py:188} INFO - [2026-05-10T17:24:21.521+0000] {dag.py:3096} INFO - Sync 1 DAGs
[2026-05-10T17:24:21.558+0000] {logging_mixin.py:188} INFO - [2026-05-10T17:24:21.558+0000] {dag.py:3954} INFO - Setting next_dagrun for ab_test_medallion_pipeline to 2026-05-10 00:00:00+00:00, run_after=2026-05-11 00:00:00+00:00
[2026-05-10T17:24:21.681+0000] {processor.py:183} INFO - Processing /opt/airflow/dags/pipeline_dag.py took 0.272 seconds
[2026-05-10T17:24:52.258+0000] {processor.py:161} INFO - Started process (PID=25769) to work on /opt/airflow/dags/pipeline_dag.py
[2026-05-10T17:24:52.259+0000] {processor.py:830} INFO - Processing file /opt/airflow/dags/pipeline_dag.py for tasks to queue
[2026-05-10T17:24:52.260+0000] {logging_mixin.py:188} INFO - [2026-05-10T17:24:52.260+0000] {dagbag.py:545} INFO - Filling up the DagBag from /opt/airflow/dags/pipeline_dag.py
[2026-05-10T17:24:52.288+0000] {processor.py:840} INFO - DAG(s) 'ab_test_medallion_pipeline' retrieved from /opt/airflow/dags/pipeline_dag.py
[2026-05-10T17:24:52.344+0000] {logging_mixin.py:188} INFO - [2026-05-10T17:24:52.343+0000] {dag.py:3096} INFO - Sync 1 DAGs
[2026-05-10T17:24:52.436+0000] {logging_mixin.py:188} INFO - [2026-05-10T17:24:52.434+0000] {dag.py:3954} INFO - Setting next_dagrun for ab_test_medallion_pipeline to 2026-05-10 00:00:00+00:00, run_after=2026-05-11 00:00:00+00:00
[2026-05-10T17:24:52.493+0000] {processor.py:183} INFO - Processing /opt/airflow/dags/pipeline_dag.py took 0.246 seconds
[2026-05-10T17:25:23.355+0000] {processor.py:161} INFO - Started process (PID=25774) to work on /opt/airflow/dags/pipeline_dag.py
[2026-05-10T17:25:23.359+0000] {processor.py:830} INFO - Processing file /opt/airflow/dags/pipeline_dag.py for tasks to queue
[2026-05-10T17:25:23.361+0000] {logging_mixin.py:188} INFO - [2026-05-10T17:25:23.360+0000] {dagbag.py:545} INFO - Filling up the DagBag from /opt/airflow/dags/pipeline_dag.py
[2026-05-10T17:25:23.392+0000] {processor.py:840} INFO - DAG(s) 'ab_test_medallion_pipeline' retrieved from /opt/airflow/dags/pipeline_dag.py
[2026-05-10T17:25:23.445+0000] {logging_mixin.py:188} INFO - [2026-05-10T17:25:23.445+0000] {dag.py:3096} INFO - Sync 1 DAGs
[2026-05-10T17:25:23.493+0000] {logging_mixin.py:188} INFO - [2026-05-10T17:25:23.492+0000] {dag.py:3954} INFO - Setting next_dagrun for ab_test_medallion_pipeline to 2026-05-10 00:00:00+00:00, run_after=2026-05-11 00:00:00+00:00
[2026-05-10T17:25:23.531+0000] {processor.py:183} INFO - Processing /opt/airflow/dags/pipeline_dag.py took 0.191 seconds
[2026-05-10T17:25:53.985+0000] {processor.py:161} INFO - Started process (PID=25779) to work on /opt/airflow/dags/pipeline_dag.py
[2026-05-10T17:25:53.986+0000] {processor.py:830} INFO - Processing file /opt/airflow/dags/pipeline_dag.py for tasks to queue
[2026-05-10T17:25:53.987+0000] {logging_mixin.py:188} INFO - [2026-05-10T17:25:53.987+0000] {dagbag.py:545} INFO - Filling up the DagBag from /opt/airflow/dags/pipeline_dag.py
[2026-05-10T17:25:54.023+0000] {processor.py:840} INFO - DAG(s) 'ab_test_medallion_pipeline' retrieved from /opt/airflow/dags/pipeline_dag.py
[2026-05-10T17:25:54.102+0000] {logging_mixin.py:188} INFO - [2026-05-10T17:25:54.102+0000] {dag.py:3096} INFO - Sync 1 DAGs
[2026-05-10T17:25:54.139+0000] {logging_mixin.py:188} INFO - [2026-05-10T17:25:54.139+0000] {dag.py:3954} INFO - Setting next_dagrun for ab_test_medallion_pipeline to 2026-05-10 00:00:00+00:00, run_after=2026-05-11 00:00:00+00:00
[2026-05-10T17:25:54.288+0000] {processor.py:183} INFO - Processing /opt/airflow/dags/pipeline_dag.py took 0.319 seconds
[2026-05-10T17:26:24.824+0000] {processor.py:161} INFO - Started process (PID=25784) to work on /opt/airflow/dags/pipeline_dag.py
[2026-05-10T17:26:24.828+0000] {processor.py:830} INFO - Processing file /opt/airflow/dags/pipeline_dag.py for tasks to queue
[2026-05-10T17:26:24.829+0000] {logging_mixin.py:188} INFO - [2026-05-10T17:26:24.829+0000] {dagbag.py:545} INFO - Filling up the DagBag from /opt/airflow/dags/pipeline_dag.py
[2026-05-10T17:26:24.855+0000] {processor.py:840} INFO - DAG(s) 'ab_test_medallion_pipeline' retrieved from /opt/airflow/dags/pipeline_dag.py
[2026-05-10T17:26:24.912+0000] {logging_mixin.py:188} INFO - [2026-05-10T17:26:24.911+0000] {dag.py:3096} INFO - Sync 1 DAGs
[2026-05-10T17:26:24.947+0000] {logging_mixin.py:188} INFO - [2026-05-10T17:26:24.946+0000] {dag.py:3954} INFO - Setting next_dagrun for ab_test_medallion_pipeline to 2026-05-10 00:00:00+00:00, run_after=2026-05-11 00:00:00+00:00
[2026-05-10T17:26:24.976+0000] {processor.py:183} INFO - Processing /opt/airflow/dags/pipeline_dag.py took 0.164 seconds
[2026-05-10T17:26:55.507+0000] {processor.py:161} INFO - Started process (PID=25789) to work on /opt/airflow/dags/pipeline_dag.py
[2026-05-10T17:26:55.508+0000] {processor.py:830} INFO - Processing file /opt/airflow/dags/pipeline_dag.py for tasks to queue
[2026-05-10T17:26:55.509+0000] {logging_mixin.py:188} INFO - [2026-05-10T17:26:55.509+0000] {dagbag.py:545} INFO - Filling up the DagBag from /opt/airflow/dags/pipeline_dag.py
[2026-05-10T17:26:55.574+0000] {processor.py:840} INFO - DAG(s) 'ab_test_medallion_pipeline' retrieved from /opt/airflow/dags/pipeline_dag.py
[2026-05-10T17:26:55.623+0000] {logging_mixin.py:188} INFO - [2026-05-10T17:26:55.622+0000] {dag.py:3096} INFO - Sync 1 DAGs
[2026-05-10T17:26:55.656+0000] {logging_mixin.py:188} INFO - [2026-05-10T17:26:55.656+0000] {dag.py:3954} INFO - Setting next_dagrun for ab_test_medallion_pipeline to 2026-05-10 00:00:00+00:00, run_after=2026-05-11 00:00:00+00:00
[2026-05-10T17:26:55.696+0000] {processor.py:183} INFO - Processing /opt/airflow/dags/pipeline_dag.py took 0.202 seconds
[2026-05-10T17:27:25.983+0000] {processor.py:161} INFO - Started process (PID=25794) to work on /opt/airflow/dags/pipeline_dag.py
[2026-05-10T17:27:25.986+0000] {processor.py:830} INFO - Processing file /opt/airflow/dags/pipeline_dag.py for tasks to queue
[2026-05-10T17:27:25.988+0000] {logging_mixin.py:188} INFO - [2026-05-10T17:27:25.987+0000] {dagbag.py:545} INFO - Filling up the DagBag from /opt/airflow/dags/pipeline_dag.py
[2026-05-10T17:27:26.009+0000] {processor.py:840} INFO - DAG(s) 'ab_test_medallion_pipeline' retrieved from /opt/airflow/dags/pipeline_dag.py
[2026-05-10T17:27:26.053+0000] {logging_mixin.py:188} INFO - [2026-05-10T17:27:26.053+0000] {dag.py:3096} INFO - Sync 1 DAGs
[2026-05-10T17:27:26.087+0000] {logging_mixin.py:188} INFO - [2026-05-10T17:27:26.087+0000] {dag.py:3954} INFO - Setting next_dagrun for ab_test_medallion_pipeline to 2026-05-10 00:00:00+00:00, run_after=2026-05-11 00:00:00+00:00
[2026-05-10T17:27:26.130+0000] {processor.py:183} INFO - Processing /opt/airflow/dags/pipeline_dag.py took 0.158 seconds
[2026-05-10T17:27:56.488+0000] {processor.py:161} INFO - Started process (PID=25799) to work on /opt/airflow/dags/pipeline_dag.py
[2026-05-10T17:27:56.489+0000] {processor.py:830} INFO - Processing file /opt/airflow/dags/pipeline_dag.py for tasks to queue
[2026-05-10T17:27:56.490+0000] {logging_mixin.py:188} INFO - [2026-05-10T17:27:56.489+0000] {dagbag.py:545} INFO - Filling up the DagBag from /opt/airflow/dags/pipeline_dag.py
[2026-05-10T17:27:56.510+0000] {processor.py:840} INFO - DAG(s) 'ab_test_medallion_pipeline' retrieved from /opt/airflow/dags/pipeline_dag.py
[2026-05-10T17:27:56.556+0000] {logging_mixin.py:188} INFO - [2026-05-10T17:27:56.556+0000] {dag.py:3096} INFO - Sync 1 DAGs
[2026-05-10T17:27:56.596+0000] {logging_mixin.py:188} INFO - [2026-05-10T17:27:56.596+0000] {dag.py:3954} INFO - Setting next_dagrun for ab_test_medallion_pipeline to 2026-05-10 00:00:00+00:00, run_after=2026-05-11 00:00:00+00:00
[2026-05-10T17:27:56.629+0000] {processor.py:183} INFO - Processing /opt/airflow/dags/pipeline_dag.py took 0.172 seconds
[2026-05-10T17:28:27.186+0000] {processor.py:161} INFO - Started process (PID=25804) to work on /opt/airflow/dags/pipeline_dag.py
[2026-05-10T17:28:27.190+0000] {processor.py:830} INFO - Processing file /opt/airflow/dags/pipeline_dag.py for tasks to queue
[2026-05-10T17:28:27.192+0000] {logging_mixin.py:188} INFO - [2026-05-10T17:28:27.191+0000] {dagbag.py:545} INFO - Filling up the DagBag from /opt/airflow/dags/pipeline_dag.py
[2026-05-10T17:28:27.214+0000] {processor.py:840} INFO - DAG(s) 'ab_test_medallion_pipeline' retrieved from /opt/airflow/dags/pipeline_dag.py
[2026-05-10T17:28:27.262+0000] {logging_mixin.py:188} INFO - [2026-05-10T17:28:27.262+0000] {dag.py:3096} INFO - Sync 1 DAGs
[2026-05-10T17:28:27.298+0000] {logging_mixin.py:188} INFO - [2026-05-10T17:28:27.298+0000] {dag.py:3954} INFO - Setting next_dagrun for ab_test_medallion_pipeline to 2026-05-10 00:00:00+00:00, run_after=2026-05-11 00:00:00+00:00
[2026-05-10T17:28:27.329+0000] {processor.py:183} INFO - Processing /opt/airflow/dags/pipeline_dag.py took 0.157 seconds
[2026-05-10T17:28:58.024+0000] {processor.py:161} INFO - Started process (PID=25809) to work on /opt/airflow/dags/pipeline_dag.py
[2026-05-10T17:28:58.025+0000] {processor.py:830} INFO - Processing file /opt/airflow/dags/pipeline_dag.py for tasks to queue
[2026-05-10T17:28:58.026+0000] {logging_mixin.py:188} INFO - [2026-05-10T17:28:58.025+0000] {dagbag.py:545} INFO - Filling up the DagBag from /opt/airflow/dags/pipeline_dag.py
[2026-05-10T17:28:58.048+0000] {processor.py:840} INFO - DAG(s) 'ab_test_medallion_pipeline' retrieved from /opt/airflow/dags/pipeline_dag.py
[2026-05-10T17:28:58.094+0000] {logging_mixin.py:188} INFO - [2026-05-10T17:28:58.093+0000] {dag.py:3096} INFO - Sync 1 DAGs
[2026-05-10T17:28:58.130+0000] {logging_mixin.py:188} INFO - [2026-05-10T17:28:58.130+0000] {dag.py:3954} INFO - Setting next_dagrun for ab_test_medallion_pipeline to 2026-05-10 00:00:00+00:00, run_after=2026-05-11 00:00:00+00:00
[2026-05-10T17:28:58.160+0000] {processor.py:183} INFO - Processing /opt/airflow/dags/pipeline_dag.py took 0.146 seconds
[2026-05-10T17:29:28.237+0000] {processor.py:161} INFO - Started process (PID=25814) to work on /opt/airflow/dags/pipeline_dag.py
[2026-05-10T17:29:28.240+0000] {processor.py:830} INFO - Processing file /opt/airflow/dags/pipeline_dag.py for tasks to queue
[2026-05-10T17:29:28.241+0000] {logging_mixin.py:188} INFO - [2026-05-10T17:29:28.241+0000] {dagbag.py:545} INFO - Filling up the DagBag from /opt/airflow/dags/pipeline_dag.py
[2026-05-10T17:29:28.262+0000] {processor.py:840} INFO - DAG(s) 'ab_test_medallion_pipeline' retrieved from /opt/airflow/dags/pipeline_dag.py
[2026-05-10T17:29:28.309+0000] {logging_mixin.py:188} INFO - [2026-05-10T17:29:28.309+0000] {dag.py:3096} INFO - Sync 1 DAGs
[2026-05-10T17:29:28.346+0000] {logging_mixin.py:188} INFO - [2026-05-10T17:29:28.345+0000] {dag.py:3954} INFO - Setting next_dagrun for ab_test_medallion_pipeline to 2026-05-10 00:00:00+00:00, run_after=2026-05-11 00:00:00+00:00
[2026-05-10T17:29:28.384+0000] {processor.py:183} INFO - Processing /opt/airflow/dags/pipeline_dag.py took 0.164 seconds
[2026-05-10T17:29:58.566+0000] {processor.py:161} INFO - Started process (PID=25819) to work on /opt/airflow/dags/pipeline_dag.py
[2026-05-10T17:29:58.567+0000] {processor.py:830} INFO - Processing file /opt/airflow/dags/pipeline_dag.py for tasks to queue
[2026-05-10T17:29:58.568+0000] {logging_mixin.py:188} INFO - [2026-05-10T17:29:58.568+0000] {dagbag.py:545} INFO - Filling up the DagBag from /opt/airflow/dags/pipeline_dag.py
[2026-05-10T17:29:58.591+0000] {processor.py:840} INFO - DAG(s) 'ab_test_medallion_pipeline' retrieved from /opt/airflow/dags/pipeline_dag.py
[2026-05-10T17:29:58.638+0000] {logging_mixin.py:188} INFO - [2026-05-10T17:29:58.638+0000] {dag.py:3096} INFO - Sync 1 DAGs
[2026-05-10T17:29:58.678+0000] {logging_mixin.py:188} INFO - [2026-05-10T17:29:58.677+0000] {dag.py:3954} INFO - Setting next_dagrun for ab_test_medallion_pipeline to 2026-05-10 00:00:00+00:00, run_after=2026-05-11 00:00:00+00:00
[2026-05-10T17:29:58.709+0000] {processor.py:183} INFO - Processing /opt/airflow/dags/pipeline_dag.py took 0.157 seconds
[2026-05-10T17:30:29.133+0000] {processor.py:161} INFO - Started process (PID=25824) to work on /opt/airflow/dags/pipeline_dag.py
[2026-05-10T17:30:29.135+0000] {processor.py:830} INFO - Processing file /opt/airflow/dags/pipeline_dag.py for tasks to queue
[2026-05-10T17:30:29.137+0000] {logging_mixin.py:188} INFO - [2026-05-10T17:30:29.136+0000] {dagbag.py:545} INFO - Filling up the DagBag from /opt/airflow/dags/pipeline_dag.py
[2026-05-10T17:30:29.161+0000] {processor.py:840} INFO - DAG(s) 'ab_test_medallion_pipeline' retrieved from /opt/airflow/dags/pipeline_dag.py
[2026-05-10T17:30:29.229+0000] {logging_mixin.py:188} INFO - [2026-05-10T17:30:29.228+0000] {dag.py:3096} INFO - Sync 1 DAGs
[2026-05-10T17:30:29.289+0000] {logging_mixin.py:188} INFO - [2026-05-10T17:30:29.288+0000] {dag.py:3954} INFO - Setting next_dagrun for ab_test_medallion_pipeline to 2026-05-10 00:00:00+00:00, run_after=2026-05-11 00:00:00+00:00
[2026-05-10T17:30:29.318+0000] {processor.py:183} INFO - Processing /opt/airflow/dags/pipeline_dag.py took 0.197 seconds
[2026-05-10T17:31:00.040+0000] {processor.py:161} INFO - Started process (PID=25829) to work on /opt/airflow/dags/pipeline_dag.py
[2026-05-10T17:31:00.042+0000] {processor.py:830} INFO - Processing file /opt/airflow/dags/pipeline_dag.py for tasks to queue
[2026-05-10T17:31:00.043+0000] {logging_mixin.py:188} INFO - [2026-05-10T17:31:00.043+0000] {dagbag.py:545} INFO - Filling up the DagBag from /opt/airflow/dags/pipeline_dag.py
[2026-05-10T17:31:00.069+0000] {processor.py:840} INFO - DAG(s) 'ab_test_medallion_pipeline' retrieved from /opt/airflow/dags/pipeline_dag.py
[2026-05-10T17:31:00.119+0000] {logging_mixin.py:188} INFO - [2026-05-10T17:31:00.119+0000] {dag.py:3096} INFO - Sync 1 DAGs
[2026-05-10T17:31:00.156+0000] {logging_mixin.py:188} INFO - [2026-05-10T17:31:00.156+0000] {dag.py:3954} INFO - Setting next_dagrun for ab_test_medallion_pipeline to 2026-05-10 00:00:00+00:00, run_after=2026-05-11 00:00:00+00:00
[2026-05-10T17:31:00.187+0000] {processor.py:183} INFO - Processing /opt/airflow/dags/pipeline_dag.py took 0.156 seconds
[2026-05-10T17:31:30.742+0000] {processor.py:161} INFO - Started process (PID=25834) to work on /opt/airflow/dags/pipeline_dag.py
[2026-05-10T17:31:30.743+0000] {processor.py:830} INFO - Processing file /opt/airflow/dags/pipeline_dag.py for tasks to queue
[2026-05-10T17:31:30.745+0000] {logging_mixin.py:188} INFO - [2026-05-10T17:31:30.744+0000] {dagbag.py:545} INFO - Filling up the DagBag from /opt/airflow/dags/pipeline_dag.py
[2026-05-10T17:31:30.770+0000] {processor.py:840} INFO - DAG(s) 'ab_test_medallion_pipeline' retrieved from /opt/airflow/dags/pipeline_dag.py
[2026-05-10T17:31:30.822+0000] {logging_mixin.py:188} INFO - [2026-05-10T17:31:30.821+0000] {dag.py:3096} INFO - Sync 1 DAGs
[2026-05-10T17:31:30.874+0000] {logging_mixin.py:188} INFO - [2026-05-10T17:31:30.873+0000] {dag.py:3954} INFO - Setting next_dagrun for ab_test_medallion_pipeline to 2026-05-10 00:00:00+00:00, run_after=2026-05-11 00:00:00+00:00
[2026-05-10T17:31:30.913+0000] {processor.py:183} INFO - Processing /opt/airflow/dags/pipeline_dag.py took 0.186 seconds
[2026-05-10T17:32:01.663+0000] {processor.py:161} INFO - Started process (PID=25839) to work on /opt/airflow/dags/pipeline_dag.py
[2026-05-10T17:32:01.666+0000] {processor.py:830} INFO - Processing file /opt/airflow/dags/pipeline_dag.py for tasks to queue
[2026-05-10T17:32:01.668+0000] {logging_mixin.py:188} INFO - [2026-05-10T17:32:01.667+0000] {dagbag.py:545} INFO - Filling up the DagBag from /opt/airflow/dags/pipeline_dag.py
[2026-05-10T17:32:01.702+0000] {processor.py:840} INFO - DAG(s) 'ab_test_medallion_pipeline' retrieved from /opt/airflow/dags/pipeline_dag.py
[2026-05-10T17:32:01.759+0000] {logging_mixin.py:188} INFO - [2026-05-10T17:32:01.758+0000] {dag.py:3096} INFO - Sync 1 DAGs
[2026-05-10T17:32:01.799+0000] {logging_mixin.py:188} INFO - [2026-05-10T17:32:01.799+0000] {dag.py:3954} INFO - Setting next_dagrun for ab_test_medallion_pipeline to 2026-05-10 00:00:00+00:00, run_after=2026-05-11 00:00:00+00:00
[2026-05-10T17:32:01.830+0000] {processor.py:183} INFO - Processing /opt/airflow/dags/pipeline_dag.py took 0.188 seconds
[2026-05-10T17:32:32.407+0000] {processor.py:161} INFO - Started process (PID=25844) to work on /opt/airflow/dags/pipeline_dag.py
[2026-05-10T17:32:32.409+0000] {processor.py:830} INFO - Processing file /opt/airflow/dags/pipeline_dag.py for tasks to queue
[2026-05-10T17:32:32.410+0000] {logging_mixin.py:188} INFO - [2026-05-10T17:32:32.409+0000] {dagbag.py:545} INFO - Filling up the DagBag from /opt/airflow/dags/pipeline_dag.py
[2026-05-10T17:32:32.435+0000] {processor.py:840} INFO - DAG(s) 'ab_test_medallion_pipeline' retrieved from /opt/airflow/dags/pipeline_dag.py
[2026-05-10T17:32:32.490+0000] {logging_mixin.py:188} INFO - [2026-05-10T17:32:32.490+0000] {dag.py:3096} INFO - Sync 1 DAGs
[2026-05-10T17:32:32.527+0000] {logging_mixin.py:188} INFO - [2026-05-10T17:32:32.526+0000] {dag.py:3954} INFO - Setting next_dagrun for ab_test_medallion_pipeline to 2026-05-10 00:00:00+00:00, run_after=2026-05-11 00:00:00+00:00
[2026-05-10T17:32:32.596+0000] {processor.py:183} INFO - Processing /opt/airflow/dags/pipeline_dag.py took 0.202 seconds
[2026-05-10T17:33:03.196+0000] {processor.py:161} INFO - Started process (PID=25849) to work on /opt/airflow/dags/pipeline_dag.py
[2026-05-10T17:33:03.198+0000] {processor.py:830} INFO - Processing file /opt/airflow/dags/pipeline_dag.py for tasks to queue
[2026-05-10T17:33:03.200+0000] {logging_mixin.py:188} INFO - [2026-05-10T17:33:03.199+0000] {dagbag.py:545} INFO - Filling up the DagBag from /opt/airflow/dags/pipeline_dag.py
[2026-05-10T17:33:03.234+0000] {processor.py:840} INFO - DAG(s) 'ab_test_medallion_pipeline' retrieved from /opt/airflow/dags/pipeline_dag.py
[2026-05-10T17:33:03.301+0000] {logging_mixin.py:188} INFO - [2026-05-10T17:33:03.301+0000] {dag.py:3096} INFO - Sync 1 DAGs
[2026-05-10T17:33:03.339+0000] {logging_mixin.py:188} INFO - [2026-05-10T17:33:03.339+0000] {dag.py:3954} INFO - Setting next_dagrun for ab_test_medallion_pipeline to 2026-05-10 00:00:00+00:00, run_after=2026-05-11 00:00:00+00:00
[2026-05-10T17:33:03.370+0000] {processor.py:183} INFO - Processing /opt/airflow/dags/pipeline_dag.py took 0.185 seconds
[2026-05-10T17:33:33.862+0000] {processor.py:161} INFO - Started process (PID=25854) to work on /opt/airflow/dags/pipeline_dag.py
[2026-05-10T17:33:33.907+0000] {processor.py:830} INFO - Processing file /opt/airflow/dags/pipeline_dag.py for tasks to queue
[2026-05-10T17:33:33.909+0000] {logging_mixin.py:188} INFO - [2026-05-10T17:33:33.908+0000] {dagbag.py:545} INFO - Filling up the DagBag from /opt/airflow/dags/pipeline_dag.py
[2026-05-10T17:33:33.963+0000] {processor.py:840} INFO - DAG(s) 'ab_test_medallion_pipeline' retrieved from /opt/airflow/dags/pipeline_dag.py
[2026-05-10T17:33:34.090+0000] {logging_mixin.py:188} INFO - [2026-05-10T17:33:34.089+0000] {dag.py:3096} INFO - Sync 1 DAGs
[2026-05-10T17:33:34.150+0000] {logging_mixin.py:188} INFO - [2026-05-10T17:33:34.150+0000] {dag.py:3954} INFO - Setting next_dagrun for ab_test_medallion_pipeline to 2026-05-10 00:00:00+00:00, run_after=2026-05-11 00:00:00+00:00
[2026-05-10T17:33:34.239+0000] {processor.py:183} INFO - Processing /opt/airflow/dags/pipeline_dag.py took 0.391 seconds
[2026-05-10T17:34:04.574+0000] {processor.py:161} INFO - Started process (PID=25859) to work on /opt/airflow/dags/pipeline_dag.py
[2026-05-10T17:34:04.575+0000] {processor.py:830} INFO - Processing file /opt/airflow/dags/pipeline_dag.py for tasks to queue
[2026-05-10T17:34:04.577+0000] {logging_mixin.py:188} INFO - [2026-05-10T17:34:04.576+0000] {dagbag.py:545} INFO - Filling up the DagBag from /opt/airflow/dags/pipeline_dag.py
[2026-05-10T17:34:04.600+0000] {processor.py:840} INFO - DAG(s) 'ab_test_medallion_pipeline' retrieved from /opt/airflow/dags/pipeline_dag.py
[2026-05-10T17:34:04.658+0000] {logging_mixin.py:188} INFO - [2026-05-10T17:34:04.658+0000] {dag.py:3096} INFO - Sync 1 DAGs
[2026-05-10T17:34:04.722+0000] {logging_mixin.py:188} INFO - [2026-05-10T17:34:04.722+0000] {dag.py:3954} INFO - Setting next_dagrun for ab_test_medallion_pipeline to 2026-05-10 00:00:00+00:00, run_after=2026-05-11 00:00:00+00:00
[2026-05-10T17:34:04.768+0000] {processor.py:183} INFO - Processing /opt/airflow/dags/pipeline_dag.py took 0.206 seconds
[2026-05-10T17:34:35.184+0000] {processor.py:161} INFO - Started process (PID=25864) to work on /opt/airflow/dags/pipeline_dag.py
[2026-05-10T17:34:35.186+0000] {processor.py:830} INFO - Processing file /opt/airflow/dags/pipeline_dag.py for tasks to queue
[2026-05-10T17:34:35.188+0000] {logging_mixin.py:188} INFO - [2026-05-10T17:34:35.187+0000] {dagbag.py:545} INFO - Filling up the DagBag from /opt/airflow/dags/pipeline_dag.py
[2026-05-10T17:34:35.215+0000] {processor.py:840} INFO - DAG(s) 'ab_test_medallion_pipeline' retrieved from /opt/airflow/dags/pipeline_dag.py
[2026-05-10T17:34:35.282+0000] {logging_mixin.py:188} INFO - [2026-05-10T17:34:35.281+0000] {dag.py:3096} INFO - Sync 1 DAGs
[2026-05-10T17:34:35.325+0000] {logging_mixin.py:188} INFO - [2026-05-10T17:34:35.325+0000] {dag.py:3954} INFO - Setting next_dagrun for ab_test_medallion_pipeline to 2026-05-10 00:00:00+00:00, run_after=2026-05-11 00:00:00+00:00
[2026-05-10T17:34:35.363+0000] {processor.py:183} INFO - Processing /opt/airflow/dags/pipeline_dag.py took 0.192 seconds
[2026-05-10T17:35:05.722+0000] {processor.py:161} INFO - Started process (PID=25869) to work on /opt/airflow/dags/pipeline_dag.py
[2026-05-10T17:35:05.724+0000] {processor.py:830} INFO - Processing file /opt/airflow/dags/pipeline_dag.py for tasks to queue
[2026-05-10T17:35:05.726+0000] {logging_mixin.py:188} INFO - [2026-05-10T17:35:05.725+0000] {dagbag.py:545} INFO - Filling up the DagBag from /opt/airflow/dags/pipeline_dag.py
[2026-05-10T17:35:05.750+0000] {processor.py:840} INFO - DAG(s) 'ab_test_medallion_pipeline' retrieved from /opt/airflow/dags/pipeline_dag.py
[2026-05-10T17:35:05.798+0000] {logging_mixin.py:188} INFO - [2026-05-10T17:35:05.797+0000] {dag.py:3096} INFO - Sync 1 DAGs
[2026-05-10T17:35:05.834+0000] {logging_mixin.py:188} INFO - [2026-05-10T17:35:05.834+0000] {dag.py:3954} INFO - Setting next_dagrun for ab_test_medallion_pipeline to 2026-05-10 00:00:00+00:00, run_after=2026-05-11 00:00:00+00:00
[2026-05-10T17:35:05.869+0000] {processor.py:183} INFO - Processing /opt/airflow/dags/pipeline_dag.py took 0.178 seconds
[2026-05-10T17:35:36.626+0000] {processor.py:161} INFO - Started process (PID=25874) to work on /opt/airflow/dags/pipeline_dag.py
[2026-05-10T17:35:36.628+0000] {processor.py:830} INFO - Processing file /opt/airflow/dags/pipeline_dag.py for tasks to queue
[2026-05-10T17:35:36.629+0000] {logging_mixin.py:188} INFO - [2026-05-10T17:35:36.629+0000] {dagbag.py:545} INFO - Filling up the DagBag from /opt/airflow/dags/pipeline_dag.py
[2026-05-10T17:35:36.659+0000] {processor.py:840} INFO - DAG(s) 'ab_test_medallion_pipeline' retrieved from /opt/airflow/dags/pipeline_dag.py
[2026-05-10T17:35:36.757+0000] {logging_mixin.py:188} INFO - [2026-05-10T17:35:36.757+0000] {dag.py:3096} INFO - Sync 1 DAGs
[2026-05-10T17:35:36.800+0000] {logging_mixin.py:188} INFO - [2026-05-10T17:35:36.799+0000] {dag.py:3954} INFO - Setting next_dagrun for ab_test_medallion_pipeline to 2026-05-10 00:00:00+00:00, run_after=2026-05-11 00:00:00+00:00
[2026-05-10T17:35:36.829+0000] {processor.py:183} INFO - Processing /opt/airflow/dags/pipeline_dag.py took 0.216 seconds
[2026-05-10T17:36:07.503+0000] {processor.py:161} INFO - Started process (PID=25879) to work on /opt/airflow/dags/pipeline_dag.py
[2026-05-10T17:36:07.504+0000] {processor.py:830} INFO - Processing file /opt/airflow/dags/pipeline_dag.py for tasks to queue
[2026-05-10T17:36:07.505+0000] {logging_mixin.py:188} INFO - [2026-05-10T17:36:07.505+0000] {dagbag.py:545} INFO - Filling up the DagBag from /opt/airflow/dags/pipeline_dag.py
[2026-05-10T17:36:07.530+0000] {processor.py:840} INFO - DAG(s) 'ab_test_medallion_pipeline' retrieved from /opt/airflow/dags/pipeline_dag.py
[2026-05-10T17:36:07.579+0000] {logging_mixin.py:188} INFO - [2026-05-10T17:36:07.579+0000] {dag.py:3096} INFO - Sync 1 DAGs
[2026-05-10T17:36:07.616+0000] {logging_mixin.py:188} INFO - [2026-05-10T17:36:07.616+0000] {dag.py:3954} INFO - Setting next_dagrun for ab_test_medallion_pipeline to 2026-05-10 00:00:00+00:00, run_after=2026-05-11 00:00:00+00:00
[2026-05-10T17:36:07.646+0000] {processor.py:183} INFO - Processing /opt/airflow/dags/pipeline_dag.py took 0.158 seconds
[2026-05-10T17:36:38.165+0000] {processor.py:161} INFO - Started process (PID=25884) to work on /opt/airflow/dags/pipeline_dag.py
[2026-05-10T17:36:38.168+0000] {processor.py:830} INFO - Processing file /opt/airflow/dags/pipeline_dag.py for tasks to queue
[2026-05-10T17:36:38.169+0000] {logging_mixin.py:188} INFO - [2026-05-10T17:36:38.169+0000] {dagbag.py:545} INFO - Filling up the DagBag from /opt/airflow/dags/pipeline_dag.py
[2026-05-10T17:36:38.195+0000] {processor.py:840} INFO - DAG(s) 'ab_test_medallion_pipeline' retrieved from /opt/airflow/dags/pipeline_dag.py
[2026-05-10T17:36:38.244+0000] {logging_mixin.py:188} INFO - [2026-05-10T17:36:38.243+0000] {dag.py:3096} INFO - Sync 1 DAGs
[2026-05-10T17:36:38.286+0000] {logging_mixin.py:188} INFO - [2026-05-10T17:36:38.285+0000] {dag.py:3954} INFO - Setting next_dagrun for ab_test_medallion_pipeline to 2026-05-10 00:00:00+00:00, run_after=2026-05-11 00:00:00+00:00
[2026-05-10T17:36:38.315+0000] {processor.py:183} INFO - Processing /opt/airflow/dags/pipeline_dag.py took 0.160 seconds
[2026-05-10T17:37:08.875+0000] {processor.py:161} INFO - Started process (PID=25889) to work on /opt/airflow/dags/pipeline_dag.py
[2026-05-10T17:37:08.876+0000] {processor.py:830} INFO - Processing file /opt/airflow/dags/pipeline_dag.py for tasks to queue
[2026-05-10T17:37:08.877+0000] {logging_mixin.py:188} INFO - [2026-05-10T17:37:08.877+0000] {dagbag.py:545} INFO - Filling up the DagBag from /opt/airflow/dags/pipeline_dag.py
[2026-05-10T17:37:08.902+0000] {processor.py:840} INFO - DAG(s) 'ab_test_medallion_pipeline' retrieved from /opt/airflow/dags/pipeline_dag.py
[2026-05-10T17:37:08.946+0000] {logging_mixin.py:188} INFO - [2026-05-10T17:37:08.945+0000] {dag.py:3096} INFO - Sync 1 DAGs
[2026-05-10T17:37:08.981+0000] {logging_mixin.py:188} INFO - [2026-05-10T17:37:08.981+0000] {dag.py:3954} INFO - Setting next_dagrun for ab_test_medallion_pipeline to 2026-05-10 00:00:00+00:00, run_after=2026-05-11 00:00:00+00:00
[2026-05-10T17:37:09.013+0000] {processor.py:183} INFO - Processing /opt/airflow/dags/pipeline_dag.py took 0.148 seconds
[2026-05-10T17:37:39.509+0000] {processor.py:161} INFO - Started process (PID=25894) to work on /opt/airflow/dags/pipeline_dag.py
[2026-05-10T17:37:39.511+0000] {processor.py:830} INFO - Processing file /opt/airflow/dags/pipeline_dag.py for tasks to queue
[2026-05-10T17:37:39.513+0000] {logging_mixin.py:188} INFO - [2026-05-10T17:37:39.512+0000] {dagbag.py:545} INFO - Filling up the DagBag from /opt/airflow/dags/pipeline_dag.py
[2026-05-10T17:37:39.538+0000] {processor.py:840} INFO - DAG(s) 'ab_test_medallion_pipeline' retrieved from /opt/airflow/dags/pipeline_dag.py
[2026-05-10T17:37:39.591+0000] {logging_mixin.py:188} INFO - [2026-05-10T17:37:39.590+0000] {dag.py:3096} INFO - Sync 1 DAGs
[2026-05-10T17:37:39.646+0000] {logging_mixin.py:188} INFO - [2026-05-10T17:37:39.644+0000] {dag.py:3954} INFO - Setting next_dagrun for ab_test_medallion_pipeline to 2026-05-10 00:00:00+00:00, run_after=2026-05-11 00:00:00+00:00
[2026-05-10T17:37:39.682+0000] {processor.py:183} INFO - Processing /opt/airflow/dags/pipeline_dag.py took 0.186 seconds
[2026-05-10T17:38:10.264+0000] {processor.py:161} INFO - Started process (PID=25899) to work on /opt/airflow/dags/pipeline_dag.py
[2026-05-10T17:38:10.265+0000] {processor.py:830} INFO - Processing file /opt/airflow/dags/pipeline_dag.py for tasks to queue
[2026-05-10T17:38:10.266+0000] {logging_mixin.py:188} INFO - [2026-05-10T17:38:10.266+0000] {dagbag.py:545} INFO - Filling up the DagBag from /opt/airflow/dags/pipeline_dag.py
[2026-05-10T17:38:10.287+0000] {processor.py:840} INFO - DAG(s) 'ab_test_medallion_pipeline' retrieved from /opt/airflow/dags/pipeline_dag.py
[2026-05-10T17:38:10.330+0000] {logging_mixin.py:188} INFO - [2026-05-10T17:38:10.329+0000] {dag.py:3096} INFO - Sync 1 DAGs
[2026-05-10T17:38:10.364+0000] {logging_mixin.py:188} INFO - [2026-05-10T17:38:10.363+0000] {dag.py:3954} INFO - Setting next_dagrun for ab_test_medallion_pipeline to 2026-05-10 00:00:00+00:00, run_after=2026-05-11 00:00:00+00:00
[2026-05-10T17:38:10.411+0000] {processor.py:183} INFO - Processing /opt/airflow/dags/pipeline_dag.py took 0.160 seconds
[2026-05-10T17:38:40.837+0000] {processor.py:161} INFO - Started process (PID=25904) to work on /opt/airflow/dags/pipeline_dag.py
[2026-05-10T17:38:40.842+0000] {processor.py:830} INFO - Processing file /opt/airflow/dags/pipeline_dag.py for tasks to queue
[2026-05-10T17:38:40.843+0000] {logging_mixin.py:188} INFO - [2026-05-10T17:38:40.843+0000] {dagbag.py:545} INFO - Filling up the DagBag from /opt/airflow/dags/pipeline_dag.py
[2026-05-10T17:38:40.868+0000] {processor.py:840} INFO - DAG(s) 'ab_test_medallion_pipeline' retrieved from /opt/airflow/dags/pipeline_dag.py
[2026-05-10T17:38:40.918+0000] {logging_mixin.py:188} INFO - [2026-05-10T17:38:40.918+0000] {dag.py:3096} INFO - Sync 1 DAGs
[2026-05-10T17:38:40.957+0000] {logging_mixin.py:188} INFO - [2026-05-10T17:38:40.957+0000] {dag.py:3954} INFO - Setting next_dagrun for ab_test_medallion_pipeline to 2026-05-10 00:00:00+00:00, run_after=2026-05-11 00:00:00+00:00
[2026-05-10T17:38:41.000+0000] {processor.py:183} INFO - Processing /opt/airflow/dags/pipeline_dag.py took 0.181 seconds
[2026-05-10T17:39:11.886+0000] {processor.py:161} INFO - Started process (PID=25909) to work on /opt/airflow/dags/pipeline_dag.py
[2026-05-10T17:39:11.890+0000] {processor.py:830} INFO - Processing file /opt/airflow/dags/pipeline_dag.py for tasks to queue
[2026-05-10T17:39:11.892+0000] {logging_mixin.py:188} INFO - [2026-05-10T17:39:11.891+0000] {dagbag.py:545} INFO - Filling up the DagBag from /opt/airflow/dags/pipeline_dag.py
[2026-05-10T17:39:11.916+0000] {processor.py:840} INFO - DAG(s) 'ab_test_medallion_pipeline' retrieved from /opt/airflow/dags/pipeline_dag.py
[2026-05-10T17:39:11.965+0000] {logging_mixin.py:188} INFO - [2026-05-10T17:39:11.965+0000] {dag.py:3096} INFO - Sync 1 DAGs
[2026-05-10T17:39:12.001+0000] {logging_mixin.py:188} INFO - [2026-05-10T17:39:12.001+0000] {dag.py:3954} INFO - Setting next_dagrun for ab_test_medallion_pipeline to 2026-05-10 00:00:00+00:00, run_after=2026-05-11 00:00:00+00:00
[2026-05-10T17:39:12.034+0000] {processor.py:183} INFO - Processing /opt/airflow/dags/pipeline_dag.py took 0.160 seconds
[2026-05-10T17:39:42.111+0000] {processor.py:161} INFO - Started process (PID=25914) to work on /opt/airflow/dags/pipeline_dag.py
[2026-05-10T17:39:42.113+0000] {processor.py:830} INFO - Processing file /opt/airflow/dags/pipeline_dag.py for tasks to queue
[2026-05-10T17:39:42.114+0000] {logging_mixin.py:188} INFO - [2026-05-10T17:39:42.113+0000] {dagbag.py:545} INFO - Filling up the DagBag from /opt/airflow/dags/pipeline_dag.py
[2026-05-10T17:39:42.136+0000] {processor.py:840} INFO - DAG(s) 'ab_test_medallion_pipeline' retrieved from /opt/airflow/dags/pipeline_dag.py
[2026-05-10T17:39:42.186+0000] {logging_mixin.py:188} INFO - [2026-05-10T17:39:42.186+0000] {dag.py:3096} INFO - Sync 1 DAGs
[2026-05-10T17:39:42.222+0000] {logging_mixin.py:188} INFO - [2026-05-10T17:39:42.221+0000] {dag.py:3954} INFO - Setting next_dagrun for ab_test_medallion_pipeline to 2026-05-10 00:00:00+00:00, run_after=2026-05-11 00:00:00+00:00
[2026-05-10T17:39:42.251+0000] {processor.py:183} INFO - Processing /opt/airflow/dags/pipeline_dag.py took 0.150 seconds
[2026-05-10T17:40:12.459+0000] {processor.py:161} INFO - Started process (PID=25919) to work on /opt/airflow/dags/pipeline_dag.py
[2026-05-10T17:40:12.464+0000] {processor.py:830} INFO - Processing file /opt/airflow/dags/pipeline_dag.py for tasks to queue
[2026-05-10T17:40:12.465+0000] {logging_mixin.py:188} INFO - [2026-05-10T17:40:12.465+0000] {dagbag.py:545} INFO - Filling up the DagBag from /opt/airflow/dags/pipeline_dag.py
[2026-05-10T17:40:12.491+0000] {processor.py:840} INFO - DAG(s) 'ab_test_medallion_pipeline' retrieved from /opt/airflow/dags/pipeline_dag.py
[2026-05-10T17:40:12.534+0000] {logging_mixin.py:188} INFO - [2026-05-10T17:40:12.534+0000] {dag.py:3096} INFO - Sync 1 DAGs
[2026-05-10T17:40:12.570+0000] {logging_mixin.py:188} INFO - [2026-05-10T17:40:12.570+0000] {dag.py:3954} INFO - Setting next_dagrun for ab_test_medallion_pipeline to 2026-05-10 00:00:00+00:00, run_after=2026-05-11 00:00:00+00:00
[2026-05-10T17:40:12.604+0000] {processor.py:183} INFO - Processing /opt/airflow/dags/pipeline_dag.py took 0.165 seconds
[2026-05-10T17:40:43.086+0000] {processor.py:161} INFO - Started process (PID=25924) to work on /opt/airflow/dags/pipeline_dag.py
[2026-05-10T17:40:43.087+0000] {processor.py:830} INFO - Processing file /opt/airflow/dags/pipeline_dag.py for tasks to queue
[2026-05-10T17:40:43.090+0000] {logging_mixin.py:188} INFO - [2026-05-10T17:40:43.088+0000] {dagbag.py:545} INFO - Filling up the DagBag from /opt/airflow/dags/pipeline_dag.py
[2026-05-10T17:40:43.124+0000] {processor.py:840} INFO - DAG(s) 'ab_test_medallion_pipeline' retrieved from /opt/airflow/dags/pipeline_dag.py
[2026-05-10T17:40:43.176+0000] {logging_mixin.py:188} INFO - [2026-05-10T17:40:43.176+0000] {dag.py:3096} INFO - Sync 1 DAGs
[2026-05-10T17:40:43.213+0000] {logging_mixin.py:188} INFO - [2026-05-10T17:40:43.212+0000] {dag.py:3954} INFO - Setting next_dagrun for ab_test_medallion_pipeline to 2026-05-10 00:00:00+00:00, run_after=2026-05-11 00:00:00+00:00
[2026-05-10T17:40:43.246+0000] {processor.py:183} INFO - Processing /opt/airflow/dags/pipeline_dag.py took 0.181 seconds
[2026-05-10T17:41:13.923+0000] {processor.py:161} INFO - Started process (PID=25929) to work on /opt/airflow/dags/pipeline_dag.py
[2026-05-10T17:41:13.924+0000] {processor.py:830} INFO - Processing file /opt/airflow/dags/pipeline_dag.py for tasks to queue
[2026-05-10T17:41:13.926+0000] {logging_mixin.py:188} INFO - [2026-05-10T17:41:13.925+0000] {dagbag.py:545} INFO - Filling up the DagBag from /opt/airflow/dags/pipeline_dag.py
[2026-05-10T17:41:13.948+0000] {processor.py:840} INFO - DAG(s) 'ab_test_medallion_pipeline' retrieved from /opt/airflow/dags/pipeline_dag.py
[2026-05-10T17:41:14.003+0000] {logging_mixin.py:188} INFO - [2026-05-10T17:41:14.003+0000] {dag.py:3096} INFO - Sync 1 DAGs
[2026-05-10T17:41:14.040+0000] {logging_mixin.py:188} INFO - [2026-05-10T17:41:14.039+0000] {dag.py:3954} INFO - Setting next_dagrun for ab_test_medallion_pipeline to 2026-05-10 00:00:00+00:00, run_after=2026-05-11 00:00:00+00:00
[2026-05-10T17:41:14.072+0000] {processor.py:183} INFO - Processing /opt/airflow/dags/pipeline_dag.py took 0.160 seconds
[2026-05-10T17:41:44.625+0000] {processor.py:161} INFO - Started process (PID=25934) to work on /opt/airflow/dags/pipeline_dag.py
[2026-05-10T17:41:44.626+0000] {processor.py:830} INFO - Processing file /opt/airflow/dags/pipeline_dag.py for tasks to queue
[2026-05-10T17:41:44.628+0000] {logging_mixin.py:188} INFO - [2026-05-10T17:41:44.627+0000] {dagbag.py:545} INFO - Filling up the DagBag from /opt/airflow/dags/pipeline_dag.py
[2026-05-10T17:41:44.657+0000] {processor.py:840} INFO - DAG(s) 'ab_test_medallion_pipeline' retrieved from /opt/airflow/dags/pipeline_dag.py
[2026-05-10T17:41:44.716+0000] {logging_mixin.py:188} INFO - [2026-05-10T17:41:44.715+0000] {dag.py:3096} INFO - Sync 1 DAGs
[2026-05-10T17:41:44.760+0000] {logging_mixin.py:188} INFO - [2026-05-10T17:41:44.760+0000] {dag.py:3954} INFO - Setting next_dagrun for ab_test_medallion_pipeline to 2026-05-10 00:00:00+00:00, run_after=2026-05-11 00:00:00+00:00
[2026-05-10T17:41:44.793+0000] {processor.py:183} INFO - Processing /opt/airflow/dags/pipeline_dag.py took 0.179 seconds
[2026-05-10T17:42:15.296+0000] {processor.py:161} INFO - Started process (PID=25939) to work on /opt/airflow/dags/pipeline_dag.py
[2026-05-10T17:42:15.301+0000] {processor.py:830} INFO - Processing file /opt/airflow/dags/pipeline_dag.py for tasks to queue
[2026-05-10T17:42:15.304+0000] {logging_mixin.py:188} INFO - [2026-05-10T17:42:15.303+0000] {dagbag.py:545} INFO - Filling up the DagBag from /opt/airflow/dags/pipeline_dag.py
[2026-05-10T17:42:15.341+0000] {processor.py:840} INFO - DAG(s) 'ab_test_medallion_pipeline' retrieved from /opt/airflow/dags/pipeline_dag.py
[2026-05-10T17:42:15.402+0000] {logging_mixin.py:188} INFO - [2026-05-10T17:42:15.401+0000] {dag.py:3096} INFO - Sync 1 DAGs
[2026-05-10T17:42:15.443+0000] {logging_mixin.py:188} INFO - [2026-05-10T17:42:15.442+0000] {dag.py:3954} INFO - Setting next_dagrun for ab_test_medallion_pipeline to 2026-05-10 00:00:00+00:00, run_after=2026-05-11 00:00:00+00:00
[2026-05-10T17:42:15.475+0000] {processor.py:183} INFO - Processing /opt/airflow/dags/pipeline_dag.py took 0.201 seconds
[2026-05-10T17:42:46.043+0000] {processor.py:161} INFO - Started process (PID=25944) to work on /opt/airflow/dags/pipeline_dag.py
[2026-05-10T17:42:46.044+0000] {processor.py:830} INFO - Processing file /opt/airflow/dags/pipeline_dag.py for tasks to queue
[2026-05-10T17:42:46.046+0000] {logging_mixin.py:188} INFO - [2026-05-10T17:42:46.045+0000] {dagbag.py:545} INFO - Filling up the DagBag from /opt/airflow/dags/pipeline_dag.py
[2026-05-10T17:42:46.072+0000] {processor.py:840} INFO - DAG(s) 'ab_test_medallion_pipeline' retrieved from /opt/airflow/dags/pipeline_dag.py
[2026-05-10T17:42:46.120+0000] {logging_mixin.py:188} INFO - [2026-05-10T17:42:46.120+0000] {dag.py:3096} INFO - Sync 1 DAGs
[2026-05-10T17:42:46.157+0000] {logging_mixin.py:188} INFO - [2026-05-10T17:42:46.157+0000] {dag.py:3954} INFO - Setting next_dagrun for ab_test_medallion_pipeline to 2026-05-10 00:00:00+00:00, run_after=2026-05-11 00:00:00+00:00
[2026-05-10T17:42:46.189+0000] {processor.py:183} INFO - Processing /opt/airflow/dags/pipeline_dag.py took 0.156 seconds
[2026-05-10T17:43:16.584+0000] {processor.py:161} INFO - Started process (PID=25949) to work on /opt/airflow/dags/pipeline_dag.py
[2026-05-10T17:43:16.586+0000] {processor.py:830} INFO - Processing file /opt/airflow/dags/pipeline_dag.py for tasks to queue
[2026-05-10T17:43:16.589+0000] {logging_mixin.py:188} INFO - [2026-05-10T17:43:16.588+0000] {dagbag.py:545} INFO - Filling up the DagBag from /opt/airflow/dags/pipeline_dag.py
[2026-05-10T17:43:16.612+0000] {processor.py:840} INFO - DAG(s) 'ab_test_medallion_pipeline' retrieved from /opt/airflow/dags/pipeline_dag.py
[2026-05-10T17:43:16.661+0000] {logging_mixin.py:188} INFO - [2026-05-10T17:43:16.661+0000] {dag.py:3096} INFO - Sync 1 DAGs
[2026-05-10T17:43:16.701+0000] {logging_mixin.py:188} INFO - [2026-05-10T17:43:16.700+0000] {dag.py:3954} INFO - Setting next_dagrun for ab_test_medallion_pipeline to 2026-05-10 00:00:00+00:00, run_after=2026-05-11 00:00:00+00:00
[2026-05-10T17:43:16.732+0000] {processor.py:183} INFO - Processing /opt/airflow/dags/pipeline_dag.py took 0.158 seconds
[2026-05-10T17:43:46.842+0000] {processor.py:161} INFO - Started process (PID=25954) to work on /opt/airflow/dags/pipeline_dag.py
[2026-05-10T17:43:46.845+0000] {processor.py:830} INFO - Processing file /opt/airflow/dags/pipeline_dag.py for tasks to queue
[2026-05-10T17:43:46.848+0000] {logging_mixin.py:188} INFO - [2026-05-10T17:43:46.847+0000] {dagbag.py:545} INFO - Filling up the DagBag from /opt/airflow/dags/pipeline_dag.py
[2026-05-10T17:43:46.883+0000] {processor.py:840} INFO - DAG(s) 'ab_test_medallion_pipeline' retrieved from /opt/airflow/dags/pipeline_dag.py
[2026-05-10T17:43:46.938+0000] {logging_mixin.py:188} INFO - [2026-05-10T17:43:46.938+0000] {dag.py:3096} INFO - Sync 1 DAGs
[2026-05-10T17:43:46.977+0000] {logging_mixin.py:188} INFO - [2026-05-10T17:43:46.977+0000] {dag.py:3954} INFO - Setting next_dagrun for ab_test_medallion_pipeline to 2026-05-10 00:00:00+00:00, run_after=2026-05-11 00:00:00+00:00
[2026-05-10T17:43:47.008+0000] {processor.py:183} INFO - Processing /opt/airflow/dags/pipeline_dag.py took 0.185 seconds
[2026-05-10T17:44:17.123+0000] {processor.py:161} INFO - Started process (PID=25959) to work on /opt/airflow/dags/pipeline_dag.py
[2026-05-10T17:44:17.125+0000] {processor.py:830} INFO - Processing file /opt/airflow/dags/pipeline_dag.py for tasks to queue
[2026-05-10T17:44:17.126+0000] {logging_mixin.py:188} INFO - [2026-05-10T17:44:17.126+0000] {dagbag.py:545} INFO - Filling up the DagBag from /opt/airflow/dags/pipeline_dag.py
[2026-05-10T17:44:17.158+0000] {processor.py:840} INFO - DAG(s) 'ab_test_medallion_pipeline' retrieved from /opt/airflow/dags/pipeline_dag.py
[2026-05-10T17:44:17.205+0000] {logging_mixin.py:188} INFO - [2026-05-10T17:44:17.204+0000] {dag.py:3096} INFO - Sync 1 DAGs
[2026-05-10T17:44:17.242+0000] {logging_mixin.py:188} INFO - [2026-05-10T17:44:17.242+0000] {dag.py:3954} INFO - Setting next_dagrun for ab_test_medallion_pipeline to 2026-05-10 00:00:00+00:00, run_after=2026-05-11 00:00:00+00:00
[2026-05-10T17:44:17.276+0000] {processor.py:183} INFO - Processing /opt/airflow/dags/pipeline_dag.py took 0.168 seconds
