[2026-05-08T07:03:19.464+0000] {processor.py:161} INFO - Started process (PID=7906) to work on /opt/airflow/dags/pipeline_dag.py
[2026-05-08T07:03:19.466+0000] {processor.py:830} INFO - Processing file /opt/airflow/dags/pipeline_dag.py for tasks to queue
[2026-05-08T07:03:19.478+0000] {logging_mixin.py:188} INFO - [2026-05-08T07:03:19.467+0000] {dagbag.py:545} INFO - Filling up the DagBag from /opt/airflow/dags/pipeline_dag.py
[2026-05-08T07:03:19.842+0000] {processor.py:840} INFO - DAG(s) 'ab_test_medallion_pipeline' retrieved from /opt/airflow/dags/pipeline_dag.py
[2026-05-08T07:03:20.506+0000] {logging_mixin.py:188} INFO - [2026-05-08T07:03:20.506+0000] {dag.py:3096} INFO - Sync 1 DAGs
[2026-05-08T07:03:22.866+0000] {logging_mixin.py:188} INFO - [2026-05-08T07:03:22.865+0000] {dag.py:3954} INFO - Setting next_dagrun for ab_test_medallion_pipeline to 2026-05-08 00:00:00+00:00, run_after=2026-05-09 00:00:00+00:00
[2026-05-08T07:03:23.855+0000] {processor.py:183} INFO - Processing /opt/airflow/dags/pipeline_dag.py took 4.459 seconds
[2026-05-08T07:03:55.736+0000] {processor.py:161} INFO - Started process (PID=7912) to work on /opt/airflow/dags/pipeline_dag.py
[2026-05-08T07:03:55.738+0000] {processor.py:830} INFO - Processing file /opt/airflow/dags/pipeline_dag.py for tasks to queue
[2026-05-08T07:03:55.741+0000] {logging_mixin.py:188} INFO - [2026-05-08T07:03:55.740+0000] {dagbag.py:545} INFO - Filling up the DagBag from /opt/airflow/dags/pipeline_dag.py
[2026-05-08T07:03:55.886+0000] {processor.py:840} INFO - DAG(s) 'ab_test_medallion_pipeline' retrieved from /opt/airflow/dags/pipeline_dag.py
[2026-05-08T07:03:56.230+0000] {logging_mixin.py:188} INFO - [2026-05-08T07:03:56.229+0000] {dag.py:3096} INFO - Sync 1 DAGs
[2026-05-08T07:03:56.563+0000] {logging_mixin.py:188} INFO - [2026-05-08T07:03:56.562+0000] {dag.py:3954} INFO - Setting next_dagrun for ab_test_medallion_pipeline to 2026-05-08 00:00:00+00:00, run_after=2026-05-09 00:00:00+00:00
[2026-05-08T07:03:56.851+0000] {processor.py:183} INFO - Processing /opt/airflow/dags/pipeline_dag.py took 1.198 seconds
[2026-05-08T07:04:28.198+0000] {processor.py:161} INFO - Started process (PID=7939) to work on /opt/airflow/dags/pipeline_dag.py
[2026-05-08T07:04:28.201+0000] {processor.py:830} INFO - Processing file /opt/airflow/dags/pipeline_dag.py for tasks to queue
[2026-05-08T07:04:28.204+0000] {logging_mixin.py:188} INFO - [2026-05-08T07:04:28.203+0000] {dagbag.py:545} INFO - Filling up the DagBag from /opt/airflow/dags/pipeline_dag.py
[2026-05-08T07:04:28.313+0000] {processor.py:840} INFO - DAG(s) 'ab_test_medallion_pipeline' retrieved from /opt/airflow/dags/pipeline_dag.py
[2026-05-08T07:04:28.574+0000] {logging_mixin.py:188} INFO - [2026-05-08T07:04:28.573+0000] {dag.py:3096} INFO - Sync 1 DAGs
[2026-05-08T07:04:28.935+0000] {logging_mixin.py:188} INFO - [2026-05-08T07:04:28.933+0000] {dag.py:3954} INFO - Setting next_dagrun for ab_test_medallion_pipeline to 2026-05-08 00:00:00+00:00, run_after=2026-05-09 00:00:00+00:00
[2026-05-08T07:04:29.090+0000] {processor.py:183} INFO - Processing /opt/airflow/dags/pipeline_dag.py took 0.934 seconds
[2026-05-08T07:04:59.376+0000] {processor.py:161} INFO - Started process (PID=7989) to work on /opt/airflow/dags/pipeline_dag.py
[2026-05-08T07:04:59.384+0000] {processor.py:830} INFO - Processing file /opt/airflow/dags/pipeline_dag.py for tasks to queue
[2026-05-08T07:04:59.396+0000] {logging_mixin.py:188} INFO - [2026-05-08T07:04:59.392+0000] {dagbag.py:545} INFO - Filling up the DagBag from /opt/airflow/dags/pipeline_dag.py
[2026-05-08T07:04:59.561+0000] {processor.py:840} INFO - DAG(s) 'ab_test_medallion_pipeline' retrieved from /opt/airflow/dags/pipeline_dag.py
[2026-05-08T07:04:59.903+0000] {logging_mixin.py:188} INFO - [2026-05-08T07:04:59.902+0000] {dag.py:3096} INFO - Sync 1 DAGs
[2026-05-08T07:05:00.136+0000] {logging_mixin.py:188} INFO - [2026-05-08T07:05:00.136+0000] {dag.py:3954} INFO - Setting next_dagrun for ab_test_medallion_pipeline to 2026-05-08 00:00:00+00:00, run_after=2026-05-09 00:00:00+00:00
[2026-05-08T07:05:00.275+0000] {processor.py:183} INFO - Processing /opt/airflow/dags/pipeline_dag.py took 0.954 seconds
[2026-05-08T07:05:31.733+0000] {processor.py:161} INFO - Started process (PID=8024) to work on /opt/airflow/dags/pipeline_dag.py
[2026-05-08T07:05:31.743+0000] {processor.py:830} INFO - Processing file /opt/airflow/dags/pipeline_dag.py for tasks to queue
[2026-05-08T07:05:31.752+0000] {logging_mixin.py:188} INFO - [2026-05-08T07:05:31.751+0000] {dagbag.py:545} INFO - Filling up the DagBag from /opt/airflow/dags/pipeline_dag.py
[2026-05-08T07:05:31.969+0000] {processor.py:840} INFO - DAG(s) 'ab_test_medallion_pipeline' retrieved from /opt/airflow/dags/pipeline_dag.py
[2026-05-08T07:05:32.545+0000] {logging_mixin.py:188} INFO - [2026-05-08T07:05:32.545+0000] {dag.py:3096} INFO - Sync 1 DAGs
[2026-05-08T07:05:33.254+0000] {logging_mixin.py:188} INFO - [2026-05-08T07:05:33.252+0000] {dag.py:3954} INFO - Setting next_dagrun for ab_test_medallion_pipeline to 2026-05-08 00:00:00+00:00, run_after=2026-05-09 00:00:00+00:00
[2026-05-08T07:05:33.447+0000] {processor.py:183} INFO - Processing /opt/airflow/dags/pipeline_dag.py took 2.253 seconds
[2026-05-08T07:06:04.227+0000] {processor.py:161} INFO - Started process (PID=8029) to work on /opt/airflow/dags/pipeline_dag.py
[2026-05-08T07:06:04.565+0000] {processor.py:830} INFO - Processing file /opt/airflow/dags/pipeline_dag.py for tasks to queue
[2026-05-08T07:06:04.849+0000] {logging_mixin.py:188} INFO - [2026-05-08T07:06:04.847+0000] {dagbag.py:545} INFO - Filling up the DagBag from /opt/airflow/dags/pipeline_dag.py
[2026-05-08T07:06:04.982+0000] {processor.py:840} INFO - DAG(s) 'ab_test_medallion_pipeline' retrieved from /opt/airflow/dags/pipeline_dag.py
[2026-05-08T07:06:05.466+0000] {logging_mixin.py:188} INFO - [2026-05-08T07:06:05.462+0000] {dag.py:3096} INFO - Sync 1 DAGs
[2026-05-08T07:06:05.800+0000] {logging_mixin.py:188} INFO - [2026-05-08T07:06:05.799+0000] {dag.py:3954} INFO - Setting next_dagrun for ab_test_medallion_pipeline to 2026-05-08 00:00:00+00:00, run_after=2026-05-09 00:00:00+00:00
[2026-05-08T07:06:06.030+0000] {processor.py:183} INFO - Processing /opt/airflow/dags/pipeline_dag.py took 1.980 seconds
[2026-05-08T07:06:37.087+0000] {processor.py:161} INFO - Started process (PID=8099) to work on /opt/airflow/dags/pipeline_dag.py
[2026-05-08T07:06:37.145+0000] {processor.py:830} INFO - Processing file /opt/airflow/dags/pipeline_dag.py for tasks to queue
[2026-05-08T07:06:37.171+0000] {logging_mixin.py:188} INFO - [2026-05-08T07:06:37.159+0000] {dagbag.py:545} INFO - Filling up the DagBag from /opt/airflow/dags/pipeline_dag.py
[2026-05-08T07:06:37.428+0000] {processor.py:840} INFO - DAG(s) 'ab_test_medallion_pipeline' retrieved from /opt/airflow/dags/pipeline_dag.py
[2026-05-08T07:06:37.736+0000] {logging_mixin.py:188} INFO - [2026-05-08T07:06:37.735+0000] {dag.py:3096} INFO - Sync 1 DAGs
[2026-05-08T07:06:37.943+0000] {logging_mixin.py:188} INFO - [2026-05-08T07:06:37.942+0000] {dag.py:3954} INFO - Setting next_dagrun for ab_test_medallion_pipeline to 2026-05-08 00:00:00+00:00, run_after=2026-05-09 00:00:00+00:00
[2026-05-08T07:06:38.251+0000] {processor.py:183} INFO - Processing /opt/airflow/dags/pipeline_dag.py took 1.347 seconds
[2026-05-08T07:07:09.121+0000] {processor.py:161} INFO - Started process (PID=8114) to work on /opt/airflow/dags/pipeline_dag.py
[2026-05-08T07:07:09.137+0000] {processor.py:830} INFO - Processing file /opt/airflow/dags/pipeline_dag.py for tasks to queue
[2026-05-08T07:07:09.146+0000] {logging_mixin.py:188} INFO - [2026-05-08T07:07:09.140+0000] {dagbag.py:545} INFO - Filling up the DagBag from /opt/airflow/dags/pipeline_dag.py
[2026-05-08T07:07:09.560+0000] {processor.py:840} INFO - DAG(s) 'ab_test_medallion_pipeline' retrieved from /opt/airflow/dags/pipeline_dag.py
[2026-05-08T07:07:09.861+0000] {logging_mixin.py:188} INFO - [2026-05-08T07:07:09.860+0000] {dag.py:3096} INFO - Sync 1 DAGs
[2026-05-08T07:07:10.194+0000] {logging_mixin.py:188} INFO - [2026-05-08T07:07:10.192+0000] {dag.py:3954} INFO - Setting next_dagrun for ab_test_medallion_pipeline to 2026-05-08 00:00:00+00:00, run_after=2026-05-09 00:00:00+00:00
[2026-05-08T07:07:10.419+0000] {processor.py:183} INFO - Processing /opt/airflow/dags/pipeline_dag.py took 1.401 seconds
[2026-05-08T07:07:40.972+0000] {processor.py:161} INFO - Started process (PID=8155) to work on /opt/airflow/dags/pipeline_dag.py
[2026-05-08T07:07:40.989+0000] {processor.py:830} INFO - Processing file /opt/airflow/dags/pipeline_dag.py for tasks to queue
[2026-05-08T07:07:41.002+0000] {logging_mixin.py:188} INFO - [2026-05-08T07:07:41.001+0000] {dagbag.py:545} INFO - Filling up the DagBag from /opt/airflow/dags/pipeline_dag.py
[2026-05-08T07:07:41.078+0000] {processor.py:840} INFO - DAG(s) 'ab_test_medallion_pipeline' retrieved from /opt/airflow/dags/pipeline_dag.py
[2026-05-08T07:07:41.210+0000] {logging_mixin.py:188} INFO - [2026-05-08T07:07:41.209+0000] {dag.py:3096} INFO - Sync 1 DAGs
[2026-05-08T07:07:41.360+0000] {logging_mixin.py:188} INFO - [2026-05-08T07:07:41.359+0000] {dag.py:3954} INFO - Setting next_dagrun for ab_test_medallion_pipeline to 2026-05-08 00:00:00+00:00, run_after=2026-05-09 00:00:00+00:00
[2026-05-08T07:07:41.436+0000] {processor.py:183} INFO - Processing /opt/airflow/dags/pipeline_dag.py took 0.550 seconds
[2026-05-08T07:08:12.060+0000] {processor.py:161} INFO - Started process (PID=8257) to work on /opt/airflow/dags/pipeline_dag.py
[2026-05-08T07:08:12.084+0000] {processor.py:830} INFO - Processing file /opt/airflow/dags/pipeline_dag.py for tasks to queue
[2026-05-08T07:08:12.091+0000] {logging_mixin.py:188} INFO - [2026-05-08T07:08:12.088+0000] {dagbag.py:545} INFO - Filling up the DagBag from /opt/airflow/dags/pipeline_dag.py
[2026-05-08T07:08:12.156+0000] {processor.py:840} INFO - DAG(s) 'ab_test_medallion_pipeline' retrieved from /opt/airflow/dags/pipeline_dag.py
[2026-05-08T07:08:12.316+0000] {logging_mixin.py:188} INFO - [2026-05-08T07:08:12.316+0000] {dag.py:3096} INFO - Sync 1 DAGs
[2026-05-08T07:08:12.406+0000] {logging_mixin.py:188} INFO - [2026-05-08T07:08:12.405+0000] {dag.py:3954} INFO - Setting next_dagrun for ab_test_medallion_pipeline to 2026-05-08 00:00:00+00:00, run_after=2026-05-09 00:00:00+00:00
[2026-05-08T07:08:12.457+0000] {processor.py:183} INFO - Processing /opt/airflow/dags/pipeline_dag.py took 0.477 seconds
[2026-05-08T07:08:43.084+0000] {processor.py:161} INFO - Started process (PID=8406) to work on /opt/airflow/dags/pipeline_dag.py
[2026-05-08T07:08:43.090+0000] {processor.py:830} INFO - Processing file /opt/airflow/dags/pipeline_dag.py for tasks to queue
[2026-05-08T07:08:43.098+0000] {logging_mixin.py:188} INFO - [2026-05-08T07:08:43.093+0000] {dagbag.py:545} INFO - Filling up the DagBag from /opt/airflow/dags/pipeline_dag.py
[2026-05-08T07:08:43.174+0000] {processor.py:840} INFO - DAG(s) 'ab_test_medallion_pipeline' retrieved from /opt/airflow/dags/pipeline_dag.py
[2026-05-08T07:08:43.276+0000] {logging_mixin.py:188} INFO - [2026-05-08T07:08:43.275+0000] {dag.py:3096} INFO - Sync 1 DAGs
[2026-05-08T07:08:43.350+0000] {logging_mixin.py:188} INFO - [2026-05-08T07:08:43.349+0000] {dag.py:3954} INFO - Setting next_dagrun for ab_test_medallion_pipeline to 2026-05-08 00:00:00+00:00, run_after=2026-05-09 00:00:00+00:00
[2026-05-08T07:08:43.482+0000] {processor.py:183} INFO - Processing /opt/airflow/dags/pipeline_dag.py took 0.444 seconds
[2026-05-08T07:09:14.120+0000] {processor.py:161} INFO - Started process (PID=8429) to work on /opt/airflow/dags/pipeline_dag.py
[2026-05-08T07:09:14.125+0000] {processor.py:830} INFO - Processing file /opt/airflow/dags/pipeline_dag.py for tasks to queue
[2026-05-08T07:09:14.133+0000] {logging_mixin.py:188} INFO - [2026-05-08T07:09:14.132+0000] {dagbag.py:545} INFO - Filling up the DagBag from /opt/airflow/dags/pipeline_dag.py
[2026-05-08T07:09:14.272+0000] {processor.py:840} INFO - DAG(s) 'ab_test_medallion_pipeline' retrieved from /opt/airflow/dags/pipeline_dag.py
[2026-05-08T07:09:14.579+0000] {logging_mixin.py:188} INFO - [2026-05-08T07:09:14.577+0000] {dag.py:3096} INFO - Sync 1 DAGs
[2026-05-08T07:09:14.911+0000] {logging_mixin.py:188} INFO - [2026-05-08T07:09:14.910+0000] {dag.py:3954} INFO - Setting next_dagrun for ab_test_medallion_pipeline to 2026-05-08 00:00:00+00:00, run_after=2026-05-09 00:00:00+00:00
[2026-05-08T07:09:14.539+0000] {processor.py:183} INFO - Processing /opt/airflow/dags/pipeline_dag.py took 1.051 seconds
[2026-05-08T07:09:45.353+0000] {processor.py:161} INFO - Started process (PID=8434) to work on /opt/airflow/dags/pipeline_dag.py
[2026-05-08T07:09:45.355+0000] {processor.py:830} INFO - Processing file /opt/airflow/dags/pipeline_dag.py for tasks to queue
[2026-05-08T07:09:45.358+0000] {logging_mixin.py:188} INFO - [2026-05-08T07:09:45.357+0000] {dagbag.py:545} INFO - Filling up the DagBag from /opt/airflow/dags/pipeline_dag.py
[2026-05-08T07:09:45.407+0000] {processor.py:840} INFO - DAG(s) 'ab_test_medallion_pipeline' retrieved from /opt/airflow/dags/pipeline_dag.py
[2026-05-08T07:09:45.532+0000] {logging_mixin.py:188} INFO - [2026-05-08T07:09:45.529+0000] {dag.py:3096} INFO - Sync 1 DAGs
[2026-05-08T07:09:45.648+0000] {logging_mixin.py:188} INFO - [2026-05-08T07:09:45.646+0000] {dag.py:3954} INFO - Setting next_dagrun for ab_test_medallion_pipeline to 2026-05-08 00:00:00+00:00, run_after=2026-05-09 00:00:00+00:00
[2026-05-08T07:09:45.711+0000] {processor.py:183} INFO - Processing /opt/airflow/dags/pipeline_dag.py took 0.400 seconds
[2026-05-08T07:10:16.107+0000] {processor.py:161} INFO - Started process (PID=8439) to work on /opt/airflow/dags/pipeline_dag.py
[2026-05-08T07:10:16.110+0000] {processor.py:830} INFO - Processing file /opt/airflow/dags/pipeline_dag.py for tasks to queue
[2026-05-08T07:10:16.118+0000] {logging_mixin.py:188} INFO - [2026-05-08T07:10:16.115+0000] {dagbag.py:545} INFO - Filling up the DagBag from /opt/airflow/dags/pipeline_dag.py
[2026-05-08T07:10:16.233+0000] {processor.py:840} INFO - DAG(s) 'ab_test_medallion_pipeline' retrieved from /opt/airflow/dags/pipeline_dag.py
[2026-05-08T07:10:16.406+0000] {logging_mixin.py:188} INFO - [2026-05-08T07:10:16.405+0000] {dag.py:3096} INFO - Sync 1 DAGs
[2026-05-08T07:10:16.520+0000] {logging_mixin.py:188} INFO - [2026-05-08T07:10:16.520+0000] {dag.py:3954} INFO - Setting next_dagrun for ab_test_medallion_pipeline to 2026-05-08 00:00:00+00:00, run_after=2026-05-09 00:00:00+00:00
[2026-05-08T07:10:16.625+0000] {processor.py:183} INFO - Processing /opt/airflow/dags/pipeline_dag.py took 0.557 seconds
[2026-05-08T07:10:47.204+0000] {processor.py:161} INFO - Started process (PID=8444) to work on /opt/airflow/dags/pipeline_dag.py
[2026-05-08T07:10:47.206+0000] {processor.py:830} INFO - Processing file /opt/airflow/dags/pipeline_dag.py for tasks to queue
[2026-05-08T07:10:47.208+0000] {logging_mixin.py:188} INFO - [2026-05-08T07:10:47.207+0000] {dagbag.py:545} INFO - Filling up the DagBag from /opt/airflow/dags/pipeline_dag.py
[2026-05-08T07:10:47.243+0000] {processor.py:840} INFO - DAG(s) 'ab_test_medallion_pipeline' retrieved from /opt/airflow/dags/pipeline_dag.py
[2026-05-08T07:10:47.313+0000] {logging_mixin.py:188} INFO - [2026-05-08T07:10:47.312+0000] {dag.py:3096} INFO - Sync 1 DAGs
[2026-05-08T07:10:47.360+0000] {logging_mixin.py:188} INFO - [2026-05-08T07:10:47.359+0000] {dag.py:3954} INFO - Setting next_dagrun for ab_test_medallion_pipeline to 2026-05-08 00:00:00+00:00, run_after=2026-05-09 00:00:00+00:00
[2026-05-08T07:10:47.406+0000] {processor.py:183} INFO - Processing /opt/airflow/dags/pipeline_dag.py took 0.218 seconds
[2026-05-08T07:11:18.236+0000] {processor.py:161} INFO - Started process (PID=8449) to work on /opt/airflow/dags/pipeline_dag.py
[2026-05-08T07:11:18.239+0000] {processor.py:830} INFO - Processing file /opt/airflow/dags/pipeline_dag.py for tasks to queue
[2026-05-08T07:11:18.243+0000] {logging_mixin.py:188} INFO - [2026-05-08T07:11:18.241+0000] {dagbag.py:545} INFO - Filling up the DagBag from /opt/airflow/dags/pipeline_dag.py
[2026-05-08T07:11:18.286+0000] {processor.py:840} INFO - DAG(s) 'ab_test_medallion_pipeline' retrieved from /opt/airflow/dags/pipeline_dag.py
[2026-05-08T07:11:18.347+0000] {logging_mixin.py:188} INFO - [2026-05-08T07:11:18.346+0000] {dag.py:3096} INFO - Sync 1 DAGs
[2026-05-08T07:11:18.389+0000] {logging_mixin.py:188} INFO - [2026-05-08T07:11:18.389+0000] {dag.py:3954} INFO - Setting next_dagrun for ab_test_medallion_pipeline to 2026-05-08 00:00:00+00:00, run_after=2026-05-09 00:00:00+00:00
[2026-05-08T07:11:18.434+0000] {processor.py:183} INFO - Processing /opt/airflow/dags/pipeline_dag.py took 0.217 seconds
[2026-05-08T07:11:49.135+0000] {processor.py:161} INFO - Started process (PID=8454) to work on /opt/airflow/dags/pipeline_dag.py
[2026-05-08T07:11:49.141+0000] {processor.py:830} INFO - Processing file /opt/airflow/dags/pipeline_dag.py for tasks to queue
[2026-05-08T07:11:49.148+0000] {logging_mixin.py:188} INFO - [2026-05-08T07:11:49.145+0000] {dagbag.py:545} INFO - Filling up the DagBag from /opt/airflow/dags/pipeline_dag.py
[2026-05-08T07:11:49.195+0000] {processor.py:840} INFO - DAG(s) 'ab_test_medallion_pipeline' retrieved from /opt/airflow/dags/pipeline_dag.py
[2026-05-08T07:11:49.245+0000] {logging_mixin.py:188} INFO - [2026-05-08T07:11:49.245+0000] {dag.py:3096} INFO - Sync 1 DAGs
[2026-05-08T07:11:49.285+0000] {logging_mixin.py:188} INFO - [2026-05-08T07:11:49.284+0000] {dag.py:3954} INFO - Setting next_dagrun for ab_test_medallion_pipeline to 2026-05-08 00:00:00+00:00, run_after=2026-05-09 00:00:00+00:00
[2026-05-08T07:11:49.314+0000] {processor.py:183} INFO - Processing /opt/airflow/dags/pipeline_dag.py took 0.213 seconds
[2026-05-08T07:12:20.095+0000] {processor.py:161} INFO - Started process (PID=8459) to work on /opt/airflow/dags/pipeline_dag.py
[2026-05-08T07:12:20.100+0000] {processor.py:830} INFO - Processing file /opt/airflow/dags/pipeline_dag.py for tasks to queue
[2026-05-08T07:12:20.103+0000] {logging_mixin.py:188} INFO - [2026-05-08T07:12:20.101+0000] {dagbag.py:545} INFO - Filling up the DagBag from /opt/airflow/dags/pipeline_dag.py
[2026-05-08T07:12:20.136+0000] {processor.py:840} INFO - DAG(s) 'ab_test_medallion_pipeline' retrieved from /opt/airflow/dags/pipeline_dag.py
[2026-05-08T07:12:20.210+0000] {logging_mixin.py:188} INFO - [2026-05-08T07:12:20.210+0000] {dag.py:3096} INFO - Sync 1 DAGs
[2026-05-08T07:12:20.269+0000] {logging_mixin.py:188} INFO - [2026-05-08T07:12:20.269+0000] {dag.py:3954} INFO - Setting next_dagrun for ab_test_medallion_pipeline to 2026-05-08 00:00:00+00:00, run_after=2026-05-09 00:00:00+00:00
[2026-05-08T07:12:20.303+0000] {processor.py:183} INFO - Processing /opt/airflow/dags/pipeline_dag.py took 0.229 seconds
[2026-05-08T07:12:50.949+0000] {processor.py:161} INFO - Started process (PID=8464) to work on /opt/airflow/dags/pipeline_dag.py
[2026-05-08T07:12:50.951+0000] {processor.py:830} INFO - Processing file /opt/airflow/dags/pipeline_dag.py for tasks to queue
[2026-05-08T07:12:50.954+0000] {logging_mixin.py:188} INFO - [2026-05-08T07:12:50.953+0000] {dagbag.py:545} INFO - Filling up the DagBag from /opt/airflow/dags/pipeline_dag.py
[2026-05-08T07:12:51.010+0000] {processor.py:840} INFO - DAG(s) 'ab_test_medallion_pipeline' retrieved from /opt/airflow/dags/pipeline_dag.py
[2026-05-08T07:12:51.074+0000] {logging_mixin.py:188} INFO - [2026-05-08T07:12:51.073+0000] {dag.py:3096} INFO - Sync 1 DAGs
[2026-05-08T07:12:51.129+0000] {logging_mixin.py:188} INFO - [2026-05-08T07:12:51.129+0000] {dag.py:3954} INFO - Setting next_dagrun for ab_test_medallion_pipeline to 2026-05-08 00:00:00+00:00, run_after=2026-05-09 00:00:00+00:00
[2026-05-08T07:12:51.165+0000] {processor.py:183} INFO - Processing /opt/airflow/dags/pipeline_dag.py took 0.252 seconds
[2026-05-08T07:13:21.820+0000] {processor.py:161} INFO - Started process (PID=8469) to work on /opt/airflow/dags/pipeline_dag.py
[2026-05-08T07:13:21.824+0000] {processor.py:830} INFO - Processing file /opt/airflow/dags/pipeline_dag.py for tasks to queue
[2026-05-08T07:13:21.825+0000] {logging_mixin.py:188} INFO - [2026-05-08T07:13:21.825+0000] {dagbag.py:545} INFO - Filling up the DagBag from /opt/airflow/dags/pipeline_dag.py
[2026-05-08T07:13:21.864+0000] {processor.py:840} INFO - DAG(s) 'ab_test_medallion_pipeline' retrieved from /opt/airflow/dags/pipeline_dag.py
[2026-05-08T07:13:21.923+0000] {logging_mixin.py:188} INFO - [2026-05-08T07:13:21.923+0000] {dag.py:3096} INFO - Sync 1 DAGs
[2026-05-08T07:13:21.967+0000] {logging_mixin.py:188} INFO - [2026-05-08T07:13:21.966+0000] {dag.py:3954} INFO - Setting next_dagrun for ab_test_medallion_pipeline to 2026-05-08 00:00:00+00:00, run_after=2026-05-09 00:00:00+00:00
[2026-05-08T07:13:22.002+0000] {processor.py:183} INFO - Processing /opt/airflow/dags/pipeline_dag.py took 0.207 seconds
[2026-05-08T07:13:52.797+0000] {processor.py:161} INFO - Started process (PID=8474) to work on /opt/airflow/dags/pipeline_dag.py
[2026-05-08T07:13:52.800+0000] {processor.py:830} INFO - Processing file /opt/airflow/dags/pipeline_dag.py for tasks to queue
[2026-05-08T07:13:52.803+0000] {logging_mixin.py:188} INFO - [2026-05-08T07:13:52.802+0000] {dagbag.py:545} INFO - Filling up the DagBag from /opt/airflow/dags/pipeline_dag.py
[2026-05-08T07:13:52.844+0000] {processor.py:840} INFO - DAG(s) 'ab_test_medallion_pipeline' retrieved from /opt/airflow/dags/pipeline_dag.py
[2026-05-08T07:13:52.949+0000] {logging_mixin.py:188} INFO - [2026-05-08T07:13:52.949+0000] {dag.py:3096} INFO - Sync 1 DAGs
[2026-05-08T07:13:53.008+0000] {logging_mixin.py:188} INFO - [2026-05-08T07:13:53.008+0000] {dag.py:3954} INFO - Setting next_dagrun for ab_test_medallion_pipeline to 2026-05-08 00:00:00+00:00, run_after=2026-05-09 00:00:00+00:00
[2026-05-08T07:13:53.046+0000] {processor.py:183} INFO - Processing /opt/airflow/dags/pipeline_dag.py took 0.295 seconds
[2026-05-08T07:14:23.598+0000] {processor.py:161} INFO - Started process (PID=8479) to work on /opt/airflow/dags/pipeline_dag.py
[2026-05-08T07:14:23.601+0000] {processor.py:830} INFO - Processing file /opt/airflow/dags/pipeline_dag.py for tasks to queue
[2026-05-08T07:14:23.604+0000] {logging_mixin.py:188} INFO - [2026-05-08T07:14:23.603+0000] {dagbag.py:545} INFO - Filling up the DagBag from /opt/airflow/dags/pipeline_dag.py
[2026-05-08T07:14:23.633+0000] {processor.py:840} INFO - DAG(s) 'ab_test_medallion_pipeline' retrieved from /opt/airflow/dags/pipeline_dag.py
[2026-05-08T07:14:23.687+0000] {logging_mixin.py:188} INFO - [2026-05-08T07:14:23.687+0000] {dag.py:3096} INFO - Sync 1 DAGs
[2026-05-08T07:14:23.724+0000] {logging_mixin.py:188} INFO - [2026-05-08T07:14:23.724+0000] {dag.py:3954} INFO - Setting next_dagrun for ab_test_medallion_pipeline to 2026-05-08 00:00:00+00:00, run_after=2026-05-09 00:00:00+00:00
[2026-05-08T07:14:23.760+0000] {processor.py:183} INFO - Processing /opt/airflow/dags/pipeline_dag.py took 0.184 seconds
[2026-05-08T07:14:54.125+0000] {processor.py:161} INFO - Started process (PID=8484) to work on /opt/airflow/dags/pipeline_dag.py
[2026-05-08T07:14:54.145+0000] {processor.py:830} INFO - Processing file /opt/airflow/dags/pipeline_dag.py for tasks to queue
[2026-05-08T07:14:54.159+0000] {logging_mixin.py:188} INFO - [2026-05-08T07:14:54.152+0000] {dagbag.py:545} INFO - Filling up the DagBag from /opt/airflow/dags/pipeline_dag.py
[2026-05-08T07:14:54.377+0000] {processor.py:840} INFO - DAG(s) 'ab_test_medallion_pipeline' retrieved from /opt/airflow/dags/pipeline_dag.py
[2026-05-08T07:14:54.690+0000] {logging_mixin.py:188} INFO - [2026-05-08T07:14:54.689+0000] {dag.py:3096} INFO - Sync 1 DAGs
[2026-05-08T07:14:54.910+0000] {logging_mixin.py:188} INFO - [2026-05-08T07:14:54.909+0000] {dag.py:3954} INFO - Setting next_dagrun for ab_test_medallion_pipeline to 2026-05-08 00:00:00+00:00, run_after=2026-05-09 00:00:00+00:00
[2026-05-08T07:14:55.033+0000] {processor.py:183} INFO - Processing /opt/airflow/dags/pipeline_dag.py took 1.043 seconds
[2026-05-08T07:15:26.227+0000] {processor.py:161} INFO - Started process (PID=8489) to work on /opt/airflow/dags/pipeline_dag.py
[2026-05-08T07:15:26.350+0000] {processor.py:830} INFO - Processing file /opt/airflow/dags/pipeline_dag.py for tasks to queue
[2026-05-08T07:15:26.431+0000] {logging_mixin.py:188} INFO - [2026-05-08T07:15:26.382+0000] {dagbag.py:545} INFO - Filling up the DagBag from /opt/airflow/dags/pipeline_dag.py
[2026-05-08T07:15:27.505+0000] {processor.py:840} INFO - DAG(s) 'ab_test_medallion_pipeline' retrieved from /opt/airflow/dags/pipeline_dag.py
[2026-05-08T07:15:30.353+0000] {logging_mixin.py:188} INFO - [2026-05-08T07:15:30.351+0000] {dag.py:3096} INFO - Sync 1 DAGs
[2026-05-08T07:15:31.076+0000] {logging_mixin.py:188} INFO - [2026-05-08T07:15:31.071+0000] {dag.py:3954} INFO - Setting next_dagrun for ab_test_medallion_pipeline to 2026-05-08 00:00:00+00:00, run_after=2026-05-09 00:00:00+00:00
[2026-05-08T07:15:31.402+0000] {processor.py:183} INFO - Processing /opt/airflow/dags/pipeline_dag.py took 5.453 seconds
[2026-05-08T07:16:01.744+0000] {processor.py:161} INFO - Started process (PID=8513) to work on /opt/airflow/dags/pipeline_dag.py
[2026-05-08T07:16:01.752+0000] {processor.py:830} INFO - Processing file /opt/airflow/dags/pipeline_dag.py for tasks to queue
[2026-05-08T07:16:01.756+0000] {logging_mixin.py:188} INFO - [2026-05-08T07:16:01.754+0000] {dagbag.py:545} INFO - Filling up the DagBag from /opt/airflow/dags/pipeline_dag.py
[2026-05-08T07:16:01.964+0000] {processor.py:840} INFO - DAG(s) 'ab_test_medallion_pipeline' retrieved from /opt/airflow/dags/pipeline_dag.py
[2026-05-08T07:16:02.263+0000] {logging_mixin.py:188} INFO - [2026-05-08T07:16:02.261+0000] {dag.py:3096} INFO - Sync 1 DAGs
[2026-05-08T07:16:02.535+0000] {logging_mixin.py:188} INFO - [2026-05-08T07:16:02.534+0000] {dag.py:3954} INFO - Setting next_dagrun for ab_test_medallion_pipeline to 2026-05-08 00:00:00+00:00, run_after=2026-05-09 00:00:00+00:00
[2026-05-08T07:16:02.600+0000] {processor.py:183} INFO - Processing /opt/airflow/dags/pipeline_dag.py took 0.901 seconds
[2026-05-08T07:16:33.222+0000] {processor.py:161} INFO - Started process (PID=8518) to work on /opt/airflow/dags/pipeline_dag.py
[2026-05-08T07:16:33.236+0000] {processor.py:830} INFO - Processing file /opt/airflow/dags/pipeline_dag.py for tasks to queue
[2026-05-08T07:16:33.242+0000] {logging_mixin.py:188} INFO - [2026-05-08T07:16:33.237+0000] {dagbag.py:545} INFO - Filling up the DagBag from /opt/airflow/dags/pipeline_dag.py
[2026-05-08T07:16:33.917+0000] {processor.py:840} INFO - DAG(s) 'ab_test_medallion_pipeline' retrieved from /opt/airflow/dags/pipeline_dag.py
[2026-05-08T07:16:34.570+0000] {logging_mixin.py:188} INFO - [2026-05-08T07:16:34.569+0000] {dag.py:3096} INFO - Sync 1 DAGs
[2026-05-08T07:16:35.521+0000] {logging_mixin.py:188} INFO - [2026-05-08T07:16:35.498+0000] {dag.py:3954} INFO - Setting next_dagrun for ab_test_medallion_pipeline to 2026-05-08 00:00:00+00:00, run_after=2026-05-09 00:00:00+00:00
[2026-05-08T07:16:36.006+0000] {processor.py:183} INFO - Processing /opt/airflow/dags/pipeline_dag.py took 2.883 seconds
[2026-05-08T07:17:07.224+0000] {processor.py:161} INFO - Started process (PID=8639) to work on /opt/airflow/dags/pipeline_dag.py
[2026-05-08T07:17:07.236+0000] {processor.py:830} INFO - Processing file /opt/airflow/dags/pipeline_dag.py for tasks to queue
[2026-05-08T07:17:07.266+0000] {logging_mixin.py:188} INFO - [2026-05-08T07:17:07.253+0000] {dagbag.py:545} INFO - Filling up the DagBag from /opt/airflow/dags/pipeline_dag.py
[2026-05-08T07:17:07.598+0000] {processor.py:840} INFO - DAG(s) 'ab_test_medallion_pipeline' retrieved from /opt/airflow/dags/pipeline_dag.py
[2026-05-08T07:17:08.105+0000] {logging_mixin.py:188} INFO - [2026-05-08T07:17:08.104+0000] {dag.py:3096} INFO - Sync 1 DAGs
[2026-05-08T07:17:08.704+0000] {logging_mixin.py:188} INFO - [2026-05-08T07:17:08.703+0000] {dag.py:3954} INFO - Setting next_dagrun for ab_test_medallion_pipeline to 2026-05-08 00:00:00+00:00, run_after=2026-05-09 00:00:00+00:00
[2026-05-08T07:17:08.844+0000] {processor.py:183} INFO - Processing /opt/airflow/dags/pipeline_dag.py took 1.905 seconds
[2026-05-08T07:17:39.669+0000] {processor.py:161} INFO - Started process (PID=8685) to work on /opt/airflow/dags/pipeline_dag.py
[2026-05-08T07:17:39.670+0000] {processor.py:830} INFO - Processing file /opt/airflow/dags/pipeline_dag.py for tasks to queue
[2026-05-08T07:17:39.672+0000] {logging_mixin.py:188} INFO - [2026-05-08T07:17:39.671+0000] {dagbag.py:545} INFO - Filling up the DagBag from /opt/airflow/dags/pipeline_dag.py
[2026-05-08T07:17:39.717+0000] {processor.py:840} INFO - DAG(s) 'ab_test_medallion_pipeline' retrieved from /opt/airflow/dags/pipeline_dag.py
[2026-05-08T07:17:39.859+0000] {logging_mixin.py:188} INFO - [2026-05-08T07:17:39.858+0000] {dag.py:3096} INFO - Sync 1 DAGs
[2026-05-08T07:17:39.923+0000] {logging_mixin.py:188} INFO - [2026-05-08T07:17:39.922+0000] {dag.py:3954} INFO - Setting next_dagrun for ab_test_medallion_pipeline to 2026-05-08 00:00:00+00:00, run_after=2026-05-09 00:00:00+00:00
[2026-05-08T07:17:40.005+0000] {processor.py:183} INFO - Processing /opt/airflow/dags/pipeline_dag.py took 0.354 seconds
[2026-05-08T07:18:10.143+0000] {processor.py:161} INFO - Started process (PID=8748) to work on /opt/airflow/dags/pipeline_dag.py
[2026-05-08T07:18:10.156+0000] {processor.py:830} INFO - Processing file /opt/airflow/dags/pipeline_dag.py for tasks to queue
[2026-05-08T07:18:10.158+0000] {logging_mixin.py:188} INFO - [2026-05-08T07:18:10.157+0000] {dagbag.py:545} INFO - Filling up the DagBag from /opt/airflow/dags/pipeline_dag.py
[2026-05-08T07:18:10.272+0000] {processor.py:840} INFO - DAG(s) 'ab_test_medallion_pipeline' retrieved from /opt/airflow/dags/pipeline_dag.py
[2026-05-08T07:18:10.538+0000] {logging_mixin.py:188} INFO - [2026-05-08T07:18:10.538+0000] {dag.py:3096} INFO - Sync 1 DAGs
[2026-05-08T07:18:10.796+0000] {logging_mixin.py:188} INFO - [2026-05-08T07:18:10.784+0000] {dag.py:3954} INFO - Setting next_dagrun for ab_test_medallion_pipeline to 2026-05-08 00:00:00+00:00, run_after=2026-05-09 00:00:00+00:00
[2026-05-08T07:18:11.009+0000] {processor.py:183} INFO - Processing /opt/airflow/dags/pipeline_dag.py took 0.915 seconds
[2026-05-08T07:18:41.759+0000] {processor.py:161} INFO - Started process (PID=8800) to work on /opt/airflow/dags/pipeline_dag.py
[2026-05-08T07:18:41.779+0000] {processor.py:830} INFO - Processing file /opt/airflow/dags/pipeline_dag.py for tasks to queue
[2026-05-08T07:18:41.801+0000] {logging_mixin.py:188} INFO - [2026-05-08T07:18:41.800+0000] {dagbag.py:545} INFO - Filling up the DagBag from /opt/airflow/dags/pipeline_dag.py
[2026-05-08T07:18:41.997+0000] {processor.py:840} INFO - DAG(s) 'ab_test_medallion_pipeline' retrieved from /opt/airflow/dags/pipeline_dag.py
[2026-05-08T07:18:42.225+0000] {logging_mixin.py:188} INFO - [2026-05-08T07:18:42.224+0000] {dag.py:3096} INFO - Sync 1 DAGs
[2026-05-08T07:18:42.442+0000] {logging_mixin.py:188} INFO - [2026-05-08T07:18:42.442+0000] {dag.py:3954} INFO - Setting next_dagrun for ab_test_medallion_pipeline to 2026-05-08 00:00:00+00:00, run_after=2026-05-09 00:00:00+00:00
[2026-05-08T07:18:42.710+0000] {processor.py:183} INFO - Processing /opt/airflow/dags/pipeline_dag.py took 1.040 seconds
[2026-05-08T07:19:13.284+0000] {processor.py:161} INFO - Started process (PID=8814) to work on /opt/airflow/dags/pipeline_dag.py
[2026-05-08T07:19:13.286+0000] {processor.py:830} INFO - Processing file /opt/airflow/dags/pipeline_dag.py for tasks to queue
[2026-05-08T07:19:13.292+0000] {logging_mixin.py:188} INFO - [2026-05-08T07:19:13.291+0000] {dagbag.py:545} INFO - Filling up the DagBag from /opt/airflow/dags/pipeline_dag.py
[2026-05-08T07:19:13.352+0000] {processor.py:840} INFO - DAG(s) 'ab_test_medallion_pipeline' retrieved from /opt/airflow/dags/pipeline_dag.py
[2026-05-08T07:19:13.494+0000] {logging_mixin.py:188} INFO - [2026-05-08T07:19:13.493+0000] {dag.py:3096} INFO - Sync 1 DAGs
[2026-05-08T07:19:13.668+0000] {logging_mixin.py:188} INFO - [2026-05-08T07:19:13.656+0000] {dag.py:3954} INFO - Setting next_dagrun for ab_test_medallion_pipeline to 2026-05-08 00:00:00+00:00, run_after=2026-05-09 00:00:00+00:00
[2026-05-08T07:19:13.769+0000] {processor.py:183} INFO - Processing /opt/airflow/dags/pipeline_dag.py took 0.507 seconds
[2026-05-08T07:19:44.434+0000] {processor.py:161} INFO - Started process (PID=8819) to work on /opt/airflow/dags/pipeline_dag.py
[2026-05-08T07:19:44.437+0000] {processor.py:830} INFO - Processing file /opt/airflow/dags/pipeline_dag.py for tasks to queue
[2026-05-08T07:19:44.440+0000] {logging_mixin.py:188} INFO - [2026-05-08T07:19:44.439+0000] {dagbag.py:545} INFO - Filling up the DagBag from /opt/airflow/dags/pipeline_dag.py
[2026-05-08T07:19:44.487+0000] {processor.py:840} INFO - DAG(s) 'ab_test_medallion_pipeline' retrieved from /opt/airflow/dags/pipeline_dag.py
[2026-05-08T07:19:44.590+0000] {logging_mixin.py:188} INFO - [2026-05-08T07:19:44.590+0000] {dag.py:3096} INFO - Sync 1 DAGs
[2026-05-08T07:19:44.743+0000] {logging_mixin.py:188} INFO - [2026-05-08T07:19:44.731+0000] {dag.py:3954} INFO - Setting next_dagrun for ab_test_medallion_pipeline to 2026-05-08 00:00:00+00:00, run_after=2026-05-09 00:00:00+00:00
[2026-05-08T07:19:44.905+0000] {processor.py:183} INFO - Processing /opt/airflow/dags/pipeline_dag.py took 0.511 seconds
[2026-05-08T07:20:15.129+0000] {processor.py:161} INFO - Started process (PID=8824) to work on /opt/airflow/dags/pipeline_dag.py
[2026-05-08T07:20:15.131+0000] {processor.py:830} INFO - Processing file /opt/airflow/dags/pipeline_dag.py for tasks to queue
[2026-05-08T07:20:15.135+0000] {logging_mixin.py:188} INFO - [2026-05-08T07:20:15.133+0000] {dagbag.py:545} INFO - Filling up the DagBag from /opt/airflow/dags/pipeline_dag.py
[2026-05-08T07:20:15.305+0000] {processor.py:840} INFO - DAG(s) 'ab_test_medallion_pipeline' retrieved from /opt/airflow/dags/pipeline_dag.py
[2026-05-08T07:20:15.526+0000] {logging_mixin.py:188} INFO - [2026-05-08T07:20:15.525+0000] {dag.py:3096} INFO - Sync 1 DAGs
[2026-05-08T07:20:15.764+0000] {logging_mixin.py:188} INFO - [2026-05-08T07:20:15.763+0000] {dag.py:3954} INFO - Setting next_dagrun for ab_test_medallion_pipeline to 2026-05-08 00:00:00+00:00, run_after=2026-05-09 00:00:00+00:00
[2026-05-08T07:20:15.842+0000] {processor.py:183} INFO - Processing /opt/airflow/dags/pipeline_dag.py took 0.749 seconds
[2026-05-08T07:20:46.276+0000] {processor.py:161} INFO - Started process (PID=8829) to work on /opt/airflow/dags/pipeline_dag.py
[2026-05-08T07:20:46.278+0000] {processor.py:830} INFO - Processing file /opt/airflow/dags/pipeline_dag.py for tasks to queue
[2026-05-08T07:20:46.280+0000] {logging_mixin.py:188} INFO - [2026-05-08T07:20:46.279+0000] {dagbag.py:545} INFO - Filling up the DagBag from /opt/airflow/dags/pipeline_dag.py
[2026-05-08T07:20:46.330+0000] {processor.py:840} INFO - DAG(s) 'ab_test_medallion_pipeline' retrieved from /opt/airflow/dags/pipeline_dag.py
[2026-05-08T07:20:46.415+0000] {logging_mixin.py:188} INFO - [2026-05-08T07:20:46.414+0000] {dag.py:3096} INFO - Sync 1 DAGs
[2026-05-08T07:20:46.483+0000] {logging_mixin.py:188} INFO - [2026-05-08T07:20:46.483+0000] {dag.py:3954} INFO - Setting next_dagrun for ab_test_medallion_pipeline to 2026-05-08 00:00:00+00:00, run_after=2026-05-09 00:00:00+00:00
[2026-05-08T07:20:46.534+0000] {processor.py:183} INFO - Processing /opt/airflow/dags/pipeline_dag.py took 0.276 seconds
[2026-05-08T07:21:16.635+0000] {processor.py:161} INFO - Started process (PID=8834) to work on /opt/airflow/dags/pipeline_dag.py
[2026-05-08T07:21:16.639+0000] {processor.py:830} INFO - Processing file /opt/airflow/dags/pipeline_dag.py for tasks to queue
[2026-05-08T07:21:16.642+0000] {logging_mixin.py:188} INFO - [2026-05-08T07:21:16.640+0000] {dagbag.py:545} INFO - Filling up the DagBag from /opt/airflow/dags/pipeline_dag.py
[2026-05-08T07:21:16.683+0000] {processor.py:840} INFO - DAG(s) 'ab_test_medallion_pipeline' retrieved from /opt/airflow/dags/pipeline_dag.py
[2026-05-08T07:21:16.789+0000] {logging_mixin.py:188} INFO - [2026-05-08T07:21:16.788+0000] {dag.py:3096} INFO - Sync 1 DAGs
[2026-05-08T07:21:16.879+0000] {logging_mixin.py:188} INFO - [2026-05-08T07:21:16.879+0000] {dag.py:3954} INFO - Setting next_dagrun for ab_test_medallion_pipeline to 2026-05-08 00:00:00+00:00, run_after=2026-05-09 00:00:00+00:00
[2026-05-08T07:21:16.988+0000] {processor.py:183} INFO - Processing /opt/airflow/dags/pipeline_dag.py took 0.379 seconds
[2026-05-08T07:21:47.270+0000] {processor.py:161} INFO - Started process (PID=8839) to work on /opt/airflow/dags/pipeline_dag.py
[2026-05-08T07:21:47.272+0000] {processor.py:830} INFO - Processing file /opt/airflow/dags/pipeline_dag.py for tasks to queue
[2026-05-08T07:21:47.273+0000] {logging_mixin.py:188} INFO - [2026-05-08T07:21:47.273+0000] {dagbag.py:545} INFO - Filling up the DagBag from /opt/airflow/dags/pipeline_dag.py
[2026-05-08T07:21:47.300+0000] {processor.py:840} INFO - DAG(s) 'ab_test_medallion_pipeline' retrieved from /opt/airflow/dags/pipeline_dag.py
[2026-05-08T07:21:47.362+0000] {logging_mixin.py:188} INFO - [2026-05-08T07:21:47.361+0000] {dag.py:3096} INFO - Sync 1 DAGs
[2026-05-08T07:21:47.427+0000] {logging_mixin.py:188} INFO - [2026-05-08T07:21:47.426+0000] {dag.py:3954} INFO - Setting next_dagrun for ab_test_medallion_pipeline to 2026-05-08 00:00:00+00:00, run_after=2026-05-09 00:00:00+00:00
[2026-05-08T07:21:47.471+0000] {processor.py:183} INFO - Processing /opt/airflow/dags/pipeline_dag.py took 0.214 seconds
[2026-05-08T07:22:17.919+0000] {processor.py:161} INFO - Started process (PID=8844) to work on /opt/airflow/dags/pipeline_dag.py
[2026-05-08T07:22:17.934+0000] {processor.py:830} INFO - Processing file /opt/airflow/dags/pipeline_dag.py for tasks to queue
[2026-05-08T07:22:17.942+0000] {logging_mixin.py:188} INFO - [2026-05-08T07:22:17.937+0000] {dagbag.py:545} INFO - Filling up the DagBag from /opt/airflow/dags/pipeline_dag.py
[2026-05-08T07:22:18.167+0000] {processor.py:840} INFO - DAG(s) 'ab_test_medallion_pipeline' retrieved from /opt/airflow/dags/pipeline_dag.py
[2026-05-08T07:22:18.423+0000] {logging_mixin.py:188} INFO - [2026-05-08T07:22:18.422+0000] {dag.py:3096} INFO - Sync 1 DAGs
[2026-05-08T07:22:18.715+0000] {logging_mixin.py:188} INFO - [2026-05-08T07:22:18.713+0000] {dag.py:3954} INFO - Setting next_dagrun for ab_test_medallion_pipeline to 2026-05-08 00:00:00+00:00, run_after=2026-05-09 00:00:00+00:00
[2026-05-08T07:22:18.946+0000] {processor.py:183} INFO - Processing /opt/airflow/dags/pipeline_dag.py took 1.136 seconds
[2026-05-08T07:22:51.261+0000] {processor.py:161} INFO - Started process (PID=8849) to work on /opt/airflow/dags/pipeline_dag.py
[2026-05-08T07:22:51.366+0000] {processor.py:830} INFO - Processing file /opt/airflow/dags/pipeline_dag.py for tasks to queue
[2026-05-08T07:22:51.452+0000] {logging_mixin.py:188} INFO - [2026-05-08T07:22:51.399+0000] {dagbag.py:545} INFO - Filling up the DagBag from /opt/airflow/dags/pipeline_dag.py
[2026-05-08T07:22:52.160+0000] {processor.py:840} INFO - DAG(s) 'ab_test_medallion_pipeline' retrieved from /opt/airflow/dags/pipeline_dag.py
[2026-05-08T07:22:52.559+0000] {logging_mixin.py:188} INFO - [2026-05-08T07:22:52.558+0000] {dag.py:3096} INFO - Sync 1 DAGs
[2026-05-08T07:22:52.765+0000] {logging_mixin.py:188} INFO - [2026-05-08T07:22:52.764+0000] {dag.py:3954} INFO - Setting next_dagrun for ab_test_medallion_pipeline to 2026-05-08 00:00:00+00:00, run_after=2026-05-09 00:00:00+00:00
[2026-05-08T07:22:52.910+0000] {processor.py:183} INFO - Processing /opt/airflow/dags/pipeline_dag.py took 3.503 seconds
[2026-05-08T07:23:23.409+0000] {processor.py:161} INFO - Started process (PID=8854) to work on /opt/airflow/dags/pipeline_dag.py
[2026-05-08T07:23:23.411+0000] {processor.py:830} INFO - Processing file /opt/airflow/dags/pipeline_dag.py for tasks to queue
[2026-05-08T07:23:23.425+0000] {logging_mixin.py:188} INFO - [2026-05-08T07:23:23.412+0000] {dagbag.py:545} INFO - Filling up the DagBag from /opt/airflow/dags/pipeline_dag.py
[2026-05-08T07:23:23.525+0000] {processor.py:840} INFO - DAG(s) 'ab_test_medallion_pipeline' retrieved from /opt/airflow/dags/pipeline_dag.py
[2026-05-08T07:23:24.041+0000] {logging_mixin.py:188} INFO - [2026-05-08T07:23:24.041+0000] {dag.py:3096} INFO - Sync 1 DAGs
[2026-05-08T07:23:24.259+0000] {logging_mixin.py:188} INFO - [2026-05-08T07:23:24.258+0000] {dag.py:3954} INFO - Setting next_dagrun for ab_test_medallion_pipeline to 2026-05-08 00:00:00+00:00, run_after=2026-05-09 00:00:00+00:00
[2026-05-08T07:23:24.434+0000] {processor.py:183} INFO - Processing /opt/airflow/dags/pipeline_dag.py took 1.089 seconds
[2026-05-08T07:23:54.894+0000] {processor.py:161} INFO - Started process (PID=8859) to work on /opt/airflow/dags/pipeline_dag.py
[2026-05-08T07:23:54.924+0000] {processor.py:830} INFO - Processing file /opt/airflow/dags/pipeline_dag.py for tasks to queue
[2026-05-08T07:23:54.926+0000] {logging_mixin.py:188} INFO - [2026-05-08T07:23:54.925+0000] {dagbag.py:545} INFO - Filling up the DagBag from /opt/airflow/dags/pipeline_dag.py
[2026-05-08T07:23:55.041+0000] {processor.py:840} INFO - DAG(s) 'ab_test_medallion_pipeline' retrieved from /opt/airflow/dags/pipeline_dag.py
[2026-05-08T07:23:55.242+0000] {logging_mixin.py:188} INFO - [2026-05-08T07:23:55.241+0000] {dag.py:3096} INFO - Sync 1 DAGs
[2026-05-08T07:23:55.398+0000] {logging_mixin.py:188} INFO - [2026-05-08T07:23:55.397+0000] {dag.py:3954} INFO - Setting next_dagrun for ab_test_medallion_pipeline to 2026-05-08 00:00:00+00:00, run_after=2026-05-09 00:00:00+00:00
[2026-05-08T07:23:55.562+0000] {processor.py:183} INFO - Processing /opt/airflow/dags/pipeline_dag.py took 0.704 seconds
[2026-05-08T07:24:26.123+0000] {processor.py:161} INFO - Started process (PID=8864) to work on /opt/airflow/dags/pipeline_dag.py
[2026-05-08T07:24:26.138+0000] {processor.py:830} INFO - Processing file /opt/airflow/dags/pipeline_dag.py for tasks to queue
[2026-05-08T07:24:26.141+0000] {logging_mixin.py:188} INFO - [2026-05-08T07:24:26.140+0000] {dagbag.py:545} INFO - Filling up the DagBag from /opt/airflow/dags/pipeline_dag.py
[2026-05-08T07:24:26.304+0000] {processor.py:840} INFO - DAG(s) 'ab_test_medallion_pipeline' retrieved from /opt/airflow/dags/pipeline_dag.py
[2026-05-08T07:24:26.743+0000] {logging_mixin.py:188} INFO - [2026-05-08T07:24:26.742+0000] {dag.py:3096} INFO - Sync 1 DAGs
[2026-05-08T07:24:27.070+0000] {logging_mixin.py:188} INFO - [2026-05-08T07:24:27.069+0000] {dag.py:3954} INFO - Setting next_dagrun for ab_test_medallion_pipeline to 2026-05-08 00:00:00+00:00, run_after=2026-05-09 00:00:00+00:00
[2026-05-08T07:24:27.237+0000] {processor.py:183} INFO - Processing /opt/airflow/dags/pipeline_dag.py took 1.133 seconds
[2026-05-08T07:24:57.621+0000] {processor.py:161} INFO - Started process (PID=8869) to work on /opt/airflow/dags/pipeline_dag.py
[2026-05-08T07:24:57.626+0000] {processor.py:830} INFO - Processing file /opt/airflow/dags/pipeline_dag.py for tasks to queue
[2026-05-08T07:24:57.628+0000] {logging_mixin.py:188} INFO - [2026-05-08T07:24:57.627+0000] {dagbag.py:545} INFO - Filling up the DagBag from /opt/airflow/dags/pipeline_dag.py
[2026-05-08T07:24:57.662+0000] {processor.py:840} INFO - DAG(s) 'ab_test_medallion_pipeline' retrieved from /opt/airflow/dags/pipeline_dag.py
[2026-05-08T07:24:57.763+0000] {logging_mixin.py:188} INFO - [2026-05-08T07:24:57.762+0000] {dag.py:3096} INFO - Sync 1 DAGs
[2026-05-08T07:24:57.915+0000] {logging_mixin.py:188} INFO - [2026-05-08T07:24:57.913+0000] {dag.py:3954} INFO - Setting next_dagrun for ab_test_medallion_pipeline to 2026-05-08 00:00:00+00:00, run_after=2026-05-09 00:00:00+00:00
[2026-05-08T07:24:58.041+0000] {processor.py:183} INFO - Processing /opt/airflow/dags/pipeline_dag.py took 0.434 seconds
[2026-05-08T07:25:28.464+0000] {processor.py:161} INFO - Started process (PID=8874) to work on /opt/airflow/dags/pipeline_dag.py
[2026-05-08T07:25:28.467+0000] {processor.py:830} INFO - Processing file /opt/airflow/dags/pipeline_dag.py for tasks to queue
[2026-05-08T07:25:28.470+0000] {logging_mixin.py:188} INFO - [2026-05-08T07:25:28.468+0000] {dagbag.py:545} INFO - Filling up the DagBag from /opt/airflow/dags/pipeline_dag.py
[2026-05-08T07:25:28.504+0000] {processor.py:840} INFO - DAG(s) 'ab_test_medallion_pipeline' retrieved from /opt/airflow/dags/pipeline_dag.py
[2026-05-08T07:25:28.874+0000] {logging_mixin.py:188} INFO - [2026-05-08T07:25:28.873+0000] {dag.py:3096} INFO - Sync 1 DAGs
[2026-05-08T07:25:29.009+0000] {logging_mixin.py:188} INFO - [2026-05-08T07:25:29.009+0000] {dag.py:3954} INFO - Setting next_dagrun for ab_test_medallion_pipeline to 2026-05-08 00:00:00+00:00, run_after=2026-05-09 00:00:00+00:00
[2026-05-08T07:25:29.052+0000] {processor.py:183} INFO - Processing /opt/airflow/dags/pipeline_dag.py took 0.607 seconds
[2026-05-08T07:25:59.431+0000] {processor.py:161} INFO - Started process (PID=8972) to work on /opt/airflow/dags/pipeline_dag.py
[2026-05-08T07:25:59.433+0000] {processor.py:830} INFO - Processing file /opt/airflow/dags/pipeline_dag.py for tasks to queue
[2026-05-08T07:25:59.436+0000] {logging_mixin.py:188} INFO - [2026-05-08T07:25:59.434+0000] {dagbag.py:545} INFO - Filling up the DagBag from /opt/airflow/dags/pipeline_dag.py
[2026-05-08T07:25:59.465+0000] {processor.py:840} INFO - DAG(s) 'ab_test_medallion_pipeline' retrieved from /opt/airflow/dags/pipeline_dag.py
[2026-05-08T07:25:59.801+0000] {logging_mixin.py:188} INFO - [2026-05-08T07:25:59.801+0000] {dag.py:3096} INFO - Sync 1 DAGs
[2026-05-08T07:26:00.047+0000] {logging_mixin.py:188} INFO - [2026-05-08T07:26:00.046+0000] {dag.py:3954} INFO - Setting next_dagrun for ab_test_medallion_pipeline to 2026-05-08 00:00:00+00:00, run_after=2026-05-09 00:00:00+00:00
[2026-05-08T07:26:00.146+0000] {processor.py:183} INFO - Processing /opt/airflow/dags/pipeline_dag.py took 0.727 seconds
[2026-05-08T07:26:30.645+0000] {processor.py:161} INFO - Started process (PID=9045) to work on /opt/airflow/dags/pipeline_dag.py
[2026-05-08T07:26:30.647+0000] {processor.py:830} INFO - Processing file /opt/airflow/dags/pipeline_dag.py for tasks to queue
[2026-05-08T07:26:30.649+0000] {logging_mixin.py:188} INFO - [2026-05-08T07:26:30.648+0000] {dagbag.py:545} INFO - Filling up the DagBag from /opt/airflow/dags/pipeline_dag.py
[2026-05-08T07:26:30.693+0000] {processor.py:840} INFO - DAG(s) 'ab_test_medallion_pipeline' retrieved from /opt/airflow/dags/pipeline_dag.py
[2026-05-08T07:26:30.921+0000] {logging_mixin.py:188} INFO - [2026-05-08T07:26:30.920+0000] {dag.py:3096} INFO - Sync 1 DAGs
[2026-05-08T07:26:31.173+0000] {logging_mixin.py:188} INFO - [2026-05-08T07:26:31.171+0000] {dag.py:3954} INFO - Setting next_dagrun for ab_test_medallion_pipeline to 2026-05-08 00:00:00+00:00, run_after=2026-05-09 00:00:00+00:00
[2026-05-08T07:26:31.294+0000] {processor.py:183} INFO - Processing /opt/airflow/dags/pipeline_dag.py took 0.732 seconds
[2026-05-08T07:27:01.769+0000] {processor.py:161} INFO - Started process (PID=9152) to work on /opt/airflow/dags/pipeline_dag.py
[2026-05-08T07:27:01.773+0000] {processor.py:830} INFO - Processing file /opt/airflow/dags/pipeline_dag.py for tasks to queue
[2026-05-08T07:27:01.776+0000] {logging_mixin.py:188} INFO - [2026-05-08T07:27:01.774+0000] {dagbag.py:545} INFO - Filling up the DagBag from /opt/airflow/dags/pipeline_dag.py
[2026-05-08T07:27:01.838+0000] {processor.py:840} INFO - DAG(s) 'ab_test_medallion_pipeline' retrieved from /opt/airflow/dags/pipeline_dag.py
[2026-05-08T07:27:02.007+0000] {logging_mixin.py:188} INFO - [2026-05-08T07:27:02.007+0000] {dag.py:3096} INFO - Sync 1 DAGs
[2026-05-08T07:27:02.109+0000] {logging_mixin.py:188} INFO - [2026-05-08T07:27:02.108+0000] {dag.py:3954} INFO - Setting next_dagrun for ab_test_medallion_pipeline to 2026-05-08 00:00:00+00:00, run_after=2026-05-09 00:00:00+00:00
[2026-05-08T07:27:02.160+0000] {processor.py:183} INFO - Processing /opt/airflow/dags/pipeline_dag.py took 0.427 seconds
[2026-05-08T07:27:33.197+0000] {processor.py:161} INFO - Started process (PID=9243) to work on /opt/airflow/dags/pipeline_dag.py
[2026-05-08T07:27:33.202+0000] {processor.py:830} INFO - Processing file /opt/airflow/dags/pipeline_dag.py for tasks to queue
[2026-05-08T07:27:33.217+0000] {logging_mixin.py:188} INFO - [2026-05-08T07:27:33.209+0000] {dagbag.py:545} INFO - Filling up the DagBag from /opt/airflow/dags/pipeline_dag.py
[2026-05-08T07:27:34.079+0000] {processor.py:840} INFO - DAG(s) 'ab_test_medallion_pipeline' retrieved from /opt/airflow/dags/pipeline_dag.py
[2026-05-08T07:27:35.521+0000] {logging_mixin.py:188} INFO - [2026-05-08T07:27:35.520+0000] {dag.py:3096} INFO - Sync 1 DAGs
[2026-05-08T07:27:35.781+0000] {logging_mixin.py:188} INFO - [2026-05-08T07:27:35.779+0000] {dag.py:3954} INFO - Setting next_dagrun for ab_test_medallion_pipeline to 2026-05-08 00:00:00+00:00, run_after=2026-05-09 00:00:00+00:00
[2026-05-08T07:27:35.927+0000] {processor.py:183} INFO - Processing /opt/airflow/dags/pipeline_dag.py took 3.259 seconds
[2026-05-08T07:28:06.325+0000] {processor.py:161} INFO - Started process (PID=9330) to work on /opt/airflow/dags/pipeline_dag.py
[2026-05-08T07:28:06.330+0000] {processor.py:830} INFO - Processing file /opt/airflow/dags/pipeline_dag.py for tasks to queue
[2026-05-08T07:28:06.341+0000] {logging_mixin.py:188} INFO - [2026-05-08T07:28:06.340+0000] {dagbag.py:545} INFO - Filling up the DagBag from /opt/airflow/dags/pipeline_dag.py
[2026-05-08T07:28:06.379+0000] {processor.py:840} INFO - DAG(s) 'ab_test_medallion_pipeline' retrieved from /opt/airflow/dags/pipeline_dag.py
[2026-05-08T07:28:06.471+0000] {logging_mixin.py:188} INFO - [2026-05-08T07:28:06.470+0000] {dag.py:3096} INFO - Sync 1 DAGs
[2026-05-08T07:28:06.568+0000] {logging_mixin.py:188} INFO - [2026-05-08T07:28:06.567+0000] {dag.py:3954} INFO - Setting next_dagrun for ab_test_medallion_pipeline to 2026-05-08 00:00:00+00:00, run_after=2026-05-09 00:00:00+00:00
[2026-05-08T07:28:06.617+0000] {processor.py:183} INFO - Processing /opt/airflow/dags/pipeline_dag.py took 0.333 seconds
[2026-05-08T07:28:36.970+0000] {processor.py:161} INFO - Started process (PID=9435) to work on /opt/airflow/dags/pipeline_dag.py
[2026-05-08T07:28:36.976+0000] {processor.py:830} INFO - Processing file /opt/airflow/dags/pipeline_dag.py for tasks to queue
[2026-05-08T07:28:36.983+0000] {logging_mixin.py:188} INFO - [2026-05-08T07:28:36.978+0000] {dagbag.py:545} INFO - Filling up the DagBag from /opt/airflow/dags/pipeline_dag.py
[2026-05-08T07:28:37.043+0000] {processor.py:840} INFO - DAG(s) 'ab_test_medallion_pipeline' retrieved from /opt/airflow/dags/pipeline_dag.py
[2026-05-08T07:28:37.133+0000] {logging_mixin.py:188} INFO - [2026-05-08T07:28:37.133+0000] {dag.py:3096} INFO - Sync 1 DAGs
[2026-05-08T07:28:37.204+0000] {logging_mixin.py:188} INFO - [2026-05-08T07:28:37.203+0000] {dag.py:3954} INFO - Setting next_dagrun for ab_test_medallion_pipeline to 2026-05-08 00:00:00+00:00, run_after=2026-05-09 00:00:00+00:00
[2026-05-08T07:28:37.279+0000] {processor.py:183} INFO - Processing /opt/airflow/dags/pipeline_dag.py took 0.341 seconds
[2026-05-08T07:29:07.657+0000] {processor.py:161} INFO - Started process (PID=9498) to work on /opt/airflow/dags/pipeline_dag.py
[2026-05-08T07:29:07.659+0000] {processor.py:830} INFO - Processing file /opt/airflow/dags/pipeline_dag.py for tasks to queue
[2026-05-08T07:29:07.661+0000] {logging_mixin.py:188} INFO - [2026-05-08T07:29:07.660+0000] {dagbag.py:545} INFO - Filling up the DagBag from /opt/airflow/dags/pipeline_dag.py
[2026-05-08T07:29:07.794+0000] {processor.py:840} INFO - DAG(s) 'ab_test_medallion_pipeline' retrieved from /opt/airflow/dags/pipeline_dag.py
[2026-05-08T07:29:07.868+0000] {logging_mixin.py:188} INFO - [2026-05-08T07:29:07.868+0000] {dag.py:3096} INFO - Sync 1 DAGs
[2026-05-08T07:29:07.928+0000] {logging_mixin.py:188} INFO - [2026-05-08T07:29:07.927+0000] {dag.py:3954} INFO - Setting next_dagrun for ab_test_medallion_pipeline to 2026-05-08 00:00:00+00:00, run_after=2026-05-09 00:00:00+00:00
[2026-05-08T07:29:07.969+0000] {processor.py:183} INFO - Processing /opt/airflow/dags/pipeline_dag.py took 0.328 seconds
[2026-05-08T07:29:38.328+0000] {processor.py:161} INFO - Started process (PID=9623) to work on /opt/airflow/dags/pipeline_dag.py
[2026-05-08T07:29:38.330+0000] {processor.py:830} INFO - Processing file /opt/airflow/dags/pipeline_dag.py for tasks to queue
[2026-05-08T07:29:38.333+0000] {logging_mixin.py:188} INFO - [2026-05-08T07:29:38.332+0000] {dagbag.py:545} INFO - Filling up the DagBag from /opt/airflow/dags/pipeline_dag.py
[2026-05-08T07:29:38.363+0000] {processor.py:840} INFO - DAG(s) 'ab_test_medallion_pipeline' retrieved from /opt/airflow/dags/pipeline_dag.py
[2026-05-08T07:29:38.446+0000] {logging_mixin.py:188} INFO - [2026-05-08T07:29:38.446+0000] {dag.py:3096} INFO - Sync 1 DAGs
[2026-05-08T07:29:38.520+0000] {logging_mixin.py:188} INFO - [2026-05-08T07:29:38.520+0000] {dag.py:3954} INFO - Setting next_dagrun for ab_test_medallion_pipeline to 2026-05-08 00:00:00+00:00, run_after=2026-05-09 00:00:00+00:00
[2026-05-08T07:29:38.549+0000] {processor.py:183} INFO - Processing /opt/airflow/dags/pipeline_dag.py took 0.258 seconds
[2026-05-08T07:30:08.895+0000] {processor.py:161} INFO - Started process (PID=9648) to work on /opt/airflow/dags/pipeline_dag.py
[2026-05-08T07:30:08.897+0000] {processor.py:830} INFO - Processing file /opt/airflow/dags/pipeline_dag.py for tasks to queue
[2026-05-08T07:30:08.900+0000] {logging_mixin.py:188} INFO - [2026-05-08T07:30:08.900+0000] {dagbag.py:545} INFO - Filling up the DagBag from /opt/airflow/dags/pipeline_dag.py
[2026-05-08T07:30:08.941+0000] {processor.py:840} INFO - DAG(s) 'ab_test_medallion_pipeline' retrieved from /opt/airflow/dags/pipeline_dag.py
[2026-05-08T07:30:09.040+0000] {logging_mixin.py:188} INFO - [2026-05-08T07:30:09.040+0000] {dag.py:3096} INFO - Sync 1 DAGs
[2026-05-08T07:30:09.138+0000] {logging_mixin.py:188} INFO - [2026-05-08T07:30:09.137+0000] {dag.py:3954} INFO - Setting next_dagrun for ab_test_medallion_pipeline to 2026-05-08 00:00:00+00:00, run_after=2026-05-09 00:00:00+00:00
[2026-05-08T07:30:09.198+0000] {processor.py:183} INFO - Processing /opt/airflow/dags/pipeline_dag.py took 0.323 seconds
[2026-05-08T07:30:39.551+0000] {processor.py:161} INFO - Started process (PID=9702) to work on /opt/airflow/dags/pipeline_dag.py
[2026-05-08T07:30:39.554+0000] {processor.py:830} INFO - Processing file /opt/airflow/dags/pipeline_dag.py for tasks to queue
[2026-05-08T07:30:39.568+0000] {logging_mixin.py:188} INFO - [2026-05-08T07:30:39.561+0000] {dagbag.py:545} INFO - Filling up the DagBag from /opt/airflow/dags/pipeline_dag.py
[2026-05-08T07:30:39.634+0000] {processor.py:840} INFO - DAG(s) 'ab_test_medallion_pipeline' retrieved from /opt/airflow/dags/pipeline_dag.py
[2026-05-08T07:30:39.793+0000] {logging_mixin.py:188} INFO - [2026-05-08T07:30:39.792+0000] {dag.py:3096} INFO - Sync 1 DAGs
[2026-05-08T07:30:39.833+0000] {logging_mixin.py:188} INFO - [2026-05-08T07:30:39.832+0000] {dag.py:3954} INFO - Setting next_dagrun for ab_test_medallion_pipeline to 2026-05-08 00:00:00+00:00, run_after=2026-05-09 00:00:00+00:00
[2026-05-08T07:30:39.900+0000] {processor.py:183} INFO - Processing /opt/airflow/dags/pipeline_dag.py took 0.364 seconds
[2026-05-08T07:31:10.251+0000] {processor.py:161} INFO - Started process (PID=9741) to work on /opt/airflow/dags/pipeline_dag.py
[2026-05-08T07:31:10.253+0000] {processor.py:830} INFO - Processing file /opt/airflow/dags/pipeline_dag.py for tasks to queue
[2026-05-08T07:31:10.255+0000] {logging_mixin.py:188} INFO - [2026-05-08T07:31:10.254+0000] {dagbag.py:545} INFO - Filling up the DagBag from /opt/airflow/dags/pipeline_dag.py
[2026-05-08T07:31:10.299+0000] {processor.py:840} INFO - DAG(s) 'ab_test_medallion_pipeline' retrieved from /opt/airflow/dags/pipeline_dag.py
[2026-05-08T07:31:10.383+0000] {logging_mixin.py:188} INFO - [2026-05-08T07:31:10.383+0000] {dag.py:3096} INFO - Sync 1 DAGs
[2026-05-08T07:31:10.453+0000] {logging_mixin.py:188} INFO - [2026-05-08T07:31:10.452+0000] {dag.py:3954} INFO - Setting next_dagrun for ab_test_medallion_pipeline to 2026-05-08 00:00:00+00:00, run_after=2026-05-09 00:00:00+00:00
[2026-05-08T07:31:10.483+0000] {processor.py:183} INFO - Processing /opt/airflow/dags/pipeline_dag.py took 0.246 seconds
[2026-05-08T07:31:40.983+0000] {processor.py:161} INFO - Started process (PID=9785) to work on /opt/airflow/dags/pipeline_dag.py
[2026-05-08T07:31:41.039+0000] {processor.py:830} INFO - Processing file /opt/airflow/dags/pipeline_dag.py for tasks to queue
[2026-05-08T07:31:41.050+0000] {logging_mixin.py:188} INFO - [2026-05-08T07:31:41.042+0000] {dagbag.py:545} INFO - Filling up the DagBag from /opt/airflow/dags/pipeline_dag.py
[2026-05-08T07:31:41.288+0000] {processor.py:840} INFO - DAG(s) 'ab_test_medallion_pipeline' retrieved from /opt/airflow/dags/pipeline_dag.py
[2026-05-08T07:31:41.730+0000] {logging_mixin.py:188} INFO - [2026-05-08T07:31:41.728+0000] {dag.py:3096} INFO - Sync 1 DAGs
[2026-05-08T07:31:41.846+0000] {logging_mixin.py:188} INFO - [2026-05-08T07:31:41.845+0000] {dag.py:3954} INFO - Setting next_dagrun for ab_test_medallion_pipeline to 2026-05-08 00:00:00+00:00, run_after=2026-05-09 00:00:00+00:00
[2026-05-08T07:31:41.939+0000] {processor.py:183} INFO - Processing /opt/airflow/dags/pipeline_dag.py took 1.114 seconds
[2026-05-08T07:32:12.299+0000] {processor.py:161} INFO - Started process (PID=9826) to work on /opt/airflow/dags/pipeline_dag.py
[2026-05-08T07:32:12.301+0000] {processor.py:830} INFO - Processing file /opt/airflow/dags/pipeline_dag.py for tasks to queue
[2026-05-08T07:32:12.304+0000] {logging_mixin.py:188} INFO - [2026-05-08T07:32:12.302+0000] {dagbag.py:545} INFO - Filling up the DagBag from /opt/airflow/dags/pipeline_dag.py
[2026-05-08T07:32:12.545+0000] {processor.py:840} INFO - DAG(s) 'ab_test_medallion_pipeline' retrieved from /opt/airflow/dags/pipeline_dag.py
[2026-05-08T07:32:12.670+0000] {logging_mixin.py:188} INFO - [2026-05-08T07:32:12.669+0000] {dag.py:3096} INFO - Sync 1 DAGs
[2026-05-08T07:32:12.753+0000] {logging_mixin.py:188} INFO - [2026-05-08T07:32:12.752+0000] {dag.py:3954} INFO - Setting next_dagrun for ab_test_medallion_pipeline to 2026-05-08 00:00:00+00:00, run_after=2026-05-09 00:00:00+00:00
[2026-05-08T07:32:12.797+0000] {processor.py:183} INFO - Processing /opt/airflow/dags/pipeline_dag.py took 0.539 seconds
[2026-05-08T07:32:43.156+0000] {processor.py:161} INFO - Started process (PID=9877) to work on /opt/airflow/dags/pipeline_dag.py
[2026-05-08T07:32:43.159+0000] {processor.py:830} INFO - Processing file /opt/airflow/dags/pipeline_dag.py for tasks to queue
[2026-05-08T07:32:43.161+0000] {logging_mixin.py:188} INFO - [2026-05-08T07:32:43.160+0000] {dagbag.py:545} INFO - Filling up the DagBag from /opt/airflow/dags/pipeline_dag.py
[2026-05-08T07:32:43.207+0000] {processor.py:840} INFO - DAG(s) 'ab_test_medallion_pipeline' retrieved from /opt/airflow/dags/pipeline_dag.py
[2026-05-08T07:32:43.337+0000] {logging_mixin.py:188} INFO - [2026-05-08T07:32:43.336+0000] {dag.py:3096} INFO - Sync 1 DAGs
[2026-05-08T07:32:43.443+0000] {logging_mixin.py:188} INFO - [2026-05-08T07:32:43.443+0000] {dag.py:3954} INFO - Setting next_dagrun for ab_test_medallion_pipeline to 2026-05-08 00:00:00+00:00, run_after=2026-05-09 00:00:00+00:00
[2026-05-08T07:32:43.487+0000] {processor.py:183} INFO - Processing /opt/airflow/dags/pipeline_dag.py took 0.362 seconds
[2026-05-08T07:33:13.849+0000] {processor.py:161} INFO - Started process (PID=9898) to work on /opt/airflow/dags/pipeline_dag.py
[2026-05-08T07:33:13.851+0000] {processor.py:830} INFO - Processing file /opt/airflow/dags/pipeline_dag.py for tasks to queue
[2026-05-08T07:33:13.858+0000] {logging_mixin.py:188} INFO - [2026-05-08T07:33:13.855+0000] {dagbag.py:545} INFO - Filling up the DagBag from /opt/airflow/dags/pipeline_dag.py
[2026-05-08T07:33:13.899+0000] {processor.py:840} INFO - DAG(s) 'ab_test_medallion_pipeline' retrieved from /opt/airflow/dags/pipeline_dag.py
[2026-05-08T07:33:14.150+0000] {logging_mixin.py:188} INFO - [2026-05-08T07:33:14.149+0000] {dag.py:3096} INFO - Sync 1 DAGs
[2026-05-08T07:33:14.291+0000] {logging_mixin.py:188} INFO - [2026-05-08T07:33:14.290+0000] {dag.py:3954} INFO - Setting next_dagrun for ab_test_medallion_pipeline to 2026-05-08 00:00:00+00:00, run_after=2026-05-09 00:00:00+00:00
[2026-05-08T07:33:14.381+0000] {processor.py:183} INFO - Processing /opt/airflow/dags/pipeline_dag.py took 0.559 seconds
[2026-05-08T07:33:44.801+0000] {processor.py:161} INFO - Started process (PID=9903) to work on /opt/airflow/dags/pipeline_dag.py
[2026-05-08T07:33:44.804+0000] {processor.py:830} INFO - Processing file /opt/airflow/dags/pipeline_dag.py for tasks to queue
[2026-05-08T07:33:44.805+0000] {logging_mixin.py:188} INFO - [2026-05-08T07:33:44.805+0000] {dagbag.py:545} INFO - Filling up the DagBag from /opt/airflow/dags/pipeline_dag.py
[2026-05-08T07:33:44.842+0000] {processor.py:840} INFO - DAG(s) 'ab_test_medallion_pipeline' retrieved from /opt/airflow/dags/pipeline_dag.py
[2026-05-08T07:33:44.916+0000] {logging_mixin.py:188} INFO - [2026-05-08T07:33:44.915+0000] {dag.py:3096} INFO - Sync 1 DAGs
[2026-05-08T07:33:45.229+0000] {logging_mixin.py:188} INFO - [2026-05-08T07:33:45.229+0000] {dag.py:3954} INFO - Setting next_dagrun for ab_test_medallion_pipeline to 2026-05-08 00:00:00+00:00, run_after=2026-05-09 00:00:00+00:00
[2026-05-08T07:33:45.283+0000] {processor.py:183} INFO - Processing /opt/airflow/dags/pipeline_dag.py took 0.502 seconds
[2026-05-08T07:34:15.517+0000] {processor.py:161} INFO - Started process (PID=9947) to work on /opt/airflow/dags/pipeline_dag.py
[2026-05-08T07:34:15.518+0000] {processor.py:830} INFO - Processing file /opt/airflow/dags/pipeline_dag.py for tasks to queue
[2026-05-08T07:34:15.521+0000] {logging_mixin.py:188} INFO - [2026-05-08T07:34:15.520+0000] {dagbag.py:545} INFO - Filling up the DagBag from /opt/airflow/dags/pipeline_dag.py
[2026-05-08T07:34:15.569+0000] {processor.py:840} INFO - DAG(s) 'ab_test_medallion_pipeline' retrieved from /opt/airflow/dags/pipeline_dag.py
[2026-05-08T07:34:15.784+0000] {logging_mixin.py:188} INFO - [2026-05-08T07:34:15.783+0000] {dag.py:3096} INFO - Sync 1 DAGs
[2026-05-08T07:34:15.882+0000] {logging_mixin.py:188} INFO - [2026-05-08T07:34:15.882+0000] {dag.py:3954} INFO - Setting next_dagrun for ab_test_medallion_pipeline to 2026-05-08 00:00:00+00:00, run_after=2026-05-09 00:00:00+00:00
[2026-05-08T07:34:16.181+0000] {processor.py:183} INFO - Processing /opt/airflow/dags/pipeline_dag.py took 0.704 seconds
[2026-05-08T07:34:46.755+0000] {processor.py:161} INFO - Started process (PID=10018) to work on /opt/airflow/dags/pipeline_dag.py
[2026-05-08T07:34:46.919+0000] {processor.py:830} INFO - Processing file /opt/airflow/dags/pipeline_dag.py for tasks to queue
[2026-05-08T07:34:46.929+0000] {logging_mixin.py:188} INFO - [2026-05-08T07:34:46.928+0000] {dagbag.py:545} INFO - Filling up the DagBag from /opt/airflow/dags/pipeline_dag.py
[2026-05-08T07:34:47.103+0000] {processor.py:840} INFO - DAG(s) 'ab_test_medallion_pipeline' retrieved from /opt/airflow/dags/pipeline_dag.py
[2026-05-08T07:34:47.320+0000] {logging_mixin.py:188} INFO - [2026-05-08T07:34:47.319+0000] {dag.py:3096} INFO - Sync 1 DAGs
[2026-05-08T07:34:47.403+0000] {logging_mixin.py:188} INFO - [2026-05-08T07:34:47.402+0000] {dag.py:3954} INFO - Setting next_dagrun for ab_test_medallion_pipeline to 2026-05-08 00:00:00+00:00, run_after=2026-05-09 00:00:00+00:00
[2026-05-08T07:34:47.669+0000] {processor.py:183} INFO - Processing /opt/airflow/dags/pipeline_dag.py took 0.966 seconds
[2026-05-08T07:35:18.511+0000] {processor.py:161} INFO - Started process (PID=10099) to work on /opt/airflow/dags/pipeline_dag.py
[2026-05-08T07:35:18.525+0000] {processor.py:830} INFO - Processing file /opt/airflow/dags/pipeline_dag.py for tasks to queue
[2026-05-08T07:35:18.562+0000] {logging_mixin.py:188} INFO - [2026-05-08T07:35:18.546+0000] {dagbag.py:545} INFO - Filling up the DagBag from /opt/airflow/dags/pipeline_dag.py
[2026-05-08T07:35:19.090+0000] {processor.py:840} INFO - DAG(s) 'ab_test_medallion_pipeline' retrieved from /opt/airflow/dags/pipeline_dag.py
[2026-05-08T07:35:19.645+0000] {logging_mixin.py:188} INFO - [2026-05-08T07:35:19.645+0000] {dag.py:3096} INFO - Sync 1 DAGs
[2026-05-08T07:35:19.730+0000] {logging_mixin.py:188} INFO - [2026-05-08T07:35:19.729+0000] {dag.py:3954} INFO - Setting next_dagrun for ab_test_medallion_pipeline to 2026-05-08 00:00:00+00:00, run_after=2026-05-09 00:00:00+00:00
[2026-05-08T07:35:19.907+0000] {processor.py:183} INFO - Processing /opt/airflow/dags/pipeline_dag.py took 1.510 seconds
[2026-05-08T07:35:50.353+0000] {processor.py:161} INFO - Started process (PID=10198) to work on /opt/airflow/dags/pipeline_dag.py
[2026-05-08T07:35:50.355+0000] {processor.py:830} INFO - Processing file /opt/airflow/dags/pipeline_dag.py for tasks to queue
[2026-05-08T07:35:50.357+0000] {logging_mixin.py:188} INFO - [2026-05-08T07:35:50.356+0000] {dagbag.py:545} INFO - Filling up the DagBag from /opt/airflow/dags/pipeline_dag.py
[2026-05-08T07:35:50.398+0000] {processor.py:840} INFO - DAG(s) 'ab_test_medallion_pipeline' retrieved from /opt/airflow/dags/pipeline_dag.py
[2026-05-08T07:35:50.489+0000] {logging_mixin.py:188} INFO - [2026-05-08T07:35:50.488+0000] {dag.py:3096} INFO - Sync 1 DAGs
[2026-05-08T07:35:50.573+0000] {logging_mixin.py:188} INFO - [2026-05-08T07:35:50.572+0000] {dag.py:3954} INFO - Setting next_dagrun for ab_test_medallion_pipeline to 2026-05-08 00:00:00+00:00, run_after=2026-05-09 00:00:00+00:00
[2026-05-08T07:35:50.610+0000] {processor.py:183} INFO - Processing /opt/airflow/dags/pipeline_dag.py took 0.275 seconds
[2026-05-08T07:36:20.785+0000] {processor.py:161} INFO - Started process (PID=10245) to work on /opt/airflow/dags/pipeline_dag.py
[2026-05-08T07:36:20.804+0000] {processor.py:830} INFO - Processing file /opt/airflow/dags/pipeline_dag.py for tasks to queue
[2026-05-08T07:36:20.807+0000] {logging_mixin.py:188} INFO - [2026-05-08T07:36:20.806+0000] {dagbag.py:545} INFO - Filling up the DagBag from /opt/airflow/dags/pipeline_dag.py
[2026-05-08T07:36:20.918+0000] {processor.py:840} INFO - DAG(s) 'ab_test_medallion_pipeline' retrieved from /opt/airflow/dags/pipeline_dag.py
[2026-05-08T07:36:21.085+0000] {logging_mixin.py:188} INFO - [2026-05-08T07:36:21.081+0000] {dag.py:3096} INFO - Sync 1 DAGs
[2026-05-08T07:36:21.373+0000] {logging_mixin.py:188} INFO - [2026-05-08T07:36:21.372+0000] {dag.py:3954} INFO - Setting next_dagrun for ab_test_medallion_pipeline to 2026-05-08 00:00:00+00:00, run_after=2026-05-09 00:00:00+00:00
[2026-05-08T07:36:21.554+0000] {processor.py:183} INFO - Processing /opt/airflow/dags/pipeline_dag.py took 0.811 seconds
[2026-05-08T07:36:52.181+0000] {processor.py:161} INFO - Started process (PID=10322) to work on /opt/airflow/dags/pipeline_dag.py
[2026-05-08T07:36:52.184+0000] {processor.py:830} INFO - Processing file /opt/airflow/dags/pipeline_dag.py for tasks to queue
[2026-05-08T07:36:52.188+0000] {logging_mixin.py:188} INFO - [2026-05-08T07:36:52.186+0000] {dagbag.py:545} INFO - Filling up the DagBag from /opt/airflow/dags/pipeline_dag.py
[2026-05-08T07:36:52.262+0000] {processor.py:840} INFO - DAG(s) 'ab_test_medallion_pipeline' retrieved from /opt/airflow/dags/pipeline_dag.py
[2026-05-08T07:36:52.466+0000] {logging_mixin.py:188} INFO - [2026-05-08T07:36:52.466+0000] {dag.py:3096} INFO - Sync 1 DAGs
[2026-05-08T07:36:52.566+0000] {logging_mixin.py:188} INFO - [2026-05-08T07:36:52.566+0000] {dag.py:3954} INFO - Setting next_dagrun for ab_test_medallion_pipeline to 2026-05-08 00:00:00+00:00, run_after=2026-05-09 00:00:00+00:00
[2026-05-08T07:36:52.656+0000] {processor.py:183} INFO - Processing /opt/airflow/dags/pipeline_dag.py took 0.563 seconds
[2026-05-08T07:37:23.360+0000] {processor.py:161} INFO - Started process (PID=10453) to work on /opt/airflow/dags/pipeline_dag.py
[2026-05-08T07:37:23.371+0000] {processor.py:830} INFO - Processing file /opt/airflow/dags/pipeline_dag.py for tasks to queue
[2026-05-08T07:37:23.419+0000] {logging_mixin.py:188} INFO - [2026-05-08T07:37:23.390+0000] {dagbag.py:545} INFO - Filling up the DagBag from /opt/airflow/dags/pipeline_dag.py
[2026-05-08T07:37:24.380+0000] {processor.py:840} INFO - DAG(s) 'ab_test_medallion_pipeline' retrieved from /opt/airflow/dags/pipeline_dag.py
[2026-05-08T07:37:26.002+0000] {logging_mixin.py:188} INFO - [2026-05-08T07:37:26.000+0000] {dag.py:3096} INFO - Sync 1 DAGs
[2026-05-08T07:37:26.637+0000] {logging_mixin.py:188} INFO - [2026-05-08T07:37:26.635+0000] {dag.py:3954} INFO - Setting next_dagrun for ab_test_medallion_pipeline to 2026-05-08 00:00:00+00:00, run_after=2026-05-09 00:00:00+00:00
[2026-05-08T07:37:26.901+0000] {processor.py:183} INFO - Processing /opt/airflow/dags/pipeline_dag.py took 3.887 seconds
[2026-05-08T07:37:57.122+0000] {processor.py:161} INFO - Started process (PID=10569) to work on /opt/airflow/dags/pipeline_dag.py
[2026-05-08T07:37:57.124+0000] {processor.py:830} INFO - Processing file /opt/airflow/dags/pipeline_dag.py for tasks to queue
[2026-05-08T07:37:57.127+0000] {logging_mixin.py:188} INFO - [2026-05-08T07:37:57.126+0000] {dagbag.py:545} INFO - Filling up the DagBag from /opt/airflow/dags/pipeline_dag.py
[2026-05-08T07:37:57.175+0000] {processor.py:840} INFO - DAG(s) 'ab_test_medallion_pipeline' retrieved from /opt/airflow/dags/pipeline_dag.py
[2026-05-08T07:37:57.283+0000] {logging_mixin.py:188} INFO - [2026-05-08T07:37:57.283+0000] {dag.py:3096} INFO - Sync 1 DAGs
[2026-05-08T07:37:57.359+0000] {logging_mixin.py:188} INFO - [2026-05-08T07:37:57.359+0000] {dag.py:3954} INFO - Setting next_dagrun for ab_test_medallion_pipeline to 2026-05-08 00:00:00+00:00, run_after=2026-05-09 00:00:00+00:00
[2026-05-08T07:37:57.394+0000] {processor.py:183} INFO - Processing /opt/airflow/dags/pipeline_dag.py took 0.297 seconds
[2026-05-08T07:38:27.461+0000] {processor.py:161} INFO - Started process (PID=10664) to work on /opt/airflow/dags/pipeline_dag.py
[2026-05-08T07:38:27.465+0000] {processor.py:830} INFO - Processing file /opt/airflow/dags/pipeline_dag.py for tasks to queue
[2026-05-08T07:38:27.467+0000] {logging_mixin.py:188} INFO - [2026-05-08T07:38:27.466+0000] {dagbag.py:545} INFO - Filling up the DagBag from /opt/airflow/dags/pipeline_dag.py
[2026-05-08T07:38:27.504+0000] {processor.py:840} INFO - DAG(s) 'ab_test_medallion_pipeline' retrieved from /opt/airflow/dags/pipeline_dag.py
[2026-05-08T07:38:27.601+0000] {logging_mixin.py:188} INFO - [2026-05-08T07:38:27.601+0000] {dag.py:3096} INFO - Sync 1 DAGs
[2026-05-08T07:38:27.671+0000] {logging_mixin.py:188} INFO - [2026-05-08T07:38:27.671+0000] {dag.py:3954} INFO - Setting next_dagrun for ab_test_medallion_pipeline to 2026-05-08 00:00:00+00:00, run_after=2026-05-09 00:00:00+00:00
[2026-05-08T07:38:27.719+0000] {processor.py:183} INFO - Processing /opt/airflow/dags/pipeline_dag.py took 0.273 seconds
[2026-05-08T07:38:58.003+0000] {processor.py:161} INFO - Started process (PID=10790) to work on /opt/airflow/dags/pipeline_dag.py
[2026-05-08T07:38:58.006+0000] {processor.py:830} INFO - Processing file /opt/airflow/dags/pipeline_dag.py for tasks to queue
[2026-05-08T07:38:58.009+0000] {logging_mixin.py:188} INFO - [2026-05-08T07:38:58.008+0000] {dagbag.py:545} INFO - Filling up the DagBag from /opt/airflow/dags/pipeline_dag.py
[2026-05-08T07:38:58.127+0000] {processor.py:840} INFO - DAG(s) 'ab_test_medallion_pipeline' retrieved from /opt/airflow/dags/pipeline_dag.py
[2026-05-08T07:38:58.214+0000] {logging_mixin.py:188} INFO - [2026-05-08T07:38:58.214+0000] {dag.py:3096} INFO - Sync 1 DAGs
[2026-05-08T07:38:58.282+0000] {logging_mixin.py:188} INFO - [2026-05-08T07:38:58.282+0000] {dag.py:3954} INFO - Setting next_dagrun for ab_test_medallion_pipeline to 2026-05-08 00:00:00+00:00, run_after=2026-05-09 00:00:00+00:00
[2026-05-08T07:38:58.318+0000] {processor.py:183} INFO - Processing /opt/airflow/dags/pipeline_dag.py took 0.339 seconds
[2026-05-08T07:39:28.634+0000] {processor.py:161} INFO - Started process (PID=10836) to work on /opt/airflow/dags/pipeline_dag.py
[2026-05-08T07:39:28.636+0000] {processor.py:830} INFO - Processing file /opt/airflow/dags/pipeline_dag.py for tasks to queue
[2026-05-08T07:39:28.638+0000] {logging_mixin.py:188} INFO - [2026-05-08T07:39:28.637+0000] {dagbag.py:545} INFO - Filling up the DagBag from /opt/airflow/dags/pipeline_dag.py
[2026-05-08T07:39:28.676+0000] {processor.py:840} INFO - DAG(s) 'ab_test_medallion_pipeline' retrieved from /opt/airflow/dags/pipeline_dag.py
[2026-05-08T07:39:28.754+0000] {logging_mixin.py:188} INFO - [2026-05-08T07:39:28.753+0000] {dag.py:3096} INFO - Sync 1 DAGs
[2026-05-08T07:39:28.802+0000] {logging_mixin.py:188} INFO - [2026-05-08T07:39:28.802+0000] {dag.py:3954} INFO - Setting next_dagrun for ab_test_medallion_pipeline to 2026-05-08 00:00:00+00:00, run_after=2026-05-09 00:00:00+00:00
[2026-05-08T07:39:28.853+0000] {processor.py:183} INFO - Processing /opt/airflow/dags/pipeline_dag.py took 0.234 seconds
[2026-05-08T07:39:59.152+0000] {processor.py:161} INFO - Started process (PID=10872) to work on /opt/airflow/dags/pipeline_dag.py
[2026-05-08T07:39:59.154+0000] {processor.py:830} INFO - Processing file /opt/airflow/dags/pipeline_dag.py for tasks to queue
[2026-05-08T07:39:59.157+0000] {logging_mixin.py:188} INFO - [2026-05-08T07:39:59.156+0000] {dagbag.py:545} INFO - Filling up the DagBag from /opt/airflow/dags/pipeline_dag.py
[2026-05-08T07:39:59.191+0000] {processor.py:840} INFO - DAG(s) 'ab_test_medallion_pipeline' retrieved from /opt/airflow/dags/pipeline_dag.py
[2026-05-08T07:39:59.273+0000] {logging_mixin.py:188} INFO - [2026-05-08T07:39:59.272+0000] {dag.py:3096} INFO - Sync 1 DAGs
[2026-05-08T07:39:59.326+0000] {logging_mixin.py:188} INFO - [2026-05-08T07:39:59.326+0000] {dag.py:3954} INFO - Setting next_dagrun for ab_test_medallion_pipeline to 2026-05-08 00:00:00+00:00, run_after=2026-05-09 00:00:00+00:00
[2026-05-08T07:39:59.357+0000] {processor.py:183} INFO - Processing /opt/airflow/dags/pipeline_dag.py took 0.226 seconds
[2026-05-08T07:40:29.658+0000] {processor.py:161} INFO - Started process (PID=10916) to work on /opt/airflow/dags/pipeline_dag.py
[2026-05-08T07:40:29.663+0000] {processor.py:830} INFO - Processing file /opt/airflow/dags/pipeline_dag.py for tasks to queue
[2026-05-08T07:40:29.665+0000] {logging_mixin.py:188} INFO - [2026-05-08T07:40:29.664+0000] {dagbag.py:545} INFO - Filling up the DagBag from /opt/airflow/dags/pipeline_dag.py
[2026-05-08T07:40:29.694+0000] {processor.py:840} INFO - DAG(s) 'ab_test_medallion_pipeline' retrieved from /opt/airflow/dags/pipeline_dag.py
[2026-05-08T07:40:29.757+0000] {logging_mixin.py:188} INFO - [2026-05-08T07:40:29.757+0000] {dag.py:3096} INFO - Sync 1 DAGs
[2026-05-08T07:40:29.795+0000] {logging_mixin.py:188} INFO - [2026-05-08T07:40:29.795+0000] {dag.py:3954} INFO - Setting next_dagrun for ab_test_medallion_pipeline to 2026-05-08 00:00:00+00:00, run_after=2026-05-09 00:00:00+00:00
[2026-05-08T07:40:29.844+0000] {processor.py:183} INFO - Processing /opt/airflow/dags/pipeline_dag.py took 0.206 seconds
[2026-05-08T07:40:59.967+0000] {processor.py:161} INFO - Started process (PID=10957) to work on /opt/airflow/dags/pipeline_dag.py
[2026-05-08T07:40:59.969+0000] {processor.py:830} INFO - Processing file /opt/airflow/dags/pipeline_dag.py for tasks to queue
[2026-05-08T07:40:59.971+0000] {logging_mixin.py:188} INFO - [2026-05-08T07:40:59.970+0000] {dagbag.py:545} INFO - Filling up the DagBag from /opt/airflow/dags/pipeline_dag.py
[2026-05-08T07:41:00.007+0000] {processor.py:840} INFO - DAG(s) 'ab_test_medallion_pipeline' retrieved from /opt/airflow/dags/pipeline_dag.py
[2026-05-08T07:41:00.075+0000] {logging_mixin.py:188} INFO - [2026-05-08T07:41:00.074+0000] {dag.py:3096} INFO - Sync 1 DAGs
[2026-05-08T07:41:00.154+0000] {logging_mixin.py:188} INFO - [2026-05-08T07:41:00.153+0000] {dag.py:3954} INFO - Setting next_dagrun for ab_test_medallion_pipeline to 2026-05-08 00:00:00+00:00, run_after=2026-05-09 00:00:00+00:00
[2026-05-08T07:41:00.204+0000] {processor.py:183} INFO - Processing /opt/airflow/dags/pipeline_dag.py took 0.261 seconds
[2026-05-08T07:41:30.406+0000] {processor.py:161} INFO - Started process (PID=11035) to work on /opt/airflow/dags/pipeline_dag.py
[2026-05-08T07:41:30.417+0000] {processor.py:830} INFO - Processing file /opt/airflow/dags/pipeline_dag.py for tasks to queue
[2026-05-08T07:41:30.419+0000] {logging_mixin.py:188} INFO - [2026-05-08T07:41:30.418+0000] {dagbag.py:545} INFO - Filling up the DagBag from /opt/airflow/dags/pipeline_dag.py
[2026-05-08T07:41:30.449+0000] {processor.py:840} INFO - DAG(s) 'ab_test_medallion_pipeline' retrieved from /opt/airflow/dags/pipeline_dag.py
[2026-05-08T07:41:30.514+0000] {logging_mixin.py:188} INFO - [2026-05-08T07:41:30.514+0000] {dag.py:3096} INFO - Sync 1 DAGs
[2026-05-08T07:41:30.562+0000] {logging_mixin.py:188} INFO - [2026-05-08T07:41:30.562+0000] {dag.py:3954} INFO - Setting next_dagrun for ab_test_medallion_pipeline to 2026-05-08 00:00:00+00:00, run_after=2026-05-09 00:00:00+00:00
[2026-05-08T07:41:30.595+0000] {processor.py:183} INFO - Processing /opt/airflow/dags/pipeline_dag.py took 0.202 seconds
[2026-05-08T07:42:00.727+0000] {processor.py:161} INFO - Started process (PID=11051) to work on /opt/airflow/dags/pipeline_dag.py
[2026-05-08T07:42:00.729+0000] {processor.py:830} INFO - Processing file /opt/airflow/dags/pipeline_dag.py for tasks to queue
[2026-05-08T07:42:00.731+0000] {logging_mixin.py:188} INFO - [2026-05-08T07:42:00.730+0000] {dagbag.py:545} INFO - Filling up the DagBag from /opt/airflow/dags/pipeline_dag.py
[2026-05-08T07:42:00.758+0000] {processor.py:840} INFO - DAG(s) 'ab_test_medallion_pipeline' retrieved from /opt/airflow/dags/pipeline_dag.py
[2026-05-08T07:42:00.822+0000] {logging_mixin.py:188} INFO - [2026-05-08T07:42:00.821+0000] {dag.py:3096} INFO - Sync 1 DAGs
[2026-05-08T07:42:00.864+0000] {logging_mixin.py:188} INFO - [2026-05-08T07:42:00.863+0000] {dag.py:3954} INFO - Setting next_dagrun for ab_test_medallion_pipeline to 2026-05-08 00:00:00+00:00, run_after=2026-05-09 00:00:00+00:00
[2026-05-08T07:42:00.911+0000] {processor.py:183} INFO - Processing /opt/airflow/dags/pipeline_dag.py took 0.210 seconds
[2026-05-08T07:42:31.096+0000] {processor.py:161} INFO - Started process (PID=11154) to work on /opt/airflow/dags/pipeline_dag.py
[2026-05-08T07:42:31.098+0000] {processor.py:830} INFO - Processing file /opt/airflow/dags/pipeline_dag.py for tasks to queue
[2026-05-08T07:42:31.100+0000] {logging_mixin.py:188} INFO - [2026-05-08T07:42:31.099+0000] {dagbag.py:545} INFO - Filling up the DagBag from /opt/airflow/dags/pipeline_dag.py
[2026-05-08T07:42:31.168+0000] {processor.py:840} INFO - DAG(s) 'ab_test_medallion_pipeline' retrieved from /opt/airflow/dags/pipeline_dag.py
[2026-05-08T07:42:31.248+0000] {logging_mixin.py:188} INFO - [2026-05-08T07:42:31.247+0000] {dag.py:3096} INFO - Sync 1 DAGs
[2026-05-08T07:42:31.299+0000] {logging_mixin.py:188} INFO - [2026-05-08T07:42:31.299+0000] {dag.py:3954} INFO - Setting next_dagrun for ab_test_medallion_pipeline to 2026-05-08 00:00:00+00:00, run_after=2026-05-09 00:00:00+00:00
[2026-05-08T07:42:31.340+0000] {processor.py:183} INFO - Processing /opt/airflow/dags/pipeline_dag.py took 0.260 seconds
[2026-05-08T07:43:01.628+0000] {processor.py:161} INFO - Started process (PID=11172) to work on /opt/airflow/dags/pipeline_dag.py
[2026-05-08T07:43:01.632+0000] {processor.py:830} INFO - Processing file /opt/airflow/dags/pipeline_dag.py for tasks to queue
[2026-05-08T07:43:01.636+0000] {logging_mixin.py:188} INFO - [2026-05-08T07:43:01.635+0000] {dagbag.py:545} INFO - Filling up the DagBag from /opt/airflow/dags/pipeline_dag.py
[2026-05-08T07:43:01.677+0000] {processor.py:840} INFO - DAG(s) 'ab_test_medallion_pipeline' retrieved from /opt/airflow/dags/pipeline_dag.py
[2026-05-08T07:43:01.782+0000] {logging_mixin.py:188} INFO - [2026-05-08T07:43:01.782+0000] {dag.py:3096} INFO - Sync 1 DAGs
[2026-05-08T07:43:01.844+0000] {logging_mixin.py:188} INFO - [2026-05-08T07:43:01.843+0000] {dag.py:3954} INFO - Setting next_dagrun for ab_test_medallion_pipeline to 2026-05-08 00:00:00+00:00, run_after=2026-05-09 00:00:00+00:00
[2026-05-08T07:43:01.895+0000] {processor.py:183} INFO - Processing /opt/airflow/dags/pipeline_dag.py took 0.289 seconds
[2026-05-08T07:43:32.223+0000] {processor.py:161} INFO - Started process (PID=11231) to work on /opt/airflow/dags/pipeline_dag.py
[2026-05-08T07:43:32.226+0000] {processor.py:830} INFO - Processing file /opt/airflow/dags/pipeline_dag.py for tasks to queue
[2026-05-08T07:43:32.228+0000] {logging_mixin.py:188} INFO - [2026-05-08T07:43:32.227+0000] {dagbag.py:545} INFO - Filling up the DagBag from /opt/airflow/dags/pipeline_dag.py
[2026-05-08T07:43:32.310+0000] {processor.py:840} INFO - DAG(s) 'ab_test_medallion_pipeline' retrieved from /opt/airflow/dags/pipeline_dag.py
[2026-05-08T07:43:32.435+0000] {logging_mixin.py:188} INFO - [2026-05-08T07:43:32.434+0000] {dag.py:3096} INFO - Sync 1 DAGs
[2026-05-08T07:43:32.557+0000] {logging_mixin.py:188} INFO - [2026-05-08T07:43:32.556+0000] {dag.py:3954} INFO - Setting next_dagrun for ab_test_medallion_pipeline to 2026-05-08 00:00:00+00:00, run_after=2026-05-09 00:00:00+00:00
[2026-05-08T07:43:32.600+0000] {processor.py:183} INFO - Processing /opt/airflow/dags/pipeline_dag.py took 0.403 seconds
[2026-05-08T07:44:02.880+0000] {processor.py:161} INFO - Started process (PID=11300) to work on /opt/airflow/dags/pipeline_dag.py
[2026-05-08T07:44:02.883+0000] {processor.py:830} INFO - Processing file /opt/airflow/dags/pipeline_dag.py for tasks to queue
[2026-05-08T07:44:02.885+0000] {logging_mixin.py:188} INFO - [2026-05-08T07:44:02.884+0000] {dagbag.py:545} INFO - Filling up the DagBag from /opt/airflow/dags/pipeline_dag.py
[2026-05-08T07:44:02.921+0000] {processor.py:840} INFO - DAG(s) 'ab_test_medallion_pipeline' retrieved from /opt/airflow/dags/pipeline_dag.py
[2026-05-08T07:44:03.038+0000] {logging_mixin.py:188} INFO - [2026-05-08T07:44:03.038+0000] {dag.py:3096} INFO - Sync 1 DAGs
[2026-05-08T07:44:03.141+0000] {logging_mixin.py:188} INFO - [2026-05-08T07:44:03.140+0000] {dag.py:3954} INFO - Setting next_dagrun for ab_test_medallion_pipeline to 2026-05-08 00:00:00+00:00, run_after=2026-05-09 00:00:00+00:00
[2026-05-08T07:44:03.204+0000] {processor.py:183} INFO - Processing /opt/airflow/dags/pipeline_dag.py took 0.341 seconds
[2026-05-08T07:44:33.495+0000] {processor.py:161} INFO - Started process (PID=11312) to work on /opt/airflow/dags/pipeline_dag.py
[2026-05-08T07:44:33.498+0000] {processor.py:830} INFO - Processing file /opt/airflow/dags/pipeline_dag.py for tasks to queue
[2026-05-08T07:44:33.501+0000] {logging_mixin.py:188} INFO - [2026-05-08T07:44:33.499+0000] {dagbag.py:545} INFO - Filling up the DagBag from /opt/airflow/dags/pipeline_dag.py
[2026-05-08T07:44:33.546+0000] {processor.py:840} INFO - DAG(s) 'ab_test_medallion_pipeline' retrieved from /opt/airflow/dags/pipeline_dag.py
[2026-05-08T07:44:33.635+0000] {logging_mixin.py:188} INFO - [2026-05-08T07:44:33.631+0000] {dag.py:3096} INFO - Sync 1 DAGs
[2026-05-08T07:44:33.707+0000] {logging_mixin.py:188} INFO - [2026-05-08T07:44:33.707+0000] {dag.py:3954} INFO - Setting next_dagrun for ab_test_medallion_pipeline to 2026-05-08 00:00:00+00:00, run_after=2026-05-09 00:00:00+00:00
[2026-05-08T07:44:33.757+0000] {processor.py:183} INFO - Processing /opt/airflow/dags/pipeline_dag.py took 0.294 seconds
[2026-05-08T07:45:04.050+0000] {processor.py:161} INFO - Started process (PID=11376) to work on /opt/airflow/dags/pipeline_dag.py
[2026-05-08T07:45:04.052+0000] {processor.py:830} INFO - Processing file /opt/airflow/dags/pipeline_dag.py for tasks to queue
[2026-05-08T07:45:04.054+0000] {logging_mixin.py:188} INFO - [2026-05-08T07:45:04.053+0000] {dagbag.py:545} INFO - Filling up the DagBag from /opt/airflow/dags/pipeline_dag.py
[2026-05-08T07:45:04.091+0000] {processor.py:840} INFO - DAG(s) 'ab_test_medallion_pipeline' retrieved from /opt/airflow/dags/pipeline_dag.py
[2026-05-08T07:45:04.292+0000] {logging_mixin.py:188} INFO - [2026-05-08T07:45:04.292+0000] {dag.py:3096} INFO - Sync 1 DAGs
[2026-05-08T07:45:04.350+0000] {logging_mixin.py:188} INFO - [2026-05-08T07:45:04.349+0000] {dag.py:3954} INFO - Setting next_dagrun for ab_test_medallion_pipeline to 2026-05-08 00:00:00+00:00, run_after=2026-05-09 00:00:00+00:00
[2026-05-08T07:45:04.398+0000] {processor.py:183} INFO - Processing /opt/airflow/dags/pipeline_dag.py took 0.367 seconds
[2026-05-08T07:45:34.857+0000] {processor.py:161} INFO - Started process (PID=11459) to work on /opt/airflow/dags/pipeline_dag.py
[2026-05-08T07:45:34.863+0000] {processor.py:830} INFO - Processing file /opt/airflow/dags/pipeline_dag.py for tasks to queue
[2026-05-08T07:45:34.869+0000] {logging_mixin.py:188} INFO - [2026-05-08T07:45:34.867+0000] {dagbag.py:545} INFO - Filling up the DagBag from /opt/airflow/dags/pipeline_dag.py
[2026-05-08T07:45:34.978+0000] {processor.py:840} INFO - DAG(s) 'ab_test_medallion_pipeline' retrieved from /opt/airflow/dags/pipeline_dag.py
[2026-05-08T07:45:35.120+0000] {logging_mixin.py:188} INFO - [2026-05-08T07:45:35.119+0000] {dag.py:3096} INFO - Sync 1 DAGs
[2026-05-08T07:45:35.224+0000] {logging_mixin.py:188} INFO - [2026-05-08T07:45:35.224+0000] {dag.py:3954} INFO - Setting next_dagrun for ab_test_medallion_pipeline to 2026-05-08 00:00:00+00:00, run_after=2026-05-09 00:00:00+00:00
[2026-05-08T07:45:35.281+0000] {processor.py:183} INFO - Processing /opt/airflow/dags/pipeline_dag.py took 0.446 seconds
[2026-05-08T07:46:05.668+0000] {processor.py:161} INFO - Started process (PID=11548) to work on /opt/airflow/dags/pipeline_dag.py
[2026-05-08T07:46:05.672+0000] {processor.py:830} INFO - Processing file /opt/airflow/dags/pipeline_dag.py for tasks to queue
[2026-05-08T07:46:05.674+0000] {logging_mixin.py:188} INFO - [2026-05-08T07:46:05.673+0000] {dagbag.py:545} INFO - Filling up the DagBag from /opt/airflow/dags/pipeline_dag.py
[2026-05-08T07:46:05.710+0000] {processor.py:840} INFO - DAG(s) 'ab_test_medallion_pipeline' retrieved from /opt/airflow/dags/pipeline_dag.py
[2026-05-08T07:46:05.794+0000] {logging_mixin.py:188} INFO - [2026-05-08T07:46:05.793+0000] {dag.py:3096} INFO - Sync 1 DAGs
[2026-05-08T07:46:05.843+0000] {logging_mixin.py:188} INFO - [2026-05-08T07:46:05.843+0000] {dag.py:3954} INFO - Setting next_dagrun for ab_test_medallion_pipeline to 2026-05-08 00:00:00+00:00, run_after=2026-05-09 00:00:00+00:00
[2026-05-08T07:46:05.884+0000] {processor.py:183} INFO - Processing /opt/airflow/dags/pipeline_dag.py took 0.241 seconds
[2026-05-08T07:46:35.979+0000] {processor.py:161} INFO - Started process (PID=11580) to work on /opt/airflow/dags/pipeline_dag.py
[2026-05-08T07:46:35.983+0000] {processor.py:830} INFO - Processing file /opt/airflow/dags/pipeline_dag.py for tasks to queue
[2026-05-08T07:46:35.986+0000] {logging_mixin.py:188} INFO - [2026-05-08T07:46:35.985+0000] {dagbag.py:545} INFO - Filling up the DagBag from /opt/airflow/dags/pipeline_dag.py
[2026-05-08T07:46:36.051+0000] {processor.py:840} INFO - DAG(s) 'ab_test_medallion_pipeline' retrieved from /opt/airflow/dags/pipeline_dag.py
[2026-05-08T07:46:36.150+0000] {logging_mixin.py:188} INFO - [2026-05-08T07:46:36.149+0000] {dag.py:3096} INFO - Sync 1 DAGs
[2026-05-08T07:46:36.215+0000] {logging_mixin.py:188} INFO - [2026-05-08T07:46:36.215+0000] {dag.py:3954} INFO - Setting next_dagrun for ab_test_medallion_pipeline to 2026-05-08 00:00:00+00:00, run_after=2026-05-09 00:00:00+00:00
[2026-05-08T07:46:36.257+0000] {processor.py:183} INFO - Processing /opt/airflow/dags/pipeline_dag.py took 0.295 seconds
[2026-05-08T07:47:06.499+0000] {processor.py:161} INFO - Started process (PID=11585) to work on /opt/airflow/dags/pipeline_dag.py
[2026-05-08T07:47:06.502+0000] {processor.py:830} INFO - Processing file /opt/airflow/dags/pipeline_dag.py for tasks to queue
[2026-05-08T07:47:06.505+0000] {logging_mixin.py:188} INFO - [2026-05-08T07:47:06.503+0000] {dagbag.py:545} INFO - Filling up the DagBag from /opt/airflow/dags/pipeline_dag.py
[2026-05-08T07:47:06.546+0000] {processor.py:840} INFO - DAG(s) 'ab_test_medallion_pipeline' retrieved from /opt/airflow/dags/pipeline_dag.py
[2026-05-08T07:47:06.613+0000] {logging_mixin.py:188} INFO - [2026-05-08T07:47:06.613+0000] {dag.py:3096} INFO - Sync 1 DAGs
[2026-05-08T07:47:06.669+0000] {logging_mixin.py:188} INFO - [2026-05-08T07:47:06.669+0000] {dag.py:3954} INFO - Setting next_dagrun for ab_test_medallion_pipeline to 2026-05-08 00:00:00+00:00, run_after=2026-05-09 00:00:00+00:00
[2026-05-08T07:47:06.721+0000] {processor.py:183} INFO - Processing /opt/airflow/dags/pipeline_dag.py took 0.239 seconds
[2026-05-08T07:47:36.865+0000] {processor.py:161} INFO - Started process (PID=11590) to work on /opt/airflow/dags/pipeline_dag.py
[2026-05-08T07:47:36.867+0000] {processor.py:830} INFO - Processing file /opt/airflow/dags/pipeline_dag.py for tasks to queue
[2026-05-08T07:47:36.869+0000] {logging_mixin.py:188} INFO - [2026-05-08T07:47:36.868+0000] {dagbag.py:545} INFO - Filling up the DagBag from /opt/airflow/dags/pipeline_dag.py
[2026-05-08T07:47:36.898+0000] {processor.py:840} INFO - DAG(s) 'ab_test_medallion_pipeline' retrieved from /opt/airflow/dags/pipeline_dag.py
[2026-05-08T07:47:36.957+0000] {logging_mixin.py:188} INFO - [2026-05-08T07:47:36.956+0000] {dag.py:3096} INFO - Sync 1 DAGs
[2026-05-08T07:47:37.014+0000] {logging_mixin.py:188} INFO - [2026-05-08T07:47:37.014+0000] {dag.py:3954} INFO - Setting next_dagrun for ab_test_medallion_pipeline to 2026-05-08 00:00:00+00:00, run_after=2026-05-09 00:00:00+00:00
[2026-05-08T07:47:37.058+0000] {processor.py:183} INFO - Processing /opt/airflow/dags/pipeline_dag.py took 0.208 seconds
[2026-05-08T07:48:07.308+0000] {processor.py:161} INFO - Started process (PID=11595) to work on /opt/airflow/dags/pipeline_dag.py
[2026-05-08T07:48:07.310+0000] {processor.py:830} INFO - Processing file /opt/airflow/dags/pipeline_dag.py for tasks to queue
[2026-05-08T07:48:07.313+0000] {logging_mixin.py:188} INFO - [2026-05-08T07:48:07.312+0000] {dagbag.py:545} INFO - Filling up the DagBag from /opt/airflow/dags/pipeline_dag.py
[2026-05-08T07:48:07.356+0000] {processor.py:840} INFO - DAG(s) 'ab_test_medallion_pipeline' retrieved from /opt/airflow/dags/pipeline_dag.py
[2026-05-08T07:48:07.446+0000] {logging_mixin.py:188} INFO - [2026-05-08T07:48:07.445+0000] {dag.py:3096} INFO - Sync 1 DAGs
[2026-05-08T07:48:07.489+0000] {logging_mixin.py:188} INFO - [2026-05-08T07:48:07.488+0000] {dag.py:3954} INFO - Setting next_dagrun for ab_test_medallion_pipeline to 2026-05-08 00:00:00+00:00, run_after=2026-05-09 00:00:00+00:00
[2026-05-08T07:48:07.524+0000] {processor.py:183} INFO - Processing /opt/airflow/dags/pipeline_dag.py took 0.234 seconds
[2026-05-08T07:48:37.621+0000] {processor.py:161} INFO - Started process (PID=11600) to work on /opt/airflow/dags/pipeline_dag.py
[2026-05-08T07:48:37.623+0000] {processor.py:830} INFO - Processing file /opt/airflow/dags/pipeline_dag.py for tasks to queue
[2026-05-08T07:48:37.624+0000] {logging_mixin.py:188} INFO - [2026-05-08T07:48:37.624+0000] {dagbag.py:545} INFO - Filling up the DagBag from /opt/airflow/dags/pipeline_dag.py
[2026-05-08T07:48:37.650+0000] {processor.py:840} INFO - DAG(s) 'ab_test_medallion_pipeline' retrieved from /opt/airflow/dags/pipeline_dag.py
[2026-05-08T07:48:37.709+0000] {logging_mixin.py:188} INFO - [2026-05-08T07:48:37.709+0000] {dag.py:3096} INFO - Sync 1 DAGs
[2026-05-08T07:48:37.748+0000] {logging_mixin.py:188} INFO - [2026-05-08T07:48:37.748+0000] {dag.py:3954} INFO - Setting next_dagrun for ab_test_medallion_pipeline to 2026-05-08 00:00:00+00:00, run_after=2026-05-09 00:00:00+00:00
[2026-05-08T07:48:37.782+0000] {processor.py:183} INFO - Processing /opt/airflow/dags/pipeline_dag.py took 0.174 seconds
[2026-05-08T07:49:08.065+0000] {processor.py:161} INFO - Started process (PID=11605) to work on /opt/airflow/dags/pipeline_dag.py
[2026-05-08T07:49:08.066+0000] {processor.py:830} INFO - Processing file /opt/airflow/dags/pipeline_dag.py for tasks to queue
[2026-05-08T07:49:08.068+0000] {logging_mixin.py:188} INFO - [2026-05-08T07:49:08.067+0000] {dagbag.py:545} INFO - Filling up the DagBag from /opt/airflow/dags/pipeline_dag.py
[2026-05-08T07:49:08.097+0000] {processor.py:840} INFO - DAG(s) 'ab_test_medallion_pipeline' retrieved from /opt/airflow/dags/pipeline_dag.py
[2026-05-08T07:49:08.154+0000] {logging_mixin.py:188} INFO - [2026-05-08T07:49:08.154+0000] {dag.py:3096} INFO - Sync 1 DAGs
[2026-05-08T07:49:08.242+0000] {logging_mixin.py:188} INFO - [2026-05-08T07:49:08.241+0000] {dag.py:3954} INFO - Setting next_dagrun for ab_test_medallion_pipeline to 2026-05-08 00:00:00+00:00, run_after=2026-05-09 00:00:00+00:00
[2026-05-08T07:49:08.290+0000] {processor.py:183} INFO - Processing /opt/airflow/dags/pipeline_dag.py took 0.237 seconds
[2026-05-08T07:49:38.359+0000] {processor.py:161} INFO - Started process (PID=11610) to work on /opt/airflow/dags/pipeline_dag.py
[2026-05-08T07:49:38.361+0000] {processor.py:830} INFO - Processing file /opt/airflow/dags/pipeline_dag.py for tasks to queue
[2026-05-08T07:49:38.363+0000] {logging_mixin.py:188} INFO - [2026-05-08T07:49:38.362+0000] {dagbag.py:545} INFO - Filling up the DagBag from /opt/airflow/dags/pipeline_dag.py
[2026-05-08T07:49:38.392+0000] {processor.py:840} INFO - DAG(s) 'ab_test_medallion_pipeline' retrieved from /opt/airflow/dags/pipeline_dag.py
[2026-05-08T07:49:38.480+0000] {logging_mixin.py:188} INFO - [2026-05-08T07:49:38.479+0000] {dag.py:3096} INFO - Sync 1 DAGs
[2026-05-08T07:49:38.576+0000] {logging_mixin.py:188} INFO - [2026-05-08T07:49:38.576+0000] {dag.py:3954} INFO - Setting next_dagrun for ab_test_medallion_pipeline to 2026-05-08 00:00:00+00:00, run_after=2026-05-09 00:00:00+00:00
[2026-05-08T07:49:38.619+0000] {processor.py:183} INFO - Processing /opt/airflow/dags/pipeline_dag.py took 0.275 seconds
[2026-05-08T07:50:08.900+0000] {processor.py:161} INFO - Started process (PID=11615) to work on /opt/airflow/dags/pipeline_dag.py
[2026-05-08T07:50:08.901+0000] {processor.py:830} INFO - Processing file /opt/airflow/dags/pipeline_dag.py for tasks to queue
[2026-05-08T07:50:08.903+0000] {logging_mixin.py:188} INFO - [2026-05-08T07:50:08.902+0000] {dagbag.py:545} INFO - Filling up the DagBag from /opt/airflow/dags/pipeline_dag.py
[2026-05-08T07:50:09.010+0000] {processor.py:840} INFO - DAG(s) 'ab_test_medallion_pipeline' retrieved from /opt/airflow/dags/pipeline_dag.py
[2026-05-08T07:50:09.074+0000] {logging_mixin.py:188} INFO - [2026-05-08T07:50:09.073+0000] {dag.py:3096} INFO - Sync 1 DAGs
[2026-05-08T07:50:09.131+0000] {logging_mixin.py:188} INFO - [2026-05-08T07:50:09.130+0000] {dag.py:3954} INFO - Setting next_dagrun for ab_test_medallion_pipeline to 2026-05-08 00:00:00+00:00, run_after=2026-05-09 00:00:00+00:00
[2026-05-08T07:50:09.173+0000] {processor.py:183} INFO - Processing /opt/airflow/dags/pipeline_dag.py took 0.285 seconds
[2026-05-08T07:50:39.454+0000] {processor.py:161} INFO - Started process (PID=11620) to work on /opt/airflow/dags/pipeline_dag.py
[2026-05-08T07:50:39.458+0000] {processor.py:830} INFO - Processing file /opt/airflow/dags/pipeline_dag.py for tasks to queue
[2026-05-08T07:50:39.460+0000] {logging_mixin.py:188} INFO - [2026-05-08T07:50:39.459+0000] {dagbag.py:545} INFO - Filling up the DagBag from /opt/airflow/dags/pipeline_dag.py
[2026-05-08T07:50:39.485+0000] {processor.py:840} INFO - DAG(s) 'ab_test_medallion_pipeline' retrieved from /opt/airflow/dags/pipeline_dag.py
[2026-05-08T07:50:39.549+0000] {logging_mixin.py:188} INFO - [2026-05-08T07:50:39.548+0000] {dag.py:3096} INFO - Sync 1 DAGs
[2026-05-08T07:50:39.625+0000] {logging_mixin.py:188} INFO - [2026-05-08T07:50:39.624+0000] {dag.py:3954} INFO - Setting next_dagrun for ab_test_medallion_pipeline to 2026-05-08 00:00:00+00:00, run_after=2026-05-09 00:00:00+00:00
[2026-05-08T07:50:39.683+0000] {processor.py:183} INFO - Processing /opt/airflow/dags/pipeline_dag.py took 0.244 seconds
[2026-05-08T07:51:10.030+0000] {processor.py:161} INFO - Started process (PID=11625) to work on /opt/airflow/dags/pipeline_dag.py
[2026-05-08T07:51:10.031+0000] {processor.py:830} INFO - Processing file /opt/airflow/dags/pipeline_dag.py for tasks to queue
[2026-05-08T07:51:10.033+0000] {logging_mixin.py:188} INFO - [2026-05-08T07:51:10.032+0000] {dagbag.py:545} INFO - Filling up the DagBag from /opt/airflow/dags/pipeline_dag.py
[2026-05-08T07:51:10.060+0000] {processor.py:840} INFO - DAG(s) 'ab_test_medallion_pipeline' retrieved from /opt/airflow/dags/pipeline_dag.py
[2026-05-08T07:51:10.126+0000] {logging_mixin.py:188} INFO - [2026-05-08T07:51:10.126+0000] {dag.py:3096} INFO - Sync 1 DAGs
[2026-05-08T07:51:10.175+0000] {logging_mixin.py:188} INFO - [2026-05-08T07:51:10.175+0000] {dag.py:3954} INFO - Setting next_dagrun for ab_test_medallion_pipeline to 2026-05-08 00:00:00+00:00, run_after=2026-05-09 00:00:00+00:00
[2026-05-08T07:51:10.209+0000] {processor.py:183} INFO - Processing /opt/airflow/dags/pipeline_dag.py took 0.195 seconds
[2026-05-08T07:51:40.371+0000] {processor.py:161} INFO - Started process (PID=11630) to work on /opt/airflow/dags/pipeline_dag.py
[2026-05-08T07:51:40.374+0000] {processor.py:830} INFO - Processing file /opt/airflow/dags/pipeline_dag.py for tasks to queue
[2026-05-08T07:51:40.377+0000] {logging_mixin.py:188} INFO - [2026-05-08T07:51:40.375+0000] {dagbag.py:545} INFO - Filling up the DagBag from /opt/airflow/dags/pipeline_dag.py
[2026-05-08T07:51:40.409+0000] {processor.py:840} INFO - DAG(s) 'ab_test_medallion_pipeline' retrieved from /opt/airflow/dags/pipeline_dag.py
[2026-05-08T07:51:40.467+0000] {logging_mixin.py:188} INFO - [2026-05-08T07:51:40.467+0000] {dag.py:3096} INFO - Sync 1 DAGs
[2026-05-08T07:51:40.511+0000] {logging_mixin.py:188} INFO - [2026-05-08T07:51:40.511+0000] {dag.py:3954} INFO - Setting next_dagrun for ab_test_medallion_pipeline to 2026-05-08 00:00:00+00:00, run_after=2026-05-09 00:00:00+00:00
[2026-05-08T07:51:40.550+0000] {processor.py:183} INFO - Processing /opt/airflow/dags/pipeline_dag.py took 0.194 seconds
[2026-05-08T07:52:10.749+0000] {processor.py:161} INFO - Started process (PID=11635) to work on /opt/airflow/dags/pipeline_dag.py
[2026-05-08T07:52:10.751+0000] {processor.py:830} INFO - Processing file /opt/airflow/dags/pipeline_dag.py for tasks to queue
[2026-05-08T07:52:10.752+0000] {logging_mixin.py:188} INFO - [2026-05-08T07:52:10.751+0000] {dagbag.py:545} INFO - Filling up the DagBag from /opt/airflow/dags/pipeline_dag.py
[2026-05-08T07:52:10.798+0000] {processor.py:840} INFO - DAG(s) 'ab_test_medallion_pipeline' retrieved from /opt/airflow/dags/pipeline_dag.py
[2026-05-08T07:52:10.872+0000] {logging_mixin.py:188} INFO - [2026-05-08T07:52:10.872+0000] {dag.py:3096} INFO - Sync 1 DAGs
[2026-05-08T07:52:10.927+0000] {logging_mixin.py:188} INFO - [2026-05-08T07:52:10.927+0000] {dag.py:3954} INFO - Setting next_dagrun for ab_test_medallion_pipeline to 2026-05-08 00:00:00+00:00, run_after=2026-05-09 00:00:00+00:00
[2026-05-08T07:52:10.984+0000] {processor.py:183} INFO - Processing /opt/airflow/dags/pipeline_dag.py took 0.249 seconds
[2026-05-08T07:52:41.112+0000] {processor.py:161} INFO - Started process (PID=11640) to work on /opt/airflow/dags/pipeline_dag.py
[2026-05-08T07:52:41.114+0000] {processor.py:830} INFO - Processing file /opt/airflow/dags/pipeline_dag.py for tasks to queue
[2026-05-08T07:52:41.116+0000] {logging_mixin.py:188} INFO - [2026-05-08T07:52:41.115+0000] {dagbag.py:545} INFO - Filling up the DagBag from /opt/airflow/dags/pipeline_dag.py
[2026-05-08T07:52:41.219+0000] {processor.py:840} INFO - DAG(s) 'ab_test_medallion_pipeline' retrieved from /opt/airflow/dags/pipeline_dag.py
[2026-05-08T07:52:41.329+0000] {logging_mixin.py:188} INFO - [2026-05-08T07:52:41.329+0000] {dag.py:3096} INFO - Sync 1 DAGs
[2026-05-08T07:52:41.432+0000] {logging_mixin.py:188} INFO - [2026-05-08T07:52:41.432+0000] {dag.py:3954} INFO - Setting next_dagrun for ab_test_medallion_pipeline to 2026-05-08 00:00:00+00:00, run_after=2026-05-09 00:00:00+00:00
[2026-05-08T07:52:41.487+0000] {processor.py:183} INFO - Processing /opt/airflow/dags/pipeline_dag.py took 0.393 seconds
[2026-05-08T07:53:11.790+0000] {processor.py:161} INFO - Started process (PID=11645) to work on /opt/airflow/dags/pipeline_dag.py
[2026-05-08T07:53:11.792+0000] {processor.py:830} INFO - Processing file /opt/airflow/dags/pipeline_dag.py for tasks to queue
[2026-05-08T07:53:11.795+0000] {logging_mixin.py:188} INFO - [2026-05-08T07:53:11.794+0000] {dagbag.py:545} INFO - Filling up the DagBag from /opt/airflow/dags/pipeline_dag.py
[2026-05-08T07:53:11.822+0000] {processor.py:840} INFO - DAG(s) 'ab_test_medallion_pipeline' retrieved from /opt/airflow/dags/pipeline_dag.py
[2026-05-08T07:53:11.883+0000] {logging_mixin.py:188} INFO - [2026-05-08T07:53:11.883+0000] {dag.py:3096} INFO - Sync 1 DAGs
[2026-05-08T07:53:11.922+0000] {logging_mixin.py:188} INFO - [2026-05-08T07:53:11.922+0000] {dag.py:3954} INFO - Setting next_dagrun for ab_test_medallion_pipeline to 2026-05-08 00:00:00+00:00, run_after=2026-05-09 00:00:00+00:00
[2026-05-08T07:53:11.958+0000] {processor.py:183} INFO - Processing /opt/airflow/dags/pipeline_dag.py took 0.197 seconds
[2026-05-08T07:53:42.122+0000] {processor.py:161} INFO - Started process (PID=11650) to work on /opt/airflow/dags/pipeline_dag.py
[2026-05-08T07:53:42.125+0000] {processor.py:830} INFO - Processing file /opt/airflow/dags/pipeline_dag.py for tasks to queue
[2026-05-08T07:53:42.127+0000] {logging_mixin.py:188} INFO - [2026-05-08T07:53:42.126+0000] {dagbag.py:545} INFO - Filling up the DagBag from /opt/airflow/dags/pipeline_dag.py
[2026-05-08T07:53:42.168+0000] {processor.py:840} INFO - DAG(s) 'ab_test_medallion_pipeline' retrieved from /opt/airflow/dags/pipeline_dag.py
[2026-05-08T07:53:42.228+0000] {logging_mixin.py:188} INFO - [2026-05-08T07:53:42.228+0000] {dag.py:3096} INFO - Sync 1 DAGs
[2026-05-08T07:53:42.268+0000] {logging_mixin.py:188} INFO - [2026-05-08T07:53:42.268+0000] {dag.py:3954} INFO - Setting next_dagrun for ab_test_medallion_pipeline to 2026-05-08 00:00:00+00:00, run_after=2026-05-09 00:00:00+00:00
[2026-05-08T07:53:42.298+0000] {processor.py:183} INFO - Processing /opt/airflow/dags/pipeline_dag.py took 0.198 seconds
[2026-05-08T07:54:12.558+0000] {processor.py:161} INFO - Started process (PID=11655) to work on /opt/airflow/dags/pipeline_dag.py
[2026-05-08T07:54:12.562+0000] {processor.py:830} INFO - Processing file /opt/airflow/dags/pipeline_dag.py for tasks to queue
[2026-05-08T07:54:12.565+0000] {logging_mixin.py:188} INFO - [2026-05-08T07:54:12.564+0000] {dagbag.py:545} INFO - Filling up the DagBag from /opt/airflow/dags/pipeline_dag.py
[2026-05-08T07:54:12.605+0000] {processor.py:840} INFO - DAG(s) 'ab_test_medallion_pipeline' retrieved from /opt/airflow/dags/pipeline_dag.py
[2026-05-08T07:54:12.661+0000] {logging_mixin.py:188} INFO - [2026-05-08T07:54:12.661+0000] {dag.py:3096} INFO - Sync 1 DAGs
[2026-05-08T07:54:12.705+0000] {logging_mixin.py:188} INFO - [2026-05-08T07:54:12.705+0000] {dag.py:3954} INFO - Setting next_dagrun for ab_test_medallion_pipeline to 2026-05-08 00:00:00+00:00, run_after=2026-05-09 00:00:00+00:00
[2026-05-08T07:54:12.740+0000] {processor.py:183} INFO - Processing /opt/airflow/dags/pipeline_dag.py took 0.212 seconds
[2026-05-08T07:54:42.852+0000] {processor.py:161} INFO - Started process (PID=11660) to work on /opt/airflow/dags/pipeline_dag.py
[2026-05-08T07:54:42.858+0000] {processor.py:830} INFO - Processing file /opt/airflow/dags/pipeline_dag.py for tasks to queue
[2026-05-08T07:54:42.860+0000] {logging_mixin.py:188} INFO - [2026-05-08T07:54:42.859+0000] {dagbag.py:545} INFO - Filling up the DagBag from /opt/airflow/dags/pipeline_dag.py
[2026-05-08T07:54:42.907+0000] {processor.py:840} INFO - DAG(s) 'ab_test_medallion_pipeline' retrieved from /opt/airflow/dags/pipeline_dag.py
[2026-05-08T07:54:43.009+0000] {logging_mixin.py:188} INFO - [2026-05-08T07:54:43.007+0000] {dag.py:3096} INFO - Sync 1 DAGs
[2026-05-08T07:54:43.106+0000] {logging_mixin.py:188} INFO - [2026-05-08T07:54:43.105+0000] {dag.py:3954} INFO - Setting next_dagrun for ab_test_medallion_pipeline to 2026-05-08 00:00:00+00:00, run_after=2026-05-09 00:00:00+00:00
[2026-05-08T07:54:43.170+0000] {processor.py:183} INFO - Processing /opt/airflow/dags/pipeline_dag.py took 0.345 seconds
[2026-05-08T07:55:13.304+0000] {processor.py:161} INFO - Started process (PID=11665) to work on /opt/airflow/dags/pipeline_dag.py
[2026-05-08T07:55:13.306+0000] {processor.py:830} INFO - Processing file /opt/airflow/dags/pipeline_dag.py for tasks to queue
[2026-05-08T07:55:13.308+0000] {logging_mixin.py:188} INFO - [2026-05-08T07:55:13.307+0000] {dagbag.py:545} INFO - Filling up the DagBag from /opt/airflow/dags/pipeline_dag.py
[2026-05-08T07:55:13.368+0000] {processor.py:840} INFO - DAG(s) 'ab_test_medallion_pipeline' retrieved from /opt/airflow/dags/pipeline_dag.py
[2026-05-08T07:55:13.445+0000] {logging_mixin.py:188} INFO - [2026-05-08T07:55:13.445+0000] {dag.py:3096} INFO - Sync 1 DAGs
[2026-05-08T07:55:13.487+0000] {logging_mixin.py:188} INFO - [2026-05-08T07:55:13.487+0000] {dag.py:3954} INFO - Setting next_dagrun for ab_test_medallion_pipeline to 2026-05-08 00:00:00+00:00, run_after=2026-05-09 00:00:00+00:00
[2026-05-08T07:55:13.525+0000] {processor.py:183} INFO - Processing /opt/airflow/dags/pipeline_dag.py took 0.249 seconds
[2026-05-08T07:55:43.648+0000] {processor.py:161} INFO - Started process (PID=11670) to work on /opt/airflow/dags/pipeline_dag.py
[2026-05-08T07:55:43.649+0000] {processor.py:830} INFO - Processing file /opt/airflow/dags/pipeline_dag.py for tasks to queue
[2026-05-08T07:55:43.651+0000] {logging_mixin.py:188} INFO - [2026-05-08T07:55:43.650+0000] {dagbag.py:545} INFO - Filling up the DagBag from /opt/airflow/dags/pipeline_dag.py
[2026-05-08T07:55:43.678+0000] {processor.py:840} INFO - DAG(s) 'ab_test_medallion_pipeline' retrieved from /opt/airflow/dags/pipeline_dag.py
[2026-05-08T07:55:43.749+0000] {logging_mixin.py:188} INFO - [2026-05-08T07:55:43.749+0000] {dag.py:3096} INFO - Sync 1 DAGs
[2026-05-08T07:55:43.784+0000] {logging_mixin.py:188} INFO - [2026-05-08T07:55:43.784+0000] {dag.py:3954} INFO - Setting next_dagrun for ab_test_medallion_pipeline to 2026-05-08 00:00:00+00:00, run_after=2026-05-09 00:00:00+00:00
[2026-05-08T07:55:43.823+0000] {processor.py:183} INFO - Processing /opt/airflow/dags/pipeline_dag.py took 0.188 seconds
[2026-05-08T07:56:14.160+0000] {processor.py:161} INFO - Started process (PID=11675) to work on /opt/airflow/dags/pipeline_dag.py
[2026-05-08T07:56:14.163+0000] {processor.py:830} INFO - Processing file /opt/airflow/dags/pipeline_dag.py for tasks to queue
[2026-05-08T07:56:14.166+0000] {logging_mixin.py:188} INFO - [2026-05-08T07:56:14.165+0000] {dagbag.py:545} INFO - Filling up the DagBag from /opt/airflow/dags/pipeline_dag.py
[2026-05-08T07:56:14.216+0000] {processor.py:840} INFO - DAG(s) 'ab_test_medallion_pipeline' retrieved from /opt/airflow/dags/pipeline_dag.py
[2026-05-08T07:56:14.369+0000] {logging_mixin.py:188} INFO - [2026-05-08T07:56:14.367+0000] {dag.py:3096} INFO - Sync 1 DAGs
[2026-05-08T07:56:14.451+0000] {logging_mixin.py:188} INFO - [2026-05-08T07:56:14.450+0000] {dag.py:3954} INFO - Setting next_dagrun for ab_test_medallion_pipeline to 2026-05-08 00:00:00+00:00, run_after=2026-05-09 00:00:00+00:00
[2026-05-08T07:56:14.502+0000] {processor.py:183} INFO - Processing /opt/airflow/dags/pipeline_dag.py took 0.359 seconds
[2026-05-08T07:56:44.852+0000] {processor.py:161} INFO - Started process (PID=11680) to work on /opt/airflow/dags/pipeline_dag.py
[2026-05-08T07:56:44.854+0000] {processor.py:830} INFO - Processing file /opt/airflow/dags/pipeline_dag.py for tasks to queue
[2026-05-08T07:56:44.856+0000] {logging_mixin.py:188} INFO - [2026-05-08T07:56:44.855+0000] {dagbag.py:545} INFO - Filling up the DagBag from /opt/airflow/dags/pipeline_dag.py
[2026-05-08T07:56:44.884+0000] {processor.py:840} INFO - DAG(s) 'ab_test_medallion_pipeline' retrieved from /opt/airflow/dags/pipeline_dag.py
[2026-05-08T07:56:44.937+0000] {logging_mixin.py:188} INFO - [2026-05-08T07:56:44.936+0000] {dag.py:3096} INFO - Sync 1 DAGs
[2026-05-08T07:56:44.994+0000] {logging_mixin.py:188} INFO - [2026-05-08T07:56:44.994+0000] {dag.py:3954} INFO - Setting next_dagrun for ab_test_medallion_pipeline to 2026-05-08 00:00:00+00:00, run_after=2026-05-09 00:00:00+00:00
[2026-05-08T07:56:45.029+0000] {processor.py:183} INFO - Processing /opt/airflow/dags/pipeline_dag.py took 0.189 seconds
[2026-05-08T07:57:15.203+0000] {processor.py:161} INFO - Started process (PID=11685) to work on /opt/airflow/dags/pipeline_dag.py
[2026-05-08T07:57:15.205+0000] {processor.py:830} INFO - Processing file /opt/airflow/dags/pipeline_dag.py for tasks to queue
[2026-05-08T07:57:15.207+0000] {logging_mixin.py:188} INFO - [2026-05-08T07:57:15.207+0000] {dagbag.py:545} INFO - Filling up the DagBag from /opt/airflow/dags/pipeline_dag.py
[2026-05-08T07:57:15.247+0000] {processor.py:840} INFO - DAG(s) 'ab_test_medallion_pipeline' retrieved from /opt/airflow/dags/pipeline_dag.py
[2026-05-08T07:57:15.308+0000] {logging_mixin.py:188} INFO - [2026-05-08T07:57:15.308+0000] {dag.py:3096} INFO - Sync 1 DAGs
[2026-05-08T07:57:15.357+0000] {logging_mixin.py:188} INFO - [2026-05-08T07:57:15.357+0000] {dag.py:3954} INFO - Setting next_dagrun for ab_test_medallion_pipeline to 2026-05-08 00:00:00+00:00, run_after=2026-05-09 00:00:00+00:00
[2026-05-08T07:57:15.393+0000] {processor.py:183} INFO - Processing /opt/airflow/dags/pipeline_dag.py took 0.205 seconds
[2026-05-08T07:57:45.619+0000] {processor.py:161} INFO - Started process (PID=11690) to work on /opt/airflow/dags/pipeline_dag.py
[2026-05-08T07:57:45.623+0000] {processor.py:830} INFO - Processing file /opt/airflow/dags/pipeline_dag.py for tasks to queue
[2026-05-08T07:57:45.626+0000] {logging_mixin.py:188} INFO - [2026-05-08T07:57:45.625+0000] {dagbag.py:545} INFO - Filling up the DagBag from /opt/airflow/dags/pipeline_dag.py
[2026-05-08T07:57:45.675+0000] {processor.py:840} INFO - DAG(s) 'ab_test_medallion_pipeline' retrieved from /opt/airflow/dags/pipeline_dag.py
[2026-05-08T07:57:45.742+0000] {logging_mixin.py:188} INFO - [2026-05-08T07:57:45.742+0000] {dag.py:3096} INFO - Sync 1 DAGs
[2026-05-08T07:57:45.807+0000] {logging_mixin.py:188} INFO - [2026-05-08T07:57:45.807+0000] {dag.py:3954} INFO - Setting next_dagrun for ab_test_medallion_pipeline to 2026-05-08 00:00:00+00:00, run_after=2026-05-09 00:00:00+00:00
[2026-05-08T07:57:45.860+0000] {processor.py:183} INFO - Processing /opt/airflow/dags/pipeline_dag.py took 0.276 seconds
[2026-05-08T07:58:15.948+0000] {processor.py:161} INFO - Started process (PID=11695) to work on /opt/airflow/dags/pipeline_dag.py
[2026-05-08T07:58:15.950+0000] {processor.py:830} INFO - Processing file /opt/airflow/dags/pipeline_dag.py for tasks to queue
[2026-05-08T07:58:15.952+0000] {logging_mixin.py:188} INFO - [2026-05-08T07:58:15.951+0000] {dagbag.py:545} INFO - Filling up the DagBag from /opt/airflow/dags/pipeline_dag.py
[2026-05-08T07:58:15.980+0000] {processor.py:840} INFO - DAG(s) 'ab_test_medallion_pipeline' retrieved from /opt/airflow/dags/pipeline_dag.py
[2026-05-08T07:58:16.038+0000] {logging_mixin.py:188} INFO - [2026-05-08T07:58:16.038+0000] {dag.py:3096} INFO - Sync 1 DAGs
[2026-05-08T07:58:16.087+0000] {logging_mixin.py:188} INFO - [2026-05-08T07:58:16.086+0000] {dag.py:3954} INFO - Setting next_dagrun for ab_test_medallion_pipeline to 2026-05-08 00:00:00+00:00, run_after=2026-05-09 00:00:00+00:00
[2026-05-08T07:58:16.171+0000] {processor.py:183} INFO - Processing /opt/airflow/dags/pipeline_dag.py took 0.234 seconds
[2026-05-08T07:58:46.473+0000] {processor.py:161} INFO - Started process (PID=11700) to work on /opt/airflow/dags/pipeline_dag.py
[2026-05-08T07:58:46.474+0000] {processor.py:830} INFO - Processing file /opt/airflow/dags/pipeline_dag.py for tasks to queue
[2026-05-08T07:58:46.476+0000] {logging_mixin.py:188} INFO - [2026-05-08T07:58:46.475+0000] {dagbag.py:545} INFO - Filling up the DagBag from /opt/airflow/dags/pipeline_dag.py
[2026-05-08T07:58:46.505+0000] {processor.py:840} INFO - DAG(s) 'ab_test_medallion_pipeline' retrieved from /opt/airflow/dags/pipeline_dag.py
[2026-05-08T07:58:46.555+0000] {logging_mixin.py:188} INFO - [2026-05-08T07:58:46.554+0000] {dag.py:3096} INFO - Sync 1 DAGs
[2026-05-08T07:58:46.598+0000] {logging_mixin.py:188} INFO - [2026-05-08T07:58:46.598+0000] {dag.py:3954} INFO - Setting next_dagrun for ab_test_medallion_pipeline to 2026-05-08 00:00:00+00:00, run_after=2026-05-09 00:00:00+00:00
[2026-05-08T07:58:46.630+0000] {processor.py:183} INFO - Processing /opt/airflow/dags/pipeline_dag.py took 0.172 seconds
[2026-05-08T07:59:16.810+0000] {processor.py:161} INFO - Started process (PID=11705) to work on /opt/airflow/dags/pipeline_dag.py
[2026-05-08T07:59:16.838+0000] {processor.py:830} INFO - Processing file /opt/airflow/dags/pipeline_dag.py for tasks to queue
[2026-05-08T07:59:16.867+0000] {logging_mixin.py:188} INFO - [2026-05-08T07:59:16.856+0000] {dagbag.py:545} INFO - Filling up the DagBag from /opt/airflow/dags/pipeline_dag.py
[2026-05-08T07:59:16.964+0000] {processor.py:840} INFO - DAG(s) 'ab_test_medallion_pipeline' retrieved from /opt/airflow/dags/pipeline_dag.py
[2026-05-08T07:59:17.178+0000] {logging_mixin.py:188} INFO - [2026-05-08T07:59:17.178+0000] {dag.py:3096} INFO - Sync 1 DAGs
[2026-05-08T07:59:17.430+0000] {logging_mixin.py:188} INFO - [2026-05-08T07:59:17.429+0000] {dag.py:3954} INFO - Setting next_dagrun for ab_test_medallion_pipeline to 2026-05-08 00:00:00+00:00, run_after=2026-05-09 00:00:00+00:00
[2026-05-08T07:59:17.614+0000] {processor.py:183} INFO - Processing /opt/airflow/dags/pipeline_dag.py took 0.847 seconds
[2026-05-08T07:59:47.933+0000] {processor.py:161} INFO - Started process (PID=11710) to work on /opt/airflow/dags/pipeline_dag.py
[2026-05-08T07:59:47.934+0000] {processor.py:830} INFO - Processing file /opt/airflow/dags/pipeline_dag.py for tasks to queue
[2026-05-08T07:59:47.936+0000] {logging_mixin.py:188} INFO - [2026-05-08T07:59:47.935+0000] {dagbag.py:545} INFO - Filling up the DagBag from /opt/airflow/dags/pipeline_dag.py
[2026-05-08T07:59:47.970+0000] {processor.py:840} INFO - DAG(s) 'ab_test_medallion_pipeline' retrieved from /opt/airflow/dags/pipeline_dag.py
[2026-05-08T07:59:48.045+0000] {logging_mixin.py:188} INFO - [2026-05-08T07:59:48.044+0000] {dag.py:3096} INFO - Sync 1 DAGs
[2026-05-08T07:59:48.121+0000] {logging_mixin.py:188} INFO - [2026-05-08T07:59:48.121+0000] {dag.py:3954} INFO - Setting next_dagrun for ab_test_medallion_pipeline to 2026-05-08 00:00:00+00:00, run_after=2026-05-09 00:00:00+00:00
[2026-05-08T07:59:48.191+0000] {processor.py:183} INFO - Processing /opt/airflow/dags/pipeline_dag.py took 0.274 seconds
[2026-05-08T08:00:18.396+0000] {processor.py:161} INFO - Started process (PID=11715) to work on /opt/airflow/dags/pipeline_dag.py
[2026-05-08T08:00:18.399+0000] {processor.py:830} INFO - Processing file /opt/airflow/dags/pipeline_dag.py for tasks to queue
[2026-05-08T08:00:18.401+0000] {logging_mixin.py:188} INFO - [2026-05-08T08:00:18.400+0000] {dagbag.py:545} INFO - Filling up the DagBag from /opt/airflow/dags/pipeline_dag.py
[2026-05-08T08:00:18.437+0000] {processor.py:840} INFO - DAG(s) 'ab_test_medallion_pipeline' retrieved from /opt/airflow/dags/pipeline_dag.py
[2026-05-08T08:00:18.498+0000] {logging_mixin.py:188} INFO - [2026-05-08T08:00:18.498+0000] {dag.py:3096} INFO - Sync 1 DAGs
[2026-05-08T08:00:18.550+0000] {logging_mixin.py:188} INFO - [2026-05-08T08:00:18.550+0000] {dag.py:3954} INFO - Setting next_dagrun for ab_test_medallion_pipeline to 2026-05-08 00:00:00+00:00, run_after=2026-05-09 00:00:00+00:00
[2026-05-08T08:00:18.588+0000] {processor.py:183} INFO - Processing /opt/airflow/dags/pipeline_dag.py took 0.211 seconds
[2026-05-08T08:00:48.781+0000] {processor.py:161} INFO - Started process (PID=11720) to work on /opt/airflow/dags/pipeline_dag.py
[2026-05-08T08:00:48.783+0000] {processor.py:830} INFO - Processing file /opt/airflow/dags/pipeline_dag.py for tasks to queue
[2026-05-08T08:00:48.785+0000] {logging_mixin.py:188} INFO - [2026-05-08T08:00:48.784+0000] {dagbag.py:545} INFO - Filling up the DagBag from /opt/airflow/dags/pipeline_dag.py
[2026-05-08T08:00:48.822+0000] {processor.py:840} INFO - DAG(s) 'ab_test_medallion_pipeline' retrieved from /opt/airflow/dags/pipeline_dag.py
[2026-05-08T08:00:48.891+0000] {logging_mixin.py:188} INFO - [2026-05-08T08:00:48.890+0000] {dag.py:3096} INFO - Sync 1 DAGs
[2026-05-08T08:00:48.936+0000] {logging_mixin.py:188} INFO - [2026-05-08T08:00:48.936+0000] {dag.py:3954} INFO - Setting next_dagrun for ab_test_medallion_pipeline to 2026-05-08 00:00:00+00:00, run_after=2026-05-09 00:00:00+00:00
[2026-05-08T08:00:48.979+0000] {processor.py:183} INFO - Processing /opt/airflow/dags/pipeline_dag.py took 0.223 seconds
[2026-05-08T08:01:19.181+0000] {processor.py:161} INFO - Started process (PID=11725) to work on /opt/airflow/dags/pipeline_dag.py
[2026-05-08T08:01:19.183+0000] {processor.py:830} INFO - Processing file /opt/airflow/dags/pipeline_dag.py for tasks to queue
[2026-05-08T08:01:19.185+0000] {logging_mixin.py:188} INFO - [2026-05-08T08:01:19.185+0000] {dagbag.py:545} INFO - Filling up the DagBag from /opt/airflow/dags/pipeline_dag.py
[2026-05-08T08:01:19.212+0000] {processor.py:840} INFO - DAG(s) 'ab_test_medallion_pipeline' retrieved from /opt/airflow/dags/pipeline_dag.py
[2026-05-08T08:01:19.261+0000] {logging_mixin.py:188} INFO - [2026-05-08T08:01:19.261+0000] {dag.py:3096} INFO - Sync 1 DAGs
[2026-05-08T08:01:19.301+0000] {logging_mixin.py:188} INFO - [2026-05-08T08:01:19.300+0000] {dag.py:3954} INFO - Setting next_dagrun for ab_test_medallion_pipeline to 2026-05-08 00:00:00+00:00, run_after=2026-05-09 00:00:00+00:00
[2026-05-08T08:01:19.335+0000] {processor.py:183} INFO - Processing /opt/airflow/dags/pipeline_dag.py took 0.171 seconds
[2026-05-08T08:01:49.542+0000] {processor.py:161} INFO - Started process (PID=11730) to work on /opt/airflow/dags/pipeline_dag.py
[2026-05-08T08:01:49.547+0000] {processor.py:830} INFO - Processing file /opt/airflow/dags/pipeline_dag.py for tasks to queue
[2026-05-08T08:01:49.549+0000] {logging_mixin.py:188} INFO - [2026-05-08T08:01:49.548+0000] {dagbag.py:545} INFO - Filling up the DagBag from /opt/airflow/dags/pipeline_dag.py
[2026-05-08T08:01:49.601+0000] {processor.py:840} INFO - DAG(s) 'ab_test_medallion_pipeline' retrieved from /opt/airflow/dags/pipeline_dag.py
[2026-05-08T08:01:49.711+0000] {logging_mixin.py:188} INFO - [2026-05-08T08:01:49.709+0000] {dag.py:3096} INFO - Sync 1 DAGs
[2026-05-08T08:01:49.797+0000] {logging_mixin.py:188} INFO - [2026-05-08T08:01:49.796+0000] {dag.py:3954} INFO - Setting next_dagrun for ab_test_medallion_pipeline to 2026-05-08 00:00:00+00:00, run_after=2026-05-09 00:00:00+00:00
[2026-05-08T08:01:49.869+0000] {processor.py:183} INFO - Processing /opt/airflow/dags/pipeline_dag.py took 0.348 seconds
[2026-05-08T08:02:20.148+0000] {processor.py:161} INFO - Started process (PID=11735) to work on /opt/airflow/dags/pipeline_dag.py
[2026-05-08T08:02:20.151+0000] {processor.py:830} INFO - Processing file /opt/airflow/dags/pipeline_dag.py for tasks to queue
[2026-05-08T08:02:20.154+0000] {logging_mixin.py:188} INFO - [2026-05-08T08:02:20.153+0000] {dagbag.py:545} INFO - Filling up the DagBag from /opt/airflow/dags/pipeline_dag.py
[2026-05-08T08:02:20.188+0000] {processor.py:840} INFO - DAG(s) 'ab_test_medallion_pipeline' retrieved from /opt/airflow/dags/pipeline_dag.py
[2026-05-08T08:02:20.246+0000] {logging_mixin.py:188} INFO - [2026-05-08T08:02:20.245+0000] {dag.py:3096} INFO - Sync 1 DAGs
[2026-05-08T08:02:20.284+0000] {logging_mixin.py:188} INFO - [2026-05-08T08:02:20.283+0000] {dag.py:3954} INFO - Setting next_dagrun for ab_test_medallion_pipeline to 2026-05-08 00:00:00+00:00, run_after=2026-05-09 00:00:00+00:00
[2026-05-08T08:02:20.317+0000] {processor.py:183} INFO - Processing /opt/airflow/dags/pipeline_dag.py took 0.196 seconds
[2026-05-08T08:02:50.398+0000] {processor.py:161} INFO - Started process (PID=11740) to work on /opt/airflow/dags/pipeline_dag.py
[2026-05-08T08:02:50.399+0000] {processor.py:830} INFO - Processing file /opt/airflow/dags/pipeline_dag.py for tasks to queue
[2026-05-08T08:02:50.403+0000] {logging_mixin.py:188} INFO - [2026-05-08T08:02:50.401+0000] {dagbag.py:545} INFO - Filling up the DagBag from /opt/airflow/dags/pipeline_dag.py
[2026-05-08T08:02:50.455+0000] {processor.py:840} INFO - DAG(s) 'ab_test_medallion_pipeline' retrieved from /opt/airflow/dags/pipeline_dag.py
[2026-05-08T08:02:50.528+0000] {logging_mixin.py:188} INFO - [2026-05-08T08:02:50.528+0000] {dag.py:3096} INFO - Sync 1 DAGs
[2026-05-08T08:02:50.578+0000] {logging_mixin.py:188} INFO - [2026-05-08T08:02:50.577+0000] {dag.py:3954} INFO - Setting next_dagrun for ab_test_medallion_pipeline to 2026-05-08 00:00:00+00:00, run_after=2026-05-09 00:00:00+00:00
[2026-05-08T08:02:50.636+0000] {processor.py:183} INFO - Processing /opt/airflow/dags/pipeline_dag.py took 0.263 seconds
[2026-05-08T08:03:20.962+0000] {processor.py:161} INFO - Started process (PID=11745) to work on /opt/airflow/dags/pipeline_dag.py
[2026-05-08T08:03:20.966+0000] {processor.py:830} INFO - Processing file /opt/airflow/dags/pipeline_dag.py for tasks to queue
[2026-05-08T08:03:20.969+0000] {logging_mixin.py:188} INFO - [2026-05-08T08:03:20.968+0000] {dagbag.py:545} INFO - Filling up the DagBag from /opt/airflow/dags/pipeline_dag.py
[2026-05-08T08:03:21.049+0000] {processor.py:840} INFO - DAG(s) 'ab_test_medallion_pipeline' retrieved from /opt/airflow/dags/pipeline_dag.py
[2026-05-08T08:03:21.149+0000] {logging_mixin.py:188} INFO - [2026-05-08T08:03:21.148+0000] {dag.py:3096} INFO - Sync 1 DAGs
[2026-05-08T08:03:21.233+0000] {logging_mixin.py:188} INFO - [2026-05-08T08:03:21.233+0000] {dag.py:3954} INFO - Setting next_dagrun for ab_test_medallion_pipeline to 2026-05-08 00:00:00+00:00, run_after=2026-05-09 00:00:00+00:00
[2026-05-08T08:03:21.286+0000] {processor.py:183} INFO - Processing /opt/airflow/dags/pipeline_dag.py took 0.343 seconds
[2026-05-08T08:03:51.631+0000] {processor.py:161} INFO - Started process (PID=11750) to work on /opt/airflow/dags/pipeline_dag.py
[2026-05-08T08:03:51.639+0000] {processor.py:830} INFO - Processing file /opt/airflow/dags/pipeline_dag.py for tasks to queue
[2026-05-08T08:03:51.643+0000] {logging_mixin.py:188} INFO - [2026-05-08T08:03:51.642+0000] {dagbag.py:545} INFO - Filling up the DagBag from /opt/airflow/dags/pipeline_dag.py
[2026-05-08T08:03:51.694+0000] {processor.py:840} INFO - DAG(s) 'ab_test_medallion_pipeline' retrieved from /opt/airflow/dags/pipeline_dag.py
[2026-05-08T08:03:51.783+0000] {logging_mixin.py:188} INFO - [2026-05-08T08:03:51.782+0000] {dag.py:3096} INFO - Sync 1 DAGs
[2026-05-08T08:03:51.832+0000] {logging_mixin.py:188} INFO - [2026-05-08T08:03:51.832+0000] {dag.py:3954} INFO - Setting next_dagrun for ab_test_medallion_pipeline to 2026-05-08 00:00:00+00:00, run_after=2026-05-09 00:00:00+00:00
[2026-05-08T08:03:51.880+0000] {processor.py:183} INFO - Processing /opt/airflow/dags/pipeline_dag.py took 0.268 seconds
[2026-05-08T08:04:22.180+0000] {processor.py:161} INFO - Started process (PID=11755) to work on /opt/airflow/dags/pipeline_dag.py
[2026-05-08T08:04:22.182+0000] {processor.py:830} INFO - Processing file /opt/airflow/dags/pipeline_dag.py for tasks to queue
[2026-05-08T08:04:22.185+0000] {logging_mixin.py:188} INFO - [2026-05-08T08:04:22.184+0000] {dagbag.py:545} INFO - Filling up the DagBag from /opt/airflow/dags/pipeline_dag.py
[2026-05-08T08:04:22.246+0000] {processor.py:840} INFO - DAG(s) 'ab_test_medallion_pipeline' retrieved from /opt/airflow/dags/pipeline_dag.py
[2026-05-08T08:04:22.349+0000] {logging_mixin.py:188} INFO - [2026-05-08T08:04:22.349+0000] {dag.py:3096} INFO - Sync 1 DAGs
[2026-05-08T08:04:22.436+0000] {logging_mixin.py:188} INFO - [2026-05-08T08:04:22.435+0000] {dag.py:3954} INFO - Setting next_dagrun for ab_test_medallion_pipeline to 2026-05-08 00:00:00+00:00, run_after=2026-05-09 00:00:00+00:00
[2026-05-08T08:04:22.495+0000] {processor.py:183} INFO - Processing /opt/airflow/dags/pipeline_dag.py took 0.367 seconds
[2026-05-08T08:04:52.774+0000] {processor.py:161} INFO - Started process (PID=11760) to work on /opt/airflow/dags/pipeline_dag.py
[2026-05-08T08:04:52.776+0000] {processor.py:830} INFO - Processing file /opt/airflow/dags/pipeline_dag.py for tasks to queue
[2026-05-08T08:04:52.779+0000] {logging_mixin.py:188} INFO - [2026-05-08T08:04:52.778+0000] {dagbag.py:545} INFO - Filling up the DagBag from /opt/airflow/dags/pipeline_dag.py
[2026-05-08T08:04:52.805+0000] {processor.py:840} INFO - DAG(s) 'ab_test_medallion_pipeline' retrieved from /opt/airflow/dags/pipeline_dag.py
[2026-05-08T08:04:52.884+0000] {logging_mixin.py:188} INFO - [2026-05-08T08:04:52.884+0000] {dag.py:3096} INFO - Sync 1 DAGs
[2026-05-08T08:04:52.975+0000] {logging_mixin.py:188} INFO - [2026-05-08T08:04:52.974+0000] {dag.py:3954} INFO - Setting next_dagrun for ab_test_medallion_pipeline to 2026-05-08 00:00:00+00:00, run_after=2026-05-09 00:00:00+00:00
[2026-05-08T08:04:53.030+0000] {processor.py:183} INFO - Processing /opt/airflow/dags/pipeline_dag.py took 0.278 seconds
[2026-05-08T08:05:23.306+0000] {processor.py:161} INFO - Started process (PID=11765) to work on /opt/airflow/dags/pipeline_dag.py
[2026-05-08T08:05:23.308+0000] {processor.py:830} INFO - Processing file /opt/airflow/dags/pipeline_dag.py for tasks to queue
[2026-05-08T08:05:23.310+0000] {logging_mixin.py:188} INFO - [2026-05-08T08:05:23.309+0000] {dagbag.py:545} INFO - Filling up the DagBag from /opt/airflow/dags/pipeline_dag.py
[2026-05-08T08:05:23.338+0000] {processor.py:840} INFO - DAG(s) 'ab_test_medallion_pipeline' retrieved from /opt/airflow/dags/pipeline_dag.py
[2026-05-08T08:05:23.398+0000] {logging_mixin.py:188} INFO - [2026-05-08T08:05:23.398+0000] {dag.py:3096} INFO - Sync 1 DAGs
[2026-05-08T08:05:23.439+0000] {logging_mixin.py:188} INFO - [2026-05-08T08:05:23.439+0000] {dag.py:3954} INFO - Setting next_dagrun for ab_test_medallion_pipeline to 2026-05-08 00:00:00+00:00, run_after=2026-05-09 00:00:00+00:00
[2026-05-08T08:05:23.475+0000] {processor.py:183} INFO - Processing /opt/airflow/dags/pipeline_dag.py took 0.190 seconds
[2026-05-08T08:05:53.602+0000] {processor.py:161} INFO - Started process (PID=11770) to work on /opt/airflow/dags/pipeline_dag.py
[2026-05-08T08:05:53.604+0000] {processor.py:830} INFO - Processing file /opt/airflow/dags/pipeline_dag.py for tasks to queue
[2026-05-08T08:05:53.607+0000] {logging_mixin.py:188} INFO - [2026-05-08T08:05:53.605+0000] {dagbag.py:545} INFO - Filling up the DagBag from /opt/airflow/dags/pipeline_dag.py
[2026-05-08T08:05:53.702+0000] {processor.py:840} INFO - DAG(s) 'ab_test_medallion_pipeline' retrieved from /opt/airflow/dags/pipeline_dag.py
[2026-05-08T08:05:53.816+0000] {logging_mixin.py:188} INFO - [2026-05-08T08:05:53.816+0000] {dag.py:3096} INFO - Sync 1 DAGs
[2026-05-08T08:05:53.935+0000] {logging_mixin.py:188} INFO - [2026-05-08T08:05:53.935+0000] {dag.py:3954} INFO - Setting next_dagrun for ab_test_medallion_pipeline to 2026-05-08 00:00:00+00:00, run_after=2026-05-09 00:00:00+00:00
[2026-05-08T08:05:54.039+0000] {processor.py:183} INFO - Processing /opt/airflow/dags/pipeline_dag.py took 0.473 seconds
[2026-05-08T08:06:24.389+0000] {processor.py:161} INFO - Started process (PID=11775) to work on /opt/airflow/dags/pipeline_dag.py
[2026-05-08T08:06:24.395+0000] {processor.py:830} INFO - Processing file /opt/airflow/dags/pipeline_dag.py for tasks to queue
[2026-05-08T08:06:24.399+0000] {logging_mixin.py:188} INFO - [2026-05-08T08:06:24.397+0000] {dagbag.py:545} INFO - Filling up the DagBag from /opt/airflow/dags/pipeline_dag.py
[2026-05-08T08:06:24.452+0000] {processor.py:840} INFO - DAG(s) 'ab_test_medallion_pipeline' retrieved from /opt/airflow/dags/pipeline_dag.py
[2026-05-08T08:06:24.559+0000] {logging_mixin.py:188} INFO - [2026-05-08T08:06:24.558+0000] {dag.py:3096} INFO - Sync 1 DAGs
[2026-05-08T08:06:24.634+0000] {logging_mixin.py:188} INFO - [2026-05-08T08:06:24.634+0000] {dag.py:3954} INFO - Setting next_dagrun for ab_test_medallion_pipeline to 2026-05-08 00:00:00+00:00, run_after=2026-05-09 00:00:00+00:00
[2026-05-08T08:06:24.673+0000] {processor.py:183} INFO - Processing /opt/airflow/dags/pipeline_dag.py took 0.318 seconds
[2026-05-08T08:06:54.987+0000] {processor.py:161} INFO - Started process (PID=11780) to work on /opt/airflow/dags/pipeline_dag.py
[2026-05-08T08:06:54.989+0000] {processor.py:830} INFO - Processing file /opt/airflow/dags/pipeline_dag.py for tasks to queue
[2026-05-08T08:06:54.991+0000] {logging_mixin.py:188} INFO - [2026-05-08T08:06:54.990+0000] {dagbag.py:545} INFO - Filling up the DagBag from /opt/airflow/dags/pipeline_dag.py
[2026-05-08T08:06:55.027+0000] {processor.py:840} INFO - DAG(s) 'ab_test_medallion_pipeline' retrieved from /opt/airflow/dags/pipeline_dag.py
[2026-05-08T08:06:55.085+0000] {logging_mixin.py:188} INFO - [2026-05-08T08:06:55.084+0000] {dag.py:3096} INFO - Sync 1 DAGs
[2026-05-08T08:06:55.127+0000] {logging_mixin.py:188} INFO - [2026-05-08T08:06:55.127+0000] {dag.py:3954} INFO - Setting next_dagrun for ab_test_medallion_pipeline to 2026-05-08 00:00:00+00:00, run_after=2026-05-09 00:00:00+00:00
[2026-05-08T08:06:55.166+0000] {processor.py:183} INFO - Processing /opt/airflow/dags/pipeline_dag.py took 0.201 seconds
[2026-05-08T08:07:25.227+0000] {processor.py:161} INFO - Started process (PID=11785) to work on /opt/airflow/dags/pipeline_dag.py
[2026-05-08T08:07:25.228+0000] {processor.py:830} INFO - Processing file /opt/airflow/dags/pipeline_dag.py for tasks to queue
[2026-05-08T08:07:25.230+0000] {logging_mixin.py:188} INFO - [2026-05-08T08:07:25.229+0000] {dagbag.py:545} INFO - Filling up the DagBag from /opt/airflow/dags/pipeline_dag.py
[2026-05-08T08:07:25.253+0000] {processor.py:840} INFO - DAG(s) 'ab_test_medallion_pipeline' retrieved from /opt/airflow/dags/pipeline_dag.py
[2026-05-08T08:07:25.306+0000] {logging_mixin.py:188} INFO - [2026-05-08T08:07:25.304+0000] {dag.py:3096} INFO - Sync 1 DAGs
[2026-05-08T08:07:25.354+0000] {logging_mixin.py:188} INFO - [2026-05-08T08:07:25.353+0000] {dag.py:3954} INFO - Setting next_dagrun for ab_test_medallion_pipeline to 2026-05-08 00:00:00+00:00, run_after=2026-05-09 00:00:00+00:00
[2026-05-08T08:07:25.396+0000] {processor.py:183} INFO - Processing /opt/airflow/dags/pipeline_dag.py took 0.183 seconds
[2026-05-08T08:07:55.523+0000] {processor.py:161} INFO - Started process (PID=11790) to work on /opt/airflow/dags/pipeline_dag.py
[2026-05-08T08:07:55.525+0000] {processor.py:830} INFO - Processing file /opt/airflow/dags/pipeline_dag.py for tasks to queue
[2026-05-08T08:07:55.528+0000] {logging_mixin.py:188} INFO - [2026-05-08T08:07:55.526+0000] {dagbag.py:545} INFO - Filling up the DagBag from /opt/airflow/dags/pipeline_dag.py
[2026-05-08T08:07:55.555+0000] {processor.py:840} INFO - DAG(s) 'ab_test_medallion_pipeline' retrieved from /opt/airflow/dags/pipeline_dag.py
[2026-05-08T08:07:55.621+0000] {logging_mixin.py:188} INFO - [2026-05-08T08:07:55.621+0000] {dag.py:3096} INFO - Sync 1 DAGs
[2026-05-08T08:07:55.662+0000] {logging_mixin.py:188} INFO - [2026-05-08T08:07:55.661+0000] {dag.py:3954} INFO - Setting next_dagrun for ab_test_medallion_pipeline to 2026-05-08 00:00:00+00:00, run_after=2026-05-09 00:00:00+00:00
[2026-05-08T08:07:55.698+0000] {processor.py:183} INFO - Processing /opt/airflow/dags/pipeline_dag.py took 0.201 seconds
[2026-05-08T08:08:25.901+0000] {processor.py:161} INFO - Started process (PID=11795) to work on /opt/airflow/dags/pipeline_dag.py
[2026-05-08T08:08:25.904+0000] {processor.py:830} INFO - Processing file /opt/airflow/dags/pipeline_dag.py for tasks to queue
[2026-05-08T08:08:25.906+0000] {logging_mixin.py:188} INFO - [2026-05-08T08:08:25.905+0000] {dagbag.py:545} INFO - Filling up the DagBag from /opt/airflow/dags/pipeline_dag.py
[2026-05-08T08:08:25.937+0000] {processor.py:840} INFO - DAG(s) 'ab_test_medallion_pipeline' retrieved from /opt/airflow/dags/pipeline_dag.py
[2026-05-08T08:08:26.141+0000] {logging_mixin.py:188} INFO - [2026-05-08T08:08:26.140+0000] {dag.py:3096} INFO - Sync 1 DAGs
[2026-05-08T08:08:25.305+0000] {logging_mixin.py:188} INFO - [2026-05-08T08:08:25.304+0000] {dag.py:3954} INFO - Setting next_dagrun for ab_test_medallion_pipeline to 2026-05-08 00:00:00+00:00, run_after=2026-05-09 00:00:00+00:00
[2026-05-08T08:08:25.374+0000] {processor.py:183} INFO - Processing /opt/airflow/dags/pipeline_dag.py took 0.482 seconds
[2026-05-08T08:08:55.738+0000] {processor.py:161} INFO - Started process (PID=11800) to work on /opt/airflow/dags/pipeline_dag.py
[2026-05-08T08:08:55.740+0000] {processor.py:830} INFO - Processing file /opt/airflow/dags/pipeline_dag.py for tasks to queue
[2026-05-08T08:08:55.742+0000] {logging_mixin.py:188} INFO - [2026-05-08T08:08:55.741+0000] {dagbag.py:545} INFO - Filling up the DagBag from /opt/airflow/dags/pipeline_dag.py
[2026-05-08T08:08:55.781+0000] {processor.py:840} INFO - DAG(s) 'ab_test_medallion_pipeline' retrieved from /opt/airflow/dags/pipeline_dag.py
[2026-05-08T08:08:55.857+0000] {logging_mixin.py:188} INFO - [2026-05-08T08:08:55.857+0000] {dag.py:3096} INFO - Sync 1 DAGs
[2026-05-08T08:08:55.903+0000] {logging_mixin.py:188} INFO - [2026-05-08T08:08:55.903+0000] {dag.py:3954} INFO - Setting next_dagrun for ab_test_medallion_pipeline to 2026-05-08 00:00:00+00:00, run_after=2026-05-09 00:00:00+00:00
[2026-05-08T08:08:55.939+0000] {processor.py:183} INFO - Processing /opt/airflow/dags/pipeline_dag.py took 0.229 seconds
[2026-05-08T08:09:26.263+0000] {processor.py:161} INFO - Started process (PID=11805) to work on /opt/airflow/dags/pipeline_dag.py
[2026-05-08T08:09:26.267+0000] {processor.py:830} INFO - Processing file /opt/airflow/dags/pipeline_dag.py for tasks to queue
[2026-05-08T08:09:26.270+0000] {logging_mixin.py:188} INFO - [2026-05-08T08:09:26.269+0000] {dagbag.py:545} INFO - Filling up the DagBag from /opt/airflow/dags/pipeline_dag.py
[2026-05-08T08:09:26.309+0000] {processor.py:840} INFO - DAG(s) 'ab_test_medallion_pipeline' retrieved from /opt/airflow/dags/pipeline_dag.py
[2026-05-08T08:09:26.370+0000] {logging_mixin.py:188} INFO - [2026-05-08T08:09:26.370+0000] {dag.py:3096} INFO - Sync 1 DAGs
[2026-05-08T08:09:26.415+0000] {logging_mixin.py:188} INFO - [2026-05-08T08:09:26.415+0000] {dag.py:3954} INFO - Setting next_dagrun for ab_test_medallion_pipeline to 2026-05-08 00:00:00+00:00, run_after=2026-05-09 00:00:00+00:00
[2026-05-08T08:09:26.461+0000] {processor.py:183} INFO - Processing /opt/airflow/dags/pipeline_dag.py took 0.226 seconds
[2026-05-08T08:09:56.562+0000] {processor.py:161} INFO - Started process (PID=11810) to work on /opt/airflow/dags/pipeline_dag.py
[2026-05-08T08:09:56.567+0000] {processor.py:830} INFO - Processing file /opt/airflow/dags/pipeline_dag.py for tasks to queue
[2026-05-08T08:09:56.571+0000] {logging_mixin.py:188} INFO - [2026-05-08T08:09:56.570+0000] {dagbag.py:545} INFO - Filling up the DagBag from /opt/airflow/dags/pipeline_dag.py
[2026-05-08T08:09:56.609+0000] {processor.py:840} INFO - DAG(s) 'ab_test_medallion_pipeline' retrieved from /opt/airflow/dags/pipeline_dag.py
[2026-05-08T08:09:56.670+0000] {logging_mixin.py:188} INFO - [2026-05-08T08:09:56.669+0000] {dag.py:3096} INFO - Sync 1 DAGs
[2026-05-08T08:09:56.711+0000] {logging_mixin.py:188} INFO - [2026-05-08T08:09:56.711+0000] {dag.py:3954} INFO - Setting next_dagrun for ab_test_medallion_pipeline to 2026-05-08 00:00:00+00:00, run_after=2026-05-09 00:00:00+00:00
[2026-05-08T08:09:56.749+0000] {processor.py:183} INFO - Processing /opt/airflow/dags/pipeline_dag.py took 0.206 seconds
[2026-05-08T08:10:27.138+0000] {processor.py:161} INFO - Started process (PID=11815) to work on /opt/airflow/dags/pipeline_dag.py
[2026-05-08T08:10:27.140+0000] {processor.py:830} INFO - Processing file /opt/airflow/dags/pipeline_dag.py for tasks to queue
[2026-05-08T08:10:27.142+0000] {logging_mixin.py:188} INFO - [2026-05-08T08:10:27.141+0000] {dagbag.py:545} INFO - Filling up the DagBag from /opt/airflow/dags/pipeline_dag.py
[2026-05-08T08:10:27.176+0000] {processor.py:840} INFO - DAG(s) 'ab_test_medallion_pipeline' retrieved from /opt/airflow/dags/pipeline_dag.py
[2026-05-08T08:10:27.234+0000] {logging_mixin.py:188} INFO - [2026-05-08T08:10:27.234+0000] {dag.py:3096} INFO - Sync 1 DAGs
[2026-05-08T08:10:27.275+0000] {logging_mixin.py:188} INFO - [2026-05-08T08:10:27.275+0000] {dag.py:3954} INFO - Setting next_dagrun for ab_test_medallion_pipeline to 2026-05-08 00:00:00+00:00, run_after=2026-05-09 00:00:00+00:00
[2026-05-08T08:10:27.323+0000] {processor.py:183} INFO - Processing /opt/airflow/dags/pipeline_dag.py took 0.202 seconds
[2026-05-08T08:10:57.452+0000] {processor.py:161} INFO - Started process (PID=11820) to work on /opt/airflow/dags/pipeline_dag.py
[2026-05-08T08:10:57.455+0000] {processor.py:830} INFO - Processing file /opt/airflow/dags/pipeline_dag.py for tasks to queue
[2026-05-08T08:10:57.458+0000] {logging_mixin.py:188} INFO - [2026-05-08T08:10:57.456+0000] {dagbag.py:545} INFO - Filling up the DagBag from /opt/airflow/dags/pipeline_dag.py
[2026-05-08T08:10:57.493+0000] {processor.py:840} INFO - DAG(s) 'ab_test_medallion_pipeline' retrieved from /opt/airflow/dags/pipeline_dag.py
[2026-05-08T08:10:57.555+0000] {logging_mixin.py:188} INFO - [2026-05-08T08:10:57.555+0000] {dag.py:3096} INFO - Sync 1 DAGs
[2026-05-08T08:10:57.600+0000] {logging_mixin.py:188} INFO - [2026-05-08T08:10:57.600+0000] {dag.py:3954} INFO - Setting next_dagrun for ab_test_medallion_pipeline to 2026-05-08 00:00:00+00:00, run_after=2026-05-09 00:00:00+00:00
[2026-05-08T08:10:57.639+0000] {processor.py:183} INFO - Processing /opt/airflow/dags/pipeline_dag.py took 0.208 seconds
[2026-05-08T08:11:27.957+0000] {processor.py:161} INFO - Started process (PID=11825) to work on /opt/airflow/dags/pipeline_dag.py
[2026-05-08T08:11:27.958+0000] {processor.py:830} INFO - Processing file /opt/airflow/dags/pipeline_dag.py for tasks to queue
[2026-05-08T08:11:27.962+0000] {logging_mixin.py:188} INFO - [2026-05-08T08:11:27.961+0000] {dagbag.py:545} INFO - Filling up the DagBag from /opt/airflow/dags/pipeline_dag.py
[2026-05-08T08:11:27.999+0000] {processor.py:840} INFO - DAG(s) 'ab_test_medallion_pipeline' retrieved from /opt/airflow/dags/pipeline_dag.py
[2026-05-08T08:11:28.058+0000] {logging_mixin.py:188} INFO - [2026-05-08T08:11:28.057+0000] {dag.py:3096} INFO - Sync 1 DAGs
[2026-05-08T08:11:28.100+0000] {logging_mixin.py:188} INFO - [2026-05-08T08:11:28.100+0000] {dag.py:3954} INFO - Setting next_dagrun for ab_test_medallion_pipeline to 2026-05-08 00:00:00+00:00, run_after=2026-05-09 00:00:00+00:00
[2026-05-08T08:11:28.138+0000] {processor.py:183} INFO - Processing /opt/airflow/dags/pipeline_dag.py took 0.201 seconds
[2026-05-08T08:11:58.228+0000] {processor.py:161} INFO - Started process (PID=11830) to work on /opt/airflow/dags/pipeline_dag.py
[2026-05-08T08:11:58.231+0000] {processor.py:830} INFO - Processing file /opt/airflow/dags/pipeline_dag.py for tasks to queue
[2026-05-08T08:11:58.232+0000] {logging_mixin.py:188} INFO - [2026-05-08T08:11:58.232+0000] {dagbag.py:545} INFO - Filling up the DagBag from /opt/airflow/dags/pipeline_dag.py
[2026-05-08T08:11:58.262+0000] {processor.py:840} INFO - DAG(s) 'ab_test_medallion_pipeline' retrieved from /opt/airflow/dags/pipeline_dag.py
[2026-05-08T08:11:58.327+0000] {logging_mixin.py:188} INFO - [2026-05-08T08:11:58.326+0000] {dag.py:3096} INFO - Sync 1 DAGs
[2026-05-08T08:11:58.370+0000] {logging_mixin.py:188} INFO - [2026-05-08T08:11:58.369+0000] {dag.py:3954} INFO - Setting next_dagrun for ab_test_medallion_pipeline to 2026-05-08 00:00:00+00:00, run_after=2026-05-09 00:00:00+00:00
[2026-05-08T08:11:58.407+0000] {processor.py:183} INFO - Processing /opt/airflow/dags/pipeline_dag.py took 0.194 seconds
[2026-05-08T08:12:28.717+0000] {processor.py:161} INFO - Started process (PID=11835) to work on /opt/airflow/dags/pipeline_dag.py
[2026-05-08T08:12:28.719+0000] {processor.py:830} INFO - Processing file /opt/airflow/dags/pipeline_dag.py for tasks to queue
[2026-05-08T08:12:28.721+0000] {logging_mixin.py:188} INFO - [2026-05-08T08:12:28.720+0000] {dagbag.py:545} INFO - Filling up the DagBag from /opt/airflow/dags/pipeline_dag.py
[2026-05-08T08:12:28.752+0000] {processor.py:840} INFO - DAG(s) 'ab_test_medallion_pipeline' retrieved from /opt/airflow/dags/pipeline_dag.py
[2026-05-08T08:12:28.814+0000] {logging_mixin.py:188} INFO - [2026-05-08T08:12:28.814+0000] {dag.py:3096} INFO - Sync 1 DAGs
[2026-05-08T08:12:28.861+0000] {logging_mixin.py:188} INFO - [2026-05-08T08:12:28.861+0000] {dag.py:3954} INFO - Setting next_dagrun for ab_test_medallion_pipeline to 2026-05-08 00:00:00+00:00, run_after=2026-05-09 00:00:00+00:00
[2026-05-08T08:12:28.897+0000] {processor.py:183} INFO - Processing /opt/airflow/dags/pipeline_dag.py took 0.197 seconds
[2026-05-08T08:12:59.007+0000] {processor.py:161} INFO - Started process (PID=11840) to work on /opt/airflow/dags/pipeline_dag.py
[2026-05-08T08:12:59.011+0000] {processor.py:830} INFO - Processing file /opt/airflow/dags/pipeline_dag.py for tasks to queue
[2026-05-08T08:12:59.014+0000] {logging_mixin.py:188} INFO - [2026-05-08T08:12:59.013+0000] {dagbag.py:545} INFO - Filling up the DagBag from /opt/airflow/dags/pipeline_dag.py
[2026-05-08T08:12:59.054+0000] {processor.py:840} INFO - DAG(s) 'ab_test_medallion_pipeline' retrieved from /opt/airflow/dags/pipeline_dag.py
[2026-05-08T08:12:59.118+0000] {logging_mixin.py:188} INFO - [2026-05-08T08:12:59.117+0000] {dag.py:3096} INFO - Sync 1 DAGs
[2026-05-08T08:12:59.163+0000] {logging_mixin.py:188} INFO - [2026-05-08T08:12:59.162+0000] {dag.py:3954} INFO - Setting next_dagrun for ab_test_medallion_pipeline to 2026-05-08 00:00:00+00:00, run_after=2026-05-09 00:00:00+00:00
[2026-05-08T08:12:59.206+0000] {processor.py:183} INFO - Processing /opt/airflow/dags/pipeline_dag.py took 0.221 seconds
[2026-05-08T08:13:30.114+0000] {processor.py:161} INFO - Started process (PID=11845) to work on /opt/airflow/dags/pipeline_dag.py
[2026-05-08T08:13:30.116+0000] {processor.py:830} INFO - Processing file /opt/airflow/dags/pipeline_dag.py for tasks to queue
[2026-05-08T08:13:30.118+0000] {logging_mixin.py:188} INFO - [2026-05-08T08:13:30.117+0000] {dagbag.py:545} INFO - Filling up the DagBag from /opt/airflow/dags/pipeline_dag.py
[2026-05-08T08:13:30.149+0000] {processor.py:840} INFO - DAG(s) 'ab_test_medallion_pipeline' retrieved from /opt/airflow/dags/pipeline_dag.py
[2026-05-08T08:13:30.211+0000] {logging_mixin.py:188} INFO - [2026-05-08T08:13:30.211+0000] {dag.py:3096} INFO - Sync 1 DAGs
[2026-05-08T08:13:30.255+0000] {logging_mixin.py:188} INFO - [2026-05-08T08:13:30.254+0000] {dag.py:3954} INFO - Setting next_dagrun for ab_test_medallion_pipeline to 2026-05-08 00:00:00+00:00, run_after=2026-05-09 00:00:00+00:00
[2026-05-08T08:13:30.292+0000] {processor.py:183} INFO - Processing /opt/airflow/dags/pipeline_dag.py took 0.191 seconds
[2026-05-08T08:14:00.936+0000] {processor.py:161} INFO - Started process (PID=11850) to work on /opt/airflow/dags/pipeline_dag.py
[2026-05-08T08:14:00.937+0000] {processor.py:830} INFO - Processing file /opt/airflow/dags/pipeline_dag.py for tasks to queue
[2026-05-08T08:14:00.940+0000] {logging_mixin.py:188} INFO - [2026-05-08T08:14:00.939+0000] {dagbag.py:545} INFO - Filling up the DagBag from /opt/airflow/dags/pipeline_dag.py
[2026-05-08T08:14:00.974+0000] {processor.py:840} INFO - DAG(s) 'ab_test_medallion_pipeline' retrieved from /opt/airflow/dags/pipeline_dag.py
[2026-05-08T08:14:01.034+0000] {logging_mixin.py:188} INFO - [2026-05-08T08:14:01.034+0000] {dag.py:3096} INFO - Sync 1 DAGs
[2026-05-08T08:14:01.078+0000] {logging_mixin.py:188} INFO - [2026-05-08T08:14:01.077+0000] {dag.py:3954} INFO - Setting next_dagrun for ab_test_medallion_pipeline to 2026-05-08 00:00:00+00:00, run_after=2026-05-09 00:00:00+00:00
[2026-05-08T08:14:01.118+0000] {processor.py:183} INFO - Processing /opt/airflow/dags/pipeline_dag.py took 0.201 seconds
[2026-05-08T08:14:31.384+0000] {processor.py:161} INFO - Started process (PID=11855) to work on /opt/airflow/dags/pipeline_dag.py
[2026-05-08T08:14:31.389+0000] {processor.py:830} INFO - Processing file /opt/airflow/dags/pipeline_dag.py for tasks to queue
[2026-05-08T08:14:31.391+0000] {logging_mixin.py:188} INFO - [2026-05-08T08:14:31.390+0000] {dagbag.py:545} INFO - Filling up the DagBag from /opt/airflow/dags/pipeline_dag.py
[2026-05-08T08:14:31.419+0000] {processor.py:840} INFO - DAG(s) 'ab_test_medallion_pipeline' retrieved from /opt/airflow/dags/pipeline_dag.py
[2026-05-08T08:14:31.471+0000] {logging_mixin.py:188} INFO - [2026-05-08T08:14:31.470+0000] {dag.py:3096} INFO - Sync 1 DAGs
[2026-05-08T08:14:31.511+0000] {logging_mixin.py:188} INFO - [2026-05-08T08:14:31.511+0000] {dag.py:3954} INFO - Setting next_dagrun for ab_test_medallion_pipeline to 2026-05-08 00:00:00+00:00, run_after=2026-05-09 00:00:00+00:00
[2026-05-08T08:14:31.549+0000] {processor.py:183} INFO - Processing /opt/airflow/dags/pipeline_dag.py took 0.184 seconds
[2026-05-08T08:15:01.779+0000] {processor.py:161} INFO - Started process (PID=11860) to work on /opt/airflow/dags/pipeline_dag.py
[2026-05-08T08:15:01.781+0000] {processor.py:830} INFO - Processing file /opt/airflow/dags/pipeline_dag.py for tasks to queue
[2026-05-08T08:15:01.784+0000] {logging_mixin.py:188} INFO - [2026-05-08T08:15:01.783+0000] {dagbag.py:545} INFO - Filling up the DagBag from /opt/airflow/dags/pipeline_dag.py
[2026-05-08T08:15:01.835+0000] {processor.py:840} INFO - DAG(s) 'ab_test_medallion_pipeline' retrieved from /opt/airflow/dags/pipeline_dag.py
[2026-05-08T08:15:01.950+0000] {logging_mixin.py:188} INFO - [2026-05-08T08:15:01.949+0000] {dag.py:3096} INFO - Sync 1 DAGs
[2026-05-08T08:15:02.089+0000] {logging_mixin.py:188} INFO - [2026-05-08T08:15:02.089+0000] {dag.py:3954} INFO - Setting next_dagrun for ab_test_medallion_pipeline to 2026-05-08 00:00:00+00:00, run_after=2026-05-09 00:00:00+00:00
[2026-05-08T08:15:02.205+0000] {processor.py:183} INFO - Processing /opt/airflow/dags/pipeline_dag.py took 0.455 seconds
[2026-05-08T08:15:32.534+0000] {processor.py:161} INFO - Started process (PID=11865) to work on /opt/airflow/dags/pipeline_dag.py
[2026-05-08T08:15:32.538+0000] {processor.py:830} INFO - Processing file /opt/airflow/dags/pipeline_dag.py for tasks to queue
[2026-05-08T08:15:32.540+0000] {logging_mixin.py:188} INFO - [2026-05-08T08:15:32.540+0000] {dagbag.py:545} INFO - Filling up the DagBag from /opt/airflow/dags/pipeline_dag.py
[2026-05-08T08:15:32.566+0000] {processor.py:840} INFO - DAG(s) 'ab_test_medallion_pipeline' retrieved from /opt/airflow/dags/pipeline_dag.py
[2026-05-08T08:15:32.619+0000] {logging_mixin.py:188} INFO - [2026-05-08T08:15:32.619+0000] {dag.py:3096} INFO - Sync 1 DAGs
[2026-05-08T08:15:32.658+0000] {logging_mixin.py:188} INFO - [2026-05-08T08:15:32.658+0000] {dag.py:3954} INFO - Setting next_dagrun for ab_test_medallion_pipeline to 2026-05-08 00:00:00+00:00, run_after=2026-05-09 00:00:00+00:00
[2026-05-08T08:15:32.692+0000] {processor.py:183} INFO - Processing /opt/airflow/dags/pipeline_dag.py took 0.177 seconds
[2026-05-08T08:16:02.902+0000] {processor.py:161} INFO - Started process (PID=11870) to work on /opt/airflow/dags/pipeline_dag.py
[2026-05-08T08:16:02.903+0000] {processor.py:830} INFO - Processing file /opt/airflow/dags/pipeline_dag.py for tasks to queue
[2026-05-08T08:16:02.905+0000] {logging_mixin.py:188} INFO - [2026-05-08T08:16:02.904+0000] {dagbag.py:545} INFO - Filling up the DagBag from /opt/airflow/dags/pipeline_dag.py
[2026-05-08T08:16:02.931+0000] {processor.py:840} INFO - DAG(s) 'ab_test_medallion_pipeline' retrieved from /opt/airflow/dags/pipeline_dag.py
[2026-05-08T08:16:02.985+0000] {logging_mixin.py:188} INFO - [2026-05-08T08:16:02.985+0000] {dag.py:3096} INFO - Sync 1 DAGs
[2026-05-08T08:16:03.028+0000] {logging_mixin.py:188} INFO - [2026-05-08T08:16:03.028+0000] {dag.py:3954} INFO - Setting next_dagrun for ab_test_medallion_pipeline to 2026-05-08 00:00:00+00:00, run_after=2026-05-09 00:00:00+00:00
[2026-05-08T08:16:03.062+0000] {processor.py:183} INFO - Processing /opt/airflow/dags/pipeline_dag.py took 0.176 seconds
[2026-05-08T08:16:33.338+0000] {processor.py:161} INFO - Started process (PID=11875) to work on /opt/airflow/dags/pipeline_dag.py
[2026-05-08T08:16:33.340+0000] {processor.py:830} INFO - Processing file /opt/airflow/dags/pipeline_dag.py for tasks to queue
[2026-05-08T08:16:33.342+0000] {logging_mixin.py:188} INFO - [2026-05-08T08:16:33.341+0000] {dagbag.py:545} INFO - Filling up the DagBag from /opt/airflow/dags/pipeline_dag.py
[2026-05-08T08:16:33.368+0000] {processor.py:840} INFO - DAG(s) 'ab_test_medallion_pipeline' retrieved from /opt/airflow/dags/pipeline_dag.py
[2026-05-08T08:16:33.417+0000] {logging_mixin.py:188} INFO - [2026-05-08T08:16:33.417+0000] {dag.py:3096} INFO - Sync 1 DAGs
[2026-05-08T08:16:33.457+0000] {logging_mixin.py:188} INFO - [2026-05-08T08:16:33.457+0000] {dag.py:3954} INFO - Setting next_dagrun for ab_test_medallion_pipeline to 2026-05-08 00:00:00+00:00, run_after=2026-05-09 00:00:00+00:00
[2026-05-08T08:16:33.490+0000] {processor.py:183} INFO - Processing /opt/airflow/dags/pipeline_dag.py took 0.168 seconds
[2026-05-08T08:17:03.705+0000] {processor.py:161} INFO - Started process (PID=11880) to work on /opt/airflow/dags/pipeline_dag.py
[2026-05-08T08:17:03.707+0000] {processor.py:830} INFO - Processing file /opt/airflow/dags/pipeline_dag.py for tasks to queue
[2026-05-08T08:17:03.709+0000] {logging_mixin.py:188} INFO - [2026-05-08T08:17:03.708+0000] {dagbag.py:545} INFO - Filling up the DagBag from /opt/airflow/dags/pipeline_dag.py
[2026-05-08T08:17:03.753+0000] {processor.py:840} INFO - DAG(s) 'ab_test_medallion_pipeline' retrieved from /opt/airflow/dags/pipeline_dag.py
[2026-05-08T08:17:03.812+0000] {logging_mixin.py:188} INFO - [2026-05-08T08:17:03.812+0000] {dag.py:3096} INFO - Sync 1 DAGs
[2026-05-08T08:17:03.854+0000] {logging_mixin.py:188} INFO - [2026-05-08T08:17:03.854+0000] {dag.py:3954} INFO - Setting next_dagrun for ab_test_medallion_pipeline to 2026-05-08 00:00:00+00:00, run_after=2026-05-09 00:00:00+00:00
[2026-05-08T08:17:03.888+0000] {processor.py:183} INFO - Processing /opt/airflow/dags/pipeline_dag.py took 0.204 seconds
[2026-05-08T08:17:34.091+0000] {processor.py:161} INFO - Started process (PID=11885) to work on /opt/airflow/dags/pipeline_dag.py
[2026-05-08T08:17:34.094+0000] {processor.py:830} INFO - Processing file /opt/airflow/dags/pipeline_dag.py for tasks to queue
[2026-05-08T08:17:34.096+0000] {logging_mixin.py:188} INFO - [2026-05-08T08:17:34.095+0000] {dagbag.py:545} INFO - Filling up the DagBag from /opt/airflow/dags/pipeline_dag.py
[2026-05-08T08:17:34.141+0000] {processor.py:840} INFO - DAG(s) 'ab_test_medallion_pipeline' retrieved from /opt/airflow/dags/pipeline_dag.py
[2026-05-08T08:17:34.203+0000] {logging_mixin.py:188} INFO - [2026-05-08T08:17:34.203+0000] {dag.py:3096} INFO - Sync 1 DAGs
[2026-05-08T08:17:34.253+0000] {logging_mixin.py:188} INFO - [2026-05-08T08:17:34.253+0000] {dag.py:3954} INFO - Setting next_dagrun for ab_test_medallion_pipeline to 2026-05-08 00:00:00+00:00, run_after=2026-05-09 00:00:00+00:00
[2026-05-08T08:17:34.286+0000] {processor.py:183} INFO - Processing /opt/airflow/dags/pipeline_dag.py took 0.212 seconds
[2026-05-08T08:18:04.407+0000] {processor.py:161} INFO - Started process (PID=11890) to work on /opt/airflow/dags/pipeline_dag.py
[2026-05-08T08:18:04.410+0000] {processor.py:830} INFO - Processing file /opt/airflow/dags/pipeline_dag.py for tasks to queue
[2026-05-08T08:18:04.412+0000] {logging_mixin.py:188} INFO - [2026-05-08T08:18:04.411+0000] {dagbag.py:545} INFO - Filling up the DagBag from /opt/airflow/dags/pipeline_dag.py
[2026-05-08T08:18:04.459+0000] {processor.py:840} INFO - DAG(s) 'ab_test_medallion_pipeline' retrieved from /opt/airflow/dags/pipeline_dag.py
[2026-05-08T08:18:04.542+0000] {logging_mixin.py:188} INFO - [2026-05-08T08:18:04.542+0000] {dag.py:3096} INFO - Sync 1 DAGs
[2026-05-08T08:18:04.586+0000] {logging_mixin.py:188} INFO - [2026-05-08T08:18:04.586+0000] {dag.py:3954} INFO - Setting next_dagrun for ab_test_medallion_pipeline to 2026-05-08 00:00:00+00:00, run_after=2026-05-09 00:00:00+00:00
[2026-05-08T08:18:04.625+0000] {processor.py:183} INFO - Processing /opt/airflow/dags/pipeline_dag.py took 0.244 seconds
[2026-05-08T08:18:34.901+0000] {processor.py:161} INFO - Started process (PID=11895) to work on /opt/airflow/dags/pipeline_dag.py
[2026-05-08T08:18:34.903+0000] {processor.py:830} INFO - Processing file /opt/airflow/dags/pipeline_dag.py for tasks to queue
[2026-05-08T08:18:34.905+0000] {logging_mixin.py:188} INFO - [2026-05-08T08:18:34.904+0000] {dagbag.py:545} INFO - Filling up the DagBag from /opt/airflow/dags/pipeline_dag.py
[2026-05-08T08:18:34.939+0000] {processor.py:840} INFO - DAG(s) 'ab_test_medallion_pipeline' retrieved from /opt/airflow/dags/pipeline_dag.py
[2026-05-08T08:18:34.994+0000] {logging_mixin.py:188} INFO - [2026-05-08T08:18:34.994+0000] {dag.py:3096} INFO - Sync 1 DAGs
[2026-05-08T08:18:35.032+0000] {logging_mixin.py:188} INFO - [2026-05-08T08:18:35.032+0000] {dag.py:3954} INFO - Setting next_dagrun for ab_test_medallion_pipeline to 2026-05-08 00:00:00+00:00, run_after=2026-05-09 00:00:00+00:00
[2026-05-08T08:18:35.064+0000] {processor.py:183} INFO - Processing /opt/airflow/dags/pipeline_dag.py took 0.180 seconds
[2026-05-08T08:19:05.214+0000] {processor.py:161} INFO - Started process (PID=11900) to work on /opt/airflow/dags/pipeline_dag.py
[2026-05-08T08:19:05.217+0000] {processor.py:830} INFO - Processing file /opt/airflow/dags/pipeline_dag.py for tasks to queue
[2026-05-08T08:19:05.221+0000] {logging_mixin.py:188} INFO - [2026-05-08T08:19:05.220+0000] {dagbag.py:545} INFO - Filling up the DagBag from /opt/airflow/dags/pipeline_dag.py
[2026-05-08T08:19:05.264+0000] {processor.py:840} INFO - DAG(s) 'ab_test_medallion_pipeline' retrieved from /opt/airflow/dags/pipeline_dag.py
[2026-05-08T08:19:05.330+0000] {logging_mixin.py:188} INFO - [2026-05-08T08:19:05.329+0000] {dag.py:3096} INFO - Sync 1 DAGs
[2026-05-08T08:19:05.371+0000] {logging_mixin.py:188} INFO - [2026-05-08T08:19:05.371+0000] {dag.py:3954} INFO - Setting next_dagrun for ab_test_medallion_pipeline to 2026-05-08 00:00:00+00:00, run_after=2026-05-09 00:00:00+00:00
[2026-05-08T08:19:05.407+0000] {processor.py:183} INFO - Processing /opt/airflow/dags/pipeline_dag.py took 0.217 seconds
[2026-05-08T08:19:35.590+0000] {processor.py:161} INFO - Started process (PID=11905) to work on /opt/airflow/dags/pipeline_dag.py
[2026-05-08T08:19:35.592+0000] {processor.py:830} INFO - Processing file /opt/airflow/dags/pipeline_dag.py for tasks to queue
[2026-05-08T08:19:35.594+0000] {logging_mixin.py:188} INFO - [2026-05-08T08:19:35.593+0000] {dagbag.py:545} INFO - Filling up the DagBag from /opt/airflow/dags/pipeline_dag.py
[2026-05-08T08:19:35.633+0000] {processor.py:840} INFO - DAG(s) 'ab_test_medallion_pipeline' retrieved from /opt/airflow/dags/pipeline_dag.py
[2026-05-08T08:19:35.709+0000] {logging_mixin.py:188} INFO - [2026-05-08T08:19:35.708+0000] {dag.py:3096} INFO - Sync 1 DAGs
[2026-05-08T08:19:35.752+0000] {logging_mixin.py:188} INFO - [2026-05-08T08:19:35.751+0000] {dag.py:3954} INFO - Setting next_dagrun for ab_test_medallion_pipeline to 2026-05-08 00:00:00+00:00, run_after=2026-05-09 00:00:00+00:00
[2026-05-08T08:19:35.791+0000] {processor.py:183} INFO - Processing /opt/airflow/dags/pipeline_dag.py took 0.217 seconds
[2026-05-08T08:20:06.469+0000] {processor.py:161} INFO - Started process (PID=11910) to work on /opt/airflow/dags/pipeline_dag.py
[2026-05-08T08:20:06.471+0000] {processor.py:830} INFO - Processing file /opt/airflow/dags/pipeline_dag.py for tasks to queue
[2026-05-08T08:20:06.473+0000] {logging_mixin.py:188} INFO - [2026-05-08T08:20:06.472+0000] {dagbag.py:545} INFO - Filling up the DagBag from /opt/airflow/dags/pipeline_dag.py
[2026-05-08T08:20:06.507+0000] {processor.py:840} INFO - DAG(s) 'ab_test_medallion_pipeline' retrieved from /opt/airflow/dags/pipeline_dag.py
[2026-05-08T08:20:06.565+0000] {logging_mixin.py:188} INFO - [2026-05-08T08:20:06.565+0000] {dag.py:3096} INFO - Sync 1 DAGs
[2026-05-08T08:20:06.606+0000] {logging_mixin.py:188} INFO - [2026-05-08T08:20:06.606+0000] {dag.py:3954} INFO - Setting next_dagrun for ab_test_medallion_pipeline to 2026-05-08 00:00:00+00:00, run_after=2026-05-09 00:00:00+00:00
[2026-05-08T08:20:06.639+0000] {processor.py:183} INFO - Processing /opt/airflow/dags/pipeline_dag.py took 0.184 seconds
[2026-05-08T08:20:36.983+0000] {processor.py:161} INFO - Started process (PID=11915) to work on /opt/airflow/dags/pipeline_dag.py
[2026-05-08T08:20:36.985+0000] {processor.py:830} INFO - Processing file /opt/airflow/dags/pipeline_dag.py for tasks to queue
[2026-05-08T08:20:36.987+0000] {logging_mixin.py:188} INFO - [2026-05-08T08:20:36.986+0000] {dagbag.py:545} INFO - Filling up the DagBag from /opt/airflow/dags/pipeline_dag.py
[2026-05-08T08:20:37.012+0000] {processor.py:840} INFO - DAG(s) 'ab_test_medallion_pipeline' retrieved from /opt/airflow/dags/pipeline_dag.py
[2026-05-08T08:20:37.067+0000] {logging_mixin.py:188} INFO - [2026-05-08T08:20:37.066+0000] {dag.py:3096} INFO - Sync 1 DAGs
[2026-05-08T08:20:37.105+0000] {logging_mixin.py:188} INFO - [2026-05-08T08:20:37.105+0000] {dag.py:3954} INFO - Setting next_dagrun for ab_test_medallion_pipeline to 2026-05-08 00:00:00+00:00, run_after=2026-05-09 00:00:00+00:00
[2026-05-08T08:20:37.139+0000] {processor.py:183} INFO - Processing /opt/airflow/dags/pipeline_dag.py took 0.171 seconds
[2026-05-08T08:21:07.541+0000] {processor.py:161} INFO - Started process (PID=11920) to work on /opt/airflow/dags/pipeline_dag.py
[2026-05-08T08:21:07.546+0000] {processor.py:830} INFO - Processing file /opt/airflow/dags/pipeline_dag.py for tasks to queue
[2026-05-08T08:21:07.547+0000] {logging_mixin.py:188} INFO - [2026-05-08T08:21:07.547+0000] {dagbag.py:545} INFO - Filling up the DagBag from /opt/airflow/dags/pipeline_dag.py
[2026-05-08T08:21:07.580+0000] {processor.py:840} INFO - DAG(s) 'ab_test_medallion_pipeline' retrieved from /opt/airflow/dags/pipeline_dag.py
[2026-05-08T08:21:07.640+0000] {logging_mixin.py:188} INFO - [2026-05-08T08:21:07.640+0000] {dag.py:3096} INFO - Sync 1 DAGs
[2026-05-08T08:21:07.678+0000] {logging_mixin.py:188} INFO - [2026-05-08T08:21:07.678+0000] {dag.py:3954} INFO - Setting next_dagrun for ab_test_medallion_pipeline to 2026-05-08 00:00:00+00:00, run_after=2026-05-09 00:00:00+00:00
[2026-05-08T08:21:07.708+0000] {processor.py:183} INFO - Processing /opt/airflow/dags/pipeline_dag.py took 0.188 seconds
[2026-05-08T08:21:38.369+0000] {processor.py:161} INFO - Started process (PID=11925) to work on /opt/airflow/dags/pipeline_dag.py
[2026-05-08T08:21:38.371+0000] {processor.py:830} INFO - Processing file /opt/airflow/dags/pipeline_dag.py for tasks to queue
[2026-05-08T08:21:38.374+0000] {logging_mixin.py:188} INFO - [2026-05-08T08:21:38.373+0000] {dagbag.py:545} INFO - Filling up the DagBag from /opt/airflow/dags/pipeline_dag.py
[2026-05-08T08:21:38.417+0000] {processor.py:840} INFO - DAG(s) 'ab_test_medallion_pipeline' retrieved from /opt/airflow/dags/pipeline_dag.py
[2026-05-08T08:21:38.486+0000] {logging_mixin.py:188} INFO - [2026-05-08T08:21:38.485+0000] {dag.py:3096} INFO - Sync 1 DAGs
[2026-05-08T08:21:38.529+0000] {logging_mixin.py:188} INFO - [2026-05-08T08:21:38.528+0000] {dag.py:3954} INFO - Setting next_dagrun for ab_test_medallion_pipeline to 2026-05-08 00:00:00+00:00, run_after=2026-05-09 00:00:00+00:00
[2026-05-08T08:21:38.561+0000] {processor.py:183} INFO - Processing /opt/airflow/dags/pipeline_dag.py took 0.214 seconds
[2026-05-08T08:22:08.826+0000] {processor.py:161} INFO - Started process (PID=11930) to work on /opt/airflow/dags/pipeline_dag.py
[2026-05-08T08:22:08.830+0000] {processor.py:830} INFO - Processing file /opt/airflow/dags/pipeline_dag.py for tasks to queue
[2026-05-08T08:22:08.832+0000] {logging_mixin.py:188} INFO - [2026-05-08T08:22:08.831+0000] {dagbag.py:545} INFO - Filling up the DagBag from /opt/airflow/dags/pipeline_dag.py
[2026-05-08T08:22:08.869+0000] {processor.py:840} INFO - DAG(s) 'ab_test_medallion_pipeline' retrieved from /opt/airflow/dags/pipeline_dag.py
[2026-05-08T08:22:08.941+0000] {logging_mixin.py:188} INFO - [2026-05-08T08:22:08.941+0000] {dag.py:3096} INFO - Sync 1 DAGs
[2026-05-08T08:22:08.979+0000] {logging_mixin.py:188} INFO - [2026-05-08T08:22:08.978+0000] {dag.py:3954} INFO - Setting next_dagrun for ab_test_medallion_pipeline to 2026-05-08 00:00:00+00:00, run_after=2026-05-09 00:00:00+00:00
[2026-05-08T08:22:09.011+0000] {processor.py:183} INFO - Processing /opt/airflow/dags/pipeline_dag.py took 0.200 seconds
[2026-05-08T08:22:39.168+0000] {processor.py:161} INFO - Started process (PID=11935) to work on /opt/airflow/dags/pipeline_dag.py
[2026-05-08T08:22:39.170+0000] {processor.py:830} INFO - Processing file /opt/airflow/dags/pipeline_dag.py for tasks to queue
[2026-05-08T08:22:39.173+0000] {logging_mixin.py:188} INFO - [2026-05-08T08:22:39.172+0000] {dagbag.py:545} INFO - Filling up the DagBag from /opt/airflow/dags/pipeline_dag.py
[2026-05-08T08:22:39.201+0000] {processor.py:840} INFO - DAG(s) 'ab_test_medallion_pipeline' retrieved from /opt/airflow/dags/pipeline_dag.py
[2026-05-08T08:22:39.256+0000] {logging_mixin.py:188} INFO - [2026-05-08T08:22:39.256+0000] {dag.py:3096} INFO - Sync 1 DAGs
[2026-05-08T08:22:39.310+0000] {logging_mixin.py:188} INFO - [2026-05-08T08:22:39.309+0000] {dag.py:3954} INFO - Setting next_dagrun for ab_test_medallion_pipeline to 2026-05-08 00:00:00+00:00, run_after=2026-05-09 00:00:00+00:00
[2026-05-08T08:22:39.345+0000] {processor.py:183} INFO - Processing /opt/airflow/dags/pipeline_dag.py took 0.200 seconds
[2026-05-08T08:23:09.736+0000] {processor.py:161} INFO - Started process (PID=11940) to work on /opt/airflow/dags/pipeline_dag.py
[2026-05-08T08:23:09.739+0000] {processor.py:830} INFO - Processing file /opt/airflow/dags/pipeline_dag.py for tasks to queue
[2026-05-08T08:23:09.742+0000] {logging_mixin.py:188} INFO - [2026-05-08T08:23:09.741+0000] {dagbag.py:545} INFO - Filling up the DagBag from /opt/airflow/dags/pipeline_dag.py
[2026-05-08T08:23:09.780+0000] {processor.py:840} INFO - DAG(s) 'ab_test_medallion_pipeline' retrieved from /opt/airflow/dags/pipeline_dag.py
[2026-05-08T08:23:09.834+0000] {logging_mixin.py:188} INFO - [2026-05-08T08:23:09.833+0000] {dag.py:3096} INFO - Sync 1 DAGs
[2026-05-08T08:23:09.873+0000] {logging_mixin.py:188} INFO - [2026-05-08T08:23:09.872+0000] {dag.py:3954} INFO - Setting next_dagrun for ab_test_medallion_pipeline to 2026-05-08 00:00:00+00:00, run_after=2026-05-09 00:00:00+00:00
[2026-05-08T08:23:09.923+0000] {processor.py:183} INFO - Processing /opt/airflow/dags/pipeline_dag.py took 0.204 seconds
[2026-05-08T08:23:40.204+0000] {processor.py:161} INFO - Started process (PID=11945) to work on /opt/airflow/dags/pipeline_dag.py
[2026-05-08T08:23:40.207+0000] {processor.py:830} INFO - Processing file /opt/airflow/dags/pipeline_dag.py for tasks to queue
[2026-05-08T08:23:40.211+0000] {logging_mixin.py:188} INFO - [2026-05-08T08:23:40.209+0000] {dagbag.py:545} INFO - Filling up the DagBag from /opt/airflow/dags/pipeline_dag.py
[2026-05-08T08:23:40.255+0000] {processor.py:840} INFO - DAG(s) 'ab_test_medallion_pipeline' retrieved from /opt/airflow/dags/pipeline_dag.py
[2026-05-08T08:23:40.323+0000] {logging_mixin.py:188} INFO - [2026-05-08T08:23:40.323+0000] {dag.py:3096} INFO - Sync 1 DAGs
[2026-05-08T08:23:40.361+0000] {logging_mixin.py:188} INFO - [2026-05-08T08:23:40.361+0000] {dag.py:3954} INFO - Setting next_dagrun for ab_test_medallion_pipeline to 2026-05-08 00:00:00+00:00, run_after=2026-05-09 00:00:00+00:00
[2026-05-08T08:23:40.393+0000] {processor.py:183} INFO - Processing /opt/airflow/dags/pipeline_dag.py took 0.212 seconds
[2026-05-08T08:24:10.742+0000] {processor.py:161} INFO - Started process (PID=11950) to work on /opt/airflow/dags/pipeline_dag.py
[2026-05-08T08:24:10.744+0000] {processor.py:830} INFO - Processing file /opt/airflow/dags/pipeline_dag.py for tasks to queue
[2026-05-08T08:24:10.746+0000] {logging_mixin.py:188} INFO - [2026-05-08T08:24:10.745+0000] {dagbag.py:545} INFO - Filling up the DagBag from /opt/airflow/dags/pipeline_dag.py
[2026-05-08T08:24:10.776+0000] {processor.py:840} INFO - DAG(s) 'ab_test_medallion_pipeline' retrieved from /opt/airflow/dags/pipeline_dag.py
[2026-05-08T08:24:10.834+0000] {logging_mixin.py:188} INFO - [2026-05-08T08:24:10.834+0000] {dag.py:3096} INFO - Sync 1 DAGs
[2026-05-08T08:24:10.875+0000] {logging_mixin.py:188} INFO - [2026-05-08T08:24:10.875+0000] {dag.py:3954} INFO - Setting next_dagrun for ab_test_medallion_pipeline to 2026-05-08 00:00:00+00:00, run_after=2026-05-09 00:00:00+00:00
[2026-05-08T08:24:10.904+0000] {processor.py:183} INFO - Processing /opt/airflow/dags/pipeline_dag.py took 0.181 seconds
[2026-05-08T08:24:41.104+0000] {processor.py:161} INFO - Started process (PID=11955) to work on /opt/airflow/dags/pipeline_dag.py
[2026-05-08T08:24:41.108+0000] {processor.py:830} INFO - Processing file /opt/airflow/dags/pipeline_dag.py for tasks to queue
[2026-05-08T08:24:41.111+0000] {logging_mixin.py:188} INFO - [2026-05-08T08:24:41.109+0000] {dagbag.py:545} INFO - Filling up the DagBag from /opt/airflow/dags/pipeline_dag.py
[2026-05-08T08:24:41.159+0000] {processor.py:840} INFO - DAG(s) 'ab_test_medallion_pipeline' retrieved from /opt/airflow/dags/pipeline_dag.py
[2026-05-08T08:24:41.252+0000] {logging_mixin.py:188} INFO - [2026-05-08T08:24:41.252+0000] {dag.py:3096} INFO - Sync 1 DAGs
[2026-05-08T08:24:41.327+0000] {logging_mixin.py:188} INFO - [2026-05-08T08:24:41.327+0000] {dag.py:3954} INFO - Setting next_dagrun for ab_test_medallion_pipeline to 2026-05-08 00:00:00+00:00, run_after=2026-05-09 00:00:00+00:00
[2026-05-08T08:24:41.377+0000] {processor.py:183} INFO - Processing /opt/airflow/dags/pipeline_dag.py took 0.291 seconds
[2026-05-08T08:25:11.511+0000] {processor.py:161} INFO - Started process (PID=11960) to work on /opt/airflow/dags/pipeline_dag.py
[2026-05-08T08:25:11.514+0000] {processor.py:830} INFO - Processing file /opt/airflow/dags/pipeline_dag.py for tasks to queue
[2026-05-08T08:25:11.517+0000] {logging_mixin.py:188} INFO - [2026-05-08T08:25:11.515+0000] {dagbag.py:545} INFO - Filling up the DagBag from /opt/airflow/dags/pipeline_dag.py
[2026-05-08T08:25:11.548+0000] {processor.py:840} INFO - DAG(s) 'ab_test_medallion_pipeline' retrieved from /opt/airflow/dags/pipeline_dag.py
[2026-05-08T08:25:11.609+0000] {logging_mixin.py:188} INFO - [2026-05-08T08:25:11.609+0000] {dag.py:3096} INFO - Sync 1 DAGs
[2026-05-08T08:25:11.650+0000] {logging_mixin.py:188} INFO - [2026-05-08T08:25:11.650+0000] {dag.py:3954} INFO - Setting next_dagrun for ab_test_medallion_pipeline to 2026-05-08 00:00:00+00:00, run_after=2026-05-09 00:00:00+00:00
[2026-05-08T08:25:11.689+0000] {processor.py:183} INFO - Processing /opt/airflow/dags/pipeline_dag.py took 0.195 seconds
[2026-05-08T08:25:42.589+0000] {processor.py:161} INFO - Started process (PID=11965) to work on /opt/airflow/dags/pipeline_dag.py
[2026-05-08T08:25:42.591+0000] {processor.py:830} INFO - Processing file /opt/airflow/dags/pipeline_dag.py for tasks to queue
[2026-05-08T08:25:42.593+0000] {logging_mixin.py:188} INFO - [2026-05-08T08:25:42.592+0000] {dagbag.py:545} INFO - Filling up the DagBag from /opt/airflow/dags/pipeline_dag.py
[2026-05-08T08:25:42.629+0000] {processor.py:840} INFO - DAG(s) 'ab_test_medallion_pipeline' retrieved from /opt/airflow/dags/pipeline_dag.py
[2026-05-08T08:25:42.692+0000] {logging_mixin.py:188} INFO - [2026-05-08T08:25:42.692+0000] {dag.py:3096} INFO - Sync 1 DAGs
[2026-05-08T08:25:42.732+0000] {logging_mixin.py:188} INFO - [2026-05-08T08:25:42.732+0000] {dag.py:3954} INFO - Setting next_dagrun for ab_test_medallion_pipeline to 2026-05-08 00:00:00+00:00, run_after=2026-05-09 00:00:00+00:00
[2026-05-08T08:25:42.780+0000] {processor.py:183} INFO - Processing /opt/airflow/dags/pipeline_dag.py took 0.208 seconds
[2026-05-08T08:26:13.441+0000] {processor.py:161} INFO - Started process (PID=11970) to work on /opt/airflow/dags/pipeline_dag.py
[2026-05-08T08:26:13.447+0000] {processor.py:830} INFO - Processing file /opt/airflow/dags/pipeline_dag.py for tasks to queue
[2026-05-08T08:26:13.450+0000] {logging_mixin.py:188} INFO - [2026-05-08T08:26:13.449+0000] {dagbag.py:545} INFO - Filling up the DagBag from /opt/airflow/dags/pipeline_dag.py
[2026-05-08T08:26:13.485+0000] {processor.py:840} INFO - DAG(s) 'ab_test_medallion_pipeline' retrieved from /opt/airflow/dags/pipeline_dag.py
[2026-05-08T08:26:13.546+0000] {logging_mixin.py:188} INFO - [2026-05-08T08:26:13.546+0000] {dag.py:3096} INFO - Sync 1 DAGs
[2026-05-08T08:26:13.589+0000] {logging_mixin.py:188} INFO - [2026-05-08T08:26:13.589+0000] {dag.py:3954} INFO - Setting next_dagrun for ab_test_medallion_pipeline to 2026-05-08 00:00:00+00:00, run_after=2026-05-09 00:00:00+00:00
[2026-05-08T08:26:13.628+0000] {processor.py:183} INFO - Processing /opt/airflow/dags/pipeline_dag.py took 0.205 seconds
[2026-05-08T08:26:43.899+0000] {processor.py:161} INFO - Started process (PID=11975) to work on /opt/airflow/dags/pipeline_dag.py
[2026-05-08T08:26:43.902+0000] {processor.py:830} INFO - Processing file /opt/airflow/dags/pipeline_dag.py for tasks to queue
[2026-05-08T08:26:43.905+0000] {logging_mixin.py:188} INFO - [2026-05-08T08:26:43.904+0000] {dagbag.py:545} INFO - Filling up the DagBag from /opt/airflow/dags/pipeline_dag.py
[2026-05-08T08:26:43.944+0000] {processor.py:840} INFO - DAG(s) 'ab_test_medallion_pipeline' retrieved from /opt/airflow/dags/pipeline_dag.py
[2026-05-08T08:26:44.005+0000] {logging_mixin.py:188} INFO - [2026-05-08T08:26:44.005+0000] {dag.py:3096} INFO - Sync 1 DAGs
[2026-05-08T08:26:44.061+0000] {logging_mixin.py:188} INFO - [2026-05-08T08:26:44.060+0000] {dag.py:3954} INFO - Setting next_dagrun for ab_test_medallion_pipeline to 2026-05-08 00:00:00+00:00, run_after=2026-05-09 00:00:00+00:00
[2026-05-08T08:26:44.104+0000] {processor.py:183} INFO - Processing /opt/airflow/dags/pipeline_dag.py took 0.225 seconds
[2026-05-08T08:27:14.257+0000] {processor.py:161} INFO - Started process (PID=11980) to work on /opt/airflow/dags/pipeline_dag.py
[2026-05-08T08:27:14.260+0000] {processor.py:830} INFO - Processing file /opt/airflow/dags/pipeline_dag.py for tasks to queue
[2026-05-08T08:27:14.263+0000] {logging_mixin.py:188} INFO - [2026-05-08T08:27:14.262+0000] {dagbag.py:545} INFO - Filling up the DagBag from /opt/airflow/dags/pipeline_dag.py
[2026-05-08T08:27:14.294+0000] {processor.py:840} INFO - DAG(s) 'ab_test_medallion_pipeline' retrieved from /opt/airflow/dags/pipeline_dag.py
[2026-05-08T08:27:14.373+0000] {logging_mixin.py:188} INFO - [2026-05-08T08:27:14.373+0000] {dag.py:3096} INFO - Sync 1 DAGs
[2026-05-08T08:27:14.452+0000] {logging_mixin.py:188} INFO - [2026-05-08T08:27:14.452+0000] {dag.py:3954} INFO - Setting next_dagrun for ab_test_medallion_pipeline to 2026-05-08 00:00:00+00:00, run_after=2026-05-09 00:00:00+00:00
[2026-05-08T08:27:14.511+0000] {processor.py:183} INFO - Processing /opt/airflow/dags/pipeline_dag.py took 0.289 seconds
[2026-05-08T08:27:44.744+0000] {processor.py:161} INFO - Started process (PID=11985) to work on /opt/airflow/dags/pipeline_dag.py
[2026-05-08T08:27:44.748+0000] {processor.py:830} INFO - Processing file /opt/airflow/dags/pipeline_dag.py for tasks to queue
[2026-05-08T08:27:44.750+0000] {logging_mixin.py:188} INFO - [2026-05-08T08:27:44.749+0000] {dagbag.py:545} INFO - Filling up the DagBag from /opt/airflow/dags/pipeline_dag.py
[2026-05-08T08:27:44.790+0000] {processor.py:840} INFO - DAG(s) 'ab_test_medallion_pipeline' retrieved from /opt/airflow/dags/pipeline_dag.py
[2026-05-08T08:27:44.862+0000] {logging_mixin.py:188} INFO - [2026-05-08T08:27:44.861+0000] {dag.py:3096} INFO - Sync 1 DAGs
[2026-05-08T08:27:44.933+0000] {logging_mixin.py:188} INFO - [2026-05-08T08:27:44.933+0000] {dag.py:3954} INFO - Setting next_dagrun for ab_test_medallion_pipeline to 2026-05-08 00:00:00+00:00, run_after=2026-05-09 00:00:00+00:00
[2026-05-08T08:27:44.983+0000] {processor.py:183} INFO - Processing /opt/airflow/dags/pipeline_dag.py took 0.253 seconds
[2026-05-08T08:28:15.206+0000] {processor.py:161} INFO - Started process (PID=11990) to work on /opt/airflow/dags/pipeline_dag.py
[2026-05-08T08:28:15.212+0000] {processor.py:830} INFO - Processing file /opt/airflow/dags/pipeline_dag.py for tasks to queue
[2026-05-08T08:28:15.214+0000] {logging_mixin.py:188} INFO - [2026-05-08T08:28:15.213+0000] {dagbag.py:545} INFO - Filling up the DagBag from /opt/airflow/dags/pipeline_dag.py
[2026-05-08T08:28:15.263+0000] {processor.py:840} INFO - DAG(s) 'ab_test_medallion_pipeline' retrieved from /opt/airflow/dags/pipeline_dag.py
[2026-05-08T08:28:15.350+0000] {logging_mixin.py:188} INFO - [2026-05-08T08:28:15.349+0000] {dag.py:3096} INFO - Sync 1 DAGs
[2026-05-08T08:28:15.389+0000] {logging_mixin.py:188} INFO - [2026-05-08T08:28:15.388+0000] {dag.py:3954} INFO - Setting next_dagrun for ab_test_medallion_pipeline to 2026-05-08 00:00:00+00:00, run_after=2026-05-09 00:00:00+00:00
[2026-05-08T08:28:15.433+0000] {processor.py:183} INFO - Processing /opt/airflow/dags/pipeline_dag.py took 0.243 seconds
[2026-05-08T08:28:45.620+0000] {processor.py:161} INFO - Started process (PID=11995) to work on /opt/airflow/dags/pipeline_dag.py
[2026-05-08T08:28:45.622+0000] {processor.py:830} INFO - Processing file /opt/airflow/dags/pipeline_dag.py for tasks to queue
[2026-05-08T08:28:45.625+0000] {logging_mixin.py:188} INFO - [2026-05-08T08:28:45.624+0000] {dagbag.py:545} INFO - Filling up the DagBag from /opt/airflow/dags/pipeline_dag.py
[2026-05-08T08:28:45.655+0000] {processor.py:840} INFO - DAG(s) 'ab_test_medallion_pipeline' retrieved from /opt/airflow/dags/pipeline_dag.py
[2026-05-08T08:28:45.751+0000] {logging_mixin.py:188} INFO - [2026-05-08T08:28:45.751+0000] {dag.py:3096} INFO - Sync 1 DAGs
[2026-05-08T08:28:45.805+0000] {logging_mixin.py:188} INFO - [2026-05-08T08:28:45.804+0000] {dag.py:3954} INFO - Setting next_dagrun for ab_test_medallion_pipeline to 2026-05-08 00:00:00+00:00, run_after=2026-05-09 00:00:00+00:00
[2026-05-08T08:28:45.837+0000] {processor.py:183} INFO - Processing /opt/airflow/dags/pipeline_dag.py took 0.232 seconds
[2026-05-08T08:29:16.120+0000] {processor.py:161} INFO - Started process (PID=12000) to work on /opt/airflow/dags/pipeline_dag.py
[2026-05-08T08:29:16.130+0000] {processor.py:830} INFO - Processing file /opt/airflow/dags/pipeline_dag.py for tasks to queue
[2026-05-08T08:29:16.134+0000] {logging_mixin.py:188} INFO - [2026-05-08T08:29:16.133+0000] {dagbag.py:545} INFO - Filling up the DagBag from /opt/airflow/dags/pipeline_dag.py
[2026-05-08T08:29:16.189+0000] {processor.py:840} INFO - DAG(s) 'ab_test_medallion_pipeline' retrieved from /opt/airflow/dags/pipeline_dag.py
[2026-05-08T08:29:16.284+0000] {logging_mixin.py:188} INFO - [2026-05-08T08:29:16.284+0000] {dag.py:3096} INFO - Sync 1 DAGs
[2026-05-08T08:29:16.384+0000] {logging_mixin.py:188} INFO - [2026-05-08T08:29:16.382+0000] {dag.py:3954} INFO - Setting next_dagrun for ab_test_medallion_pipeline to 2026-05-08 00:00:00+00:00, run_after=2026-05-09 00:00:00+00:00
[2026-05-08T08:29:16.468+0000] {processor.py:183} INFO - Processing /opt/airflow/dags/pipeline_dag.py took 0.378 seconds
[2026-05-08T08:29:46.864+0000] {processor.py:161} INFO - Started process (PID=12005) to work on /opt/airflow/dags/pipeline_dag.py
[2026-05-08T08:29:46.869+0000] {processor.py:830} INFO - Processing file /opt/airflow/dags/pipeline_dag.py for tasks to queue
[2026-05-08T08:29:46.870+0000] {logging_mixin.py:188} INFO - [2026-05-08T08:29:46.870+0000] {dagbag.py:545} INFO - Filling up the DagBag from /opt/airflow/dags/pipeline_dag.py
[2026-05-08T08:29:46.899+0000] {processor.py:840} INFO - DAG(s) 'ab_test_medallion_pipeline' retrieved from /opt/airflow/dags/pipeline_dag.py
[2026-05-08T08:29:46.963+0000] {logging_mixin.py:188} INFO - [2026-05-08T08:29:46.963+0000] {dag.py:3096} INFO - Sync 1 DAGs
[2026-05-08T08:29:47.000+0000] {logging_mixin.py:188} INFO - [2026-05-08T08:29:47.000+0000] {dag.py:3954} INFO - Setting next_dagrun for ab_test_medallion_pipeline to 2026-05-08 00:00:00+00:00, run_after=2026-05-09 00:00:00+00:00
[2026-05-08T08:29:47.038+0000] {processor.py:183} INFO - Processing /opt/airflow/dags/pipeline_dag.py took 0.191 seconds
[2026-05-08T08:30:17.225+0000] {processor.py:161} INFO - Started process (PID=12010) to work on /opt/airflow/dags/pipeline_dag.py
[2026-05-08T08:30:17.226+0000] {processor.py:830} INFO - Processing file /opt/airflow/dags/pipeline_dag.py for tasks to queue
[2026-05-08T08:30:17.227+0000] {logging_mixin.py:188} INFO - [2026-05-08T08:30:17.227+0000] {dagbag.py:545} INFO - Filling up the DagBag from /opt/airflow/dags/pipeline_dag.py
[2026-05-08T08:30:17.254+0000] {processor.py:840} INFO - DAG(s) 'ab_test_medallion_pipeline' retrieved from /opt/airflow/dags/pipeline_dag.py
[2026-05-08T08:30:17.327+0000] {logging_mixin.py:188} INFO - [2026-05-08T08:30:17.327+0000] {dag.py:3096} INFO - Sync 1 DAGs
[2026-05-08T08:30:17.407+0000] {logging_mixin.py:188} INFO - [2026-05-08T08:30:17.406+0000] {dag.py:3954} INFO - Setting next_dagrun for ab_test_medallion_pipeline to 2026-05-08 00:00:00+00:00, run_after=2026-05-09 00:00:00+00:00
[2026-05-08T08:30:17.464+0000] {processor.py:183} INFO - Processing /opt/airflow/dags/pipeline_dag.py took 0.254 seconds
[2026-05-08T08:30:47.741+0000] {processor.py:161} INFO - Started process (PID=12015) to work on /opt/airflow/dags/pipeline_dag.py
[2026-05-08T08:30:47.746+0000] {processor.py:830} INFO - Processing file /opt/airflow/dags/pipeline_dag.py for tasks to queue
[2026-05-08T08:30:47.750+0000] {logging_mixin.py:188} INFO - [2026-05-08T08:30:47.748+0000] {dagbag.py:545} INFO - Filling up the DagBag from /opt/airflow/dags/pipeline_dag.py
[2026-05-08T08:30:47.781+0000] {processor.py:840} INFO - DAG(s) 'ab_test_medallion_pipeline' retrieved from /opt/airflow/dags/pipeline_dag.py
[2026-05-08T08:30:47.843+0000] {logging_mixin.py:188} INFO - [2026-05-08T08:30:47.842+0000] {dag.py:3096} INFO - Sync 1 DAGs
[2026-05-08T08:30:47.881+0000] {logging_mixin.py:188} INFO - [2026-05-08T08:30:47.881+0000] {dag.py:3954} INFO - Setting next_dagrun for ab_test_medallion_pipeline to 2026-05-08 00:00:00+00:00, run_after=2026-05-09 00:00:00+00:00
[2026-05-08T08:30:47.915+0000] {processor.py:183} INFO - Processing /opt/airflow/dags/pipeline_dag.py took 0.192 seconds
[2026-05-08T08:31:18.107+0000] {processor.py:161} INFO - Started process (PID=12020) to work on /opt/airflow/dags/pipeline_dag.py
[2026-05-08T08:31:18.115+0000] {processor.py:830} INFO - Processing file /opt/airflow/dags/pipeline_dag.py for tasks to queue
[2026-05-08T08:31:18.119+0000] {logging_mixin.py:188} INFO - [2026-05-08T08:31:18.118+0000] {dagbag.py:545} INFO - Filling up the DagBag from /opt/airflow/dags/pipeline_dag.py
[2026-05-08T08:31:18.152+0000] {processor.py:840} INFO - DAG(s) 'ab_test_medallion_pipeline' retrieved from /opt/airflow/dags/pipeline_dag.py
[2026-05-08T08:31:18.205+0000] {logging_mixin.py:188} INFO - [2026-05-08T08:31:18.204+0000] {dag.py:3096} INFO - Sync 1 DAGs
[2026-05-08T08:31:18.245+0000] {logging_mixin.py:188} INFO - [2026-05-08T08:31:18.245+0000] {dag.py:3954} INFO - Setting next_dagrun for ab_test_medallion_pipeline to 2026-05-08 00:00:00+00:00, run_after=2026-05-09 00:00:00+00:00
[2026-05-08T08:31:18.277+0000] {processor.py:183} INFO - Processing /opt/airflow/dags/pipeline_dag.py took 0.205 seconds
[2026-05-08T08:31:48.504+0000] {processor.py:161} INFO - Started process (PID=12025) to work on /opt/airflow/dags/pipeline_dag.py
[2026-05-08T08:31:48.508+0000] {processor.py:830} INFO - Processing file /opt/airflow/dags/pipeline_dag.py for tasks to queue
[2026-05-08T08:31:48.510+0000] {logging_mixin.py:188} INFO - [2026-05-08T08:31:48.509+0000] {dagbag.py:545} INFO - Filling up the DagBag from /opt/airflow/dags/pipeline_dag.py
[2026-05-08T08:31:48.536+0000] {processor.py:840} INFO - DAG(s) 'ab_test_medallion_pipeline' retrieved from /opt/airflow/dags/pipeline_dag.py
[2026-05-08T08:31:48.601+0000] {logging_mixin.py:188} INFO - [2026-05-08T08:31:48.601+0000] {dag.py:3096} INFO - Sync 1 DAGs
[2026-05-08T08:31:48.649+0000] {logging_mixin.py:188} INFO - [2026-05-08T08:31:48.649+0000] {dag.py:3954} INFO - Setting next_dagrun for ab_test_medallion_pipeline to 2026-05-08 00:00:00+00:00, run_after=2026-05-09 00:00:00+00:00
[2026-05-08T08:31:48.687+0000] {processor.py:183} INFO - Processing /opt/airflow/dags/pipeline_dag.py took 0.202 seconds
[2026-05-08T08:32:18.957+0000] {processor.py:161} INFO - Started process (PID=12030) to work on /opt/airflow/dags/pipeline_dag.py
[2026-05-08T08:32:18.960+0000] {processor.py:830} INFO - Processing file /opt/airflow/dags/pipeline_dag.py for tasks to queue
[2026-05-08T08:32:18.962+0000] {logging_mixin.py:188} INFO - [2026-05-08T08:32:18.961+0000] {dagbag.py:545} INFO - Filling up the DagBag from /opt/airflow/dags/pipeline_dag.py
[2026-05-08T08:32:18.995+0000] {processor.py:840} INFO - DAG(s) 'ab_test_medallion_pipeline' retrieved from /opt/airflow/dags/pipeline_dag.py
[2026-05-08T08:32:19.060+0000] {logging_mixin.py:188} INFO - [2026-05-08T08:32:19.060+0000] {dag.py:3096} INFO - Sync 1 DAGs
[2026-05-08T08:32:19.108+0000] {logging_mixin.py:188} INFO - [2026-05-08T08:32:19.108+0000] {dag.py:3954} INFO - Setting next_dagrun for ab_test_medallion_pipeline to 2026-05-08 00:00:00+00:00, run_after=2026-05-09 00:00:00+00:00
[2026-05-08T08:32:19.143+0000] {processor.py:183} INFO - Processing /opt/airflow/dags/pipeline_dag.py took 0.200 seconds
[2026-05-08T08:32:49.260+0000] {processor.py:161} INFO - Started process (PID=12035) to work on /opt/airflow/dags/pipeline_dag.py
[2026-05-08T08:32:49.263+0000] {processor.py:830} INFO - Processing file /opt/airflow/dags/pipeline_dag.py for tasks to queue
[2026-05-08T08:32:49.264+0000] {logging_mixin.py:188} INFO - [2026-05-08T08:32:49.264+0000] {dagbag.py:545} INFO - Filling up the DagBag from /opt/airflow/dags/pipeline_dag.py
[2026-05-08T08:32:49.295+0000] {processor.py:840} INFO - DAG(s) 'ab_test_medallion_pipeline' retrieved from /opt/airflow/dags/pipeline_dag.py
[2026-05-08T08:32:49.352+0000] {logging_mixin.py:188} INFO - [2026-05-08T08:32:49.351+0000] {dag.py:3096} INFO - Sync 1 DAGs
[2026-05-08T08:32:49.395+0000] {logging_mixin.py:188} INFO - [2026-05-08T08:32:49.395+0000] {dag.py:3954} INFO - Setting next_dagrun for ab_test_medallion_pipeline to 2026-05-08 00:00:00+00:00, run_after=2026-05-09 00:00:00+00:00
[2026-05-08T08:32:49.430+0000] {processor.py:183} INFO - Processing /opt/airflow/dags/pipeline_dag.py took 0.184 seconds
[2026-05-08T08:33:19.759+0000] {processor.py:161} INFO - Started process (PID=12040) to work on /opt/airflow/dags/pipeline_dag.py
[2026-05-08T08:33:19.763+0000] {processor.py:830} INFO - Processing file /opt/airflow/dags/pipeline_dag.py for tasks to queue
[2026-05-08T08:33:19.765+0000] {logging_mixin.py:188} INFO - [2026-05-08T08:33:19.764+0000] {dagbag.py:545} INFO - Filling up the DagBag from /opt/airflow/dags/pipeline_dag.py
[2026-05-08T08:33:19.792+0000] {processor.py:840} INFO - DAG(s) 'ab_test_medallion_pipeline' retrieved from /opt/airflow/dags/pipeline_dag.py
[2026-05-08T08:33:19.848+0000] {logging_mixin.py:188} INFO - [2026-05-08T08:33:19.848+0000] {dag.py:3096} INFO - Sync 1 DAGs
[2026-05-08T08:33:19.888+0000] {logging_mixin.py:188} INFO - [2026-05-08T08:33:19.888+0000] {dag.py:3954} INFO - Setting next_dagrun for ab_test_medallion_pipeline to 2026-05-08 00:00:00+00:00, run_after=2026-05-09 00:00:00+00:00
[2026-05-08T08:33:19.918+0000] {processor.py:183} INFO - Processing /opt/airflow/dags/pipeline_dag.py took 0.181 seconds
[2026-05-08T08:33:50.067+0000] {processor.py:161} INFO - Started process (PID=12045) to work on /opt/airflow/dags/pipeline_dag.py
[2026-05-08T08:33:50.069+0000] {processor.py:830} INFO - Processing file /opt/airflow/dags/pipeline_dag.py for tasks to queue
[2026-05-08T08:33:50.071+0000] {logging_mixin.py:188} INFO - [2026-05-08T08:33:50.070+0000] {dagbag.py:545} INFO - Filling up the DagBag from /opt/airflow/dags/pipeline_dag.py
[2026-05-08T08:33:50.101+0000] {processor.py:840} INFO - DAG(s) 'ab_test_medallion_pipeline' retrieved from /opt/airflow/dags/pipeline_dag.py
[2026-05-08T08:33:50.156+0000] {logging_mixin.py:188} INFO - [2026-05-08T08:33:50.156+0000] {dag.py:3096} INFO - Sync 1 DAGs
[2026-05-08T08:33:50.198+0000] {logging_mixin.py:188} INFO - [2026-05-08T08:33:50.197+0000] {dag.py:3954} INFO - Setting next_dagrun for ab_test_medallion_pipeline to 2026-05-08 00:00:00+00:00, run_after=2026-05-09 00:00:00+00:00
[2026-05-08T08:33:50.242+0000] {processor.py:183} INFO - Processing /opt/airflow/dags/pipeline_dag.py took 0.191 seconds
[2026-05-08T08:34:20.586+0000] {processor.py:161} INFO - Started process (PID=12050) to work on /opt/airflow/dags/pipeline_dag.py
[2026-05-08T08:34:20.589+0000] {processor.py:830} INFO - Processing file /opt/airflow/dags/pipeline_dag.py for tasks to queue
[2026-05-08T08:34:20.590+0000] {logging_mixin.py:188} INFO - [2026-05-08T08:34:20.590+0000] {dagbag.py:545} INFO - Filling up the DagBag from /opt/airflow/dags/pipeline_dag.py
[2026-05-08T08:34:20.621+0000] {processor.py:840} INFO - DAG(s) 'ab_test_medallion_pipeline' retrieved from /opt/airflow/dags/pipeline_dag.py
[2026-05-08T08:34:20.690+0000] {logging_mixin.py:188} INFO - [2026-05-08T08:34:20.689+0000] {dag.py:3096} INFO - Sync 1 DAGs
[2026-05-08T08:34:20.730+0000] {logging_mixin.py:188} INFO - [2026-05-08T08:34:20.730+0000] {dag.py:3954} INFO - Setting next_dagrun for ab_test_medallion_pipeline to 2026-05-08 00:00:00+00:00, run_after=2026-05-09 00:00:00+00:00
[2026-05-08T08:34:20.770+0000] {processor.py:183} INFO - Processing /opt/airflow/dags/pipeline_dag.py took 0.197 seconds
[2026-05-08T08:34:50.944+0000] {processor.py:161} INFO - Started process (PID=12055) to work on /opt/airflow/dags/pipeline_dag.py
[2026-05-08T08:34:50.946+0000] {processor.py:830} INFO - Processing file /opt/airflow/dags/pipeline_dag.py for tasks to queue
[2026-05-08T08:34:50.947+0000] {logging_mixin.py:188} INFO - [2026-05-08T08:34:50.947+0000] {dagbag.py:545} INFO - Filling up the DagBag from /opt/airflow/dags/pipeline_dag.py
[2026-05-08T08:34:50.973+0000] {processor.py:840} INFO - DAG(s) 'ab_test_medallion_pipeline' retrieved from /opt/airflow/dags/pipeline_dag.py
[2026-05-08T08:34:51.035+0000] {logging_mixin.py:188} INFO - [2026-05-08T08:34:51.034+0000] {dag.py:3096} INFO - Sync 1 DAGs
[2026-05-08T08:34:51.080+0000] {logging_mixin.py:188} INFO - [2026-05-08T08:34:51.079+0000] {dag.py:3954} INFO - Setting next_dagrun for ab_test_medallion_pipeline to 2026-05-08 00:00:00+00:00, run_after=2026-05-09 00:00:00+00:00
[2026-05-08T08:34:51.115+0000] {processor.py:183} INFO - Processing /opt/airflow/dags/pipeline_dag.py took 0.190 seconds
[2026-05-08T08:35:21.481+0000] {processor.py:161} INFO - Started process (PID=12060) to work on /opt/airflow/dags/pipeline_dag.py
[2026-05-08T08:35:21.485+0000] {processor.py:830} INFO - Processing file /opt/airflow/dags/pipeline_dag.py for tasks to queue
[2026-05-08T08:35:21.487+0000] {logging_mixin.py:188} INFO - [2026-05-08T08:35:21.486+0000] {dagbag.py:545} INFO - Filling up the DagBag from /opt/airflow/dags/pipeline_dag.py
[2026-05-08T08:35:21.518+0000] {processor.py:840} INFO - DAG(s) 'ab_test_medallion_pipeline' retrieved from /opt/airflow/dags/pipeline_dag.py
[2026-05-08T08:35:21.581+0000] {logging_mixin.py:188} INFO - [2026-05-08T08:35:21.581+0000] {dag.py:3096} INFO - Sync 1 DAGs
[2026-05-08T08:35:21.619+0000] {logging_mixin.py:188} INFO - [2026-05-08T08:35:21.619+0000] {dag.py:3954} INFO - Setting next_dagrun for ab_test_medallion_pipeline to 2026-05-08 00:00:00+00:00, run_after=2026-05-09 00:00:00+00:00
[2026-05-08T08:35:21.656+0000] {processor.py:183} INFO - Processing /opt/airflow/dags/pipeline_dag.py took 0.189 seconds
[2026-05-08T08:35:51.771+0000] {processor.py:161} INFO - Started process (PID=12065) to work on /opt/airflow/dags/pipeline_dag.py
[2026-05-08T08:35:51.773+0000] {processor.py:830} INFO - Processing file /opt/airflow/dags/pipeline_dag.py for tasks to queue
[2026-05-08T08:35:51.775+0000] {logging_mixin.py:188} INFO - [2026-05-08T08:35:51.774+0000] {dagbag.py:545} INFO - Filling up the DagBag from /opt/airflow/dags/pipeline_dag.py
[2026-05-08T08:35:51.812+0000] {processor.py:840} INFO - DAG(s) 'ab_test_medallion_pipeline' retrieved from /opt/airflow/dags/pipeline_dag.py
[2026-05-08T08:35:51.880+0000] {logging_mixin.py:188} INFO - [2026-05-08T08:35:51.880+0000] {dag.py:3096} INFO - Sync 1 DAGs
[2026-05-08T08:35:51.932+0000] {logging_mixin.py:188} INFO - [2026-05-08T08:35:51.932+0000] {dag.py:3954} INFO - Setting next_dagrun for ab_test_medallion_pipeline to 2026-05-08 00:00:00+00:00, run_after=2026-05-09 00:00:00+00:00
[2026-05-08T08:35:51.972+0000] {processor.py:183} INFO - Processing /opt/airflow/dags/pipeline_dag.py took 0.218 seconds
[2026-05-08T08:36:22.254+0000] {processor.py:161} INFO - Started process (PID=12070) to work on /opt/airflow/dags/pipeline_dag.py
[2026-05-08T08:36:22.259+0000] {processor.py:830} INFO - Processing file /opt/airflow/dags/pipeline_dag.py for tasks to queue
[2026-05-08T08:36:22.263+0000] {logging_mixin.py:188} INFO - [2026-05-08T08:36:22.262+0000] {dagbag.py:545} INFO - Filling up the DagBag from /opt/airflow/dags/pipeline_dag.py
[2026-05-08T08:36:22.304+0000] {processor.py:840} INFO - DAG(s) 'ab_test_medallion_pipeline' retrieved from /opt/airflow/dags/pipeline_dag.py
[2026-05-08T08:36:22.388+0000] {logging_mixin.py:188} INFO - [2026-05-08T08:36:22.388+0000] {dag.py:3096} INFO - Sync 1 DAGs
[2026-05-08T08:36:22.458+0000] {logging_mixin.py:188} INFO - [2026-05-08T08:36:22.458+0000] {dag.py:3954} INFO - Setting next_dagrun for ab_test_medallion_pipeline to 2026-05-08 00:00:00+00:00, run_after=2026-05-09 00:00:00+00:00
[2026-05-08T08:36:22.505+0000] {processor.py:183} INFO - Processing /opt/airflow/dags/pipeline_dag.py took 0.275 seconds
[2026-05-08T08:36:52.654+0000] {processor.py:161} INFO - Started process (PID=12075) to work on /opt/airflow/dags/pipeline_dag.py
[2026-05-08T08:36:52.656+0000] {processor.py:830} INFO - Processing file /opt/airflow/dags/pipeline_dag.py for tasks to queue
[2026-05-08T08:36:52.660+0000] {logging_mixin.py:188} INFO - [2026-05-08T08:36:52.659+0000] {dagbag.py:545} INFO - Filling up the DagBag from /opt/airflow/dags/pipeline_dag.py
[2026-05-08T08:36:52.694+0000] {processor.py:840} INFO - DAG(s) 'ab_test_medallion_pipeline' retrieved from /opt/airflow/dags/pipeline_dag.py
[2026-05-08T08:36:52.745+0000] {logging_mixin.py:188} INFO - [2026-05-08T08:36:52.745+0000] {dag.py:3096} INFO - Sync 1 DAGs
[2026-05-08T08:36:52.792+0000] {logging_mixin.py:188} INFO - [2026-05-08T08:36:52.791+0000] {dag.py:3954} INFO - Setting next_dagrun for ab_test_medallion_pipeline to 2026-05-08 00:00:00+00:00, run_after=2026-05-09 00:00:00+00:00
[2026-05-08T08:36:52.841+0000] {processor.py:183} INFO - Processing /opt/airflow/dags/pipeline_dag.py took 0.207 seconds
[2026-05-08T08:37:23.177+0000] {processor.py:161} INFO - Started process (PID=12080) to work on /opt/airflow/dags/pipeline_dag.py
[2026-05-08T08:37:23.180+0000] {processor.py:830} INFO - Processing file /opt/airflow/dags/pipeline_dag.py for tasks to queue
[2026-05-08T08:37:23.182+0000] {logging_mixin.py:188} INFO - [2026-05-08T08:37:23.181+0000] {dagbag.py:545} INFO - Filling up the DagBag from /opt/airflow/dags/pipeline_dag.py
[2026-05-08T08:37:23.221+0000] {processor.py:840} INFO - DAG(s) 'ab_test_medallion_pipeline' retrieved from /opt/airflow/dags/pipeline_dag.py
[2026-05-08T08:37:23.286+0000] {logging_mixin.py:188} INFO - [2026-05-08T08:37:23.285+0000] {dag.py:3096} INFO - Sync 1 DAGs
[2026-05-08T08:37:23.330+0000] {logging_mixin.py:188} INFO - [2026-05-08T08:37:23.329+0000] {dag.py:3954} INFO - Setting next_dagrun for ab_test_medallion_pipeline to 2026-05-08 00:00:00+00:00, run_after=2026-05-09 00:00:00+00:00
[2026-05-08T08:37:23.370+0000] {processor.py:183} INFO - Processing /opt/airflow/dags/pipeline_dag.py took 0.222 seconds
[2026-05-08T08:37:53.505+0000] {processor.py:161} INFO - Started process (PID=12085) to work on /opt/airflow/dags/pipeline_dag.py
[2026-05-08T08:37:53.508+0000] {processor.py:830} INFO - Processing file /opt/airflow/dags/pipeline_dag.py for tasks to queue
[2026-05-08T08:37:53.509+0000] {logging_mixin.py:188} INFO - [2026-05-08T08:37:53.509+0000] {dagbag.py:545} INFO - Filling up the DagBag from /opt/airflow/dags/pipeline_dag.py
[2026-05-08T08:37:53.555+0000] {processor.py:840} INFO - DAG(s) 'ab_test_medallion_pipeline' retrieved from /opt/airflow/dags/pipeline_dag.py
[2026-05-08T08:37:53.656+0000] {logging_mixin.py:188} INFO - [2026-05-08T08:37:53.656+0000] {dag.py:3096} INFO - Sync 1 DAGs
[2026-05-08T08:37:53.711+0000] {logging_mixin.py:188} INFO - [2026-05-08T08:37:53.710+0000] {dag.py:3954} INFO - Setting next_dagrun for ab_test_medallion_pipeline to 2026-05-08 00:00:00+00:00, run_after=2026-05-09 00:00:00+00:00
[2026-05-08T08:37:53.741+0000] {processor.py:183} INFO - Processing /opt/airflow/dags/pipeline_dag.py took 0.251 seconds
[2026-05-08T08:38:24.554+0000] {processor.py:161} INFO - Started process (PID=12090) to work on /opt/airflow/dags/pipeline_dag.py
[2026-05-08T08:38:24.558+0000] {processor.py:830} INFO - Processing file /opt/airflow/dags/pipeline_dag.py for tasks to queue
[2026-05-08T08:38:24.560+0000] {logging_mixin.py:188} INFO - [2026-05-08T08:38:24.559+0000] {dagbag.py:545} INFO - Filling up the DagBag from /opt/airflow/dags/pipeline_dag.py
[2026-05-08T08:38:24.606+0000] {processor.py:840} INFO - DAG(s) 'ab_test_medallion_pipeline' retrieved from /opt/airflow/dags/pipeline_dag.py
[2026-05-08T08:38:24.662+0000] {logging_mixin.py:188} INFO - [2026-05-08T08:38:24.662+0000] {dag.py:3096} INFO - Sync 1 DAGs
[2026-05-08T08:38:24.706+0000] {logging_mixin.py:188} INFO - [2026-05-08T08:38:24.706+0000] {dag.py:3954} INFO - Setting next_dagrun for ab_test_medallion_pipeline to 2026-05-08 00:00:00+00:00, run_after=2026-05-09 00:00:00+00:00
[2026-05-08T08:38:24.743+0000] {processor.py:183} INFO - Processing /opt/airflow/dags/pipeline_dag.py took 0.211 seconds
[2026-05-08T08:38:55.475+0000] {processor.py:161} INFO - Started process (PID=12095) to work on /opt/airflow/dags/pipeline_dag.py
[2026-05-08T08:38:55.476+0000] {processor.py:830} INFO - Processing file /opt/airflow/dags/pipeline_dag.py for tasks to queue
[2026-05-08T08:38:55.477+0000] {logging_mixin.py:188} INFO - [2026-05-08T08:38:55.477+0000] {dagbag.py:545} INFO - Filling up the DagBag from /opt/airflow/dags/pipeline_dag.py
[2026-05-08T08:38:55.504+0000] {processor.py:840} INFO - DAG(s) 'ab_test_medallion_pipeline' retrieved from /opt/airflow/dags/pipeline_dag.py
[2026-05-08T08:38:55.555+0000] {logging_mixin.py:188} INFO - [2026-05-08T08:38:55.554+0000] {dag.py:3096} INFO - Sync 1 DAGs
[2026-05-08T08:38:55.596+0000] {logging_mixin.py:188} INFO - [2026-05-08T08:38:55.595+0000] {dag.py:3954} INFO - Setting next_dagrun for ab_test_medallion_pipeline to 2026-05-08 00:00:00+00:00, run_after=2026-05-09 00:00:00+00:00
[2026-05-08T08:38:55.647+0000] {processor.py:183} INFO - Processing /opt/airflow/dags/pipeline_dag.py took 0.186 seconds
[2026-05-08T08:39:25.971+0000] {processor.py:161} INFO - Started process (PID=12100) to work on /opt/airflow/dags/pipeline_dag.py
[2026-05-08T08:39:25.974+0000] {processor.py:830} INFO - Processing file /opt/airflow/dags/pipeline_dag.py for tasks to queue
[2026-05-08T08:39:25.979+0000] {logging_mixin.py:188} INFO - [2026-05-08T08:39:25.977+0000] {dagbag.py:545} INFO - Filling up the DagBag from /opt/airflow/dags/pipeline_dag.py
[2026-05-08T08:39:26.021+0000] {processor.py:840} INFO - DAG(s) 'ab_test_medallion_pipeline' retrieved from /opt/airflow/dags/pipeline_dag.py
[2026-05-08T08:39:26.076+0000] {logging_mixin.py:188} INFO - [2026-05-08T08:39:26.076+0000] {dag.py:3096} INFO - Sync 1 DAGs
[2026-05-08T08:39:26.117+0000] {logging_mixin.py:188} INFO - [2026-05-08T08:39:26.117+0000] {dag.py:3954} INFO - Setting next_dagrun for ab_test_medallion_pipeline to 2026-05-08 00:00:00+00:00, run_after=2026-05-09 00:00:00+00:00
[2026-05-08T08:39:26.164+0000] {processor.py:183} INFO - Processing /opt/airflow/dags/pipeline_dag.py took 0.214 seconds
[2026-05-08T08:39:56.324+0000] {processor.py:161} INFO - Started process (PID=12105) to work on /opt/airflow/dags/pipeline_dag.py
[2026-05-08T08:39:56.326+0000] {processor.py:830} INFO - Processing file /opt/airflow/dags/pipeline_dag.py for tasks to queue
[2026-05-08T08:39:56.329+0000] {logging_mixin.py:188} INFO - [2026-05-08T08:39:56.329+0000] {dagbag.py:545} INFO - Filling up the DagBag from /opt/airflow/dags/pipeline_dag.py
[2026-05-08T08:39:56.359+0000] {processor.py:840} INFO - DAG(s) 'ab_test_medallion_pipeline' retrieved from /opt/airflow/dags/pipeline_dag.py
[2026-05-08T08:39:56.436+0000] {logging_mixin.py:188} INFO - [2026-05-08T08:39:56.435+0000] {dag.py:3096} INFO - Sync 1 DAGs
[2026-05-08T08:39:56.494+0000] {logging_mixin.py:188} INFO - [2026-05-08T08:39:56.494+0000] {dag.py:3954} INFO - Setting next_dagrun for ab_test_medallion_pipeline to 2026-05-08 00:00:00+00:00, run_after=2026-05-09 00:00:00+00:00
[2026-05-08T08:39:56.534+0000] {processor.py:183} INFO - Processing /opt/airflow/dags/pipeline_dag.py took 0.240 seconds
[2026-05-08T08:40:26.774+0000] {processor.py:161} INFO - Started process (PID=12110) to work on /opt/airflow/dags/pipeline_dag.py
[2026-05-08T08:40:26.777+0000] {processor.py:830} INFO - Processing file /opt/airflow/dags/pipeline_dag.py for tasks to queue
[2026-05-08T08:40:26.778+0000] {logging_mixin.py:188} INFO - [2026-05-08T08:40:26.778+0000] {dagbag.py:545} INFO - Filling up the DagBag from /opt/airflow/dags/pipeline_dag.py
[2026-05-08T08:40:26.804+0000] {processor.py:840} INFO - DAG(s) 'ab_test_medallion_pipeline' retrieved from /opt/airflow/dags/pipeline_dag.py
[2026-05-08T08:40:26.857+0000] {logging_mixin.py:188} INFO - [2026-05-08T08:40:26.854+0000] {dag.py:3096} INFO - Sync 1 DAGs
[2026-05-08T08:40:26.899+0000] {logging_mixin.py:188} INFO - [2026-05-08T08:40:26.899+0000] {dag.py:3954} INFO - Setting next_dagrun for ab_test_medallion_pipeline to 2026-05-08 00:00:00+00:00, run_after=2026-05-09 00:00:00+00:00
[2026-05-08T08:40:26.931+0000] {processor.py:183} INFO - Processing /opt/airflow/dags/pipeline_dag.py took 0.180 seconds
[2026-05-08T08:40:57.162+0000] {processor.py:161} INFO - Started process (PID=12115) to work on /opt/airflow/dags/pipeline_dag.py
[2026-05-08T08:40:57.164+0000] {processor.py:830} INFO - Processing file /opt/airflow/dags/pipeline_dag.py for tasks to queue
[2026-05-08T08:40:57.166+0000] {logging_mixin.py:188} INFO - [2026-05-08T08:40:57.165+0000] {dagbag.py:545} INFO - Filling up the DagBag from /opt/airflow/dags/pipeline_dag.py
[2026-05-08T08:40:57.197+0000] {processor.py:840} INFO - DAG(s) 'ab_test_medallion_pipeline' retrieved from /opt/airflow/dags/pipeline_dag.py
[2026-05-08T08:40:57.248+0000] {logging_mixin.py:188} INFO - [2026-05-08T08:40:57.247+0000] {dag.py:3096} INFO - Sync 1 DAGs
[2026-05-08T08:40:57.286+0000] {logging_mixin.py:188} INFO - [2026-05-08T08:40:57.285+0000] {dag.py:3954} INFO - Setting next_dagrun for ab_test_medallion_pipeline to 2026-05-08 00:00:00+00:00, run_after=2026-05-09 00:00:00+00:00
[2026-05-08T08:40:57.320+0000] {processor.py:183} INFO - Processing /opt/airflow/dags/pipeline_dag.py took 0.188 seconds
[2026-05-08T08:41:28.124+0000] {processor.py:161} INFO - Started process (PID=12120) to work on /opt/airflow/dags/pipeline_dag.py
[2026-05-08T08:41:28.126+0000] {processor.py:830} INFO - Processing file /opt/airflow/dags/pipeline_dag.py for tasks to queue
[2026-05-08T08:41:28.128+0000] {logging_mixin.py:188} INFO - [2026-05-08T08:41:28.127+0000] {dagbag.py:545} INFO - Filling up the DagBag from /opt/airflow/dags/pipeline_dag.py
[2026-05-08T08:41:28.153+0000] {processor.py:840} INFO - DAG(s) 'ab_test_medallion_pipeline' retrieved from /opt/airflow/dags/pipeline_dag.py
[2026-05-08T08:41:28.202+0000] {logging_mixin.py:188} INFO - [2026-05-08T08:41:28.202+0000] {dag.py:3096} INFO - Sync 1 DAGs
[2026-05-08T08:41:28.246+0000] {logging_mixin.py:188} INFO - [2026-05-08T08:41:28.245+0000] {dag.py:3954} INFO - Setting next_dagrun for ab_test_medallion_pipeline to 2026-05-08 00:00:00+00:00, run_after=2026-05-09 00:00:00+00:00
[2026-05-08T08:41:28.279+0000] {processor.py:183} INFO - Processing /opt/airflow/dags/pipeline_dag.py took 0.169 seconds
[2026-05-08T08:41:59.011+0000] {processor.py:161} INFO - Started process (PID=12125) to work on /opt/airflow/dags/pipeline_dag.py
[2026-05-08T08:41:59.013+0000] {processor.py:830} INFO - Processing file /opt/airflow/dags/pipeline_dag.py for tasks to queue
[2026-05-08T08:41:59.015+0000] {logging_mixin.py:188} INFO - [2026-05-08T08:41:59.014+0000] {dagbag.py:545} INFO - Filling up the DagBag from /opt/airflow/dags/pipeline_dag.py
[2026-05-08T08:41:59.053+0000] {processor.py:840} INFO - DAG(s) 'ab_test_medallion_pipeline' retrieved from /opt/airflow/dags/pipeline_dag.py
[2026-05-08T08:41:59.125+0000] {logging_mixin.py:188} INFO - [2026-05-08T08:41:59.124+0000] {dag.py:3096} INFO - Sync 1 DAGs
[2026-05-08T08:41:59.165+0000] {logging_mixin.py:188} INFO - [2026-05-08T08:41:59.165+0000] {dag.py:3954} INFO - Setting next_dagrun for ab_test_medallion_pipeline to 2026-05-08 00:00:00+00:00, run_after=2026-05-09 00:00:00+00:00
[2026-05-08T08:41:59.195+0000] {processor.py:183} INFO - Processing /opt/airflow/dags/pipeline_dag.py took 0.205 seconds
[2026-05-08T08:42:30.093+0000] {processor.py:161} INFO - Started process (PID=12130) to work on /opt/airflow/dags/pipeline_dag.py
[2026-05-08T08:42:30.095+0000] {processor.py:830} INFO - Processing file /opt/airflow/dags/pipeline_dag.py for tasks to queue
[2026-05-08T08:42:30.098+0000] {logging_mixin.py:188} INFO - [2026-05-08T08:42:30.097+0000] {dagbag.py:545} INFO - Filling up the DagBag from /opt/airflow/dags/pipeline_dag.py
[2026-05-08T08:42:30.136+0000] {processor.py:840} INFO - DAG(s) 'ab_test_medallion_pipeline' retrieved from /opt/airflow/dags/pipeline_dag.py
[2026-05-08T08:42:30.213+0000] {logging_mixin.py:188} INFO - [2026-05-08T08:42:30.213+0000] {dag.py:3096} INFO - Sync 1 DAGs
[2026-05-08T08:42:30.275+0000] {logging_mixin.py:188} INFO - [2026-05-08T08:42:30.274+0000] {dag.py:3954} INFO - Setting next_dagrun for ab_test_medallion_pipeline to 2026-05-08 00:00:00+00:00, run_after=2026-05-09 00:00:00+00:00
[2026-05-08T08:42:30.342+0000] {processor.py:183} INFO - Processing /opt/airflow/dags/pipeline_dag.py took 0.268 seconds
[2026-05-08T08:43:00.561+0000] {processor.py:161} INFO - Started process (PID=12135) to work on /opt/airflow/dags/pipeline_dag.py
[2026-05-08T08:43:00.564+0000] {processor.py:830} INFO - Processing file /opt/airflow/dags/pipeline_dag.py for tasks to queue
[2026-05-08T08:43:00.566+0000] {logging_mixin.py:188} INFO - [2026-05-08T08:43:00.565+0000] {dagbag.py:545} INFO - Filling up the DagBag from /opt/airflow/dags/pipeline_dag.py
[2026-05-08T08:43:00.600+0000] {processor.py:840} INFO - DAG(s) 'ab_test_medallion_pipeline' retrieved from /opt/airflow/dags/pipeline_dag.py
[2026-05-08T08:43:00.680+0000] {logging_mixin.py:188} INFO - [2026-05-08T08:43:00.679+0000] {dag.py:3096} INFO - Sync 1 DAGs
[2026-05-08T08:43:00.753+0000] {logging_mixin.py:188} INFO - [2026-05-08T08:43:00.753+0000] {dag.py:3954} INFO - Setting next_dagrun for ab_test_medallion_pipeline to 2026-05-08 00:00:00+00:00, run_after=2026-05-09 00:00:00+00:00
[2026-05-08T08:43:00.814+0000] {processor.py:183} INFO - Processing /opt/airflow/dags/pipeline_dag.py took 0.272 seconds
[2026-05-08T08:43:31.668+0000] {processor.py:161} INFO - Started process (PID=12140) to work on /opt/airflow/dags/pipeline_dag.py
[2026-05-08T08:43:31.669+0000] {processor.py:830} INFO - Processing file /opt/airflow/dags/pipeline_dag.py for tasks to queue
[2026-05-08T08:43:31.671+0000] {logging_mixin.py:188} INFO - [2026-05-08T08:43:31.671+0000] {dagbag.py:545} INFO - Filling up the DagBag from /opt/airflow/dags/pipeline_dag.py
[2026-05-08T08:43:31.703+0000] {processor.py:840} INFO - DAG(s) 'ab_test_medallion_pipeline' retrieved from /opt/airflow/dags/pipeline_dag.py
[2026-05-08T08:43:31.762+0000] {logging_mixin.py:188} INFO - [2026-05-08T08:43:31.761+0000] {dag.py:3096} INFO - Sync 1 DAGs
[2026-05-08T08:43:31.801+0000] {logging_mixin.py:188} INFO - [2026-05-08T08:43:31.800+0000] {dag.py:3954} INFO - Setting next_dagrun for ab_test_medallion_pipeline to 2026-05-08 00:00:00+00:00, run_after=2026-05-09 00:00:00+00:00
[2026-05-08T08:43:31.837+0000] {processor.py:183} INFO - Processing /opt/airflow/dags/pipeline_dag.py took 0.215 seconds
[2026-05-08T08:44:02.042+0000] {processor.py:161} INFO - Started process (PID=12145) to work on /opt/airflow/dags/pipeline_dag.py
[2026-05-08T08:44:02.045+0000] {processor.py:830} INFO - Processing file /opt/airflow/dags/pipeline_dag.py for tasks to queue
[2026-05-08T08:44:02.048+0000] {logging_mixin.py:188} INFO - [2026-05-08T08:44:02.047+0000] {dagbag.py:545} INFO - Filling up the DagBag from /opt/airflow/dags/pipeline_dag.py
[2026-05-08T08:44:02.104+0000] {processor.py:840} INFO - DAG(s) 'ab_test_medallion_pipeline' retrieved from /opt/airflow/dags/pipeline_dag.py
[2026-05-08T08:44:02.165+0000] {logging_mixin.py:188} INFO - [2026-05-08T08:44:02.165+0000] {dag.py:3096} INFO - Sync 1 DAGs
[2026-05-08T08:44:02.210+0000] {logging_mixin.py:188} INFO - [2026-05-08T08:44:02.210+0000] {dag.py:3954} INFO - Setting next_dagrun for ab_test_medallion_pipeline to 2026-05-08 00:00:00+00:00, run_after=2026-05-09 00:00:00+00:00
[2026-05-08T08:44:02.243+0000] {processor.py:183} INFO - Processing /opt/airflow/dags/pipeline_dag.py took 0.220 seconds
[2026-05-08T08:44:32.577+0000] {processor.py:161} INFO - Started process (PID=12150) to work on /opt/airflow/dags/pipeline_dag.py
[2026-05-08T08:44:32.578+0000] {processor.py:830} INFO - Processing file /opt/airflow/dags/pipeline_dag.py for tasks to queue
[2026-05-08T08:44:32.580+0000] {logging_mixin.py:188} INFO - [2026-05-08T08:44:32.579+0000] {dagbag.py:545} INFO - Filling up the DagBag from /opt/airflow/dags/pipeline_dag.py
[2026-05-08T08:44:32.614+0000] {processor.py:840} INFO - DAG(s) 'ab_test_medallion_pipeline' retrieved from /opt/airflow/dags/pipeline_dag.py
[2026-05-08T08:44:32.679+0000] {logging_mixin.py:188} INFO - [2026-05-08T08:44:32.679+0000] {dag.py:3096} INFO - Sync 1 DAGs
[2026-05-08T08:44:32.717+0000] {logging_mixin.py:188} INFO - [2026-05-08T08:44:32.716+0000] {dag.py:3954} INFO - Setting next_dagrun for ab_test_medallion_pipeline to 2026-05-08 00:00:00+00:00, run_after=2026-05-09 00:00:00+00:00
[2026-05-08T08:44:32.749+0000] {processor.py:183} INFO - Processing /opt/airflow/dags/pipeline_dag.py took 0.189 seconds
[2026-05-08T08:45:03.040+0000] {processor.py:161} INFO - Started process (PID=12155) to work on /opt/airflow/dags/pipeline_dag.py
[2026-05-08T08:45:03.044+0000] {processor.py:830} INFO - Processing file /opt/airflow/dags/pipeline_dag.py for tasks to queue
[2026-05-08T08:45:03.046+0000] {logging_mixin.py:188} INFO - [2026-05-08T08:45:03.045+0000] {dagbag.py:545} INFO - Filling up the DagBag from /opt/airflow/dags/pipeline_dag.py
[2026-05-08T08:45:03.073+0000] {processor.py:840} INFO - DAG(s) 'ab_test_medallion_pipeline' retrieved from /opt/airflow/dags/pipeline_dag.py
[2026-05-08T08:45:03.130+0000] {logging_mixin.py:188} INFO - [2026-05-08T08:45:03.130+0000] {dag.py:3096} INFO - Sync 1 DAGs
[2026-05-08T08:45:03.169+0000] {logging_mixin.py:188} INFO - [2026-05-08T08:45:03.168+0000] {dag.py:3954} INFO - Setting next_dagrun for ab_test_medallion_pipeline to 2026-05-08 00:00:00+00:00, run_after=2026-05-09 00:00:00+00:00
[2026-05-08T08:45:03.208+0000] {processor.py:183} INFO - Processing /opt/airflow/dags/pipeline_dag.py took 0.183 seconds
[2026-05-08T08:45:33.461+0000] {processor.py:161} INFO - Started process (PID=12160) to work on /opt/airflow/dags/pipeline_dag.py
[2026-05-08T08:45:33.464+0000] {processor.py:830} INFO - Processing file /opt/airflow/dags/pipeline_dag.py for tasks to queue
[2026-05-08T08:45:33.473+0000] {logging_mixin.py:188} INFO - [2026-05-08T08:45:33.467+0000] {dagbag.py:545} INFO - Filling up the DagBag from /opt/airflow/dags/pipeline_dag.py
[2026-05-08T08:45:33.564+0000] {processor.py:840} INFO - DAG(s) 'ab_test_medallion_pipeline' retrieved from /opt/airflow/dags/pipeline_dag.py
[2026-05-08T08:45:33.650+0000] {logging_mixin.py:188} INFO - [2026-05-08T08:45:33.649+0000] {dag.py:3096} INFO - Sync 1 DAGs
[2026-05-08T08:45:33.709+0000] {logging_mixin.py:188} INFO - [2026-05-08T08:45:33.706+0000] {dag.py:3954} INFO - Setting next_dagrun for ab_test_medallion_pipeline to 2026-05-08 00:00:00+00:00, run_after=2026-05-09 00:00:00+00:00
[2026-05-08T08:45:33.779+0000] {processor.py:183} INFO - Processing /opt/airflow/dags/pipeline_dag.py took 0.346 seconds
[2026-05-08T08:46:04.112+0000] {processor.py:161} INFO - Started process (PID=12165) to work on /opt/airflow/dags/pipeline_dag.py
[2026-05-08T08:46:04.117+0000] {processor.py:830} INFO - Processing file /opt/airflow/dags/pipeline_dag.py for tasks to queue
[2026-05-08T08:46:04.120+0000] {logging_mixin.py:188} INFO - [2026-05-08T08:46:04.119+0000] {dagbag.py:545} INFO - Filling up the DagBag from /opt/airflow/dags/pipeline_dag.py
[2026-05-08T08:46:04.161+0000] {processor.py:840} INFO - DAG(s) 'ab_test_medallion_pipeline' retrieved from /opt/airflow/dags/pipeline_dag.py
[2026-05-08T08:46:04.216+0000] {logging_mixin.py:188} INFO - [2026-05-08T08:46:04.215+0000] {dag.py:3096} INFO - Sync 1 DAGs
[2026-05-08T08:46:04.257+0000] {logging_mixin.py:188} INFO - [2026-05-08T08:46:04.256+0000] {dag.py:3954} INFO - Setting next_dagrun for ab_test_medallion_pipeline to 2026-05-08 00:00:00+00:00, run_after=2026-05-09 00:00:00+00:00
[2026-05-08T08:46:04.292+0000] {processor.py:183} INFO - Processing /opt/airflow/dags/pipeline_dag.py took 0.200 seconds
[2026-05-08T08:46:34.436+0000] {processor.py:161} INFO - Started process (PID=12170) to work on /opt/airflow/dags/pipeline_dag.py
[2026-05-08T08:46:34.439+0000] {processor.py:830} INFO - Processing file /opt/airflow/dags/pipeline_dag.py for tasks to queue
[2026-05-08T08:46:34.442+0000] {logging_mixin.py:188} INFO - [2026-05-08T08:46:34.441+0000] {dagbag.py:545} INFO - Filling up the DagBag from /opt/airflow/dags/pipeline_dag.py
[2026-05-08T08:46:34.478+0000] {processor.py:840} INFO - DAG(s) 'ab_test_medallion_pipeline' retrieved from /opt/airflow/dags/pipeline_dag.py
[2026-05-08T08:46:34.538+0000] {logging_mixin.py:188} INFO - [2026-05-08T08:46:34.537+0000] {dag.py:3096} INFO - Sync 1 DAGs
[2026-05-08T08:46:34.582+0000] {logging_mixin.py:188} INFO - [2026-05-08T08:46:34.582+0000] {dag.py:3954} INFO - Setting next_dagrun for ab_test_medallion_pipeline to 2026-05-08 00:00:00+00:00, run_after=2026-05-09 00:00:00+00:00
[2026-05-08T08:46:34.623+0000] {processor.py:183} INFO - Processing /opt/airflow/dags/pipeline_dag.py took 0.212 seconds
[2026-05-08T08:47:04.918+0000] {processor.py:161} INFO - Started process (PID=12175) to work on /opt/airflow/dags/pipeline_dag.py
[2026-05-08T08:47:04.921+0000] {processor.py:830} INFO - Processing file /opt/airflow/dags/pipeline_dag.py for tasks to queue
[2026-05-08T08:47:04.922+0000] {logging_mixin.py:188} INFO - [2026-05-08T08:47:04.922+0000] {dagbag.py:545} INFO - Filling up the DagBag from /opt/airflow/dags/pipeline_dag.py
[2026-05-08T08:47:04.953+0000] {processor.py:840} INFO - DAG(s) 'ab_test_medallion_pipeline' retrieved from /opt/airflow/dags/pipeline_dag.py
[2026-05-08T08:47:05.014+0000] {logging_mixin.py:188} INFO - [2026-05-08T08:47:05.013+0000] {dag.py:3096} INFO - Sync 1 DAGs
[2026-05-08T08:47:05.054+0000] {logging_mixin.py:188} INFO - [2026-05-08T08:47:05.053+0000] {dag.py:3954} INFO - Setting next_dagrun for ab_test_medallion_pipeline to 2026-05-08 00:00:00+00:00, run_after=2026-05-09 00:00:00+00:00
[2026-05-08T08:47:05.090+0000] {processor.py:183} INFO - Processing /opt/airflow/dags/pipeline_dag.py took 0.188 seconds
[2026-05-08T08:47:35.307+0000] {processor.py:161} INFO - Started process (PID=12180) to work on /opt/airflow/dags/pipeline_dag.py
[2026-05-08T08:47:35.309+0000] {processor.py:830} INFO - Processing file /opt/airflow/dags/pipeline_dag.py for tasks to queue
[2026-05-08T08:47:35.312+0000] {logging_mixin.py:188} INFO - [2026-05-08T08:47:35.311+0000] {dagbag.py:545} INFO - Filling up the DagBag from /opt/airflow/dags/pipeline_dag.py
[2026-05-08T08:47:35.351+0000] {processor.py:840} INFO - DAG(s) 'ab_test_medallion_pipeline' retrieved from /opt/airflow/dags/pipeline_dag.py
[2026-05-08T08:47:35.413+0000] {logging_mixin.py:188} INFO - [2026-05-08T08:47:35.412+0000] {dag.py:3096} INFO - Sync 1 DAGs
[2026-05-08T08:47:35.455+0000] {logging_mixin.py:188} INFO - [2026-05-08T08:47:35.454+0000] {dag.py:3954} INFO - Setting next_dagrun for ab_test_medallion_pipeline to 2026-05-08 00:00:00+00:00, run_after=2026-05-09 00:00:00+00:00
[2026-05-08T08:47:35.496+0000] {processor.py:183} INFO - Processing /opt/airflow/dags/pipeline_dag.py took 0.206 seconds
[2026-05-08T08:48:05.794+0000] {processor.py:161} INFO - Started process (PID=12185) to work on /opt/airflow/dags/pipeline_dag.py
[2026-05-08T08:48:05.798+0000] {processor.py:830} INFO - Processing file /opt/airflow/dags/pipeline_dag.py for tasks to queue
[2026-05-08T08:48:05.800+0000] {logging_mixin.py:188} INFO - [2026-05-08T08:48:05.800+0000] {dagbag.py:545} INFO - Filling up the DagBag from /opt/airflow/dags/pipeline_dag.py
[2026-05-08T08:48:05.831+0000] {processor.py:840} INFO - DAG(s) 'ab_test_medallion_pipeline' retrieved from /opt/airflow/dags/pipeline_dag.py
[2026-05-08T08:48:05.888+0000] {logging_mixin.py:188} INFO - [2026-05-08T08:48:05.888+0000] {dag.py:3096} INFO - Sync 1 DAGs
[2026-05-08T08:48:05.929+0000] {logging_mixin.py:188} INFO - [2026-05-08T08:48:05.929+0000] {dag.py:3954} INFO - Setting next_dagrun for ab_test_medallion_pipeline to 2026-05-08 00:00:00+00:00, run_after=2026-05-09 00:00:00+00:00
[2026-05-08T08:48:05.970+0000] {processor.py:183} INFO - Processing /opt/airflow/dags/pipeline_dag.py took 0.192 seconds
[2026-05-08T08:48:36.286+0000] {processor.py:161} INFO - Started process (PID=12190) to work on /opt/airflow/dags/pipeline_dag.py
[2026-05-08T08:48:36.288+0000] {processor.py:830} INFO - Processing file /opt/airflow/dags/pipeline_dag.py for tasks to queue
[2026-05-08T08:48:36.290+0000] {logging_mixin.py:188} INFO - [2026-05-08T08:48:36.289+0000] {dagbag.py:545} INFO - Filling up the DagBag from /opt/airflow/dags/pipeline_dag.py
[2026-05-08T08:48:36.331+0000] {processor.py:840} INFO - DAG(s) 'ab_test_medallion_pipeline' retrieved from /opt/airflow/dags/pipeline_dag.py
[2026-05-08T08:48:36.398+0000] {logging_mixin.py:188} INFO - [2026-05-08T08:48:36.398+0000] {dag.py:3096} INFO - Sync 1 DAGs
[2026-05-08T08:48:36.436+0000] {logging_mixin.py:188} INFO - [2026-05-08T08:48:36.436+0000] {dag.py:3954} INFO - Setting next_dagrun for ab_test_medallion_pipeline to 2026-05-08 00:00:00+00:00, run_after=2026-05-09 00:00:00+00:00
[2026-05-08T08:48:36.472+0000] {processor.py:183} INFO - Processing /opt/airflow/dags/pipeline_dag.py took 0.204 seconds
[2026-05-08T08:49:06.656+0000] {processor.py:161} INFO - Started process (PID=12195) to work on /opt/airflow/dags/pipeline_dag.py
[2026-05-08T08:49:06.658+0000] {processor.py:830} INFO - Processing file /opt/airflow/dags/pipeline_dag.py for tasks to queue
[2026-05-08T08:49:06.659+0000] {logging_mixin.py:188} INFO - [2026-05-08T08:49:06.659+0000] {dagbag.py:545} INFO - Filling up the DagBag from /opt/airflow/dags/pipeline_dag.py
[2026-05-08T08:49:06.685+0000] {processor.py:840} INFO - DAG(s) 'ab_test_medallion_pipeline' retrieved from /opt/airflow/dags/pipeline_dag.py
[2026-05-08T08:49:06.735+0000] {logging_mixin.py:188} INFO - [2026-05-08T08:49:06.735+0000] {dag.py:3096} INFO - Sync 1 DAGs
[2026-05-08T08:49:06.782+0000] {logging_mixin.py:188} INFO - [2026-05-08T08:49:06.782+0000] {dag.py:3954} INFO - Setting next_dagrun for ab_test_medallion_pipeline to 2026-05-08 00:00:00+00:00, run_after=2026-05-09 00:00:00+00:00
[2026-05-08T08:49:06.814+0000] {processor.py:183} INFO - Processing /opt/airflow/dags/pipeline_dag.py took 0.177 seconds
[2026-05-08T08:49:37.116+0000] {processor.py:161} INFO - Started process (PID=12200) to work on /opt/airflow/dags/pipeline_dag.py
[2026-05-08T08:49:37.121+0000] {processor.py:830} INFO - Processing file /opt/airflow/dags/pipeline_dag.py for tasks to queue
[2026-05-08T08:49:37.123+0000] {logging_mixin.py:188} INFO - [2026-05-08T08:49:37.122+0000] {dagbag.py:545} INFO - Filling up the DagBag from /opt/airflow/dags/pipeline_dag.py
[2026-05-08T08:49:37.151+0000] {processor.py:840} INFO - DAG(s) 'ab_test_medallion_pipeline' retrieved from /opt/airflow/dags/pipeline_dag.py
[2026-05-08T08:49:37.198+0000] {logging_mixin.py:188} INFO - [2026-05-08T08:49:37.198+0000] {dag.py:3096} INFO - Sync 1 DAGs
[2026-05-08T08:49:37.239+0000] {logging_mixin.py:188} INFO - [2026-05-08T08:49:37.239+0000] {dag.py:3954} INFO - Setting next_dagrun for ab_test_medallion_pipeline to 2026-05-08 00:00:00+00:00, run_after=2026-05-09 00:00:00+00:00
[2026-05-08T08:49:37.276+0000] {processor.py:183} INFO - Processing /opt/airflow/dags/pipeline_dag.py took 0.187 seconds
[2026-05-08T08:50:07.673+0000] {processor.py:161} INFO - Started process (PID=12205) to work on /opt/airflow/dags/pipeline_dag.py
[2026-05-08T08:50:07.675+0000] {processor.py:830} INFO - Processing file /opt/airflow/dags/pipeline_dag.py for tasks to queue
[2026-05-08T08:50:07.678+0000] {logging_mixin.py:188} INFO - [2026-05-08T08:50:07.677+0000] {dagbag.py:545} INFO - Filling up the DagBag from /opt/airflow/dags/pipeline_dag.py
[2026-05-08T08:50:07.822+0000] {processor.py:840} INFO - DAG(s) 'ab_test_medallion_pipeline' retrieved from /opt/airflow/dags/pipeline_dag.py
[2026-05-08T08:50:08.130+0000] {logging_mixin.py:188} INFO - [2026-05-08T08:50:08.130+0000] {dag.py:3096} INFO - Sync 1 DAGs
[2026-05-08T08:50:08.225+0000] {logging_mixin.py:188} INFO - [2026-05-08T08:50:08.224+0000] {dag.py:3954} INFO - Setting next_dagrun for ab_test_medallion_pipeline to 2026-05-08 00:00:00+00:00, run_after=2026-05-09 00:00:00+00:00
[2026-05-08T08:50:08.327+0000] {processor.py:183} INFO - Processing /opt/airflow/dags/pipeline_dag.py took 0.705 seconds
[2026-05-08T08:50:38.425+0000] {processor.py:161} INFO - Started process (PID=12210) to work on /opt/airflow/dags/pipeline_dag.py
[2026-05-08T08:50:38.431+0000] {processor.py:830} INFO - Processing file /opt/airflow/dags/pipeline_dag.py for tasks to queue
[2026-05-08T08:50:38.438+0000] {logging_mixin.py:188} INFO - [2026-05-08T08:50:38.435+0000] {dagbag.py:545} INFO - Filling up the DagBag from /opt/airflow/dags/pipeline_dag.py
[2026-05-08T08:50:38.527+0000] {processor.py:840} INFO - DAG(s) 'ab_test_medallion_pipeline' retrieved from /opt/airflow/dags/pipeline_dag.py
[2026-05-08T08:50:38.719+0000] {logging_mixin.py:188} INFO - [2026-05-08T08:50:38.719+0000] {dag.py:3096} INFO - Sync 1 DAGs
[2026-05-08T08:50:38.883+0000] {logging_mixin.py:188} INFO - [2026-05-08T08:50:38.882+0000] {dag.py:3954} INFO - Setting next_dagrun for ab_test_medallion_pipeline to 2026-05-08 00:00:00+00:00, run_after=2026-05-09 00:00:00+00:00
[2026-05-08T08:50:38.937+0000] {processor.py:183} INFO - Processing /opt/airflow/dags/pipeline_dag.py took 0.543 seconds
[2026-05-08T08:51:09.336+0000] {processor.py:161} INFO - Started process (PID=12215) to work on /opt/airflow/dags/pipeline_dag.py
[2026-05-08T08:51:09.339+0000] {processor.py:830} INFO - Processing file /opt/airflow/dags/pipeline_dag.py for tasks to queue
[2026-05-08T08:51:09.346+0000] {logging_mixin.py:188} INFO - [2026-05-08T08:51:09.345+0000] {dagbag.py:545} INFO - Filling up the DagBag from /opt/airflow/dags/pipeline_dag.py
[2026-05-08T08:51:09.463+0000] {processor.py:840} INFO - DAG(s) 'ab_test_medallion_pipeline' retrieved from /opt/airflow/dags/pipeline_dag.py
[2026-05-08T08:51:09.702+0000] {logging_mixin.py:188} INFO - [2026-05-08T08:51:09.701+0000] {dag.py:3096} INFO - Sync 1 DAGs
[2026-05-08T08:51:10.019+0000] {logging_mixin.py:188} INFO - [2026-05-08T08:51:10.019+0000] {dag.py:3954} INFO - Setting next_dagrun for ab_test_medallion_pipeline to 2026-05-08 00:00:00+00:00, run_after=2026-05-09 00:00:00+00:00
[2026-05-08T08:51:10.399+0000] {processor.py:183} INFO - Processing /opt/airflow/dags/pipeline_dag.py took 1.106 seconds
[2026-05-08T08:51:40.804+0000] {processor.py:161} INFO - Started process (PID=12220) to work on /opt/airflow/dags/pipeline_dag.py
[2026-05-08T08:51:40.807+0000] {processor.py:830} INFO - Processing file /opt/airflow/dags/pipeline_dag.py for tasks to queue
[2026-05-08T08:51:40.810+0000] {logging_mixin.py:188} INFO - [2026-05-08T08:51:40.808+0000] {dagbag.py:545} INFO - Filling up the DagBag from /opt/airflow/dags/pipeline_dag.py
[2026-05-08T08:51:40.877+0000] {processor.py:840} INFO - DAG(s) 'ab_test_medallion_pipeline' retrieved from /opt/airflow/dags/pipeline_dag.py
[2026-05-08T08:51:41.000+0000] {logging_mixin.py:188} INFO - [2026-05-08T08:51:40.999+0000] {dag.py:3096} INFO - Sync 1 DAGs
[2026-05-08T08:51:41.170+0000] {logging_mixin.py:188} INFO - [2026-05-08T08:51:41.169+0000] {dag.py:3954} INFO - Setting next_dagrun for ab_test_medallion_pipeline to 2026-05-08 00:00:00+00:00, run_after=2026-05-09 00:00:00+00:00
[2026-05-08T08:51:41.304+0000] {processor.py:183} INFO - Processing /opt/airflow/dags/pipeline_dag.py took 0.543 seconds
[2026-05-08T08:52:11.616+0000] {processor.py:161} INFO - Started process (PID=12225) to work on /opt/airflow/dags/pipeline_dag.py
[2026-05-08T08:52:11.621+0000] {processor.py:830} INFO - Processing file /opt/airflow/dags/pipeline_dag.py for tasks to queue
[2026-05-08T08:52:11.623+0000] {logging_mixin.py:188} INFO - [2026-05-08T08:52:11.622+0000] {dagbag.py:545} INFO - Filling up the DagBag from /opt/airflow/dags/pipeline_dag.py
[2026-05-08T08:52:11.657+0000] {processor.py:840} INFO - DAG(s) 'ab_test_medallion_pipeline' retrieved from /opt/airflow/dags/pipeline_dag.py
[2026-05-08T08:52:11.767+0000] {logging_mixin.py:188} INFO - [2026-05-08T08:52:11.765+0000] {dag.py:3096} INFO - Sync 1 DAGs
[2026-05-08T08:52:11.850+0000] {logging_mixin.py:188} INFO - [2026-05-08T08:52:11.849+0000] {dag.py:3954} INFO - Setting next_dagrun for ab_test_medallion_pipeline to 2026-05-08 00:00:00+00:00, run_after=2026-05-09 00:00:00+00:00
[2026-05-08T08:52:11.882+0000] {processor.py:183} INFO - Processing /opt/airflow/dags/pipeline_dag.py took 0.289 seconds
[2026-05-08T08:52:42.213+0000] {processor.py:161} INFO - Started process (PID=12230) to work on /opt/airflow/dags/pipeline_dag.py
[2026-05-08T08:52:42.216+0000] {processor.py:830} INFO - Processing file /opt/airflow/dags/pipeline_dag.py for tasks to queue
[2026-05-08T08:52:42.218+0000] {logging_mixin.py:188} INFO - [2026-05-08T08:52:42.217+0000] {dagbag.py:545} INFO - Filling up the DagBag from /opt/airflow/dags/pipeline_dag.py
[2026-05-08T08:52:42.274+0000] {processor.py:840} INFO - DAG(s) 'ab_test_medallion_pipeline' retrieved from /opt/airflow/dags/pipeline_dag.py
[2026-05-08T08:52:42.328+0000] {logging_mixin.py:188} INFO - [2026-05-08T08:52:42.328+0000] {dag.py:3096} INFO - Sync 1 DAGs
[2026-05-08T08:52:42.371+0000] {logging_mixin.py:188} INFO - [2026-05-08T08:52:42.371+0000] {dag.py:3954} INFO - Setting next_dagrun for ab_test_medallion_pipeline to 2026-05-08 00:00:00+00:00, run_after=2026-05-09 00:00:00+00:00
[2026-05-08T08:52:42.426+0000] {processor.py:183} INFO - Processing /opt/airflow/dags/pipeline_dag.py took 0.233 seconds
[2026-05-08T08:53:12.542+0000] {processor.py:161} INFO - Started process (PID=12235) to work on /opt/airflow/dags/pipeline_dag.py
[2026-05-08T08:53:12.547+0000] {processor.py:830} INFO - Processing file /opt/airflow/dags/pipeline_dag.py for tasks to queue
[2026-05-08T08:53:12.549+0000] {logging_mixin.py:188} INFO - [2026-05-08T08:53:12.548+0000] {dagbag.py:545} INFO - Filling up the DagBag from /opt/airflow/dags/pipeline_dag.py
[2026-05-08T08:53:12.579+0000] {processor.py:840} INFO - DAG(s) 'ab_test_medallion_pipeline' retrieved from /opt/airflow/dags/pipeline_dag.py
[2026-05-08T08:53:12.650+0000] {logging_mixin.py:188} INFO - [2026-05-08T08:53:12.649+0000] {dag.py:3096} INFO - Sync 1 DAGs
[2026-05-08T08:53:12.691+0000] {logging_mixin.py:188} INFO - [2026-05-08T08:53:12.691+0000] {dag.py:3954} INFO - Setting next_dagrun for ab_test_medallion_pipeline to 2026-05-08 00:00:00+00:00, run_after=2026-05-09 00:00:00+00:00
[2026-05-08T08:53:12.725+0000] {processor.py:183} INFO - Processing /opt/airflow/dags/pipeline_dag.py took 0.203 seconds
[2026-05-08T08:53:43.026+0000] {processor.py:161} INFO - Started process (PID=12240) to work on /opt/airflow/dags/pipeline_dag.py
[2026-05-08T08:53:43.028+0000] {processor.py:830} INFO - Processing file /opt/airflow/dags/pipeline_dag.py for tasks to queue
[2026-05-08T08:53:43.029+0000] {logging_mixin.py:188} INFO - [2026-05-08T08:53:43.029+0000] {dagbag.py:545} INFO - Filling up the DagBag from /opt/airflow/dags/pipeline_dag.py
[2026-05-08T08:53:43.055+0000] {processor.py:840} INFO - DAG(s) 'ab_test_medallion_pipeline' retrieved from /opt/airflow/dags/pipeline_dag.py
[2026-05-08T08:53:43.101+0000] {logging_mixin.py:188} INFO - [2026-05-08T08:53:43.101+0000] {dag.py:3096} INFO - Sync 1 DAGs
[2026-05-08T08:53:43.141+0000] {logging_mixin.py:188} INFO - [2026-05-08T08:53:43.140+0000] {dag.py:3954} INFO - Setting next_dagrun for ab_test_medallion_pipeline to 2026-05-08 00:00:00+00:00, run_after=2026-05-09 00:00:00+00:00
[2026-05-08T08:53:43.193+0000] {processor.py:183} INFO - Processing /opt/airflow/dags/pipeline_dag.py took 0.179 seconds
[2026-05-08T08:54:13.367+0000] {processor.py:161} INFO - Started process (PID=12245) to work on /opt/airflow/dags/pipeline_dag.py
[2026-05-08T08:54:13.371+0000] {processor.py:830} INFO - Processing file /opt/airflow/dags/pipeline_dag.py for tasks to queue
[2026-05-08T08:54:13.374+0000] {logging_mixin.py:188} INFO - [2026-05-08T08:54:13.373+0000] {dagbag.py:545} INFO - Filling up the DagBag from /opt/airflow/dags/pipeline_dag.py
[2026-05-08T08:54:13.414+0000] {processor.py:840} INFO - DAG(s) 'ab_test_medallion_pipeline' retrieved from /opt/airflow/dags/pipeline_dag.py
[2026-05-08T08:54:13.485+0000] {logging_mixin.py:188} INFO - [2026-05-08T08:54:13.484+0000] {dag.py:3096} INFO - Sync 1 DAGs
[2026-05-08T08:54:13.528+0000] {logging_mixin.py:188} INFO - [2026-05-08T08:54:13.527+0000] {dag.py:3954} INFO - Setting next_dagrun for ab_test_medallion_pipeline to 2026-05-08 00:00:00+00:00, run_after=2026-05-09 00:00:00+00:00
[2026-05-08T08:54:13.561+0000] {processor.py:183} INFO - Processing /opt/airflow/dags/pipeline_dag.py took 0.213 seconds
[2026-05-08T08:54:43.869+0000] {processor.py:161} INFO - Started process (PID=12250) to work on /opt/airflow/dags/pipeline_dag.py
[2026-05-08T08:54:43.873+0000] {processor.py:830} INFO - Processing file /opt/airflow/dags/pipeline_dag.py for tasks to queue
[2026-05-08T08:54:43.876+0000] {logging_mixin.py:188} INFO - [2026-05-08T08:54:43.874+0000] {dagbag.py:545} INFO - Filling up the DagBag from /opt/airflow/dags/pipeline_dag.py
[2026-05-08T08:54:43.904+0000] {processor.py:840} INFO - DAG(s) 'ab_test_medallion_pipeline' retrieved from /opt/airflow/dags/pipeline_dag.py
[2026-05-08T08:54:43.956+0000] {logging_mixin.py:188} INFO - [2026-05-08T08:54:43.956+0000] {dag.py:3096} INFO - Sync 1 DAGs
[2026-05-08T08:54:44.051+0000] {logging_mixin.py:188} INFO - [2026-05-08T08:54:44.050+0000] {dag.py:3954} INFO - Setting next_dagrun for ab_test_medallion_pipeline to 2026-05-08 00:00:00+00:00, run_after=2026-05-09 00:00:00+00:00
[2026-05-08T08:54:44.113+0000] {processor.py:183} INFO - Processing /opt/airflow/dags/pipeline_dag.py took 0.266 seconds
[2026-05-08T08:55:14.452+0000] {processor.py:161} INFO - Started process (PID=12255) to work on /opt/airflow/dags/pipeline_dag.py
[2026-05-08T08:55:14.454+0000] {processor.py:830} INFO - Processing file /opt/airflow/dags/pipeline_dag.py for tasks to queue
[2026-05-08T08:55:14.457+0000] {logging_mixin.py:188} INFO - [2026-05-08T08:55:14.456+0000] {dagbag.py:545} INFO - Filling up the DagBag from /opt/airflow/dags/pipeline_dag.py
[2026-05-08T08:55:14.499+0000] {processor.py:840} INFO - DAG(s) 'ab_test_medallion_pipeline' retrieved from /opt/airflow/dags/pipeline_dag.py
[2026-05-08T08:55:14.568+0000] {logging_mixin.py:188} INFO - [2026-05-08T08:55:14.568+0000] {dag.py:3096} INFO - Sync 1 DAGs
[2026-05-08T08:55:14.621+0000] {logging_mixin.py:188} INFO - [2026-05-08T08:55:14.620+0000] {dag.py:3954} INFO - Setting next_dagrun for ab_test_medallion_pipeline to 2026-05-08 00:00:00+00:00, run_after=2026-05-09 00:00:00+00:00
[2026-05-08T08:55:14.665+0000] {processor.py:183} INFO - Processing /opt/airflow/dags/pipeline_dag.py took 0.229 seconds
[2026-05-08T08:55:44.988+0000] {processor.py:161} INFO - Started process (PID=12260) to work on /opt/airflow/dags/pipeline_dag.py
[2026-05-08T08:55:44.993+0000] {processor.py:830} INFO - Processing file /opt/airflow/dags/pipeline_dag.py for tasks to queue
[2026-05-08T08:55:44.995+0000] {logging_mixin.py:188} INFO - [2026-05-08T08:55:44.994+0000] {dagbag.py:545} INFO - Filling up the DagBag from /opt/airflow/dags/pipeline_dag.py
[2026-05-08T08:55:45.030+0000] {processor.py:840} INFO - DAG(s) 'ab_test_medallion_pipeline' retrieved from /opt/airflow/dags/pipeline_dag.py
[2026-05-08T08:55:45.096+0000] {logging_mixin.py:188} INFO - [2026-05-08T08:55:45.096+0000] {dag.py:3096} INFO - Sync 1 DAGs
[2026-05-08T08:55:45.156+0000] {logging_mixin.py:188} INFO - [2026-05-08T08:55:45.155+0000] {dag.py:3954} INFO - Setting next_dagrun for ab_test_medallion_pipeline to 2026-05-08 00:00:00+00:00, run_after=2026-05-09 00:00:00+00:00
[2026-05-08T08:55:45.201+0000] {processor.py:183} INFO - Processing /opt/airflow/dags/pipeline_dag.py took 0.233 seconds
[2026-05-08T08:56:15.310+0000] {processor.py:161} INFO - Started process (PID=12265) to work on /opt/airflow/dags/pipeline_dag.py
[2026-05-08T08:56:15.312+0000] {processor.py:830} INFO - Processing file /opt/airflow/dags/pipeline_dag.py for tasks to queue
[2026-05-08T08:56:15.314+0000] {logging_mixin.py:188} INFO - [2026-05-08T08:56:15.313+0000] {dagbag.py:545} INFO - Filling up the DagBag from /opt/airflow/dags/pipeline_dag.py
[2026-05-08T08:56:15.345+0000] {processor.py:840} INFO - DAG(s) 'ab_test_medallion_pipeline' retrieved from /opt/airflow/dags/pipeline_dag.py
[2026-05-08T08:56:15.401+0000] {logging_mixin.py:188} INFO - [2026-05-08T08:56:15.400+0000] {dag.py:3096} INFO - Sync 1 DAGs
[2026-05-08T08:56:15.441+0000] {logging_mixin.py:188} INFO - [2026-05-08T08:56:15.440+0000] {dag.py:3954} INFO - Setting next_dagrun for ab_test_medallion_pipeline to 2026-05-08 00:00:00+00:00, run_after=2026-05-09 00:00:00+00:00
[2026-05-08T08:56:15.470+0000] {processor.py:183} INFO - Processing /opt/airflow/dags/pipeline_dag.py took 0.175 seconds
[2026-05-08T08:56:45.828+0000] {processor.py:161} INFO - Started process (PID=12270) to work on /opt/airflow/dags/pipeline_dag.py
[2026-05-08T08:56:45.832+0000] {processor.py:830} INFO - Processing file /opt/airflow/dags/pipeline_dag.py for tasks to queue
[2026-05-08T08:56:45.833+0000] {logging_mixin.py:188} INFO - [2026-05-08T08:56:45.832+0000] {dagbag.py:545} INFO - Filling up the DagBag from /opt/airflow/dags/pipeline_dag.py
[2026-05-08T08:56:45.865+0000] {processor.py:840} INFO - DAG(s) 'ab_test_medallion_pipeline' retrieved from /opt/airflow/dags/pipeline_dag.py
[2026-05-08T08:56:45.953+0000] {logging_mixin.py:188} INFO - [2026-05-08T08:56:45.953+0000] {dag.py:3096} INFO - Sync 1 DAGs
[2026-05-08T08:56:46.012+0000] {logging_mixin.py:188} INFO - [2026-05-08T08:56:46.012+0000] {dag.py:3954} INFO - Setting next_dagrun for ab_test_medallion_pipeline to 2026-05-08 00:00:00+00:00, run_after=2026-05-09 00:00:00+00:00
[2026-05-08T08:56:46.053+0000] {processor.py:183} INFO - Processing /opt/airflow/dags/pipeline_dag.py took 0.237 seconds
[2026-05-08T08:57:16.335+0000] {processor.py:161} INFO - Started process (PID=12275) to work on /opt/airflow/dags/pipeline_dag.py
[2026-05-08T08:57:16.336+0000] {processor.py:830} INFO - Processing file /opt/airflow/dags/pipeline_dag.py for tasks to queue
[2026-05-08T08:57:16.338+0000] {logging_mixin.py:188} INFO - [2026-05-08T08:57:16.337+0000] {dagbag.py:545} INFO - Filling up the DagBag from /opt/airflow/dags/pipeline_dag.py
[2026-05-08T08:57:16.380+0000] {processor.py:840} INFO - DAG(s) 'ab_test_medallion_pipeline' retrieved from /opt/airflow/dags/pipeline_dag.py
[2026-05-08T08:57:16.448+0000] {logging_mixin.py:188} INFO - [2026-05-08T08:57:16.448+0000] {dag.py:3096} INFO - Sync 1 DAGs
[2026-05-08T08:57:16.507+0000] {logging_mixin.py:188} INFO - [2026-05-08T08:57:16.507+0000] {dag.py:3954} INFO - Setting next_dagrun for ab_test_medallion_pipeline to 2026-05-08 00:00:00+00:00, run_after=2026-05-09 00:00:00+00:00
[2026-05-08T08:57:16.554+0000] {processor.py:183} INFO - Processing /opt/airflow/dags/pipeline_dag.py took 0.233 seconds
[2026-05-08T08:57:46.916+0000] {processor.py:161} INFO - Started process (PID=12280) to work on /opt/airflow/dags/pipeline_dag.py
[2026-05-08T08:57:46.921+0000] {processor.py:830} INFO - Processing file /opt/airflow/dags/pipeline_dag.py for tasks to queue
[2026-05-08T08:57:46.923+0000] {logging_mixin.py:188} INFO - [2026-05-08T08:57:46.922+0000] {dagbag.py:545} INFO - Filling up the DagBag from /opt/airflow/dags/pipeline_dag.py
[2026-05-08T08:57:46.950+0000] {processor.py:840} INFO - DAG(s) 'ab_test_medallion_pipeline' retrieved from /opt/airflow/dags/pipeline_dag.py
[2026-05-08T08:57:47.001+0000] {logging_mixin.py:188} INFO - [2026-05-08T08:57:47.000+0000] {dag.py:3096} INFO - Sync 1 DAGs
[2026-05-08T08:57:47.039+0000] {logging_mixin.py:188} INFO - [2026-05-08T08:57:47.039+0000] {dag.py:3954} INFO - Setting next_dagrun for ab_test_medallion_pipeline to 2026-05-08 00:00:00+00:00, run_after=2026-05-09 00:00:00+00:00
[2026-05-08T08:57:47.082+0000] {processor.py:183} INFO - Processing /opt/airflow/dags/pipeline_dag.py took 0.179 seconds
[2026-05-08T08:58:17.241+0000] {processor.py:161} INFO - Started process (PID=12285) to work on /opt/airflow/dags/pipeline_dag.py
[2026-05-08T08:58:17.253+0000] {processor.py:830} INFO - Processing file /opt/airflow/dags/pipeline_dag.py for tasks to queue
[2026-05-08T08:58:17.259+0000] {logging_mixin.py:188} INFO - [2026-05-08T08:58:17.256+0000] {dagbag.py:545} INFO - Filling up the DagBag from /opt/airflow/dags/pipeline_dag.py
[2026-05-08T08:58:17.330+0000] {processor.py:840} INFO - DAG(s) 'ab_test_medallion_pipeline' retrieved from /opt/airflow/dags/pipeline_dag.py
[2026-05-08T08:58:17.436+0000] {logging_mixin.py:188} INFO - [2026-05-08T08:58:17.436+0000] {dag.py:3096} INFO - Sync 1 DAGs
[2026-05-08T08:58:17.544+0000] {logging_mixin.py:188} INFO - [2026-05-08T08:58:17.543+0000] {dag.py:3954} INFO - Setting next_dagrun for ab_test_medallion_pipeline to 2026-05-08 00:00:00+00:00, run_after=2026-05-09 00:00:00+00:00
[2026-05-08T08:58:17.617+0000] {processor.py:183} INFO - Processing /opt/airflow/dags/pipeline_dag.py took 0.403 seconds
[2026-05-08T08:58:47.809+0000] {processor.py:161} INFO - Started process (PID=12290) to work on /opt/airflow/dags/pipeline_dag.py
[2026-05-08T08:58:47.812+0000] {processor.py:830} INFO - Processing file /opt/airflow/dags/pipeline_dag.py for tasks to queue
[2026-05-08T08:58:47.814+0000] {logging_mixin.py:188} INFO - [2026-05-08T08:58:47.813+0000] {dagbag.py:545} INFO - Filling up the DagBag from /opt/airflow/dags/pipeline_dag.py
[2026-05-08T08:58:47.854+0000] {processor.py:840} INFO - DAG(s) 'ab_test_medallion_pipeline' retrieved from /opt/airflow/dags/pipeline_dag.py
[2026-05-08T08:58:47.941+0000] {logging_mixin.py:188} INFO - [2026-05-08T08:58:47.941+0000] {dag.py:3096} INFO - Sync 1 DAGs
[2026-05-08T08:58:47.984+0000] {logging_mixin.py:188} INFO - [2026-05-08T08:58:47.984+0000] {dag.py:3954} INFO - Setting next_dagrun for ab_test_medallion_pipeline to 2026-05-08 00:00:00+00:00, run_after=2026-05-09 00:00:00+00:00
[2026-05-08T08:58:48.015+0000] {processor.py:183} INFO - Processing /opt/airflow/dags/pipeline_dag.py took 0.229 seconds
[2026-05-08T08:59:18.242+0000] {processor.py:161} INFO - Started process (PID=12295) to work on /opt/airflow/dags/pipeline_dag.py
[2026-05-08T08:59:18.246+0000] {processor.py:830} INFO - Processing file /opt/airflow/dags/pipeline_dag.py for tasks to queue
[2026-05-08T08:59:18.250+0000] {logging_mixin.py:188} INFO - [2026-05-08T08:59:18.249+0000] {dagbag.py:545} INFO - Filling up the DagBag from /opt/airflow/dags/pipeline_dag.py
[2026-05-08T08:59:18.304+0000] {processor.py:840} INFO - DAG(s) 'ab_test_medallion_pipeline' retrieved from /opt/airflow/dags/pipeline_dag.py
[2026-05-08T08:59:18.400+0000] {logging_mixin.py:188} INFO - [2026-05-08T08:59:18.399+0000] {dag.py:3096} INFO - Sync 1 DAGs
[2026-05-08T08:59:18.446+0000] {logging_mixin.py:188} INFO - [2026-05-08T08:59:18.445+0000] {dag.py:3954} INFO - Setting next_dagrun for ab_test_medallion_pipeline to 2026-05-08 00:00:00+00:00, run_after=2026-05-09 00:00:00+00:00
[2026-05-08T08:59:18.482+0000] {processor.py:183} INFO - Processing /opt/airflow/dags/pipeline_dag.py took 0.266 seconds
[2026-05-08T08:59:49.396+0000] {processor.py:161} INFO - Started process (PID=12300) to work on /opt/airflow/dags/pipeline_dag.py
[2026-05-08T08:59:49.490+0000] {processor.py:830} INFO - Processing file /opt/airflow/dags/pipeline_dag.py for tasks to queue
[2026-05-08T08:59:49.589+0000] {logging_mixin.py:188} INFO - [2026-05-08T08:59:49.543+0000] {dagbag.py:545} INFO - Filling up the DagBag from /opt/airflow/dags/pipeline_dag.py
[2026-05-08T08:59:50.132+0000] {processor.py:840} INFO - DAG(s) 'ab_test_medallion_pipeline' retrieved from /opt/airflow/dags/pipeline_dag.py
[2026-05-08T08:59:50.634+0000] {logging_mixin.py:188} INFO - [2026-05-08T08:59:50.634+0000] {dag.py:3096} INFO - Sync 1 DAGs
[2026-05-08T08:59:50.999+0000] {logging_mixin.py:188} INFO - [2026-05-08T08:59:50.996+0000] {dag.py:3954} INFO - Setting next_dagrun for ab_test_medallion_pipeline to 2026-05-08 00:00:00+00:00, run_after=2026-05-09 00:00:00+00:00
[2026-05-08T08:59:51.240+0000] {processor.py:183} INFO - Processing /opt/airflow/dags/pipeline_dag.py took 2.159 seconds
[2026-05-08T09:00:21.927+0000] {processor.py:161} INFO - Started process (PID=12305) to work on /opt/airflow/dags/pipeline_dag.py
[2026-05-08T09:00:21.930+0000] {processor.py:830} INFO - Processing file /opt/airflow/dags/pipeline_dag.py for tasks to queue
[2026-05-08T09:00:21.932+0000] {logging_mixin.py:188} INFO - [2026-05-08T09:00:21.931+0000] {dagbag.py:545} INFO - Filling up the DagBag from /opt/airflow/dags/pipeline_dag.py
[2026-05-08T09:00:21.981+0000] {processor.py:840} INFO - DAG(s) 'ab_test_medallion_pipeline' retrieved from /opt/airflow/dags/pipeline_dag.py
[2026-05-08T09:00:22.158+0000] {logging_mixin.py:188} INFO - [2026-05-08T09:00:22.157+0000] {dag.py:3096} INFO - Sync 1 DAGs
[2026-05-08T09:00:22.531+0000] {logging_mixin.py:188} INFO - [2026-05-08T09:00:22.530+0000] {dag.py:3954} INFO - Setting next_dagrun for ab_test_medallion_pipeline to 2026-05-08 00:00:00+00:00, run_after=2026-05-09 00:00:00+00:00
[2026-05-08T09:00:22.588+0000] {processor.py:183} INFO - Processing /opt/airflow/dags/pipeline_dag.py took 0.680 seconds
[2026-05-08T09:00:52.940+0000] {processor.py:161} INFO - Started process (PID=12310) to work on /opt/airflow/dags/pipeline_dag.py
[2026-05-08T09:00:52.943+0000] {processor.py:830} INFO - Processing file /opt/airflow/dags/pipeline_dag.py for tasks to queue
[2026-05-08T09:00:52.945+0000] {logging_mixin.py:188} INFO - [2026-05-08T09:00:52.944+0000] {dagbag.py:545} INFO - Filling up the DagBag from /opt/airflow/dags/pipeline_dag.py
[2026-05-08T09:00:52.986+0000] {processor.py:840} INFO - DAG(s) 'ab_test_medallion_pipeline' retrieved from /opt/airflow/dags/pipeline_dag.py
[2026-05-08T09:00:53.066+0000] {logging_mixin.py:188} INFO - [2026-05-08T09:00:53.066+0000] {dag.py:3096} INFO - Sync 1 DAGs
[2026-05-08T09:00:53.144+0000] {logging_mixin.py:188} INFO - [2026-05-08T09:00:53.143+0000] {dag.py:3954} INFO - Setting next_dagrun for ab_test_medallion_pipeline to 2026-05-08 00:00:00+00:00, run_after=2026-05-09 00:00:00+00:00
[2026-05-08T09:00:53.322+0000] {processor.py:183} INFO - Processing /opt/airflow/dags/pipeline_dag.py took 0.398 seconds
[2026-05-08T09:01:23.674+0000] {processor.py:161} INFO - Started process (PID=12315) to work on /opt/airflow/dags/pipeline_dag.py
[2026-05-08T09:01:23.679+0000] {processor.py:830} INFO - Processing file /opt/airflow/dags/pipeline_dag.py for tasks to queue
[2026-05-08T09:01:23.681+0000] {logging_mixin.py:188} INFO - [2026-05-08T09:01:23.680+0000] {dagbag.py:545} INFO - Filling up the DagBag from /opt/airflow/dags/pipeline_dag.py
[2026-05-08T09:01:23.728+0000] {processor.py:840} INFO - DAG(s) 'ab_test_medallion_pipeline' retrieved from /opt/airflow/dags/pipeline_dag.py
[2026-05-08T09:01:23.819+0000] {logging_mixin.py:188} INFO - [2026-05-08T09:01:23.819+0000] {dag.py:3096} INFO - Sync 1 DAGs
[2026-05-08T09:01:23.877+0000] {logging_mixin.py:188} INFO - [2026-05-08T09:01:23.876+0000] {dag.py:3954} INFO - Setting next_dagrun for ab_test_medallion_pipeline to 2026-05-08 00:00:00+00:00, run_after=2026-05-09 00:00:00+00:00
[2026-05-08T09:01:23.907+0000] {processor.py:183} INFO - Processing /opt/airflow/dags/pipeline_dag.py took 0.251 seconds
[2026-05-08T09:01:54.003+0000] {processor.py:161} INFO - Started process (PID=12320) to work on /opt/airflow/dags/pipeline_dag.py
[2026-05-08T09:01:54.005+0000] {processor.py:830} INFO - Processing file /opt/airflow/dags/pipeline_dag.py for tasks to queue
[2026-05-08T09:01:54.007+0000] {logging_mixin.py:188} INFO - [2026-05-08T09:01:54.006+0000] {dagbag.py:545} INFO - Filling up the DagBag from /opt/airflow/dags/pipeline_dag.py
[2026-05-08T09:01:54.037+0000] {processor.py:840} INFO - DAG(s) 'ab_test_medallion_pipeline' retrieved from /opt/airflow/dags/pipeline_dag.py
[2026-05-08T09:01:54.124+0000] {logging_mixin.py:188} INFO - [2026-05-08T09:01:54.123+0000] {dag.py:3096} INFO - Sync 1 DAGs
[2026-05-08T09:01:54.245+0000] {logging_mixin.py:188} INFO - [2026-05-08T09:01:54.244+0000] {dag.py:3954} INFO - Setting next_dagrun for ab_test_medallion_pipeline to 2026-05-08 00:00:00+00:00, run_after=2026-05-09 00:00:00+00:00
[2026-05-08T09:01:54.369+0000] {processor.py:183} INFO - Processing /opt/airflow/dags/pipeline_dag.py took 0.384 seconds
[2026-05-08T09:02:24.501+0000] {processor.py:161} INFO - Started process (PID=12325) to work on /opt/airflow/dags/pipeline_dag.py
[2026-05-08T09:02:24.503+0000] {processor.py:830} INFO - Processing file /opt/airflow/dags/pipeline_dag.py for tasks to queue
[2026-05-08T09:02:24.506+0000] {logging_mixin.py:188} INFO - [2026-05-08T09:02:24.504+0000] {dagbag.py:545} INFO - Filling up the DagBag from /opt/airflow/dags/pipeline_dag.py
[2026-05-08T09:02:24.557+0000] {processor.py:840} INFO - DAG(s) 'ab_test_medallion_pipeline' retrieved from /opt/airflow/dags/pipeline_dag.py
[2026-05-08T09:02:24.623+0000] {logging_mixin.py:188} INFO - [2026-05-08T09:02:24.622+0000] {dag.py:3096} INFO - Sync 1 DAGs
[2026-05-08T09:02:24.660+0000] {logging_mixin.py:188} INFO - [2026-05-08T09:02:24.660+0000] {dag.py:3954} INFO - Setting next_dagrun for ab_test_medallion_pipeline to 2026-05-08 00:00:00+00:00, run_after=2026-05-09 00:00:00+00:00
[2026-05-08T09:02:24.795+0000] {processor.py:183} INFO - Processing /opt/airflow/dags/pipeline_dag.py took 0.321 seconds
[2026-05-08T09:02:55.015+0000] {processor.py:161} INFO - Started process (PID=12330) to work on /opt/airflow/dags/pipeline_dag.py
[2026-05-08T09:02:55.016+0000] {processor.py:830} INFO - Processing file /opt/airflow/dags/pipeline_dag.py for tasks to queue
[2026-05-08T09:02:55.030+0000] {logging_mixin.py:188} INFO - [2026-05-08T09:02:55.029+0000] {dagbag.py:545} INFO - Filling up the DagBag from /opt/airflow/dags/pipeline_dag.py
[2026-05-08T09:02:55.132+0000] {processor.py:840} INFO - DAG(s) 'ab_test_medallion_pipeline' retrieved from /opt/airflow/dags/pipeline_dag.py
[2026-05-08T09:02:55.288+0000] {logging_mixin.py:188} INFO - [2026-05-08T09:02:55.287+0000] {dag.py:3096} INFO - Sync 1 DAGs
[2026-05-08T09:02:55.391+0000] {logging_mixin.py:188} INFO - [2026-05-08T09:02:55.389+0000] {dag.py:3954} INFO - Setting next_dagrun for ab_test_medallion_pipeline to 2026-05-08 00:00:00+00:00, run_after=2026-05-09 00:00:00+00:00
[2026-05-08T09:02:55.556+0000] {processor.py:183} INFO - Processing /opt/airflow/dags/pipeline_dag.py took 0.591 seconds
[2026-05-08T09:03:26.967+0000] {processor.py:161} INFO - Started process (PID=12335) to work on /opt/airflow/dags/pipeline_dag.py
[2026-05-08T09:03:26.983+0000] {processor.py:830} INFO - Processing file /opt/airflow/dags/pipeline_dag.py for tasks to queue
[2026-05-08T09:03:27.045+0000] {logging_mixin.py:188} INFO - [2026-05-08T09:03:27.032+0000] {dagbag.py:545} INFO - Filling up the DagBag from /opt/airflow/dags/pipeline_dag.py
[2026-05-08T09:03:27.277+0000] {processor.py:840} INFO - DAG(s) 'ab_test_medallion_pipeline' retrieved from /opt/airflow/dags/pipeline_dag.py
[2026-05-08T09:03:27.607+0000] {logging_mixin.py:188} INFO - [2026-05-08T09:03:27.606+0000] {dag.py:3096} INFO - Sync 1 DAGs
[2026-05-08T09:03:28.585+0000] {logging_mixin.py:188} INFO - [2026-05-08T09:03:28.582+0000] {dag.py:3954} INFO - Setting next_dagrun for ab_test_medallion_pipeline to 2026-05-08 00:00:00+00:00, run_after=2026-05-09 00:00:00+00:00
[2026-05-08T09:03:28.719+0000] {processor.py:183} INFO - Processing /opt/airflow/dags/pipeline_dag.py took 2.068 seconds
[2026-05-08T09:03:59.104+0000] {processor.py:161} INFO - Started process (PID=12340) to work on /opt/airflow/dags/pipeline_dag.py
[2026-05-08T09:03:59.108+0000] {processor.py:830} INFO - Processing file /opt/airflow/dags/pipeline_dag.py for tasks to queue
[2026-05-08T09:03:59.111+0000] {logging_mixin.py:188} INFO - [2026-05-08T09:03:59.110+0000] {dagbag.py:545} INFO - Filling up the DagBag from /opt/airflow/dags/pipeline_dag.py
[2026-05-08T09:03:59.148+0000] {processor.py:840} INFO - DAG(s) 'ab_test_medallion_pipeline' retrieved from /opt/airflow/dags/pipeline_dag.py
[2026-05-08T09:03:59.221+0000] {logging_mixin.py:188} INFO - [2026-05-08T09:03:59.220+0000] {dag.py:3096} INFO - Sync 1 DAGs
[2026-05-08T09:03:59.319+0000] {logging_mixin.py:188} INFO - [2026-05-08T09:03:59.316+0000] {dag.py:3954} INFO - Setting next_dagrun for ab_test_medallion_pipeline to 2026-05-08 00:00:00+00:00, run_after=2026-05-09 00:00:00+00:00
[2026-05-08T09:03:59.525+0000] {processor.py:183} INFO - Processing /opt/airflow/dags/pipeline_dag.py took 0.437 seconds
[2026-05-08T09:04:29.968+0000] {processor.py:161} INFO - Started process (PID=12345) to work on /opt/airflow/dags/pipeline_dag.py
[2026-05-08T09:04:29.972+0000] {processor.py:830} INFO - Processing file /opt/airflow/dags/pipeline_dag.py for tasks to queue
[2026-05-08T09:04:29.978+0000] {logging_mixin.py:188} INFO - [2026-05-08T09:04:29.973+0000] {dagbag.py:545} INFO - Filling up the DagBag from /opt/airflow/dags/pipeline_dag.py
[2026-05-08T09:04:30.018+0000] {processor.py:840} INFO - DAG(s) 'ab_test_medallion_pipeline' retrieved from /opt/airflow/dags/pipeline_dag.py
[2026-05-08T09:04:30.112+0000] {logging_mixin.py:188} INFO - [2026-05-08T09:04:30.111+0000] {dag.py:3096} INFO - Sync 1 DAGs
[2026-05-08T09:04:30.300+0000] {logging_mixin.py:188} INFO - [2026-05-08T09:04:30.299+0000] {dag.py:3954} INFO - Setting next_dagrun for ab_test_medallion_pipeline to 2026-05-08 00:00:00+00:00, run_after=2026-05-09 00:00:00+00:00
[2026-05-08T09:04:30.398+0000] {processor.py:183} INFO - Processing /opt/airflow/dags/pipeline_dag.py took 0.454 seconds
[2026-05-08T09:05:00.757+0000] {processor.py:161} INFO - Started process (PID=12350) to work on /opt/airflow/dags/pipeline_dag.py
[2026-05-08T09:05:00.760+0000] {processor.py:830} INFO - Processing file /opt/airflow/dags/pipeline_dag.py for tasks to queue
[2026-05-08T09:05:00.763+0000] {logging_mixin.py:188} INFO - [2026-05-08T09:05:00.762+0000] {dagbag.py:545} INFO - Filling up the DagBag from /opt/airflow/dags/pipeline_dag.py
[2026-05-08T09:05:00.800+0000] {processor.py:840} INFO - DAG(s) 'ab_test_medallion_pipeline' retrieved from /opt/airflow/dags/pipeline_dag.py
[2026-05-08T09:05:00.892+0000] {logging_mixin.py:188} INFO - [2026-05-08T09:05:00.891+0000] {dag.py:3096} INFO - Sync 1 DAGs
[2026-05-08T09:05:00.970+0000] {logging_mixin.py:188} INFO - [2026-05-08T09:05:00.968+0000] {dag.py:3954} INFO - Setting next_dagrun for ab_test_medallion_pipeline to 2026-05-08 00:00:00+00:00, run_after=2026-05-09 00:00:00+00:00
[2026-05-08T09:05:01.186+0000] {processor.py:183} INFO - Processing /opt/airflow/dags/pipeline_dag.py took 0.446 seconds
[2026-05-08T09:05:31.610+0000] {processor.py:161} INFO - Started process (PID=12355) to work on /opt/airflow/dags/pipeline_dag.py
[2026-05-08T09:05:31.614+0000] {processor.py:830} INFO - Processing file /opt/airflow/dags/pipeline_dag.py for tasks to queue
[2026-05-08T09:05:31.621+0000] {logging_mixin.py:188} INFO - [2026-05-08T09:05:31.618+0000] {dagbag.py:545} INFO - Filling up the DagBag from /opt/airflow/dags/pipeline_dag.py
[2026-05-08T09:05:31.687+0000] {processor.py:840} INFO - DAG(s) 'ab_test_medallion_pipeline' retrieved from /opt/airflow/dags/pipeline_dag.py
[2026-05-08T09:05:31.742+0000] {logging_mixin.py:188} INFO - [2026-05-08T09:05:31.742+0000] {dag.py:3096} INFO - Sync 1 DAGs
[2026-05-08T09:05:32.040+0000] {logging_mixin.py:188} INFO - [2026-05-08T09:05:32.030+0000] {dag.py:3954} INFO - Setting next_dagrun for ab_test_medallion_pipeline to 2026-05-08 00:00:00+00:00, run_after=2026-05-09 00:00:00+00:00
[2026-05-08T09:05:32.177+0000] {processor.py:183} INFO - Processing /opt/airflow/dags/pipeline_dag.py took 0.589 seconds
[2026-05-08T09:06:02.427+0000] {processor.py:161} INFO - Started process (PID=12360) to work on /opt/airflow/dags/pipeline_dag.py
[2026-05-08T09:06:02.431+0000] {processor.py:830} INFO - Processing file /opt/airflow/dags/pipeline_dag.py for tasks to queue
[2026-05-08T09:06:02.433+0000] {logging_mixin.py:188} INFO - [2026-05-08T09:06:02.432+0000] {dagbag.py:545} INFO - Filling up the DagBag from /opt/airflow/dags/pipeline_dag.py
[2026-05-08T09:06:02.483+0000] {processor.py:840} INFO - DAG(s) 'ab_test_medallion_pipeline' retrieved from /opt/airflow/dags/pipeline_dag.py
[2026-05-08T09:06:02.554+0000] {logging_mixin.py:188} INFO - [2026-05-08T09:06:02.553+0000] {dag.py:3096} INFO - Sync 1 DAGs
[2026-05-08T09:06:02.644+0000] {logging_mixin.py:188} INFO - [2026-05-08T09:06:02.643+0000] {dag.py:3954} INFO - Setting next_dagrun for ab_test_medallion_pipeline to 2026-05-08 00:00:00+00:00, run_after=2026-05-09 00:00:00+00:00
[2026-05-08T09:06:02.795+0000] {processor.py:183} INFO - Processing /opt/airflow/dags/pipeline_dag.py took 0.390 seconds
[2026-05-08T09:06:32.982+0000] {processor.py:161} INFO - Started process (PID=12365) to work on /opt/airflow/dags/pipeline_dag.py
[2026-05-08T09:06:32.983+0000] {processor.py:830} INFO - Processing file /opt/airflow/dags/pipeline_dag.py for tasks to queue
[2026-05-08T09:06:32.984+0000] {logging_mixin.py:188} INFO - [2026-05-08T09:06:32.984+0000] {dagbag.py:545} INFO - Filling up the DagBag from /opt/airflow/dags/pipeline_dag.py
[2026-05-08T09:06:33.010+0000] {processor.py:840} INFO - DAG(s) 'ab_test_medallion_pipeline' retrieved from /opt/airflow/dags/pipeline_dag.py
[2026-05-08T09:06:33.067+0000] {logging_mixin.py:188} INFO - [2026-05-08T09:06:33.067+0000] {dag.py:3096} INFO - Sync 1 DAGs
[2026-05-08T09:06:33.106+0000] {logging_mixin.py:188} INFO - [2026-05-08T09:06:33.105+0000] {dag.py:3954} INFO - Setting next_dagrun for ab_test_medallion_pipeline to 2026-05-08 00:00:00+00:00, run_after=2026-05-09 00:00:00+00:00
[2026-05-08T09:06:33.160+0000] {processor.py:183} INFO - Processing /opt/airflow/dags/pipeline_dag.py took 0.194 seconds
[2026-05-08T09:07:03.559+0000] {processor.py:161} INFO - Started process (PID=12370) to work on /opt/airflow/dags/pipeline_dag.py
[2026-05-08T09:07:03.562+0000] {processor.py:830} INFO - Processing file /opt/airflow/dags/pipeline_dag.py for tasks to queue
[2026-05-08T09:07:03.564+0000] {logging_mixin.py:188} INFO - [2026-05-08T09:07:03.563+0000] {dagbag.py:545} INFO - Filling up the DagBag from /opt/airflow/dags/pipeline_dag.py
[2026-05-08T09:07:03.594+0000] {processor.py:840} INFO - DAG(s) 'ab_test_medallion_pipeline' retrieved from /opt/airflow/dags/pipeline_dag.py
[2026-05-08T09:07:03.643+0000] {logging_mixin.py:188} INFO - [2026-05-08T09:07:03.643+0000] {dag.py:3096} INFO - Sync 1 DAGs
[2026-05-08T09:07:03.680+0000] {logging_mixin.py:188} INFO - [2026-05-08T09:07:03.680+0000] {dag.py:3954} INFO - Setting next_dagrun for ab_test_medallion_pipeline to 2026-05-08 00:00:00+00:00, run_after=2026-05-09 00:00:00+00:00
[2026-05-08T09:07:03.718+0000] {processor.py:183} INFO - Processing /opt/airflow/dags/pipeline_dag.py took 0.181 seconds
[2026-05-08T09:07:33.916+0000] {processor.py:161} INFO - Started process (PID=12375) to work on /opt/airflow/dags/pipeline_dag.py
[2026-05-08T09:07:33.918+0000] {processor.py:830} INFO - Processing file /opt/airflow/dags/pipeline_dag.py for tasks to queue
[2026-05-08T09:07:33.921+0000] {logging_mixin.py:188} INFO - [2026-05-08T09:07:33.920+0000] {dagbag.py:545} INFO - Filling up the DagBag from /opt/airflow/dags/pipeline_dag.py
[2026-05-08T09:07:33.967+0000] {processor.py:840} INFO - DAG(s) 'ab_test_medallion_pipeline' retrieved from /opt/airflow/dags/pipeline_dag.py
[2026-05-08T09:07:34.038+0000] {logging_mixin.py:188} INFO - [2026-05-08T09:07:34.038+0000] {dag.py:3096} INFO - Sync 1 DAGs
[2026-05-08T09:07:34.174+0000] {logging_mixin.py:188} INFO - [2026-05-08T09:07:34.173+0000] {dag.py:3954} INFO - Setting next_dagrun for ab_test_medallion_pipeline to 2026-05-08 00:00:00+00:00, run_after=2026-05-09 00:00:00+00:00
[2026-05-08T09:07:34.272+0000] {processor.py:183} INFO - Processing /opt/airflow/dags/pipeline_dag.py took 0.384 seconds
[2026-05-08T09:08:04.428+0000] {processor.py:161} INFO - Started process (PID=12380) to work on /opt/airflow/dags/pipeline_dag.py
[2026-05-08T09:08:04.430+0000] {processor.py:830} INFO - Processing file /opt/airflow/dags/pipeline_dag.py for tasks to queue
[2026-05-08T09:08:04.432+0000] {logging_mixin.py:188} INFO - [2026-05-08T09:08:04.431+0000] {dagbag.py:545} INFO - Filling up the DagBag from /opt/airflow/dags/pipeline_dag.py
[2026-05-08T09:08:04.455+0000] {processor.py:840} INFO - DAG(s) 'ab_test_medallion_pipeline' retrieved from /opt/airflow/dags/pipeline_dag.py
[2026-05-08T09:08:04.501+0000] {logging_mixin.py:188} INFO - [2026-05-08T09:08:04.501+0000] {dag.py:3096} INFO - Sync 1 DAGs
[2026-05-08T09:08:04.541+0000] {logging_mixin.py:188} INFO - [2026-05-08T09:08:04.541+0000] {dag.py:3954} INFO - Setting next_dagrun for ab_test_medallion_pipeline to 2026-05-08 00:00:00+00:00, run_after=2026-05-09 00:00:00+00:00
[2026-05-08T09:08:04.575+0000] {processor.py:183} INFO - Processing /opt/airflow/dags/pipeline_dag.py took 0.164 seconds
[2026-05-08T09:08:34.992+0000] {processor.py:161} INFO - Started process (PID=12385) to work on /opt/airflow/dags/pipeline_dag.py
[2026-05-08T09:08:34.996+0000] {processor.py:830} INFO - Processing file /opt/airflow/dags/pipeline_dag.py for tasks to queue
[2026-05-08T09:08:34.998+0000] {logging_mixin.py:188} INFO - [2026-05-08T09:08:34.997+0000] {dagbag.py:545} INFO - Filling up the DagBag from /opt/airflow/dags/pipeline_dag.py
[2026-05-08T09:08:35.025+0000] {processor.py:840} INFO - DAG(s) 'ab_test_medallion_pipeline' retrieved from /opt/airflow/dags/pipeline_dag.py
[2026-05-08T09:08:35.073+0000] {logging_mixin.py:188} INFO - [2026-05-08T09:08:35.072+0000] {dag.py:3096} INFO - Sync 1 DAGs
[2026-05-08T09:08:35.112+0000] {logging_mixin.py:188} INFO - [2026-05-08T09:08:35.111+0000] {dag.py:3954} INFO - Setting next_dagrun for ab_test_medallion_pipeline to 2026-05-08 00:00:00+00:00, run_after=2026-05-09 00:00:00+00:00
[2026-05-08T09:08:35.247+0000] {processor.py:183} INFO - Processing /opt/airflow/dags/pipeline_dag.py took 0.276 seconds
[2026-05-08T09:09:05.421+0000] {processor.py:161} INFO - Started process (PID=12390) to work on /opt/airflow/dags/pipeline_dag.py
[2026-05-08T09:09:05.423+0000] {processor.py:830} INFO - Processing file /opt/airflow/dags/pipeline_dag.py for tasks to queue
[2026-05-08T09:09:05.424+0000] {logging_mixin.py:188} INFO - [2026-05-08T09:09:05.424+0000] {dagbag.py:545} INFO - Filling up the DagBag from /opt/airflow/dags/pipeline_dag.py
[2026-05-08T09:09:05.449+0000] {processor.py:840} INFO - DAG(s) 'ab_test_medallion_pipeline' retrieved from /opt/airflow/dags/pipeline_dag.py
[2026-05-08T09:09:05.509+0000] {logging_mixin.py:188} INFO - [2026-05-08T09:09:05.509+0000] {dag.py:3096} INFO - Sync 1 DAGs
[2026-05-08T09:09:05.547+0000] {logging_mixin.py:188} INFO - [2026-05-08T09:09:05.547+0000] {dag.py:3954} INFO - Setting next_dagrun for ab_test_medallion_pipeline to 2026-05-08 00:00:00+00:00, run_after=2026-05-09 00:00:00+00:00
[2026-05-08T09:09:05.595+0000] {processor.py:183} INFO - Processing /opt/airflow/dags/pipeline_dag.py took 0.189 seconds
[2026-05-08T09:09:35.991+0000] {processor.py:161} INFO - Started process (PID=12395) to work on /opt/airflow/dags/pipeline_dag.py
[2026-05-08T09:09:35.999+0000] {processor.py:830} INFO - Processing file /opt/airflow/dags/pipeline_dag.py for tasks to queue
[2026-05-08T09:09:36.002+0000] {logging_mixin.py:188} INFO - [2026-05-08T09:09:36.000+0000] {dagbag.py:545} INFO - Filling up the DagBag from /opt/airflow/dags/pipeline_dag.py
[2026-05-08T09:09:36.075+0000] {processor.py:840} INFO - DAG(s) 'ab_test_medallion_pipeline' retrieved from /opt/airflow/dags/pipeline_dag.py
[2026-05-08T09:09:36.162+0000] {logging_mixin.py:188} INFO - [2026-05-08T09:09:36.162+0000] {dag.py:3096} INFO - Sync 1 DAGs
[2026-05-08T09:09:36.250+0000] {logging_mixin.py:188} INFO - [2026-05-08T09:09:36.250+0000] {dag.py:3954} INFO - Setting next_dagrun for ab_test_medallion_pipeline to 2026-05-08 00:00:00+00:00, run_after=2026-05-09 00:00:00+00:00
[2026-05-08T09:09:36.316+0000] {processor.py:183} INFO - Processing /opt/airflow/dags/pipeline_dag.py took 0.354 seconds
[2026-05-08T09:10:06.636+0000] {processor.py:161} INFO - Started process (PID=12400) to work on /opt/airflow/dags/pipeline_dag.py
[2026-05-08T09:10:06.637+0000] {processor.py:830} INFO - Processing file /opt/airflow/dags/pipeline_dag.py for tasks to queue
[2026-05-08T09:10:06.640+0000] {logging_mixin.py:188} INFO - [2026-05-08T09:10:06.639+0000] {dagbag.py:545} INFO - Filling up the DagBag from /opt/airflow/dags/pipeline_dag.py
[2026-05-08T09:10:06.685+0000] {processor.py:840} INFO - DAG(s) 'ab_test_medallion_pipeline' retrieved from /opt/airflow/dags/pipeline_dag.py
[2026-05-08T09:10:06.780+0000] {logging_mixin.py:188} INFO - [2026-05-08T09:10:06.780+0000] {dag.py:3096} INFO - Sync 1 DAGs
[2026-05-08T09:10:06.876+0000] {logging_mixin.py:188} INFO - [2026-05-08T09:10:06.876+0000] {dag.py:3954} INFO - Setting next_dagrun for ab_test_medallion_pipeline to 2026-05-08 00:00:00+00:00, run_after=2026-05-09 00:00:00+00:00
[2026-05-08T09:10:06.973+0000] {processor.py:183} INFO - Processing /opt/airflow/dags/pipeline_dag.py took 0.352 seconds
[2026-05-08T09:10:37.294+0000] {processor.py:161} INFO - Started process (PID=12405) to work on /opt/airflow/dags/pipeline_dag.py
[2026-05-08T09:10:37.298+0000] {processor.py:830} INFO - Processing file /opt/airflow/dags/pipeline_dag.py for tasks to queue
[2026-05-08T09:10:37.300+0000] {logging_mixin.py:188} INFO - [2026-05-08T09:10:37.299+0000] {dagbag.py:545} INFO - Filling up the DagBag from /opt/airflow/dags/pipeline_dag.py
[2026-05-08T09:10:37.330+0000] {processor.py:840} INFO - DAG(s) 'ab_test_medallion_pipeline' retrieved from /opt/airflow/dags/pipeline_dag.py
[2026-05-08T09:10:37.401+0000] {logging_mixin.py:188} INFO - [2026-05-08T09:10:37.401+0000] {dag.py:3096} INFO - Sync 1 DAGs
[2026-05-08T09:10:37.471+0000] {logging_mixin.py:188} INFO - [2026-05-08T09:10:37.471+0000] {dag.py:3954} INFO - Setting next_dagrun for ab_test_medallion_pipeline to 2026-05-08 00:00:00+00:00, run_after=2026-05-09 00:00:00+00:00
[2026-05-08T09:10:37.518+0000] {processor.py:183} INFO - Processing /opt/airflow/dags/pipeline_dag.py took 0.240 seconds
[2026-05-08T09:11:07.649+0000] {processor.py:161} INFO - Started process (PID=12410) to work on /opt/airflow/dags/pipeline_dag.py
[2026-05-08T09:11:07.651+0000] {processor.py:830} INFO - Processing file /opt/airflow/dags/pipeline_dag.py for tasks to queue
[2026-05-08T09:11:07.653+0000] {logging_mixin.py:188} INFO - [2026-05-08T09:11:07.652+0000] {dagbag.py:545} INFO - Filling up the DagBag from /opt/airflow/dags/pipeline_dag.py
[2026-05-08T09:11:07.684+0000] {processor.py:840} INFO - DAG(s) 'ab_test_medallion_pipeline' retrieved from /opt/airflow/dags/pipeline_dag.py
[2026-05-08T09:11:07.750+0000] {logging_mixin.py:188} INFO - [2026-05-08T09:11:07.750+0000] {dag.py:3096} INFO - Sync 1 DAGs
[2026-05-08T09:11:07.800+0000] {logging_mixin.py:188} INFO - [2026-05-08T09:11:07.800+0000] {dag.py:3954} INFO - Setting next_dagrun for ab_test_medallion_pipeline to 2026-05-08 00:00:00+00:00, run_after=2026-05-09 00:00:00+00:00
[2026-05-08T09:11:07.894+0000] {processor.py:183} INFO - Processing /opt/airflow/dags/pipeline_dag.py took 0.263 seconds
[2026-05-08T09:11:38.789+0000] {processor.py:161} INFO - Started process (PID=12415) to work on /opt/airflow/dags/pipeline_dag.py
[2026-05-08T09:11:38.805+0000] {processor.py:830} INFO - Processing file /opt/airflow/dags/pipeline_dag.py for tasks to queue
[2026-05-08T09:11:38.807+0000] {logging_mixin.py:188} INFO - [2026-05-08T09:11:38.806+0000] {dagbag.py:545} INFO - Filling up the DagBag from /opt/airflow/dags/pipeline_dag.py
[2026-05-08T09:11:38.830+0000] {processor.py:840} INFO - DAG(s) 'ab_test_medallion_pipeline' retrieved from /opt/airflow/dags/pipeline_dag.py
[2026-05-08T09:11:38.877+0000] {logging_mixin.py:188} INFO - [2026-05-08T09:11:38.876+0000] {dag.py:3096} INFO - Sync 1 DAGs
[2026-05-08T09:11:38.918+0000] {logging_mixin.py:188} INFO - [2026-05-08T09:11:38.918+0000] {dag.py:3954} INFO - Setting next_dagrun for ab_test_medallion_pipeline to 2026-05-08 00:00:00+00:00, run_after=2026-05-09 00:00:00+00:00
[2026-05-08T09:11:38.967+0000] {processor.py:183} INFO - Processing /opt/airflow/dags/pipeline_dag.py took 0.189 seconds
[2026-05-08T09:12:09.665+0000] {processor.py:161} INFO - Started process (PID=12420) to work on /opt/airflow/dags/pipeline_dag.py
[2026-05-08T09:12:09.667+0000] {processor.py:830} INFO - Processing file /opt/airflow/dags/pipeline_dag.py for tasks to queue
[2026-05-08T09:12:09.670+0000] {logging_mixin.py:188} INFO - [2026-05-08T09:12:09.669+0000] {dagbag.py:545} INFO - Filling up the DagBag from /opt/airflow/dags/pipeline_dag.py
[2026-05-08T09:12:09.709+0000] {processor.py:840} INFO - DAG(s) 'ab_test_medallion_pipeline' retrieved from /opt/airflow/dags/pipeline_dag.py
[2026-05-08T09:12:09.780+0000] {logging_mixin.py:188} INFO - [2026-05-08T09:12:09.780+0000] {dag.py:3096} INFO - Sync 1 DAGs
[2026-05-08T09:12:09.821+0000] {logging_mixin.py:188} INFO - [2026-05-08T09:12:09.820+0000] {dag.py:3954} INFO - Setting next_dagrun for ab_test_medallion_pipeline to 2026-05-08 00:00:00+00:00, run_after=2026-05-09 00:00:00+00:00
[2026-05-08T09:12:09.850+0000] {processor.py:183} INFO - Processing /opt/airflow/dags/pipeline_dag.py took 0.208 seconds
[2026-05-08T09:12:40.076+0000] {processor.py:161} INFO - Started process (PID=12425) to work on /opt/airflow/dags/pipeline_dag.py
[2026-05-08T09:12:40.078+0000] {processor.py:830} INFO - Processing file /opt/airflow/dags/pipeline_dag.py for tasks to queue
[2026-05-08T09:12:40.080+0000] {logging_mixin.py:188} INFO - [2026-05-08T09:12:40.079+0000] {dagbag.py:545} INFO - Filling up the DagBag from /opt/airflow/dags/pipeline_dag.py
[2026-05-08T09:12:40.105+0000] {processor.py:840} INFO - DAG(s) 'ab_test_medallion_pipeline' retrieved from /opt/airflow/dags/pipeline_dag.py
[2026-05-08T09:12:40.149+0000] {logging_mixin.py:188} INFO - [2026-05-08T09:12:40.148+0000] {dag.py:3096} INFO - Sync 1 DAGs
[2026-05-08T09:12:40.196+0000] {logging_mixin.py:188} INFO - [2026-05-08T09:12:40.195+0000] {dag.py:3954} INFO - Setting next_dagrun for ab_test_medallion_pipeline to 2026-05-08 00:00:00+00:00, run_after=2026-05-09 00:00:00+00:00
[2026-05-08T09:12:40.229+0000] {processor.py:183} INFO - Processing /opt/airflow/dags/pipeline_dag.py took 0.171 seconds
[2026-05-08T09:13:10.605+0000] {processor.py:161} INFO - Started process (PID=12430) to work on /opt/airflow/dags/pipeline_dag.py
[2026-05-08T09:13:10.607+0000] {processor.py:830} INFO - Processing file /opt/airflow/dags/pipeline_dag.py for tasks to queue
[2026-05-08T09:13:10.610+0000] {logging_mixin.py:188} INFO - [2026-05-08T09:13:10.609+0000] {dagbag.py:545} INFO - Filling up the DagBag from /opt/airflow/dags/pipeline_dag.py
[2026-05-08T09:13:10.656+0000] {processor.py:840} INFO - DAG(s) 'ab_test_medallion_pipeline' retrieved from /opt/airflow/dags/pipeline_dag.py
[2026-05-08T09:13:10.715+0000] {logging_mixin.py:188} INFO - [2026-05-08T09:13:10.715+0000] {dag.py:3096} INFO - Sync 1 DAGs
[2026-05-08T09:13:10.751+0000] {logging_mixin.py:188} INFO - [2026-05-08T09:13:10.751+0000] {dag.py:3954} INFO - Setting next_dagrun for ab_test_medallion_pipeline to 2026-05-08 00:00:00+00:00, run_after=2026-05-09 00:00:00+00:00
[2026-05-08T09:13:10.784+0000] {processor.py:183} INFO - Processing /opt/airflow/dags/pipeline_dag.py took 0.203 seconds
[2026-05-08T09:13:41.007+0000] {processor.py:161} INFO - Started process (PID=12435) to work on /opt/airflow/dags/pipeline_dag.py
[2026-05-08T09:13:41.008+0000] {processor.py:830} INFO - Processing file /opt/airflow/dags/pipeline_dag.py for tasks to queue
[2026-05-08T09:13:41.011+0000] {logging_mixin.py:188} INFO - [2026-05-08T09:13:41.010+0000] {dagbag.py:545} INFO - Filling up the DagBag from /opt/airflow/dags/pipeline_dag.py
[2026-05-08T09:13:41.044+0000] {processor.py:840} INFO - DAG(s) 'ab_test_medallion_pipeline' retrieved from /opt/airflow/dags/pipeline_dag.py
[2026-05-08T09:13:41.095+0000] {logging_mixin.py:188} INFO - [2026-05-08T09:13:41.095+0000] {dag.py:3096} INFO - Sync 1 DAGs
[2026-05-08T09:13:41.132+0000] {logging_mixin.py:188} INFO - [2026-05-08T09:13:41.132+0000] {dag.py:3954} INFO - Setting next_dagrun for ab_test_medallion_pipeline to 2026-05-08 00:00:00+00:00, run_after=2026-05-09 00:00:00+00:00
[2026-05-08T09:13:41.177+0000] {processor.py:183} INFO - Processing /opt/airflow/dags/pipeline_dag.py took 0.185 seconds
[2026-05-08T09:14:11.518+0000] {processor.py:161} INFO - Started process (PID=12440) to work on /opt/airflow/dags/pipeline_dag.py
[2026-05-08T09:14:11.522+0000] {processor.py:830} INFO - Processing file /opt/airflow/dags/pipeline_dag.py for tasks to queue
[2026-05-08T09:14:11.525+0000] {logging_mixin.py:188} INFO - [2026-05-08T09:14:11.524+0000] {dagbag.py:545} INFO - Filling up the DagBag from /opt/airflow/dags/pipeline_dag.py
[2026-05-08T09:14:11.605+0000] {processor.py:840} INFO - DAG(s) 'ab_test_medallion_pipeline' retrieved from /opt/airflow/dags/pipeline_dag.py
[2026-05-08T09:14:11.686+0000] {logging_mixin.py:188} INFO - [2026-05-08T09:14:11.685+0000] {dag.py:3096} INFO - Sync 1 DAGs
[2026-05-08T09:14:11.733+0000] {logging_mixin.py:188} INFO - [2026-05-08T09:14:11.732+0000] {dag.py:3954} INFO - Setting next_dagrun for ab_test_medallion_pipeline to 2026-05-08 00:00:00+00:00, run_after=2026-05-09 00:00:00+00:00
[2026-05-08T09:14:11.765+0000] {processor.py:183} INFO - Processing /opt/airflow/dags/pipeline_dag.py took 0.275 seconds
[2026-05-08T09:14:42.131+0000] {processor.py:161} INFO - Started process (PID=12445) to work on /opt/airflow/dags/pipeline_dag.py
[2026-05-08T09:14:42.134+0000] {processor.py:830} INFO - Processing file /opt/airflow/dags/pipeline_dag.py for tasks to queue
[2026-05-08T09:14:42.137+0000] {logging_mixin.py:188} INFO - [2026-05-08T09:14:42.136+0000] {dagbag.py:545} INFO - Filling up the DagBag from /opt/airflow/dags/pipeline_dag.py
[2026-05-08T09:14:42.201+0000] {processor.py:840} INFO - DAG(s) 'ab_test_medallion_pipeline' retrieved from /opt/airflow/dags/pipeline_dag.py
[2026-05-08T09:14:42.317+0000] {logging_mixin.py:188} INFO - [2026-05-08T09:14:42.317+0000] {dag.py:3096} INFO - Sync 1 DAGs
[2026-05-08T09:14:42.373+0000] {logging_mixin.py:188} INFO - [2026-05-08T09:14:42.373+0000] {dag.py:3954} INFO - Setting next_dagrun for ab_test_medallion_pipeline to 2026-05-08 00:00:00+00:00, run_after=2026-05-09 00:00:00+00:00
[2026-05-08T09:14:42.425+0000] {processor.py:183} INFO - Processing /opt/airflow/dags/pipeline_dag.py took 0.328 seconds
[2026-05-08T09:15:12.687+0000] {processor.py:161} INFO - Started process (PID=12450) to work on /opt/airflow/dags/pipeline_dag.py
[2026-05-08T09:15:12.692+0000] {processor.py:830} INFO - Processing file /opt/airflow/dags/pipeline_dag.py for tasks to queue
[2026-05-08T09:15:12.695+0000] {logging_mixin.py:188} INFO - [2026-05-08T09:15:12.694+0000] {dagbag.py:545} INFO - Filling up the DagBag from /opt/airflow/dags/pipeline_dag.py
[2026-05-08T09:15:12.738+0000] {processor.py:840} INFO - DAG(s) 'ab_test_medallion_pipeline' retrieved from /opt/airflow/dags/pipeline_dag.py
[2026-05-08T09:15:12.835+0000] {logging_mixin.py:188} INFO - [2026-05-08T09:15:12.834+0000] {dag.py:3096} INFO - Sync 1 DAGs
[2026-05-08T09:15:12.906+0000] {logging_mixin.py:188} INFO - [2026-05-08T09:15:12.905+0000] {dag.py:3954} INFO - Setting next_dagrun for ab_test_medallion_pipeline to 2026-05-08 00:00:00+00:00, run_after=2026-05-09 00:00:00+00:00
[2026-05-08T09:15:13.099+0000] {processor.py:183} INFO - Processing /opt/airflow/dags/pipeline_dag.py took 0.434 seconds
[2026-05-08T09:15:43.430+0000] {processor.py:161} INFO - Started process (PID=12455) to work on /opt/airflow/dags/pipeline_dag.py
[2026-05-08T09:15:43.433+0000] {processor.py:830} INFO - Processing file /opt/airflow/dags/pipeline_dag.py for tasks to queue
[2026-05-08T09:15:43.436+0000] {logging_mixin.py:188} INFO - [2026-05-08T09:15:43.435+0000] {dagbag.py:545} INFO - Filling up the DagBag from /opt/airflow/dags/pipeline_dag.py
[2026-05-08T09:15:43.481+0000] {processor.py:840} INFO - DAG(s) 'ab_test_medallion_pipeline' retrieved from /opt/airflow/dags/pipeline_dag.py
[2026-05-08T09:15:43.590+0000] {logging_mixin.py:188} INFO - [2026-05-08T09:15:43.590+0000] {dag.py:3096} INFO - Sync 1 DAGs
[2026-05-08T09:15:43.679+0000] {logging_mixin.py:188} INFO - [2026-05-08T09:15:43.678+0000] {dag.py:3954} INFO - Setting next_dagrun for ab_test_medallion_pipeline to 2026-05-08 00:00:00+00:00, run_after=2026-05-09 00:00:00+00:00
[2026-05-08T09:15:43.727+0000] {processor.py:183} INFO - Processing /opt/airflow/dags/pipeline_dag.py took 0.358 seconds
[2026-05-08T09:16:14.191+0000] {processor.py:161} INFO - Started process (PID=12460) to work on /opt/airflow/dags/pipeline_dag.py
[2026-05-08T09:16:14.193+0000] {processor.py:830} INFO - Processing file /opt/airflow/dags/pipeline_dag.py for tasks to queue
[2026-05-08T09:16:14.194+0000] {logging_mixin.py:188} INFO - [2026-05-08T09:16:14.194+0000] {dagbag.py:545} INFO - Filling up the DagBag from /opt/airflow/dags/pipeline_dag.py
[2026-05-08T09:16:14.221+0000] {processor.py:840} INFO - DAG(s) 'ab_test_medallion_pipeline' retrieved from /opt/airflow/dags/pipeline_dag.py
[2026-05-08T09:16:14.336+0000] {logging_mixin.py:188} INFO - [2026-05-08T09:16:14.336+0000] {dag.py:3096} INFO - Sync 1 DAGs
[2026-05-08T09:16:14.403+0000] {logging_mixin.py:188} INFO - [2026-05-08T09:16:14.401+0000] {dag.py:3954} INFO - Setting next_dagrun for ab_test_medallion_pipeline to 2026-05-08 00:00:00+00:00, run_after=2026-05-09 00:00:00+00:00
[2026-05-08T09:16:14.458+0000] {processor.py:183} INFO - Processing /opt/airflow/dags/pipeline_dag.py took 0.284 seconds
[2026-05-08T09:16:44.669+0000] {processor.py:161} INFO - Started process (PID=12465) to work on /opt/airflow/dags/pipeline_dag.py
[2026-05-08T09:16:44.674+0000] {processor.py:830} INFO - Processing file /opt/airflow/dags/pipeline_dag.py for tasks to queue
[2026-05-08T09:16:44.678+0000] {logging_mixin.py:188} INFO - [2026-05-08T09:16:44.676+0000] {dagbag.py:545} INFO - Filling up the DagBag from /opt/airflow/dags/pipeline_dag.py
[2026-05-08T09:16:44.759+0000] {processor.py:840} INFO - DAG(s) 'ab_test_medallion_pipeline' retrieved from /opt/airflow/dags/pipeline_dag.py
[2026-05-08T09:16:44.904+0000] {logging_mixin.py:188} INFO - [2026-05-08T09:16:44.902+0000] {dag.py:3096} INFO - Sync 1 DAGs
[2026-05-08T09:16:45.043+0000] {logging_mixin.py:188} INFO - [2026-05-08T09:16:45.041+0000] {dag.py:3954} INFO - Setting next_dagrun for ab_test_medallion_pipeline to 2026-05-08 00:00:00+00:00, run_after=2026-05-09 00:00:00+00:00
[2026-05-08T09:16:45.094+0000] {processor.py:183} INFO - Processing /opt/airflow/dags/pipeline_dag.py took 0.462 seconds
[2026-05-08T09:17:15.485+0000] {processor.py:161} INFO - Started process (PID=12470) to work on /opt/airflow/dags/pipeline_dag.py
[2026-05-08T09:17:15.489+0000] {processor.py:830} INFO - Processing file /opt/airflow/dags/pipeline_dag.py for tasks to queue
[2026-05-08T09:17:15.495+0000] {logging_mixin.py:188} INFO - [2026-05-08T09:17:15.493+0000] {dagbag.py:545} INFO - Filling up the DagBag from /opt/airflow/dags/pipeline_dag.py
[2026-05-08T09:17:15.541+0000] {processor.py:840} INFO - DAG(s) 'ab_test_medallion_pipeline' retrieved from /opt/airflow/dags/pipeline_dag.py
[2026-05-08T09:17:15.607+0000] {logging_mixin.py:188} INFO - [2026-05-08T09:17:15.607+0000] {dag.py:3096} INFO - Sync 1 DAGs
[2026-05-08T09:17:15.651+0000] {logging_mixin.py:188} INFO - [2026-05-08T09:17:15.650+0000] {dag.py:3954} INFO - Setting next_dagrun for ab_test_medallion_pipeline to 2026-05-08 00:00:00+00:00, run_after=2026-05-09 00:00:00+00:00
[2026-05-08T09:17:15.692+0000] {processor.py:183} INFO - Processing /opt/airflow/dags/pipeline_dag.py took 0.268 seconds
[2026-05-08T09:17:46.039+0000] {processor.py:161} INFO - Started process (PID=12475) to work on /opt/airflow/dags/pipeline_dag.py
[2026-05-08T09:17:46.042+0000] {processor.py:830} INFO - Processing file /opt/airflow/dags/pipeline_dag.py for tasks to queue
[2026-05-08T09:17:46.045+0000] {logging_mixin.py:188} INFO - [2026-05-08T09:17:46.044+0000] {dagbag.py:545} INFO - Filling up the DagBag from /opt/airflow/dags/pipeline_dag.py
[2026-05-08T09:17:46.094+0000] {processor.py:840} INFO - DAG(s) 'ab_test_medallion_pipeline' retrieved from /opt/airflow/dags/pipeline_dag.py
[2026-05-08T09:17:46.163+0000] {logging_mixin.py:188} INFO - [2026-05-08T09:17:46.162+0000] {dag.py:3096} INFO - Sync 1 DAGs
[2026-05-08T09:17:46.218+0000] {logging_mixin.py:188} INFO - [2026-05-08T09:17:46.217+0000] {dag.py:3954} INFO - Setting next_dagrun for ab_test_medallion_pipeline to 2026-05-08 00:00:00+00:00, run_after=2026-05-09 00:00:00+00:00
[2026-05-08T09:17:46.269+0000] {processor.py:183} INFO - Processing /opt/airflow/dags/pipeline_dag.py took 0.256 seconds
[2026-05-08T09:18:16.626+0000] {processor.py:161} INFO - Started process (PID=12480) to work on /opt/airflow/dags/pipeline_dag.py
[2026-05-08T09:18:16.627+0000] {processor.py:830} INFO - Processing file /opt/airflow/dags/pipeline_dag.py for tasks to queue
[2026-05-08T09:18:16.629+0000] {logging_mixin.py:188} INFO - [2026-05-08T09:18:16.628+0000] {dagbag.py:545} INFO - Filling up the DagBag from /opt/airflow/dags/pipeline_dag.py
[2026-05-08T09:18:16.683+0000] {processor.py:840} INFO - DAG(s) 'ab_test_medallion_pipeline' retrieved from /opt/airflow/dags/pipeline_dag.py
[2026-05-08T09:18:16.847+0000] {logging_mixin.py:188} INFO - [2026-05-08T09:18:16.846+0000] {dag.py:3096} INFO - Sync 1 DAGs
[2026-05-08T09:18:16.918+0000] {logging_mixin.py:188} INFO - [2026-05-08T09:18:16.917+0000] {dag.py:3954} INFO - Setting next_dagrun for ab_test_medallion_pipeline to 2026-05-08 00:00:00+00:00, run_after=2026-05-09 00:00:00+00:00
[2026-05-08T09:18:16.967+0000] {processor.py:183} INFO - Processing /opt/airflow/dags/pipeline_dag.py took 0.381 seconds
[2026-05-08T09:18:47.315+0000] {processor.py:161} INFO - Started process (PID=12485) to work on /opt/airflow/dags/pipeline_dag.py
[2026-05-08T09:18:47.323+0000] {processor.py:830} INFO - Processing file /opt/airflow/dags/pipeline_dag.py for tasks to queue
[2026-05-08T09:18:47.328+0000] {logging_mixin.py:188} INFO - [2026-05-08T09:18:47.326+0000] {dagbag.py:545} INFO - Filling up the DagBag from /opt/airflow/dags/pipeline_dag.py
[2026-05-08T09:18:47.425+0000] {processor.py:840} INFO - DAG(s) 'ab_test_medallion_pipeline' retrieved from /opt/airflow/dags/pipeline_dag.py
[2026-05-08T09:18:47.509+0000] {logging_mixin.py:188} INFO - [2026-05-08T09:18:47.508+0000] {dag.py:3096} INFO - Sync 1 DAGs
[2026-05-08T09:18:47.550+0000] {logging_mixin.py:188} INFO - [2026-05-08T09:18:47.550+0000] {dag.py:3954} INFO - Setting next_dagrun for ab_test_medallion_pipeline to 2026-05-08 00:00:00+00:00, run_after=2026-05-09 00:00:00+00:00
[2026-05-08T09:18:47.589+0000] {processor.py:183} INFO - Processing /opt/airflow/dags/pipeline_dag.py took 0.335 seconds
[2026-05-08T09:19:18.083+0000] {processor.py:161} INFO - Started process (PID=12490) to work on /opt/airflow/dags/pipeline_dag.py
[2026-05-08T09:19:18.085+0000] {processor.py:830} INFO - Processing file /opt/airflow/dags/pipeline_dag.py for tasks to queue
[2026-05-08T09:19:18.087+0000] {logging_mixin.py:188} INFO - [2026-05-08T09:19:18.086+0000] {dagbag.py:545} INFO - Filling up the DagBag from /opt/airflow/dags/pipeline_dag.py
[2026-05-08T09:19:18.132+0000] {processor.py:840} INFO - DAG(s) 'ab_test_medallion_pipeline' retrieved from /opt/airflow/dags/pipeline_dag.py
[2026-05-08T09:19:18.235+0000] {logging_mixin.py:188} INFO - [2026-05-08T09:19:18.234+0000] {dag.py:3096} INFO - Sync 1 DAGs
[2026-05-08T09:19:18.312+0000] {logging_mixin.py:188} INFO - [2026-05-08T09:19:18.311+0000] {dag.py:3954} INFO - Setting next_dagrun for ab_test_medallion_pipeline to 2026-05-08 00:00:00+00:00, run_after=2026-05-09 00:00:00+00:00
[2026-05-08T09:19:18.372+0000] {processor.py:183} INFO - Processing /opt/airflow/dags/pipeline_dag.py took 0.315 seconds
[2026-05-08T09:19:48.720+0000] {processor.py:161} INFO - Started process (PID=12495) to work on /opt/airflow/dags/pipeline_dag.py
[2026-05-08T09:19:48.729+0000] {processor.py:830} INFO - Processing file /opt/airflow/dags/pipeline_dag.py for tasks to queue
[2026-05-08T09:19:48.735+0000] {logging_mixin.py:188} INFO - [2026-05-08T09:19:48.733+0000] {dagbag.py:545} INFO - Filling up the DagBag from /opt/airflow/dags/pipeline_dag.py
[2026-05-08T09:19:48.862+0000] {processor.py:840} INFO - DAG(s) 'ab_test_medallion_pipeline' retrieved from /opt/airflow/dags/pipeline_dag.py
[2026-05-08T09:19:48.991+0000] {logging_mixin.py:188} INFO - [2026-05-08T09:19:48.990+0000] {dag.py:3096} INFO - Sync 1 DAGs
[2026-05-08T09:19:49.055+0000] {logging_mixin.py:188} INFO - [2026-05-08T09:19:49.055+0000] {dag.py:3954} INFO - Setting next_dagrun for ab_test_medallion_pipeline to 2026-05-08 00:00:00+00:00, run_after=2026-05-09 00:00:00+00:00
[2026-05-08T09:19:49.106+0000] {processor.py:183} INFO - Processing /opt/airflow/dags/pipeline_dag.py took 0.451 seconds
[2026-05-08T09:20:19.485+0000] {processor.py:161} INFO - Started process (PID=12500) to work on /opt/airflow/dags/pipeline_dag.py
[2026-05-08T09:20:19.488+0000] {processor.py:830} INFO - Processing file /opt/airflow/dags/pipeline_dag.py for tasks to queue
[2026-05-08T09:20:19.490+0000] {logging_mixin.py:188} INFO - [2026-05-08T09:20:19.489+0000] {dagbag.py:545} INFO - Filling up the DagBag from /opt/airflow/dags/pipeline_dag.py
[2026-05-08T09:20:19.528+0000] {processor.py:840} INFO - DAG(s) 'ab_test_medallion_pipeline' retrieved from /opt/airflow/dags/pipeline_dag.py
[2026-05-08T09:20:19.593+0000] {logging_mixin.py:188} INFO - [2026-05-08T09:20:19.592+0000] {dag.py:3096} INFO - Sync 1 DAGs
[2026-05-08T09:20:19.641+0000] {logging_mixin.py:188} INFO - [2026-05-08T09:20:19.641+0000] {dag.py:3954} INFO - Setting next_dagrun for ab_test_medallion_pipeline to 2026-05-08 00:00:00+00:00, run_after=2026-05-09 00:00:00+00:00
[2026-05-08T09:20:19.688+0000] {processor.py:183} INFO - Processing /opt/airflow/dags/pipeline_dag.py took 0.231 seconds
[2026-05-08T09:20:50.248+0000] {processor.py:161} INFO - Started process (PID=12505) to work on /opt/airflow/dags/pipeline_dag.py
[2026-05-08T09:20:50.251+0000] {processor.py:830} INFO - Processing file /opt/airflow/dags/pipeline_dag.py for tasks to queue
[2026-05-08T09:20:50.253+0000] {logging_mixin.py:188} INFO - [2026-05-08T09:20:50.252+0000] {dagbag.py:545} INFO - Filling up the DagBag from /opt/airflow/dags/pipeline_dag.py
[2026-05-08T09:20:50.301+0000] {processor.py:840} INFO - DAG(s) 'ab_test_medallion_pipeline' retrieved from /opt/airflow/dags/pipeline_dag.py
[2026-05-08T09:20:50.371+0000] {logging_mixin.py:188} INFO - [2026-05-08T09:20:50.371+0000] {dag.py:3096} INFO - Sync 1 DAGs
[2026-05-08T09:20:50.413+0000] {logging_mixin.py:188} INFO - [2026-05-08T09:20:50.413+0000] {dag.py:3954} INFO - Setting next_dagrun for ab_test_medallion_pipeline to 2026-05-08 00:00:00+00:00, run_after=2026-05-09 00:00:00+00:00
[2026-05-08T09:20:50.449+0000] {processor.py:183} INFO - Processing /opt/airflow/dags/pipeline_dag.py took 0.230 seconds
[2026-05-08T09:21:20.842+0000] {processor.py:161} INFO - Started process (PID=12510) to work on /opt/airflow/dags/pipeline_dag.py
[2026-05-08T09:21:20.852+0000] {processor.py:830} INFO - Processing file /opt/airflow/dags/pipeline_dag.py for tasks to queue
[2026-05-08T09:21:20.862+0000] {logging_mixin.py:188} INFO - [2026-05-08T09:21:20.858+0000] {dagbag.py:545} INFO - Filling up the DagBag from /opt/airflow/dags/pipeline_dag.py
[2026-05-08T09:21:20.963+0000] {processor.py:840} INFO - DAG(s) 'ab_test_medallion_pipeline' retrieved from /opt/airflow/dags/pipeline_dag.py
[2026-05-08T09:21:21.108+0000] {logging_mixin.py:188} INFO - [2026-05-08T09:21:21.107+0000] {dag.py:3096} INFO - Sync 1 DAGs
[2026-05-08T09:21:21.194+0000] {logging_mixin.py:188} INFO - [2026-05-08T09:21:21.193+0000] {dag.py:3954} INFO - Setting next_dagrun for ab_test_medallion_pipeline to 2026-05-08 00:00:00+00:00, run_after=2026-05-09 00:00:00+00:00
[2026-05-08T09:21:21.244+0000] {processor.py:183} INFO - Processing /opt/airflow/dags/pipeline_dag.py took 0.460 seconds
[2026-05-08T09:21:51.476+0000] {processor.py:161} INFO - Started process (PID=12515) to work on /opt/airflow/dags/pipeline_dag.py
[2026-05-08T09:21:51.481+0000] {processor.py:830} INFO - Processing file /opt/airflow/dags/pipeline_dag.py for tasks to queue
[2026-05-08T09:21:51.488+0000] {logging_mixin.py:188} INFO - [2026-05-08T09:21:51.485+0000] {dagbag.py:545} INFO - Filling up the DagBag from /opt/airflow/dags/pipeline_dag.py
[2026-05-08T09:21:51.565+0000] {processor.py:840} INFO - DAG(s) 'ab_test_medallion_pipeline' retrieved from /opt/airflow/dags/pipeline_dag.py
[2026-05-08T09:21:51.646+0000] {logging_mixin.py:188} INFO - [2026-05-08T09:21:51.645+0000] {dag.py:3096} INFO - Sync 1 DAGs
[2026-05-08T09:21:51.697+0000] {logging_mixin.py:188} INFO - [2026-05-08T09:21:51.697+0000] {dag.py:3954} INFO - Setting next_dagrun for ab_test_medallion_pipeline to 2026-05-08 00:00:00+00:00, run_after=2026-05-09 00:00:00+00:00
[2026-05-08T09:21:51.733+0000] {processor.py:183} INFO - Processing /opt/airflow/dags/pipeline_dag.py took 0.285 seconds
[2026-05-08T09:22:22.006+0000] {processor.py:161} INFO - Started process (PID=12520) to work on /opt/airflow/dags/pipeline_dag.py
[2026-05-08T09:22:22.015+0000] {processor.py:830} INFO - Processing file /opt/airflow/dags/pipeline_dag.py for tasks to queue
[2026-05-08T09:22:22.022+0000] {logging_mixin.py:188} INFO - [2026-05-08T09:22:22.020+0000] {dagbag.py:545} INFO - Filling up the DagBag from /opt/airflow/dags/pipeline_dag.py
[2026-05-08T09:22:22.103+0000] {processor.py:840} INFO - DAG(s) 'ab_test_medallion_pipeline' retrieved from /opt/airflow/dags/pipeline_dag.py
[2026-05-08T09:22:22.226+0000] {logging_mixin.py:188} INFO - [2026-05-08T09:22:22.226+0000] {dag.py:3096} INFO - Sync 1 DAGs
[2026-05-08T09:22:22.290+0000] {logging_mixin.py:188} INFO - [2026-05-08T09:22:22.290+0000] {dag.py:3954} INFO - Setting next_dagrun for ab_test_medallion_pipeline to 2026-05-08 00:00:00+00:00, run_after=2026-05-09 00:00:00+00:00
[2026-05-08T09:22:22.338+0000] {processor.py:183} INFO - Processing /opt/airflow/dags/pipeline_dag.py took 0.386 seconds
[2026-05-08T09:22:52.638+0000] {processor.py:161} INFO - Started process (PID=12525) to work on /opt/airflow/dags/pipeline_dag.py
[2026-05-08T09:22:52.640+0000] {processor.py:830} INFO - Processing file /opt/airflow/dags/pipeline_dag.py for tasks to queue
[2026-05-08T09:22:52.642+0000] {logging_mixin.py:188} INFO - [2026-05-08T09:22:52.641+0000] {dagbag.py:545} INFO - Filling up the DagBag from /opt/airflow/dags/pipeline_dag.py
[2026-05-08T09:22:52.722+0000] {processor.py:840} INFO - DAG(s) 'ab_test_medallion_pipeline' retrieved from /opt/airflow/dags/pipeline_dag.py
[2026-05-08T09:22:52.885+0000] {logging_mixin.py:188} INFO - [2026-05-08T09:22:52.884+0000] {dag.py:3096} INFO - Sync 1 DAGs
[2026-05-08T09:22:53.042+0000] {logging_mixin.py:188} INFO - [2026-05-08T09:22:53.036+0000] {dag.py:3954} INFO - Setting next_dagrun for ab_test_medallion_pipeline to 2026-05-08 00:00:00+00:00, run_after=2026-05-09 00:00:00+00:00
[2026-05-08T09:22:53.115+0000] {processor.py:183} INFO - Processing /opt/airflow/dags/pipeline_dag.py took 0.497 seconds
[2026-05-08T09:23:23.323+0000] {processor.py:161} INFO - Started process (PID=12530) to work on /opt/airflow/dags/pipeline_dag.py
[2026-05-08T09:23:23.327+0000] {processor.py:830} INFO - Processing file /opt/airflow/dags/pipeline_dag.py for tasks to queue
[2026-05-08T09:23:23.331+0000] {logging_mixin.py:188} INFO - [2026-05-08T09:23:23.330+0000] {dagbag.py:545} INFO - Filling up the DagBag from /opt/airflow/dags/pipeline_dag.py
[2026-05-08T09:23:23.388+0000] {processor.py:840} INFO - DAG(s) 'ab_test_medallion_pipeline' retrieved from /opt/airflow/dags/pipeline_dag.py
[2026-05-08T09:23:23.464+0000] {logging_mixin.py:188} INFO - [2026-05-08T09:23:23.463+0000] {dag.py:3096} INFO - Sync 1 DAGs
[2026-05-08T09:23:23.527+0000] {logging_mixin.py:188} INFO - [2026-05-08T09:23:23.526+0000] {dag.py:3954} INFO - Setting next_dagrun for ab_test_medallion_pipeline to 2026-05-08 00:00:00+00:00, run_after=2026-05-09 00:00:00+00:00
[2026-05-08T09:23:23.574+0000] {processor.py:183} INFO - Processing /opt/airflow/dags/pipeline_dag.py took 0.282 seconds
[2026-05-08T09:23:54.158+0000] {processor.py:161} INFO - Started process (PID=12535) to work on /opt/airflow/dags/pipeline_dag.py
[2026-05-08T09:23:54.160+0000] {processor.py:830} INFO - Processing file /opt/airflow/dags/pipeline_dag.py for tasks to queue
[2026-05-08T09:23:54.162+0000] {logging_mixin.py:188} INFO - [2026-05-08T09:23:54.161+0000] {dagbag.py:545} INFO - Filling up the DagBag from /opt/airflow/dags/pipeline_dag.py
[2026-05-08T09:23:54.197+0000] {processor.py:840} INFO - DAG(s) 'ab_test_medallion_pipeline' retrieved from /opt/airflow/dags/pipeline_dag.py
[2026-05-08T09:23:54.262+0000] {logging_mixin.py:188} INFO - [2026-05-08T09:23:54.262+0000] {dag.py:3096} INFO - Sync 1 DAGs
[2026-05-08T09:23:54.313+0000] {logging_mixin.py:188} INFO - [2026-05-08T09:23:54.313+0000] {dag.py:3954} INFO - Setting next_dagrun for ab_test_medallion_pipeline to 2026-05-08 00:00:00+00:00, run_after=2026-05-09 00:00:00+00:00
[2026-05-08T09:23:54.364+0000] {processor.py:183} INFO - Processing /opt/airflow/dags/pipeline_dag.py took 0.224 seconds
[2026-05-08T09:24:24.613+0000] {processor.py:161} INFO - Started process (PID=12540) to work on /opt/airflow/dags/pipeline_dag.py
[2026-05-08T09:24:24.620+0000] {processor.py:830} INFO - Processing file /opt/airflow/dags/pipeline_dag.py for tasks to queue
[2026-05-08T09:24:24.626+0000] {logging_mixin.py:188} INFO - [2026-05-08T09:24:24.623+0000] {dagbag.py:545} INFO - Filling up the DagBag from /opt/airflow/dags/pipeline_dag.py
[2026-05-08T09:24:24.689+0000] {processor.py:840} INFO - DAG(s) 'ab_test_medallion_pipeline' retrieved from /opt/airflow/dags/pipeline_dag.py
[2026-05-08T09:24:24.758+0000] {logging_mixin.py:188} INFO - [2026-05-08T09:24:24.757+0000] {dag.py:3096} INFO - Sync 1 DAGs
[2026-05-08T09:24:24.805+0000] {logging_mixin.py:188} INFO - [2026-05-08T09:24:24.804+0000] {dag.py:3954} INFO - Setting next_dagrun for ab_test_medallion_pipeline to 2026-05-08 00:00:00+00:00, run_after=2026-05-09 00:00:00+00:00
[2026-05-08T09:24:24.839+0000] {processor.py:183} INFO - Processing /opt/airflow/dags/pipeline_dag.py took 0.260 seconds
[2026-05-08T09:24:55.179+0000] {processor.py:161} INFO - Started process (PID=12545) to work on /opt/airflow/dags/pipeline_dag.py
[2026-05-08T09:24:55.181+0000] {processor.py:830} INFO - Processing file /opt/airflow/dags/pipeline_dag.py for tasks to queue
[2026-05-08T09:24:55.184+0000] {logging_mixin.py:188} INFO - [2026-05-08T09:24:55.183+0000] {dagbag.py:545} INFO - Filling up the DagBag from /opt/airflow/dags/pipeline_dag.py
[2026-05-08T09:24:55.222+0000] {processor.py:840} INFO - DAG(s) 'ab_test_medallion_pipeline' retrieved from /opt/airflow/dags/pipeline_dag.py
[2026-05-08T09:24:55.314+0000] {logging_mixin.py:188} INFO - [2026-05-08T09:24:55.313+0000] {dag.py:3096} INFO - Sync 1 DAGs
[2026-05-08T09:24:55.467+0000] {logging_mixin.py:188} INFO - [2026-05-08T09:24:55.467+0000] {dag.py:3954} INFO - Setting next_dagrun for ab_test_medallion_pipeline to 2026-05-08 00:00:00+00:00, run_after=2026-05-09 00:00:00+00:00
[2026-05-08T09:24:55.108+0000] {processor.py:183} INFO - Processing /opt/airflow/dags/pipeline_dag.py took 0.411 seconds
[2026-05-08T09:25:25.785+0000] {processor.py:161} INFO - Started process (PID=12550) to work on /opt/airflow/dags/pipeline_dag.py
[2026-05-08T09:25:25.797+0000] {processor.py:830} INFO - Processing file /opt/airflow/dags/pipeline_dag.py for tasks to queue
[2026-05-08T09:25:25.803+0000] {logging_mixin.py:188} INFO - [2026-05-08T09:25:25.801+0000] {dagbag.py:545} INFO - Filling up the DagBag from /opt/airflow/dags/pipeline_dag.py
[2026-05-08T09:25:25.927+0000] {processor.py:840} INFO - DAG(s) 'ab_test_medallion_pipeline' retrieved from /opt/airflow/dags/pipeline_dag.py
[2026-05-08T09:25:26.083+0000] {logging_mixin.py:188} INFO - [2026-05-08T09:25:26.082+0000] {dag.py:3096} INFO - Sync 1 DAGs
[2026-05-08T09:25:26.136+0000] {logging_mixin.py:188} INFO - [2026-05-08T09:25:26.136+0000] {dag.py:3954} INFO - Setting next_dagrun for ab_test_medallion_pipeline to 2026-05-08 00:00:00+00:00, run_after=2026-05-09 00:00:00+00:00
[2026-05-08T09:25:26.168+0000] {processor.py:183} INFO - Processing /opt/airflow/dags/pipeline_dag.py took 0.492 seconds
[2026-05-08T09:25:56.513+0000] {processor.py:161} INFO - Started process (PID=12555) to work on /opt/airflow/dags/pipeline_dag.py
[2026-05-08T09:25:56.515+0000] {processor.py:830} INFO - Processing file /opt/airflow/dags/pipeline_dag.py for tasks to queue
[2026-05-08T09:25:56.516+0000] {logging_mixin.py:188} INFO - [2026-05-08T09:25:56.515+0000] {dagbag.py:545} INFO - Filling up the DagBag from /opt/airflow/dags/pipeline_dag.py
[2026-05-08T09:25:56.548+0000] {processor.py:840} INFO - DAG(s) 'ab_test_medallion_pipeline' retrieved from /opt/airflow/dags/pipeline_dag.py
[2026-05-08T09:25:56.614+0000] {logging_mixin.py:188} INFO - [2026-05-08T09:25:56.614+0000] {dag.py:3096} INFO - Sync 1 DAGs
[2026-05-08T09:25:56.654+0000] {logging_mixin.py:188} INFO - [2026-05-08T09:25:56.653+0000] {dag.py:3954} INFO - Setting next_dagrun for ab_test_medallion_pipeline to 2026-05-08 00:00:00+00:00, run_after=2026-05-09 00:00:00+00:00
[2026-05-08T09:25:56.691+0000] {processor.py:183} INFO - Processing /opt/airflow/dags/pipeline_dag.py took 0.201 seconds
[2026-05-08T09:26:27.266+0000] {processor.py:161} INFO - Started process (PID=12560) to work on /opt/airflow/dags/pipeline_dag.py
[2026-05-08T09:26:27.269+0000] {processor.py:830} INFO - Processing file /opt/airflow/dags/pipeline_dag.py for tasks to queue
[2026-05-08T09:26:27.272+0000] {logging_mixin.py:188} INFO - [2026-05-08T09:26:27.271+0000] {dagbag.py:545} INFO - Filling up the DagBag from /opt/airflow/dags/pipeline_dag.py
[2026-05-08T09:26:27.303+0000] {processor.py:840} INFO - DAG(s) 'ab_test_medallion_pipeline' retrieved from /opt/airflow/dags/pipeline_dag.py
[2026-05-08T09:26:27.370+0000] {logging_mixin.py:188} INFO - [2026-05-08T09:26:27.369+0000] {dag.py:3096} INFO - Sync 1 DAGs
[2026-05-08T09:26:27.410+0000] {logging_mixin.py:188} INFO - [2026-05-08T09:26:27.410+0000] {dag.py:3954} INFO - Setting next_dagrun for ab_test_medallion_pipeline to 2026-05-08 00:00:00+00:00, run_after=2026-05-09 00:00:00+00:00
[2026-05-08T09:26:27.448+0000] {processor.py:183} INFO - Processing /opt/airflow/dags/pipeline_dag.py took 0.205 seconds
[2026-05-08T09:26:57.821+0000] {processor.py:161} INFO - Started process (PID=12565) to work on /opt/airflow/dags/pipeline_dag.py
[2026-05-08T09:26:57.828+0000] {processor.py:830} INFO - Processing file /opt/airflow/dags/pipeline_dag.py for tasks to queue
[2026-05-08T09:26:57.831+0000] {logging_mixin.py:188} INFO - [2026-05-08T09:26:57.830+0000] {dagbag.py:545} INFO - Filling up the DagBag from /opt/airflow/dags/pipeline_dag.py
[2026-05-08T09:26:57.916+0000] {processor.py:840} INFO - DAG(s) 'ab_test_medallion_pipeline' retrieved from /opt/airflow/dags/pipeline_dag.py
[2026-05-08T09:26:58.046+0000] {logging_mixin.py:188} INFO - [2026-05-08T09:26:58.045+0000] {dag.py:3096} INFO - Sync 1 DAGs
[2026-05-08T09:26:58.160+0000] {logging_mixin.py:188} INFO - [2026-05-08T09:26:58.158+0000] {dag.py:3954} INFO - Setting next_dagrun for ab_test_medallion_pipeline to 2026-05-08 00:00:00+00:00, run_after=2026-05-09 00:00:00+00:00
[2026-05-08T09:26:58.247+0000] {processor.py:183} INFO - Processing /opt/airflow/dags/pipeline_dag.py took 0.458 seconds
[2026-05-08T09:27:28.986+0000] {processor.py:161} INFO - Started process (PID=12570) to work on /opt/airflow/dags/pipeline_dag.py
[2026-05-08T09:27:28.989+0000] {processor.py:830} INFO - Processing file /opt/airflow/dags/pipeline_dag.py for tasks to queue
[2026-05-08T09:27:28.992+0000] {logging_mixin.py:188} INFO - [2026-05-08T09:27:28.991+0000] {dagbag.py:545} INFO - Filling up the DagBag from /opt/airflow/dags/pipeline_dag.py
[2026-05-08T09:27:29.039+0000] {processor.py:840} INFO - DAG(s) 'ab_test_medallion_pipeline' retrieved from /opt/airflow/dags/pipeline_dag.py
[2026-05-08T09:27:29.121+0000] {logging_mixin.py:188} INFO - [2026-05-08T09:27:29.121+0000] {dag.py:3096} INFO - Sync 1 DAGs
[2026-05-08T09:27:29.161+0000] {logging_mixin.py:188} INFO - [2026-05-08T09:27:29.160+0000] {dag.py:3954} INFO - Setting next_dagrun for ab_test_medallion_pipeline to 2026-05-08 00:00:00+00:00, run_after=2026-05-09 00:00:00+00:00
[2026-05-08T09:27:29.199+0000] {processor.py:183} INFO - Processing /opt/airflow/dags/pipeline_dag.py took 0.248 seconds
[2026-05-08T09:27:59.358+0000] {processor.py:161} INFO - Started process (PID=12575) to work on /opt/airflow/dags/pipeline_dag.py
[2026-05-08T09:27:59.364+0000] {processor.py:830} INFO - Processing file /opt/airflow/dags/pipeline_dag.py for tasks to queue
[2026-05-08T09:27:59.368+0000] {logging_mixin.py:188} INFO - [2026-05-08T09:27:59.366+0000] {dagbag.py:545} INFO - Filling up the DagBag from /opt/airflow/dags/pipeline_dag.py
[2026-05-08T09:27:59.433+0000] {processor.py:840} INFO - DAG(s) 'ab_test_medallion_pipeline' retrieved from /opt/airflow/dags/pipeline_dag.py
[2026-05-08T09:27:59.534+0000] {logging_mixin.py:188} INFO - [2026-05-08T09:27:59.534+0000] {dag.py:3096} INFO - Sync 1 DAGs
[2026-05-08T09:27:59.576+0000] {logging_mixin.py:188} INFO - [2026-05-08T09:27:59.575+0000] {dag.py:3954} INFO - Setting next_dagrun for ab_test_medallion_pipeline to 2026-05-08 00:00:00+00:00, run_after=2026-05-09 00:00:00+00:00
[2026-05-08T09:27:59.612+0000] {processor.py:183} INFO - Processing /opt/airflow/dags/pipeline_dag.py took 0.283 seconds
[2026-05-08T09:28:29.948+0000] {processor.py:161} INFO - Started process (PID=12580) to work on /opt/airflow/dags/pipeline_dag.py
[2026-05-08T09:28:29.953+0000] {processor.py:830} INFO - Processing file /opt/airflow/dags/pipeline_dag.py for tasks to queue
[2026-05-08T09:28:29.956+0000] {logging_mixin.py:188} INFO - [2026-05-08T09:28:29.955+0000] {dagbag.py:545} INFO - Filling up the DagBag from /opt/airflow/dags/pipeline_dag.py
[2026-05-08T09:28:29.989+0000] {processor.py:840} INFO - DAG(s) 'ab_test_medallion_pipeline' retrieved from /opt/airflow/dags/pipeline_dag.py
[2026-05-08T09:28:30.054+0000] {logging_mixin.py:188} INFO - [2026-05-08T09:28:30.053+0000] {dag.py:3096} INFO - Sync 1 DAGs
[2026-05-08T09:28:30.093+0000] {logging_mixin.py:188} INFO - [2026-05-08T09:28:30.092+0000] {dag.py:3954} INFO - Setting next_dagrun for ab_test_medallion_pipeline to 2026-05-08 00:00:00+00:00, run_after=2026-05-09 00:00:00+00:00
[2026-05-08T09:28:30.144+0000] {processor.py:183} INFO - Processing /opt/airflow/dags/pipeline_dag.py took 0.228 seconds
[2026-05-08T09:29:00.665+0000] {processor.py:161} INFO - Started process (PID=12585) to work on /opt/airflow/dags/pipeline_dag.py
[2026-05-08T09:29:00.668+0000] {processor.py:830} INFO - Processing file /opt/airflow/dags/pipeline_dag.py for tasks to queue
[2026-05-08T09:29:00.670+0000] {logging_mixin.py:188} INFO - [2026-05-08T09:29:00.669+0000] {dagbag.py:545} INFO - Filling up the DagBag from /opt/airflow/dags/pipeline_dag.py
[2026-05-08T09:29:00.711+0000] {processor.py:840} INFO - DAG(s) 'ab_test_medallion_pipeline' retrieved from /opt/airflow/dags/pipeline_dag.py
[2026-05-08T09:29:00.804+0000] {logging_mixin.py:188} INFO - [2026-05-08T09:29:00.803+0000] {dag.py:3096} INFO - Sync 1 DAGs
[2026-05-08T09:29:00.859+0000] {logging_mixin.py:188} INFO - [2026-05-08T09:29:00.858+0000] {dag.py:3954} INFO - Setting next_dagrun for ab_test_medallion_pipeline to 2026-05-08 00:00:00+00:00, run_after=2026-05-09 00:00:00+00:00
[2026-05-08T09:29:00.896+0000] {processor.py:183} INFO - Processing /opt/airflow/dags/pipeline_dag.py took 0.251 seconds
[2026-05-08T09:29:31.264+0000] {processor.py:161} INFO - Started process (PID=12590) to work on /opt/airflow/dags/pipeline_dag.py
[2026-05-08T09:29:31.270+0000] {processor.py:830} INFO - Processing file /opt/airflow/dags/pipeline_dag.py for tasks to queue
[2026-05-08T09:29:31.273+0000] {logging_mixin.py:188} INFO - [2026-05-08T09:29:31.272+0000] {dagbag.py:545} INFO - Filling up the DagBag from /opt/airflow/dags/pipeline_dag.py
[2026-05-08T09:29:31.319+0000] {processor.py:840} INFO - DAG(s) 'ab_test_medallion_pipeline' retrieved from /opt/airflow/dags/pipeline_dag.py
[2026-05-08T09:29:31.406+0000] {logging_mixin.py:188} INFO - [2026-05-08T09:29:31.405+0000] {dag.py:3096} INFO - Sync 1 DAGs
[2026-05-08T09:29:31.468+0000] {logging_mixin.py:188} INFO - [2026-05-08T09:29:31.468+0000] {dag.py:3954} INFO - Setting next_dagrun for ab_test_medallion_pipeline to 2026-05-08 00:00:00+00:00, run_after=2026-05-09 00:00:00+00:00
[2026-05-08T09:29:31.560+0000] {processor.py:183} INFO - Processing /opt/airflow/dags/pipeline_dag.py took 0.342 seconds
[2026-05-08T09:30:02.003+0000] {processor.py:161} INFO - Started process (PID=12595) to work on /opt/airflow/dags/pipeline_dag.py
[2026-05-08T09:30:02.007+0000] {processor.py:830} INFO - Processing file /opt/airflow/dags/pipeline_dag.py for tasks to queue
[2026-05-08T09:30:02.010+0000] {logging_mixin.py:188} INFO - [2026-05-08T09:30:02.009+0000] {dagbag.py:545} INFO - Filling up the DagBag from /opt/airflow/dags/pipeline_dag.py
[2026-05-08T09:30:02.063+0000] {processor.py:840} INFO - DAG(s) 'ab_test_medallion_pipeline' retrieved from /opt/airflow/dags/pipeline_dag.py
[2026-05-08T09:30:02.138+0000] {logging_mixin.py:188} INFO - [2026-05-08T09:30:02.138+0000] {dag.py:3096} INFO - Sync 1 DAGs
[2026-05-08T09:30:02.179+0000] {logging_mixin.py:188} INFO - [2026-05-08T09:30:02.178+0000] {dag.py:3954} INFO - Setting next_dagrun for ab_test_medallion_pipeline to 2026-05-08 00:00:00+00:00, run_after=2026-05-09 00:00:00+00:00
[2026-05-08T09:30:02.223+0000] {processor.py:183} INFO - Processing /opt/airflow/dags/pipeline_dag.py took 0.268 seconds
[2026-05-08T09:30:32.689+0000] {processor.py:161} INFO - Started process (PID=12600) to work on /opt/airflow/dags/pipeline_dag.py
[2026-05-08T09:30:32.697+0000] {processor.py:830} INFO - Processing file /opt/airflow/dags/pipeline_dag.py for tasks to queue
[2026-05-08T09:30:32.703+0000] {logging_mixin.py:188} INFO - [2026-05-08T09:30:32.699+0000] {dagbag.py:545} INFO - Filling up the DagBag from /opt/airflow/dags/pipeline_dag.py
[2026-05-08T09:30:32.792+0000] {processor.py:840} INFO - DAG(s) 'ab_test_medallion_pipeline' retrieved from /opt/airflow/dags/pipeline_dag.py
[2026-05-08T09:30:32.914+0000] {logging_mixin.py:188} INFO - [2026-05-08T09:30:32.913+0000] {dag.py:3096} INFO - Sync 1 DAGs
[2026-05-08T09:30:32.995+0000] {logging_mixin.py:188} INFO - [2026-05-08T09:30:32.994+0000] {dag.py:3954} INFO - Setting next_dagrun for ab_test_medallion_pipeline to 2026-05-08 00:00:00+00:00, run_after=2026-05-09 00:00:00+00:00
[2026-05-08T09:30:33.042+0000] {processor.py:183} INFO - Processing /opt/airflow/dags/pipeline_dag.py took 0.403 seconds
[2026-05-08T09:31:03.309+0000] {processor.py:161} INFO - Started process (PID=12605) to work on /opt/airflow/dags/pipeline_dag.py
[2026-05-08T09:31:03.312+0000] {processor.py:830} INFO - Processing file /opt/airflow/dags/pipeline_dag.py for tasks to queue
[2026-05-08T09:31:03.315+0000] {logging_mixin.py:188} INFO - [2026-05-08T09:31:03.313+0000] {dagbag.py:545} INFO - Filling up the DagBag from /opt/airflow/dags/pipeline_dag.py
[2026-05-08T09:31:03.358+0000] {processor.py:840} INFO - DAG(s) 'ab_test_medallion_pipeline' retrieved from /opt/airflow/dags/pipeline_dag.py
[2026-05-08T09:31:03.412+0000] {logging_mixin.py:188} INFO - [2026-05-08T09:31:03.412+0000] {dag.py:3096} INFO - Sync 1 DAGs
[2026-05-08T09:31:03.459+0000] {logging_mixin.py:188} INFO - [2026-05-08T09:31:03.458+0000] {dag.py:3954} INFO - Setting next_dagrun for ab_test_medallion_pipeline to 2026-05-08 00:00:00+00:00, run_after=2026-05-09 00:00:00+00:00
[2026-05-08T09:31:03.502+0000] {processor.py:183} INFO - Processing /opt/airflow/dags/pipeline_dag.py took 0.238 seconds
[2026-05-08T09:31:33.861+0000] {processor.py:161} INFO - Started process (PID=12610) to work on /opt/airflow/dags/pipeline_dag.py
[2026-05-08T09:31:33.868+0000] {processor.py:830} INFO - Processing file /opt/airflow/dags/pipeline_dag.py for tasks to queue
[2026-05-08T09:31:33.871+0000] {logging_mixin.py:188} INFO - [2026-05-08T09:31:33.870+0000] {dagbag.py:545} INFO - Filling up the DagBag from /opt/airflow/dags/pipeline_dag.py
[2026-05-08T09:31:33.937+0000] {processor.py:840} INFO - DAG(s) 'ab_test_medallion_pipeline' retrieved from /opt/airflow/dags/pipeline_dag.py
[2026-05-08T09:31:34.060+0000] {logging_mixin.py:188} INFO - [2026-05-08T09:31:34.059+0000] {dag.py:3096} INFO - Sync 1 DAGs
[2026-05-08T09:31:34.140+0000] {logging_mixin.py:188} INFO - [2026-05-08T09:31:34.140+0000] {dag.py:3954} INFO - Setting next_dagrun for ab_test_medallion_pipeline to 2026-05-08 00:00:00+00:00, run_after=2026-05-09 00:00:00+00:00
[2026-05-08T09:31:34.189+0000] {processor.py:183} INFO - Processing /opt/airflow/dags/pipeline_dag.py took 0.394 seconds
[2026-05-08T09:32:04.522+0000] {processor.py:161} INFO - Started process (PID=12615) to work on /opt/airflow/dags/pipeline_dag.py
[2026-05-08T09:32:04.524+0000] {processor.py:830} INFO - Processing file /opt/airflow/dags/pipeline_dag.py for tasks to queue
[2026-05-08T09:32:04.526+0000] {logging_mixin.py:188} INFO - [2026-05-08T09:32:04.526+0000] {dagbag.py:545} INFO - Filling up the DagBag from /opt/airflow/dags/pipeline_dag.py
[2026-05-08T09:32:04.558+0000] {processor.py:840} INFO - DAG(s) 'ab_test_medallion_pipeline' retrieved from /opt/airflow/dags/pipeline_dag.py
[2026-05-08T09:32:04.609+0000] {logging_mixin.py:188} INFO - [2026-05-08T09:32:04.608+0000] {dag.py:3096} INFO - Sync 1 DAGs
[2026-05-08T09:32:04.643+0000] {logging_mixin.py:188} INFO - [2026-05-08T09:32:04.643+0000] {dag.py:3954} INFO - Setting next_dagrun for ab_test_medallion_pipeline to 2026-05-08 00:00:00+00:00, run_after=2026-05-09 00:00:00+00:00
[2026-05-08T09:32:04.681+0000] {processor.py:183} INFO - Processing /opt/airflow/dags/pipeline_dag.py took 0.177 seconds
[2026-05-08T09:32:35.289+0000] {processor.py:161} INFO - Started process (PID=12620) to work on /opt/airflow/dags/pipeline_dag.py
[2026-05-08T09:32:35.294+0000] {processor.py:830} INFO - Processing file /opt/airflow/dags/pipeline_dag.py for tasks to queue
[2026-05-08T09:32:35.297+0000] {logging_mixin.py:188} INFO - [2026-05-08T09:32:35.296+0000] {dagbag.py:545} INFO - Filling up the DagBag from /opt/airflow/dags/pipeline_dag.py
[2026-05-08T09:32:35.342+0000] {processor.py:840} INFO - DAG(s) 'ab_test_medallion_pipeline' retrieved from /opt/airflow/dags/pipeline_dag.py
[2026-05-08T09:32:35.416+0000] {logging_mixin.py:188} INFO - [2026-05-08T09:32:35.416+0000] {dag.py:3096} INFO - Sync 1 DAGs
[2026-05-08T09:32:35.479+0000] {logging_mixin.py:188} INFO - [2026-05-08T09:32:35.478+0000] {dag.py:3954} INFO - Setting next_dagrun for ab_test_medallion_pipeline to 2026-05-08 00:00:00+00:00, run_after=2026-05-09 00:00:00+00:00
[2026-05-08T09:32:35.517+0000] {processor.py:183} INFO - Processing /opt/airflow/dags/pipeline_dag.py took 0.249 seconds
[2026-05-08T09:33:05.893+0000] {processor.py:161} INFO - Started process (PID=12625) to work on /opt/airflow/dags/pipeline_dag.py
[2026-05-08T09:33:05.896+0000] {processor.py:830} INFO - Processing file /opt/airflow/dags/pipeline_dag.py for tasks to queue
[2026-05-08T09:33:05.901+0000] {logging_mixin.py:188} INFO - [2026-05-08T09:33:05.899+0000] {dagbag.py:545} INFO - Filling up the DagBag from /opt/airflow/dags/pipeline_dag.py
[2026-05-08T09:33:05.979+0000] {processor.py:840} INFO - DAG(s) 'ab_test_medallion_pipeline' retrieved from /opt/airflow/dags/pipeline_dag.py
[2026-05-08T09:33:06.148+0000] {logging_mixin.py:188} INFO - [2026-05-08T09:33:06.147+0000] {dag.py:3096} INFO - Sync 1 DAGs
[2026-05-08T09:33:06.188+0000] {logging_mixin.py:188} INFO - [2026-05-08T09:33:06.188+0000] {dag.py:3954} INFO - Setting next_dagrun for ab_test_medallion_pipeline to 2026-05-08 00:00:00+00:00, run_after=2026-05-09 00:00:00+00:00
[2026-05-08T09:33:06.227+0000] {processor.py:183} INFO - Processing /opt/airflow/dags/pipeline_dag.py took 0.394 seconds
[2026-05-08T09:33:36.637+0000] {processor.py:161} INFO - Started process (PID=12630) to work on /opt/airflow/dags/pipeline_dag.py
[2026-05-08T09:33:36.640+0000] {processor.py:830} INFO - Processing file /opt/airflow/dags/pipeline_dag.py for tasks to queue
[2026-05-08T09:33:36.642+0000] {logging_mixin.py:188} INFO - [2026-05-08T09:33:36.641+0000] {dagbag.py:545} INFO - Filling up the DagBag from /opt/airflow/dags/pipeline_dag.py
[2026-05-08T09:33:36.684+0000] {processor.py:840} INFO - DAG(s) 'ab_test_medallion_pipeline' retrieved from /opt/airflow/dags/pipeline_dag.py
[2026-05-08T09:33:36.746+0000] {logging_mixin.py:188} INFO - [2026-05-08T09:33:36.746+0000] {dag.py:3096} INFO - Sync 1 DAGs
[2026-05-08T09:33:36.793+0000] {logging_mixin.py:188} INFO - [2026-05-08T09:33:36.792+0000] {dag.py:3954} INFO - Setting next_dagrun for ab_test_medallion_pipeline to 2026-05-08 00:00:00+00:00, run_after=2026-05-09 00:00:00+00:00
[2026-05-08T09:33:36.835+0000] {processor.py:183} INFO - Processing /opt/airflow/dags/pipeline_dag.py took 0.214 seconds
[2026-05-08T09:34:07.094+0000] {processor.py:161} INFO - Started process (PID=12635) to work on /opt/airflow/dags/pipeline_dag.py
[2026-05-08T09:34:07.097+0000] {processor.py:830} INFO - Processing file /opt/airflow/dags/pipeline_dag.py for tasks to queue
[2026-05-08T09:34:07.101+0000] {logging_mixin.py:188} INFO - [2026-05-08T09:34:07.098+0000] {dagbag.py:545} INFO - Filling up the DagBag from /opt/airflow/dags/pipeline_dag.py
[2026-05-08T09:34:07.154+0000] {processor.py:840} INFO - DAG(s) 'ab_test_medallion_pipeline' retrieved from /opt/airflow/dags/pipeline_dag.py
[2026-05-08T09:34:07.227+0000] {logging_mixin.py:188} INFO - [2026-05-08T09:34:07.227+0000] {dag.py:3096} INFO - Sync 1 DAGs
[2026-05-08T09:34:07.289+0000] {logging_mixin.py:188} INFO - [2026-05-08T09:34:07.284+0000] {dag.py:3954} INFO - Setting next_dagrun for ab_test_medallion_pipeline to 2026-05-08 00:00:00+00:00, run_after=2026-05-09 00:00:00+00:00
[2026-05-08T09:34:07.339+0000] {processor.py:183} INFO - Processing /opt/airflow/dags/pipeline_dag.py took 0.274 seconds
[2026-05-08T09:34:37.743+0000] {processor.py:161} INFO - Started process (PID=12640) to work on /opt/airflow/dags/pipeline_dag.py
[2026-05-08T09:34:37.746+0000] {processor.py:830} INFO - Processing file /opt/airflow/dags/pipeline_dag.py for tasks to queue
[2026-05-08T09:34:37.749+0000] {logging_mixin.py:188} INFO - [2026-05-08T09:34:37.748+0000] {dagbag.py:545} INFO - Filling up the DagBag from /opt/airflow/dags/pipeline_dag.py
[2026-05-08T09:34:37.803+0000] {processor.py:840} INFO - DAG(s) 'ab_test_medallion_pipeline' retrieved from /opt/airflow/dags/pipeline_dag.py
[2026-05-08T09:34:37.912+0000] {logging_mixin.py:188} INFO - [2026-05-08T09:34:37.911+0000] {dag.py:3096} INFO - Sync 1 DAGs
[2026-05-08T09:34:37.970+0000] {logging_mixin.py:188} INFO - [2026-05-08T09:34:37.969+0000] {dag.py:3954} INFO - Setting next_dagrun for ab_test_medallion_pipeline to 2026-05-08 00:00:00+00:00, run_after=2026-05-09 00:00:00+00:00
[2026-05-08T09:34:38.016+0000] {processor.py:183} INFO - Processing /opt/airflow/dags/pipeline_dag.py took 0.292 seconds
[2026-05-08T09:35:08.389+0000] {processor.py:161} INFO - Started process (PID=12645) to work on /opt/airflow/dags/pipeline_dag.py
[2026-05-08T09:35:08.392+0000] {processor.py:830} INFO - Processing file /opt/airflow/dags/pipeline_dag.py for tasks to queue
[2026-05-08T09:35:08.394+0000] {logging_mixin.py:188} INFO - [2026-05-08T09:35:08.393+0000] {dagbag.py:545} INFO - Filling up the DagBag from /opt/airflow/dags/pipeline_dag.py
[2026-05-08T09:35:08.440+0000] {processor.py:840} INFO - DAG(s) 'ab_test_medallion_pipeline' retrieved from /opt/airflow/dags/pipeline_dag.py
[2026-05-08T09:35:08.517+0000] {logging_mixin.py:188} INFO - [2026-05-08T09:35:08.516+0000] {dag.py:3096} INFO - Sync 1 DAGs
[2026-05-08T09:35:08.579+0000] {logging_mixin.py:188} INFO - [2026-05-08T09:35:08.579+0000] {dag.py:3954} INFO - Setting next_dagrun for ab_test_medallion_pipeline to 2026-05-08 00:00:00+00:00, run_after=2026-05-09 00:00:00+00:00
[2026-05-08T09:35:08.608+0000] {processor.py:183} INFO - Processing /opt/airflow/dags/pipeline_dag.py took 0.234 seconds
[2026-05-08T09:35:39.196+0000] {processor.py:161} INFO - Started process (PID=12650) to work on /opt/airflow/dags/pipeline_dag.py
[2026-05-08T09:35:39.199+0000] {processor.py:830} INFO - Processing file /opt/airflow/dags/pipeline_dag.py for tasks to queue
[2026-05-08T09:35:39.205+0000] {logging_mixin.py:188} INFO - [2026-05-08T09:35:39.203+0000] {dagbag.py:545} INFO - Filling up the DagBag from /opt/airflow/dags/pipeline_dag.py
[2026-05-08T09:35:39.262+0000] {processor.py:840} INFO - DAG(s) 'ab_test_medallion_pipeline' retrieved from /opt/airflow/dags/pipeline_dag.py
[2026-05-08T09:35:39.373+0000] {logging_mixin.py:188} INFO - [2026-05-08T09:35:39.371+0000] {dag.py:3096} INFO - Sync 1 DAGs
[2026-05-08T09:35:39.459+0000] {logging_mixin.py:188} INFO - [2026-05-08T09:35:39.459+0000] {dag.py:3954} INFO - Setting next_dagrun for ab_test_medallion_pipeline to 2026-05-08 00:00:00+00:00, run_after=2026-05-09 00:00:00+00:00
[2026-05-08T09:35:39.502+0000] {processor.py:183} INFO - Processing /opt/airflow/dags/pipeline_dag.py took 0.364 seconds
[2026-05-08T09:36:09.826+0000] {processor.py:161} INFO - Started process (PID=12655) to work on /opt/airflow/dags/pipeline_dag.py
[2026-05-08T09:36:09.838+0000] {processor.py:830} INFO - Processing file /opt/airflow/dags/pipeline_dag.py for tasks to queue
[2026-05-08T09:36:09.849+0000] {logging_mixin.py:188} INFO - [2026-05-08T09:36:09.845+0000] {dagbag.py:545} INFO - Filling up the DagBag from /opt/airflow/dags/pipeline_dag.py
[2026-05-08T09:36:09.904+0000] {processor.py:840} INFO - DAG(s) 'ab_test_medallion_pipeline' retrieved from /opt/airflow/dags/pipeline_dag.py
[2026-05-08T09:36:10.020+0000] {logging_mixin.py:188} INFO - [2026-05-08T09:36:10.019+0000] {dag.py:3096} INFO - Sync 1 DAGs
[2026-05-08T09:36:10.106+0000] {logging_mixin.py:188} INFO - [2026-05-08T09:36:10.105+0000] {dag.py:3954} INFO - Setting next_dagrun for ab_test_medallion_pipeline to 2026-05-08 00:00:00+00:00, run_after=2026-05-09 00:00:00+00:00
[2026-05-08T09:36:10.146+0000] {processor.py:183} INFO - Processing /opt/airflow/dags/pipeline_dag.py took 0.417 seconds
[2026-05-08T09:36:40.657+0000] {processor.py:161} INFO - Started process (PID=12660) to work on /opt/airflow/dags/pipeline_dag.py
[2026-05-08T09:36:40.659+0000] {processor.py:830} INFO - Processing file /opt/airflow/dags/pipeline_dag.py for tasks to queue
[2026-05-08T09:36:40.662+0000] {logging_mixin.py:188} INFO - [2026-05-08T09:36:40.661+0000] {dagbag.py:545} INFO - Filling up the DagBag from /opt/airflow/dags/pipeline_dag.py
[2026-05-08T09:36:40.706+0000] {processor.py:840} INFO - DAG(s) 'ab_test_medallion_pipeline' retrieved from /opt/airflow/dags/pipeline_dag.py
[2026-05-08T09:36:40.780+0000] {logging_mixin.py:188} INFO - [2026-05-08T09:36:40.780+0000] {dag.py:3096} INFO - Sync 1 DAGs
[2026-05-08T09:36:40.829+0000] {logging_mixin.py:188} INFO - [2026-05-08T09:36:40.829+0000] {dag.py:3954} INFO - Setting next_dagrun for ab_test_medallion_pipeline to 2026-05-08 00:00:00+00:00, run_after=2026-05-09 00:00:00+00:00
[2026-05-08T09:36:40.863+0000] {processor.py:183} INFO - Processing /opt/airflow/dags/pipeline_dag.py took 0.234 seconds
[2026-05-08T09:37:11.284+0000] {processor.py:161} INFO - Started process (PID=12665) to work on /opt/airflow/dags/pipeline_dag.py
[2026-05-08T09:37:11.289+0000] {processor.py:830} INFO - Processing file /opt/airflow/dags/pipeline_dag.py for tasks to queue
[2026-05-08T09:37:11.292+0000] {logging_mixin.py:188} INFO - [2026-05-08T09:37:11.291+0000] {dagbag.py:545} INFO - Filling up the DagBag from /opt/airflow/dags/pipeline_dag.py
[2026-05-08T09:37:11.351+0000] {processor.py:840} INFO - DAG(s) 'ab_test_medallion_pipeline' retrieved from /opt/airflow/dags/pipeline_dag.py
[2026-05-08T09:37:11.416+0000] {logging_mixin.py:188} INFO - [2026-05-08T09:37:11.416+0000] {dag.py:3096} INFO - Sync 1 DAGs
[2026-05-08T09:37:11.461+0000] {logging_mixin.py:188} INFO - [2026-05-08T09:37:11.461+0000] {dag.py:3954} INFO - Setting next_dagrun for ab_test_medallion_pipeline to 2026-05-08 00:00:00+00:00, run_after=2026-05-09 00:00:00+00:00
[2026-05-08T09:37:11.497+0000] {processor.py:183} INFO - Processing /opt/airflow/dags/pipeline_dag.py took 0.254 seconds
[2026-05-08T09:37:42.006+0000] {processor.py:161} INFO - Started process (PID=12670) to work on /opt/airflow/dags/pipeline_dag.py
[2026-05-08T09:37:42.008+0000] {processor.py:830} INFO - Processing file /opt/airflow/dags/pipeline_dag.py for tasks to queue
[2026-05-08T09:37:42.016+0000] {logging_mixin.py:188} INFO - [2026-05-08T09:37:42.012+0000] {dagbag.py:545} INFO - Filling up the DagBag from /opt/airflow/dags/pipeline_dag.py
[2026-05-08T09:37:42.074+0000] {processor.py:840} INFO - DAG(s) 'ab_test_medallion_pipeline' retrieved from /opt/airflow/dags/pipeline_dag.py
[2026-05-08T09:37:42.170+0000] {logging_mixin.py:188} INFO - [2026-05-08T09:37:42.169+0000] {dag.py:3096} INFO - Sync 1 DAGs
[2026-05-08T09:37:42.230+0000] {logging_mixin.py:188} INFO - [2026-05-08T09:37:42.229+0000] {dag.py:3954} INFO - Setting next_dagrun for ab_test_medallion_pipeline to 2026-05-08 00:00:00+00:00, run_after=2026-05-09 00:00:00+00:00
[2026-05-08T09:37:42.278+0000] {processor.py:183} INFO - Processing /opt/airflow/dags/pipeline_dag.py took 0.303 seconds
[2026-05-08T09:38:12.625+0000] {processor.py:161} INFO - Started process (PID=12675) to work on /opt/airflow/dags/pipeline_dag.py
[2026-05-08T09:38:12.633+0000] {processor.py:830} INFO - Processing file /opt/airflow/dags/pipeline_dag.py for tasks to queue
[2026-05-08T09:38:12.637+0000] {logging_mixin.py:188} INFO - [2026-05-08T09:38:12.635+0000] {dagbag.py:545} INFO - Filling up the DagBag from /opt/airflow/dags/pipeline_dag.py
[2026-05-08T09:38:12.703+0000] {processor.py:840} INFO - DAG(s) 'ab_test_medallion_pipeline' retrieved from /opt/airflow/dags/pipeline_dag.py
[2026-05-08T09:38:12.788+0000] {logging_mixin.py:188} INFO - [2026-05-08T09:38:12.788+0000] {dag.py:3096} INFO - Sync 1 DAGs
[2026-05-08T09:38:12.825+0000] {logging_mixin.py:188} INFO - [2026-05-08T09:38:12.824+0000] {dag.py:3954} INFO - Setting next_dagrun for ab_test_medallion_pipeline to 2026-05-08 00:00:00+00:00, run_after=2026-05-09 00:00:00+00:00
[2026-05-08T09:38:12.859+0000] {processor.py:183} INFO - Processing /opt/airflow/dags/pipeline_dag.py took 0.267 seconds
[2026-05-08T09:38:43.531+0000] {processor.py:161} INFO - Started process (PID=12680) to work on /opt/airflow/dags/pipeline_dag.py
[2026-05-08T09:38:43.535+0000] {processor.py:830} INFO - Processing file /opt/airflow/dags/pipeline_dag.py for tasks to queue
[2026-05-08T09:38:43.541+0000] {logging_mixin.py:188} INFO - [2026-05-08T09:38:43.539+0000] {dagbag.py:545} INFO - Filling up the DagBag from /opt/airflow/dags/pipeline_dag.py
[2026-05-08T09:38:43.619+0000] {processor.py:840} INFO - DAG(s) 'ab_test_medallion_pipeline' retrieved from /opt/airflow/dags/pipeline_dag.py
[2026-05-08T09:38:43.687+0000] {logging_mixin.py:188} INFO - [2026-05-08T09:38:43.686+0000] {dag.py:3096} INFO - Sync 1 DAGs
[2026-05-08T09:38:43.741+0000] {logging_mixin.py:188} INFO - [2026-05-08T09:38:43.740+0000] {dag.py:3954} INFO - Setting next_dagrun for ab_test_medallion_pipeline to 2026-05-08 00:00:00+00:00, run_after=2026-05-09 00:00:00+00:00
[2026-05-08T09:38:43.787+0000] {processor.py:183} INFO - Processing /opt/airflow/dags/pipeline_dag.py took 0.298 seconds
[2026-05-08T09:39:14.115+0000] {processor.py:161} INFO - Started process (PID=12685) to work on /opt/airflow/dags/pipeline_dag.py
[2026-05-08T09:39:14.121+0000] {processor.py:830} INFO - Processing file /opt/airflow/dags/pipeline_dag.py for tasks to queue
[2026-05-08T09:39:14.125+0000] {logging_mixin.py:188} INFO - [2026-05-08T09:39:14.123+0000] {dagbag.py:545} INFO - Filling up the DagBag from /opt/airflow/dags/pipeline_dag.py
[2026-05-08T09:39:14.199+0000] {processor.py:840} INFO - DAG(s) 'ab_test_medallion_pipeline' retrieved from /opt/airflow/dags/pipeline_dag.py
[2026-05-08T09:39:14.348+0000] {logging_mixin.py:188} INFO - [2026-05-08T09:39:14.347+0000] {dag.py:3096} INFO - Sync 1 DAGs
[2026-05-08T09:39:14.459+0000] {logging_mixin.py:188} INFO - [2026-05-08T09:39:14.458+0000] {dag.py:3954} INFO - Setting next_dagrun for ab_test_medallion_pipeline to 2026-05-08 00:00:00+00:00, run_after=2026-05-09 00:00:00+00:00
[2026-05-08T09:39:14.519+0000] {processor.py:183} INFO - Processing /opt/airflow/dags/pipeline_dag.py took 0.455 seconds
[2026-05-08T09:39:44.988+0000] {processor.py:161} INFO - Started process (PID=12690) to work on /opt/airflow/dags/pipeline_dag.py
[2026-05-08T09:39:44.996+0000] {processor.py:830} INFO - Processing file /opt/airflow/dags/pipeline_dag.py for tasks to queue
[2026-05-08T09:39:45.006+0000] {logging_mixin.py:188} INFO - [2026-05-08T09:39:45.003+0000] {dagbag.py:545} INFO - Filling up the DagBag from /opt/airflow/dags/pipeline_dag.py
[2026-05-08T09:39:45.096+0000] {processor.py:840} INFO - DAG(s) 'ab_test_medallion_pipeline' retrieved from /opt/airflow/dags/pipeline_dag.py
[2026-05-08T09:39:45.246+0000] {logging_mixin.py:188} INFO - [2026-05-08T09:39:45.245+0000] {dag.py:3096} INFO - Sync 1 DAGs
[2026-05-08T09:39:45.328+0000] {logging_mixin.py:188} INFO - [2026-05-08T09:39:45.328+0000] {dag.py:3954} INFO - Setting next_dagrun for ab_test_medallion_pipeline to 2026-05-08 00:00:00+00:00, run_after=2026-05-09 00:00:00+00:00
[2026-05-08T09:39:45.390+0000] {processor.py:183} INFO - Processing /opt/airflow/dags/pipeline_dag.py took 0.460 seconds
[2026-05-08T09:40:15.691+0000] {processor.py:161} INFO - Started process (PID=12695) to work on /opt/airflow/dags/pipeline_dag.py
[2026-05-08T09:40:15.697+0000] {processor.py:830} INFO - Processing file /opt/airflow/dags/pipeline_dag.py for tasks to queue
[2026-05-08T09:40:15.700+0000] {logging_mixin.py:188} INFO - [2026-05-08T09:40:15.699+0000] {dagbag.py:545} INFO - Filling up the DagBag from /opt/airflow/dags/pipeline_dag.py
[2026-05-08T09:40:15.748+0000] {processor.py:840} INFO - DAG(s) 'ab_test_medallion_pipeline' retrieved from /opt/airflow/dags/pipeline_dag.py
[2026-05-08T09:40:15.825+0000] {logging_mixin.py:188} INFO - [2026-05-08T09:40:15.825+0000] {dag.py:3096} INFO - Sync 1 DAGs
[2026-05-08T09:40:15.882+0000] {logging_mixin.py:188} INFO - [2026-05-08T09:40:15.881+0000] {dag.py:3954} INFO - Setting next_dagrun for ab_test_medallion_pipeline to 2026-05-08 00:00:00+00:00, run_after=2026-05-09 00:00:00+00:00
[2026-05-08T09:40:15.928+0000] {processor.py:183} INFO - Processing /opt/airflow/dags/pipeline_dag.py took 0.268 seconds
[2026-05-08T09:40:46.265+0000] {processor.py:161} INFO - Started process (PID=12700) to work on /opt/airflow/dags/pipeline_dag.py
[2026-05-08T09:40:46.268+0000] {processor.py:830} INFO - Processing file /opt/airflow/dags/pipeline_dag.py for tasks to queue
[2026-05-08T09:40:46.273+0000] {logging_mixin.py:188} INFO - [2026-05-08T09:40:46.270+0000] {dagbag.py:545} INFO - Filling up the DagBag from /opt/airflow/dags/pipeline_dag.py
[2026-05-08T09:40:46.329+0000] {processor.py:840} INFO - DAG(s) 'ab_test_medallion_pipeline' retrieved from /opt/airflow/dags/pipeline_dag.py
[2026-05-08T09:40:46.422+0000] {logging_mixin.py:188} INFO - [2026-05-08T09:40:46.421+0000] {dag.py:3096} INFO - Sync 1 DAGs
[2026-05-08T09:40:46.457+0000] {logging_mixin.py:188} INFO - [2026-05-08T09:40:46.456+0000] {dag.py:3954} INFO - Setting next_dagrun for ab_test_medallion_pipeline to 2026-05-08 00:00:00+00:00, run_after=2026-05-09 00:00:00+00:00
[2026-05-08T09:40:46.493+0000] {processor.py:183} INFO - Processing /opt/airflow/dags/pipeline_dag.py took 0.264 seconds
[2026-05-08T09:49:15.402+0000] {processor.py:161} INFO - Started process (PID=12705) to work on /opt/airflow/dags/pipeline_dag.py
[2026-05-08T09:49:15.430+0000] {processor.py:830} INFO - Processing file /opt/airflow/dags/pipeline_dag.py for tasks to queue
[2026-05-08T09:49:15.918+0000] {logging_mixin.py:188} INFO - [2026-05-08T09:49:15.857+0000] {dagbag.py:545} INFO - Filling up the DagBag from /opt/airflow/dags/pipeline_dag.py
[2026-05-08T09:49:16.336+0000] {processor.py:840} INFO - DAG(s) 'ab_test_medallion_pipeline' retrieved from /opt/airflow/dags/pipeline_dag.py
[2026-05-08T09:49:47.264+0000] {processor.py:161} INFO - Started process (PID=12708) to work on /opt/airflow/dags/pipeline_dag.py
[2026-05-08T09:49:47.274+0000] {processor.py:830} INFO - Processing file /opt/airflow/dags/pipeline_dag.py for tasks to queue
[2026-05-08T09:49:47.277+0000] {logging_mixin.py:188} INFO - [2026-05-08T09:49:47.276+0000] {dagbag.py:545} INFO - Filling up the DagBag from /opt/airflow/dags/pipeline_dag.py
[2026-05-08T09:49:47.392+0000] {processor.py:840} INFO - DAG(s) 'ab_test_medallion_pipeline' retrieved from /opt/airflow/dags/pipeline_dag.py
[2026-05-08T09:49:47.691+0000] {logging_mixin.py:188} INFO - [2026-05-08T09:49:47.691+0000] {dag.py:3096} INFO - Sync 1 DAGs
[2026-05-08T09:49:48.026+0000] {logging_mixin.py:188} INFO - [2026-05-08T09:49:48.025+0000] {dag.py:3954} INFO - Setting next_dagrun for ab_test_medallion_pipeline to 2026-05-08 00:00:00+00:00, run_after=2026-05-09 00:00:00+00:00
[2026-05-08T09:49:48.234+0000] {processor.py:183} INFO - Processing /opt/airflow/dags/pipeline_dag.py took 1.033 seconds
[2026-05-08T09:50:18.740+0000] {processor.py:161} INFO - Started process (PID=12713) to work on /opt/airflow/dags/pipeline_dag.py
[2026-05-08T09:50:18.741+0000] {processor.py:830} INFO - Processing file /opt/airflow/dags/pipeline_dag.py for tasks to queue
[2026-05-08T09:50:18.743+0000] {logging_mixin.py:188} INFO - [2026-05-08T09:50:18.742+0000] {dagbag.py:545} INFO - Filling up the DagBag from /opt/airflow/dags/pipeline_dag.py
[2026-05-08T09:50:18.772+0000] {processor.py:840} INFO - DAG(s) 'ab_test_medallion_pipeline' retrieved from /opt/airflow/dags/pipeline_dag.py
[2026-05-08T09:50:18.828+0000] {logging_mixin.py:188} INFO - [2026-05-08T09:50:18.828+0000] {dag.py:3096} INFO - Sync 1 DAGs
[2026-05-08T09:50:18.867+0000] {logging_mixin.py:188} INFO - [2026-05-08T09:50:18.867+0000] {dag.py:3954} INFO - Setting next_dagrun for ab_test_medallion_pipeline to 2026-05-08 00:00:00+00:00, run_after=2026-05-09 00:00:00+00:00
[2026-05-08T09:50:18.898+0000] {processor.py:183} INFO - Processing /opt/airflow/dags/pipeline_dag.py took 0.172 seconds
[2026-05-08T09:50:49.356+0000] {processor.py:161} INFO - Started process (PID=12718) to work on /opt/airflow/dags/pipeline_dag.py
[2026-05-08T09:50:49.361+0000] {processor.py:830} INFO - Processing file /opt/airflow/dags/pipeline_dag.py for tasks to queue
[2026-05-08T09:50:49.370+0000] {logging_mixin.py:188} INFO - [2026-05-08T09:50:49.369+0000] {dagbag.py:545} INFO - Filling up the DagBag from /opt/airflow/dags/pipeline_dag.py
[2026-05-08T09:50:49.434+0000] {processor.py:840} INFO - DAG(s) 'ab_test_medallion_pipeline' retrieved from /opt/airflow/dags/pipeline_dag.py
[2026-05-08T09:50:49.517+0000] {logging_mixin.py:188} INFO - [2026-05-08T09:50:49.517+0000] {dag.py:3096} INFO - Sync 1 DAGs
[2026-05-08T09:50:49.575+0000] {logging_mixin.py:188} INFO - [2026-05-08T09:50:49.575+0000] {dag.py:3954} INFO - Setting next_dagrun for ab_test_medallion_pipeline to 2026-05-08 00:00:00+00:00, run_after=2026-05-09 00:00:00+00:00
[2026-05-08T09:50:49.628+0000] {processor.py:183} INFO - Processing /opt/airflow/dags/pipeline_dag.py took 0.401 seconds
[2026-05-08T09:51:19.806+0000] {processor.py:161} INFO - Started process (PID=12723) to work on /opt/airflow/dags/pipeline_dag.py
[2026-05-08T09:51:19.808+0000] {processor.py:830} INFO - Processing file /opt/airflow/dags/pipeline_dag.py for tasks to queue
[2026-05-08T09:51:19.811+0000] {logging_mixin.py:188} INFO - [2026-05-08T09:51:19.809+0000] {dagbag.py:545} INFO - Filling up the DagBag from /opt/airflow/dags/pipeline_dag.py
[2026-05-08T09:51:19.854+0000] {processor.py:840} INFO - DAG(s) 'ab_test_medallion_pipeline' retrieved from /opt/airflow/dags/pipeline_dag.py
[2026-05-08T09:51:19.911+0000] {logging_mixin.py:188} INFO - [2026-05-08T09:51:19.910+0000] {dag.py:3096} INFO - Sync 1 DAGs
[2026-05-08T09:51:19.947+0000] {logging_mixin.py:188} INFO - [2026-05-08T09:51:19.947+0000] {dag.py:3954} INFO - Setting next_dagrun for ab_test_medallion_pipeline to 2026-05-08 00:00:00+00:00, run_after=2026-05-09 00:00:00+00:00
[2026-05-08T09:51:19.982+0000] {processor.py:183} INFO - Processing /opt/airflow/dags/pipeline_dag.py took 0.198 seconds
[2026-05-08T09:51:50.270+0000] {processor.py:161} INFO - Started process (PID=12728) to work on /opt/airflow/dags/pipeline_dag.py
[2026-05-08T09:51:50.275+0000] {processor.py:830} INFO - Processing file /opt/airflow/dags/pipeline_dag.py for tasks to queue
[2026-05-08T09:51:50.278+0000] {logging_mixin.py:188} INFO - [2026-05-08T09:51:50.277+0000] {dagbag.py:545} INFO - Filling up the DagBag from /opt/airflow/dags/pipeline_dag.py
[2026-05-08T09:51:50.320+0000] {processor.py:840} INFO - DAG(s) 'ab_test_medallion_pipeline' retrieved from /opt/airflow/dags/pipeline_dag.py
[2026-05-08T09:51:50.395+0000] {logging_mixin.py:188} INFO - [2026-05-08T09:51:50.395+0000] {dag.py:3096} INFO - Sync 1 DAGs
[2026-05-08T09:51:50.452+0000] {logging_mixin.py:188} INFO - [2026-05-08T09:51:50.451+0000] {dag.py:3954} INFO - Setting next_dagrun for ab_test_medallion_pipeline to 2026-05-08 00:00:00+00:00, run_after=2026-05-09 00:00:00+00:00
[2026-05-08T09:51:50.504+0000] {processor.py:183} INFO - Processing /opt/airflow/dags/pipeline_dag.py took 0.260 seconds
[2026-05-08T09:52:21.003+0000] {processor.py:161} INFO - Started process (PID=12733) to work on /opt/airflow/dags/pipeline_dag.py
[2026-05-08T09:52:21.004+0000] {processor.py:830} INFO - Processing file /opt/airflow/dags/pipeline_dag.py for tasks to queue
[2026-05-08T09:52:21.006+0000] {logging_mixin.py:188} INFO - [2026-05-08T09:52:21.005+0000] {dagbag.py:545} INFO - Filling up the DagBag from /opt/airflow/dags/pipeline_dag.py
[2026-05-08T09:52:21.033+0000] {processor.py:840} INFO - DAG(s) 'ab_test_medallion_pipeline' retrieved from /opt/airflow/dags/pipeline_dag.py
[2026-05-08T09:52:21.082+0000] {logging_mixin.py:188} INFO - [2026-05-08T09:52:21.082+0000] {dag.py:3096} INFO - Sync 1 DAGs
[2026-05-08T09:52:21.126+0000] {logging_mixin.py:188} INFO - [2026-05-08T09:52:21.126+0000] {dag.py:3954} INFO - Setting next_dagrun for ab_test_medallion_pipeline to 2026-05-08 00:00:00+00:00, run_after=2026-05-09 00:00:00+00:00
[2026-05-08T09:52:21.158+0000] {processor.py:183} INFO - Processing /opt/airflow/dags/pipeline_dag.py took 0.177 seconds
[2026-05-08T09:52:51.959+0000] {processor.py:161} INFO - Started process (PID=12738) to work on /opt/airflow/dags/pipeline_dag.py
[2026-05-08T09:52:51.962+0000] {processor.py:830} INFO - Processing file /opt/airflow/dags/pipeline_dag.py for tasks to queue
[2026-05-08T09:52:51.964+0000] {logging_mixin.py:188} INFO - [2026-05-08T09:52:51.963+0000] {dagbag.py:545} INFO - Filling up the DagBag from /opt/airflow/dags/pipeline_dag.py
[2026-05-08T09:52:51.998+0000] {processor.py:840} INFO - DAG(s) 'ab_test_medallion_pipeline' retrieved from /opt/airflow/dags/pipeline_dag.py
[2026-05-08T09:52:52.079+0000] {logging_mixin.py:188} INFO - [2026-05-08T09:52:52.079+0000] {dag.py:3096} INFO - Sync 1 DAGs
[2026-05-08T09:52:52.174+0000] {logging_mixin.py:188} INFO - [2026-05-08T09:52:52.173+0000] {dag.py:3954} INFO - Setting next_dagrun for ab_test_medallion_pipeline to 2026-05-08 00:00:00+00:00, run_after=2026-05-09 00:00:00+00:00
[2026-05-08T09:52:52.228+0000] {processor.py:183} INFO - Processing /opt/airflow/dags/pipeline_dag.py took 0.286 seconds
[2026-05-08T09:53:22.660+0000] {processor.py:161} INFO - Started process (PID=12743) to work on /opt/airflow/dags/pipeline_dag.py
[2026-05-08T09:53:22.665+0000] {processor.py:830} INFO - Processing file /opt/airflow/dags/pipeline_dag.py for tasks to queue
[2026-05-08T09:53:22.669+0000] {logging_mixin.py:188} INFO - [2026-05-08T09:53:22.667+0000] {dagbag.py:545} INFO - Filling up the DagBag from /opt/airflow/dags/pipeline_dag.py
[2026-05-08T09:53:22.731+0000] {processor.py:840} INFO - DAG(s) 'ab_test_medallion_pipeline' retrieved from /opt/airflow/dags/pipeline_dag.py
[2026-05-08T09:53:22.801+0000] {logging_mixin.py:188} INFO - [2026-05-08T09:53:22.800+0000] {dag.py:3096} INFO - Sync 1 DAGs
[2026-05-08T09:53:22.900+0000] {logging_mixin.py:188} INFO - [2026-05-08T09:53:22.899+0000] {dag.py:3954} INFO - Setting next_dagrun for ab_test_medallion_pipeline to 2026-05-08 00:00:00+00:00, run_after=2026-05-09 00:00:00+00:00
[2026-05-08T09:53:22.984+0000] {processor.py:183} INFO - Processing /opt/airflow/dags/pipeline_dag.py took 0.362 seconds
[2026-05-08T09:53:53.260+0000] {processor.py:161} INFO - Started process (PID=12748) to work on /opt/airflow/dags/pipeline_dag.py
[2026-05-08T09:53:53.269+0000] {processor.py:830} INFO - Processing file /opt/airflow/dags/pipeline_dag.py for tasks to queue
[2026-05-08T09:53:53.273+0000] {logging_mixin.py:188} INFO - [2026-05-08T09:53:53.271+0000] {dagbag.py:545} INFO - Filling up the DagBag from /opt/airflow/dags/pipeline_dag.py
[2026-05-08T09:53:53.337+0000] {processor.py:840} INFO - DAG(s) 'ab_test_medallion_pipeline' retrieved from /opt/airflow/dags/pipeline_dag.py
[2026-05-08T09:53:53.407+0000] {logging_mixin.py:188} INFO - [2026-05-08T09:53:53.406+0000] {dag.py:3096} INFO - Sync 1 DAGs
[2026-05-08T09:53:53.482+0000] {logging_mixin.py:188} INFO - [2026-05-08T09:53:53.481+0000] {dag.py:3954} INFO - Setting next_dagrun for ab_test_medallion_pipeline to 2026-05-08 00:00:00+00:00, run_after=2026-05-09 00:00:00+00:00
[2026-05-08T09:53:53.518+0000] {processor.py:183} INFO - Processing /opt/airflow/dags/pipeline_dag.py took 0.324 seconds
[2026-05-08T09:54:23.827+0000] {processor.py:161} INFO - Started process (PID=12753) to work on /opt/airflow/dags/pipeline_dag.py
[2026-05-08T09:54:23.831+0000] {processor.py:830} INFO - Processing file /opt/airflow/dags/pipeline_dag.py for tasks to queue
[2026-05-08T09:54:23.834+0000] {logging_mixin.py:188} INFO - [2026-05-08T09:54:23.832+0000] {dagbag.py:545} INFO - Filling up the DagBag from /opt/airflow/dags/pipeline_dag.py
[2026-05-08T09:54:23.860+0000] {processor.py:840} INFO - DAG(s) 'ab_test_medallion_pipeline' retrieved from /opt/airflow/dags/pipeline_dag.py
[2026-05-08T09:54:23.915+0000] {logging_mixin.py:188} INFO - [2026-05-08T09:54:23.915+0000] {dag.py:3096} INFO - Sync 1 DAGs
[2026-05-08T09:54:23.955+0000] {logging_mixin.py:188} INFO - [2026-05-08T09:54:23.955+0000] {dag.py:3954} INFO - Setting next_dagrun for ab_test_medallion_pipeline to 2026-05-08 00:00:00+00:00, run_after=2026-05-09 00:00:00+00:00
[2026-05-08T09:54:23.990+0000] {processor.py:183} INFO - Processing /opt/airflow/dags/pipeline_dag.py took 0.189 seconds
[2026-05-08T09:54:54.331+0000] {processor.py:161} INFO - Started process (PID=12758) to work on /opt/airflow/dags/pipeline_dag.py
[2026-05-08T09:54:54.334+0000] {processor.py:830} INFO - Processing file /opt/airflow/dags/pipeline_dag.py for tasks to queue
[2026-05-08T09:54:54.338+0000] {logging_mixin.py:188} INFO - [2026-05-08T09:54:54.336+0000] {dagbag.py:545} INFO - Filling up the DagBag from /opt/airflow/dags/pipeline_dag.py
[2026-05-08T09:54:54.381+0000] {processor.py:840} INFO - DAG(s) 'ab_test_medallion_pipeline' retrieved from /opt/airflow/dags/pipeline_dag.py
[2026-05-08T09:54:54.434+0000] {logging_mixin.py:188} INFO - [2026-05-08T09:54:54.433+0000] {dag.py:3096} INFO - Sync 1 DAGs
[2026-05-08T09:54:54.472+0000] {logging_mixin.py:188} INFO - [2026-05-08T09:54:54.472+0000] {dag.py:3954} INFO - Setting next_dagrun for ab_test_medallion_pipeline to 2026-05-08 00:00:00+00:00, run_after=2026-05-09 00:00:00+00:00
[2026-05-08T09:54:54.513+0000] {processor.py:183} INFO - Processing /opt/airflow/dags/pipeline_dag.py took 0.230 seconds
[2026-05-08T09:55:25.023+0000] {processor.py:161} INFO - Started process (PID=12763) to work on /opt/airflow/dags/pipeline_dag.py
[2026-05-08T09:55:25.027+0000] {processor.py:830} INFO - Processing file /opt/airflow/dags/pipeline_dag.py for tasks to queue
[2026-05-08T09:55:25.030+0000] {logging_mixin.py:188} INFO - [2026-05-08T09:55:25.029+0000] {dagbag.py:545} INFO - Filling up the DagBag from /opt/airflow/dags/pipeline_dag.py
[2026-05-08T09:55:25.070+0000] {processor.py:840} INFO - DAG(s) 'ab_test_medallion_pipeline' retrieved from /opt/airflow/dags/pipeline_dag.py
[2026-05-08T09:55:25.159+0000] {logging_mixin.py:188} INFO - [2026-05-08T09:55:25.159+0000] {dag.py:3096} INFO - Sync 1 DAGs
[2026-05-08T09:55:25.254+0000] {logging_mixin.py:188} INFO - [2026-05-08T09:55:25.253+0000] {dag.py:3954} INFO - Setting next_dagrun for ab_test_medallion_pipeline to 2026-05-08 00:00:00+00:00, run_after=2026-05-09 00:00:00+00:00
[2026-05-08T09:55:25.315+0000] {processor.py:183} INFO - Processing /opt/airflow/dags/pipeline_dag.py took 0.310 seconds
[2026-05-08T09:55:55.608+0000] {processor.py:161} INFO - Started process (PID=12768) to work on /opt/airflow/dags/pipeline_dag.py
[2026-05-08T09:55:55.612+0000] {processor.py:830} INFO - Processing file /opt/airflow/dags/pipeline_dag.py for tasks to queue
[2026-05-08T09:55:55.615+0000] {logging_mixin.py:188} INFO - [2026-05-08T09:55:55.614+0000] {dagbag.py:545} INFO - Filling up the DagBag from /opt/airflow/dags/pipeline_dag.py
[2026-05-08T09:55:55.659+0000] {processor.py:840} INFO - DAG(s) 'ab_test_medallion_pipeline' retrieved from /opt/airflow/dags/pipeline_dag.py
[2026-05-08T09:55:55.740+0000] {logging_mixin.py:188} INFO - [2026-05-08T09:55:55.739+0000] {dag.py:3096} INFO - Sync 1 DAGs
[2026-05-08T09:55:55.802+0000] {logging_mixin.py:188} INFO - [2026-05-08T09:55:55.802+0000] {dag.py:3954} INFO - Setting next_dagrun for ab_test_medallion_pipeline to 2026-05-08 00:00:00+00:00, run_after=2026-05-09 00:00:00+00:00
[2026-05-08T09:55:55.885+0000] {processor.py:183} INFO - Processing /opt/airflow/dags/pipeline_dag.py took 0.310 seconds
[2026-05-08T09:56:26.495+0000] {processor.py:161} INFO - Started process (PID=12773) to work on /opt/airflow/dags/pipeline_dag.py
[2026-05-08T09:56:26.503+0000] {processor.py:830} INFO - Processing file /opt/airflow/dags/pipeline_dag.py for tasks to queue
[2026-05-08T09:56:26.507+0000] {logging_mixin.py:188} INFO - [2026-05-08T09:56:26.505+0000] {dagbag.py:545} INFO - Filling up the DagBag from /opt/airflow/dags/pipeline_dag.py
[2026-05-08T09:56:26.597+0000] {processor.py:840} INFO - DAG(s) 'ab_test_medallion_pipeline' retrieved from /opt/airflow/dags/pipeline_dag.py
[2026-05-08T09:56:26.676+0000] {logging_mixin.py:188} INFO - [2026-05-08T09:56:26.675+0000] {dag.py:3096} INFO - Sync 1 DAGs
[2026-05-08T09:56:26.718+0000] {logging_mixin.py:188} INFO - [2026-05-08T09:56:26.717+0000] {dag.py:3954} INFO - Setting next_dagrun for ab_test_medallion_pipeline to 2026-05-08 00:00:00+00:00, run_after=2026-05-09 00:00:00+00:00
[2026-05-08T09:56:26.755+0000] {processor.py:183} INFO - Processing /opt/airflow/dags/pipeline_dag.py took 0.288 seconds
[2026-05-08T09:56:57.159+0000] {processor.py:161} INFO - Started process (PID=12778) to work on /opt/airflow/dags/pipeline_dag.py
[2026-05-08T09:56:57.164+0000] {processor.py:830} INFO - Processing file /opt/airflow/dags/pipeline_dag.py for tasks to queue
[2026-05-08T09:56:57.168+0000] {logging_mixin.py:188} INFO - [2026-05-08T09:56:57.167+0000] {dagbag.py:545} INFO - Filling up the DagBag from /opt/airflow/dags/pipeline_dag.py
[2026-05-08T09:56:57.217+0000] {processor.py:840} INFO - DAG(s) 'ab_test_medallion_pipeline' retrieved from /opt/airflow/dags/pipeline_dag.py
[2026-05-08T09:56:57.306+0000] {logging_mixin.py:188} INFO - [2026-05-08T09:56:57.305+0000] {dag.py:3096} INFO - Sync 1 DAGs
[2026-05-08T09:56:57.365+0000] {logging_mixin.py:188} INFO - [2026-05-08T09:56:57.365+0000] {dag.py:3954} INFO - Setting next_dagrun for ab_test_medallion_pipeline to 2026-05-08 00:00:00+00:00, run_after=2026-05-09 00:00:00+00:00
[2026-05-08T09:56:57.412+0000] {processor.py:183} INFO - Processing /opt/airflow/dags/pipeline_dag.py took 0.307 seconds
[2026-05-08T09:57:28.004+0000] {processor.py:161} INFO - Started process (PID=12783) to work on /opt/airflow/dags/pipeline_dag.py
[2026-05-08T09:57:28.008+0000] {processor.py:830} INFO - Processing file /opt/airflow/dags/pipeline_dag.py for tasks to queue
[2026-05-08T09:57:28.013+0000] {logging_mixin.py:188} INFO - [2026-05-08T09:57:28.011+0000] {dagbag.py:545} INFO - Filling up the DagBag from /opt/airflow/dags/pipeline_dag.py
[2026-05-08T09:57:28.076+0000] {processor.py:840} INFO - DAG(s) 'ab_test_medallion_pipeline' retrieved from /opt/airflow/dags/pipeline_dag.py
[2026-05-08T09:57:28.141+0000] {logging_mixin.py:188} INFO - [2026-05-08T09:57:28.141+0000] {dag.py:3096} INFO - Sync 1 DAGs
[2026-05-08T09:57:28.183+0000] {logging_mixin.py:188} INFO - [2026-05-08T09:57:28.183+0000] {dag.py:3954} INFO - Setting next_dagrun for ab_test_medallion_pipeline to 2026-05-08 00:00:00+00:00, run_after=2026-05-09 00:00:00+00:00
[2026-05-08T09:57:28.220+0000] {processor.py:183} INFO - Processing /opt/airflow/dags/pipeline_dag.py took 0.250 seconds
[2026-05-08T09:57:58.673+0000] {processor.py:161} INFO - Started process (PID=12788) to work on /opt/airflow/dags/pipeline_dag.py
[2026-05-08T09:57:58.674+0000] {processor.py:830} INFO - Processing file /opt/airflow/dags/pipeline_dag.py for tasks to queue
[2026-05-08T09:57:58.677+0000] {logging_mixin.py:188} INFO - [2026-05-08T09:57:58.676+0000] {dagbag.py:545} INFO - Filling up the DagBag from /opt/airflow/dags/pipeline_dag.py
[2026-05-08T09:57:58.723+0000] {processor.py:840} INFO - DAG(s) 'ab_test_medallion_pipeline' retrieved from /opt/airflow/dags/pipeline_dag.py
[2026-05-08T09:57:58.774+0000] {logging_mixin.py:188} INFO - [2026-05-08T09:57:58.773+0000] {dag.py:3096} INFO - Sync 1 DAGs
[2026-05-08T09:57:58.809+0000] {logging_mixin.py:188} INFO - [2026-05-08T09:57:58.809+0000] {dag.py:3954} INFO - Setting next_dagrun for ab_test_medallion_pipeline to 2026-05-08 00:00:00+00:00, run_after=2026-05-09 00:00:00+00:00
[2026-05-08T09:57:58.851+0000] {processor.py:183} INFO - Processing /opt/airflow/dags/pipeline_dag.py took 0.200 seconds
[2026-05-08T09:58:29.439+0000] {processor.py:161} INFO - Started process (PID=12793) to work on /opt/airflow/dags/pipeline_dag.py
[2026-05-08T09:58:29.443+0000] {processor.py:830} INFO - Processing file /opt/airflow/dags/pipeline_dag.py for tasks to queue
[2026-05-08T09:58:29.449+0000] {logging_mixin.py:188} INFO - [2026-05-08T09:58:29.446+0000] {dagbag.py:545} INFO - Filling up the DagBag from /opt/airflow/dags/pipeline_dag.py
[2026-05-08T09:58:29.489+0000] {processor.py:840} INFO - DAG(s) 'ab_test_medallion_pipeline' retrieved from /opt/airflow/dags/pipeline_dag.py
[2026-05-08T09:58:29.562+0000] {logging_mixin.py:188} INFO - [2026-05-08T09:58:29.561+0000] {dag.py:3096} INFO - Sync 1 DAGs
[2026-05-08T09:58:29.618+0000] {logging_mixin.py:188} INFO - [2026-05-08T09:58:29.617+0000] {dag.py:3954} INFO - Setting next_dagrun for ab_test_medallion_pipeline to 2026-05-08 00:00:00+00:00, run_after=2026-05-09 00:00:00+00:00
[2026-05-08T09:58:29.671+0000] {processor.py:183} INFO - Processing /opt/airflow/dags/pipeline_dag.py took 0.256 seconds
[2026-05-08T09:59:00.109+0000] {processor.py:161} INFO - Started process (PID=12798) to work on /opt/airflow/dags/pipeline_dag.py
[2026-05-08T09:59:00.111+0000] {processor.py:830} INFO - Processing file /opt/airflow/dags/pipeline_dag.py for tasks to queue
[2026-05-08T09:59:00.114+0000] {logging_mixin.py:188} INFO - [2026-05-08T09:59:00.113+0000] {dagbag.py:545} INFO - Filling up the DagBag from /opt/airflow/dags/pipeline_dag.py
[2026-05-08T09:59:00.156+0000] {processor.py:840} INFO - DAG(s) 'ab_test_medallion_pipeline' retrieved from /opt/airflow/dags/pipeline_dag.py
[2026-05-08T09:59:00.216+0000] {logging_mixin.py:188} INFO - [2026-05-08T09:59:00.216+0000] {dag.py:3096} INFO - Sync 1 DAGs
[2026-05-08T09:59:00.261+0000] {logging_mixin.py:188} INFO - [2026-05-08T09:59:00.260+0000] {dag.py:3954} INFO - Setting next_dagrun for ab_test_medallion_pipeline to 2026-05-08 00:00:00+00:00, run_after=2026-05-09 00:00:00+00:00
[2026-05-08T09:59:00.305+0000] {processor.py:183} INFO - Processing /opt/airflow/dags/pipeline_dag.py took 0.237 seconds
[2026-05-08T09:59:30.857+0000] {processor.py:161} INFO - Started process (PID=12803) to work on /opt/airflow/dags/pipeline_dag.py
[2026-05-08T09:59:30.862+0000] {processor.py:830} INFO - Processing file /opt/airflow/dags/pipeline_dag.py for tasks to queue
[2026-05-08T09:59:30.866+0000] {logging_mixin.py:188} INFO - [2026-05-08T09:59:30.865+0000] {dagbag.py:545} INFO - Filling up the DagBag from /opt/airflow/dags/pipeline_dag.py
[2026-05-08T09:59:30.925+0000] {processor.py:840} INFO - DAG(s) 'ab_test_medallion_pipeline' retrieved from /opt/airflow/dags/pipeline_dag.py
[2026-05-08T09:59:31.032+0000] {logging_mixin.py:188} INFO - [2026-05-08T09:59:31.031+0000] {dag.py:3096} INFO - Sync 1 DAGs
[2026-05-08T09:59:31.093+0000] {logging_mixin.py:188} INFO - [2026-05-08T09:59:31.092+0000] {dag.py:3954} INFO - Setting next_dagrun for ab_test_medallion_pipeline to 2026-05-08 00:00:00+00:00, run_after=2026-05-09 00:00:00+00:00
[2026-05-08T09:59:31.132+0000] {processor.py:183} INFO - Processing /opt/airflow/dags/pipeline_dag.py took 0.306 seconds
[2026-05-08T10:00:01.744+0000] {processor.py:161} INFO - Started process (PID=12808) to work on /opt/airflow/dags/pipeline_dag.py
[2026-05-08T10:00:01.749+0000] {processor.py:830} INFO - Processing file /opt/airflow/dags/pipeline_dag.py for tasks to queue
[2026-05-08T10:00:01.760+0000] {logging_mixin.py:188} INFO - [2026-05-08T10:00:01.759+0000] {dagbag.py:545} INFO - Filling up the DagBag from /opt/airflow/dags/pipeline_dag.py
[2026-05-08T10:00:01.852+0000] {processor.py:840} INFO - DAG(s) 'ab_test_medallion_pipeline' retrieved from /opt/airflow/dags/pipeline_dag.py
[2026-05-08T10:00:02.022+0000] {logging_mixin.py:188} INFO - [2026-05-08T10:00:02.021+0000] {dag.py:3096} INFO - Sync 1 DAGs
[2026-05-08T10:00:02.081+0000] {logging_mixin.py:188} INFO - [2026-05-08T10:00:02.080+0000] {dag.py:3954} INFO - Setting next_dagrun for ab_test_medallion_pipeline to 2026-05-08 00:00:00+00:00, run_after=2026-05-09 00:00:00+00:00
[2026-05-08T10:00:02.125+0000] {processor.py:183} INFO - Processing /opt/airflow/dags/pipeline_dag.py took 0.457 seconds
[2026-05-08T10:00:32.957+0000] {processor.py:161} INFO - Started process (PID=12813) to work on /opt/airflow/dags/pipeline_dag.py
[2026-05-08T10:00:32.960+0000] {processor.py:830} INFO - Processing file /opt/airflow/dags/pipeline_dag.py for tasks to queue
[2026-05-08T10:00:32.964+0000] {logging_mixin.py:188} INFO - [2026-05-08T10:00:32.962+0000] {dagbag.py:545} INFO - Filling up the DagBag from /opt/airflow/dags/pipeline_dag.py
[2026-05-08T10:00:33.025+0000] {processor.py:840} INFO - DAG(s) 'ab_test_medallion_pipeline' retrieved from /opt/airflow/dags/pipeline_dag.py
[2026-05-08T10:00:33.095+0000] {logging_mixin.py:188} INFO - [2026-05-08T10:00:33.095+0000] {dag.py:3096} INFO - Sync 1 DAGs
[2026-05-08T10:00:33.140+0000] {logging_mixin.py:188} INFO - [2026-05-08T10:00:33.139+0000] {dag.py:3954} INFO - Setting next_dagrun for ab_test_medallion_pipeline to 2026-05-08 00:00:00+00:00, run_after=2026-05-09 00:00:00+00:00
[2026-05-08T10:00:33.183+0000] {processor.py:183} INFO - Processing /opt/airflow/dags/pipeline_dag.py took 0.262 seconds
[2026-05-08T10:01:03.334+0000] {processor.py:161} INFO - Started process (PID=12818) to work on /opt/airflow/dags/pipeline_dag.py
[2026-05-08T10:01:03.340+0000] {processor.py:830} INFO - Processing file /opt/airflow/dags/pipeline_dag.py for tasks to queue
[2026-05-08T10:01:03.345+0000] {logging_mixin.py:188} INFO - [2026-05-08T10:01:03.343+0000] {dagbag.py:545} INFO - Filling up the DagBag from /opt/airflow/dags/pipeline_dag.py
[2026-05-08T10:01:03.410+0000] {processor.py:840} INFO - DAG(s) 'ab_test_medallion_pipeline' retrieved from /opt/airflow/dags/pipeline_dag.py
[2026-05-08T10:01:03.469+0000] {logging_mixin.py:188} INFO - [2026-05-08T10:01:03.468+0000] {dag.py:3096} INFO - Sync 1 DAGs
[2026-05-08T10:01:03.506+0000] {logging_mixin.py:188} INFO - [2026-05-08T10:01:03.505+0000] {dag.py:3954} INFO - Setting next_dagrun for ab_test_medallion_pipeline to 2026-05-08 00:00:00+00:00, run_after=2026-05-09 00:00:00+00:00
[2026-05-08T10:01:03.539+0000] {processor.py:183} INFO - Processing /opt/airflow/dags/pipeline_dag.py took 0.238 seconds
[2026-05-08T10:01:34.002+0000] {processor.py:161} INFO - Started process (PID=12823) to work on /opt/airflow/dags/pipeline_dag.py
[2026-05-08T10:01:34.007+0000] {processor.py:830} INFO - Processing file /opt/airflow/dags/pipeline_dag.py for tasks to queue
[2026-05-08T10:01:34.011+0000] {logging_mixin.py:188} INFO - [2026-05-08T10:01:34.009+0000] {dagbag.py:545} INFO - Filling up the DagBag from /opt/airflow/dags/pipeline_dag.py
[2026-05-08T10:01:34.093+0000] {processor.py:840} INFO - DAG(s) 'ab_test_medallion_pipeline' retrieved from /opt/airflow/dags/pipeline_dag.py
[2026-05-08T10:01:34.184+0000] {logging_mixin.py:188} INFO - [2026-05-08T10:01:34.184+0000] {dag.py:3096} INFO - Sync 1 DAGs
[2026-05-08T10:01:34.235+0000] {logging_mixin.py:188} INFO - [2026-05-08T10:01:34.235+0000] {dag.py:3954} INFO - Setting next_dagrun for ab_test_medallion_pipeline to 2026-05-08 00:00:00+00:00, run_after=2026-05-09 00:00:00+00:00
[2026-05-08T10:01:34.266+0000] {processor.py:183} INFO - Processing /opt/airflow/dags/pipeline_dag.py took 0.298 seconds
[2026-05-08T10:02:04.789+0000] {processor.py:161} INFO - Started process (PID=12828) to work on /opt/airflow/dags/pipeline_dag.py
[2026-05-08T10:02:04.800+0000] {processor.py:830} INFO - Processing file /opt/airflow/dags/pipeline_dag.py for tasks to queue
[2026-05-08T10:02:04.807+0000] {logging_mixin.py:188} INFO - [2026-05-08T10:02:04.804+0000] {dagbag.py:545} INFO - Filling up the DagBag from /opt/airflow/dags/pipeline_dag.py
[2026-05-08T10:02:04.858+0000] {processor.py:840} INFO - DAG(s) 'ab_test_medallion_pipeline' retrieved from /opt/airflow/dags/pipeline_dag.py
[2026-05-08T10:02:04.911+0000] {logging_mixin.py:188} INFO - [2026-05-08T10:02:04.910+0000] {dag.py:3096} INFO - Sync 1 DAGs
[2026-05-08T10:02:04.951+0000] {logging_mixin.py:188} INFO - [2026-05-08T10:02:04.950+0000] {dag.py:3954} INFO - Setting next_dagrun for ab_test_medallion_pipeline to 2026-05-08 00:00:00+00:00, run_after=2026-05-09 00:00:00+00:00
[2026-05-08T10:02:04.986+0000] {processor.py:183} INFO - Processing /opt/airflow/dags/pipeline_dag.py took 0.247 seconds
[2026-05-08T10:02:35.505+0000] {processor.py:161} INFO - Started process (PID=12833) to work on /opt/airflow/dags/pipeline_dag.py
[2026-05-08T10:02:35.513+0000] {processor.py:830} INFO - Processing file /opt/airflow/dags/pipeline_dag.py for tasks to queue
[2026-05-08T10:02:35.518+0000] {logging_mixin.py:188} INFO - [2026-05-08T10:02:35.516+0000] {dagbag.py:545} INFO - Filling up the DagBag from /opt/airflow/dags/pipeline_dag.py
[2026-05-08T10:02:35.557+0000] {processor.py:840} INFO - DAG(s) 'ab_test_medallion_pipeline' retrieved from /opt/airflow/dags/pipeline_dag.py
[2026-05-08T10:02:35.673+0000] {logging_mixin.py:188} INFO - [2026-05-08T10:02:35.673+0000] {dag.py:3096} INFO - Sync 1 DAGs
[2026-05-08T10:02:35.720+0000] {logging_mixin.py:188} INFO - [2026-05-08T10:02:35.720+0000] {dag.py:3954} INFO - Setting next_dagrun for ab_test_medallion_pipeline to 2026-05-08 00:00:00+00:00, run_after=2026-05-09 00:00:00+00:00
[2026-05-08T10:02:35.751+0000] {processor.py:183} INFO - Processing /opt/airflow/dags/pipeline_dag.py took 0.287 seconds
[2026-05-08T10:03:06.247+0000] {processor.py:161} INFO - Started process (PID=12838) to work on /opt/airflow/dags/pipeline_dag.py
[2026-05-08T10:03:06.249+0000] {processor.py:830} INFO - Processing file /opt/airflow/dags/pipeline_dag.py for tasks to queue
[2026-05-08T10:03:06.252+0000] {logging_mixin.py:188} INFO - [2026-05-08T10:03:06.251+0000] {dagbag.py:545} INFO - Filling up the DagBag from /opt/airflow/dags/pipeline_dag.py
[2026-05-08T10:03:06.293+0000] {processor.py:840} INFO - DAG(s) 'ab_test_medallion_pipeline' retrieved from /opt/airflow/dags/pipeline_dag.py
[2026-05-08T10:03:06.359+0000] {logging_mixin.py:188} INFO - [2026-05-08T10:03:06.358+0000] {dag.py:3096} INFO - Sync 1 DAGs
[2026-05-08T10:03:06.394+0000] {logging_mixin.py:188} INFO - [2026-05-08T10:03:06.394+0000] {dag.py:3954} INFO - Setting next_dagrun for ab_test_medallion_pipeline to 2026-05-08 00:00:00+00:00, run_after=2026-05-09 00:00:00+00:00
[2026-05-08T10:03:06.426+0000] {processor.py:183} INFO - Processing /opt/airflow/dags/pipeline_dag.py took 0.221 seconds
[2026-05-08T10:03:36.991+0000] {processor.py:161} INFO - Started process (PID=12843) to work on /opt/airflow/dags/pipeline_dag.py
[2026-05-08T10:03:36.994+0000] {processor.py:830} INFO - Processing file /opt/airflow/dags/pipeline_dag.py for tasks to queue
[2026-05-08T10:03:36.998+0000] {logging_mixin.py:188} INFO - [2026-05-08T10:03:36.996+0000] {dagbag.py:545} INFO - Filling up the DagBag from /opt/airflow/dags/pipeline_dag.py
[2026-05-08T10:03:37.046+0000] {processor.py:840} INFO - DAG(s) 'ab_test_medallion_pipeline' retrieved from /opt/airflow/dags/pipeline_dag.py
[2026-05-08T10:03:37.137+0000] {logging_mixin.py:188} INFO - [2026-05-08T10:03:37.137+0000] {dag.py:3096} INFO - Sync 1 DAGs
[2026-05-08T10:03:37.200+0000] {logging_mixin.py:188} INFO - [2026-05-08T10:03:37.200+0000] {dag.py:3954} INFO - Setting next_dagrun for ab_test_medallion_pipeline to 2026-05-08 00:00:00+00:00, run_after=2026-05-09 00:00:00+00:00
[2026-05-08T10:03:37.260+0000] {processor.py:183} INFO - Processing /opt/airflow/dags/pipeline_dag.py took 0.291 seconds
[2026-05-08T10:04:07.656+0000] {processor.py:161} INFO - Started process (PID=12848) to work on /opt/airflow/dags/pipeline_dag.py
[2026-05-08T10:04:07.661+0000] {processor.py:830} INFO - Processing file /opt/airflow/dags/pipeline_dag.py for tasks to queue
[2026-05-08T10:04:07.665+0000] {logging_mixin.py:188} INFO - [2026-05-08T10:04:07.663+0000] {dagbag.py:545} INFO - Filling up the DagBag from /opt/airflow/dags/pipeline_dag.py
[2026-05-08T10:04:07.727+0000] {processor.py:840} INFO - DAG(s) 'ab_test_medallion_pipeline' retrieved from /opt/airflow/dags/pipeline_dag.py
[2026-05-08T10:04:07.911+0000] {logging_mixin.py:188} INFO - [2026-05-08T10:04:07.911+0000] {dag.py:3096} INFO - Sync 1 DAGs
[2026-05-08T10:04:07.948+0000] {logging_mixin.py:188} INFO - [2026-05-08T10:04:07.948+0000] {dag.py:3954} INFO - Setting next_dagrun for ab_test_medallion_pipeline to 2026-05-08 00:00:00+00:00, run_after=2026-05-09 00:00:00+00:00
[2026-05-08T10:04:07.985+0000] {processor.py:183} INFO - Processing /opt/airflow/dags/pipeline_dag.py took 0.375 seconds
[2026-05-08T10:04:38.533+0000] {processor.py:161} INFO - Started process (PID=12853) to work on /opt/airflow/dags/pipeline_dag.py
[2026-05-08T10:04:38.535+0000] {processor.py:830} INFO - Processing file /opt/airflow/dags/pipeline_dag.py for tasks to queue
[2026-05-08T10:04:38.537+0000] {logging_mixin.py:188} INFO - [2026-05-08T10:04:38.536+0000] {dagbag.py:545} INFO - Filling up the DagBag from /opt/airflow/dags/pipeline_dag.py
[2026-05-08T10:04:38.571+0000] {processor.py:840} INFO - DAG(s) 'ab_test_medallion_pipeline' retrieved from /opt/airflow/dags/pipeline_dag.py
[2026-05-08T10:04:38.622+0000] {logging_mixin.py:188} INFO - [2026-05-08T10:04:38.621+0000] {dag.py:3096} INFO - Sync 1 DAGs
[2026-05-08T10:04:38.661+0000] {logging_mixin.py:188} INFO - [2026-05-08T10:04:38.661+0000] {dag.py:3954} INFO - Setting next_dagrun for ab_test_medallion_pipeline to 2026-05-08 00:00:00+00:00, run_after=2026-05-09 00:00:00+00:00
[2026-05-08T10:04:38.697+0000] {processor.py:183} INFO - Processing /opt/airflow/dags/pipeline_dag.py took 0.187 seconds
[2026-05-08T10:05:09.196+0000] {processor.py:161} INFO - Started process (PID=12858) to work on /opt/airflow/dags/pipeline_dag.py
[2026-05-08T10:05:09.199+0000] {processor.py:830} INFO - Processing file /opt/airflow/dags/pipeline_dag.py for tasks to queue
[2026-05-08T10:05:09.202+0000] {logging_mixin.py:188} INFO - [2026-05-08T10:05:09.201+0000] {dagbag.py:545} INFO - Filling up the DagBag from /opt/airflow/dags/pipeline_dag.py
[2026-05-08T10:05:09.244+0000] {processor.py:840} INFO - DAG(s) 'ab_test_medallion_pipeline' retrieved from /opt/airflow/dags/pipeline_dag.py
[2026-05-08T10:05:09.299+0000] {logging_mixin.py:188} INFO - [2026-05-08T10:05:09.299+0000] {dag.py:3096} INFO - Sync 1 DAGs
[2026-05-08T10:05:09.337+0000] {logging_mixin.py:188} INFO - [2026-05-08T10:05:09.336+0000] {dag.py:3954} INFO - Setting next_dagrun for ab_test_medallion_pipeline to 2026-05-08 00:00:00+00:00, run_after=2026-05-09 00:00:00+00:00
[2026-05-08T10:05:09.368+0000] {processor.py:183} INFO - Processing /opt/airflow/dags/pipeline_dag.py took 0.216 seconds
[2026-05-08T10:05:39.954+0000] {processor.py:161} INFO - Started process (PID=12863) to work on /opt/airflow/dags/pipeline_dag.py
[2026-05-08T10:05:39.957+0000] {processor.py:830} INFO - Processing file /opt/airflow/dags/pipeline_dag.py for tasks to queue
[2026-05-08T10:05:39.962+0000] {logging_mixin.py:188} INFO - [2026-05-08T10:05:39.960+0000] {dagbag.py:545} INFO - Filling up the DagBag from /opt/airflow/dags/pipeline_dag.py
[2026-05-08T10:05:40.012+0000] {processor.py:840} INFO - DAG(s) 'ab_test_medallion_pipeline' retrieved from /opt/airflow/dags/pipeline_dag.py
[2026-05-08T10:05:40.081+0000] {logging_mixin.py:188} INFO - [2026-05-08T10:05:40.081+0000] {dag.py:3096} INFO - Sync 1 DAGs
[2026-05-08T10:05:40.121+0000] {logging_mixin.py:188} INFO - [2026-05-08T10:05:40.120+0000] {dag.py:3954} INFO - Setting next_dagrun for ab_test_medallion_pipeline to 2026-05-08 00:00:00+00:00, run_after=2026-05-09 00:00:00+00:00
[2026-05-08T10:05:40.162+0000] {processor.py:183} INFO - Processing /opt/airflow/dags/pipeline_dag.py took 0.235 seconds
[2026-05-08T10:06:10.696+0000] {processor.py:161} INFO - Started process (PID=12868) to work on /opt/airflow/dags/pipeline_dag.py
[2026-05-08T10:06:10.712+0000] {processor.py:830} INFO - Processing file /opt/airflow/dags/pipeline_dag.py for tasks to queue
[2026-05-08T10:06:10.720+0000] {logging_mixin.py:188} INFO - [2026-05-08T10:06:10.717+0000] {dagbag.py:545} INFO - Filling up the DagBag from /opt/airflow/dags/pipeline_dag.py
[2026-05-08T10:06:10.820+0000] {processor.py:840} INFO - DAG(s) 'ab_test_medallion_pipeline' retrieved from /opt/airflow/dags/pipeline_dag.py
[2026-05-08T10:06:11.286+0000] {logging_mixin.py:188} INFO - [2026-05-08T10:06:11.285+0000] {dag.py:3096} INFO - Sync 1 DAGs
[2026-05-08T10:06:11.360+0000] {logging_mixin.py:188} INFO - [2026-05-08T10:06:11.359+0000] {dag.py:3954} INFO - Setting next_dagrun for ab_test_medallion_pipeline to 2026-05-08 00:00:00+00:00, run_after=2026-05-09 00:00:00+00:00
[2026-05-08T10:06:11.414+0000] {processor.py:183} INFO - Processing /opt/airflow/dags/pipeline_dag.py took 0.783 seconds
[2026-05-08T10:06:42.279+0000] {processor.py:161} INFO - Started process (PID=12873) to work on /opt/airflow/dags/pipeline_dag.py
[2026-05-08T10:06:42.281+0000] {processor.py:830} INFO - Processing file /opt/airflow/dags/pipeline_dag.py for tasks to queue
[2026-05-08T10:06:42.283+0000] {logging_mixin.py:188} INFO - [2026-05-08T10:06:42.282+0000] {dagbag.py:545} INFO - Filling up the DagBag from /opt/airflow/dags/pipeline_dag.py
[2026-05-08T10:06:42.720+0000] {processor.py:840} INFO - DAG(s) 'ab_test_medallion_pipeline' retrieved from /opt/airflow/dags/pipeline_dag.py
[2026-05-08T10:06:43.803+0000] {logging_mixin.py:188} INFO - [2026-05-08T10:06:43.803+0000] {dag.py:3096} INFO - Sync 1 DAGs
[2026-05-08T10:06:44.109+0000] {logging_mixin.py:188} INFO - [2026-05-08T10:06:44.108+0000] {dag.py:3954} INFO - Setting next_dagrun for ab_test_medallion_pipeline to 2026-05-08 00:00:00+00:00, run_after=2026-05-09 00:00:00+00:00
[2026-05-08T12:59:05.898+0000] {processor.py:161} INFO - Started process (PID=12876) to work on /opt/airflow/dags/pipeline_dag.py
[2026-05-08T12:59:05.900+0000] {processor.py:830} INFO - Processing file /opt/airflow/dags/pipeline_dag.py for tasks to queue
[2026-05-08T12:59:05.902+0000] {logging_mixin.py:188} INFO - [2026-05-08T12:59:05.901+0000] {dagbag.py:545} INFO - Filling up the DagBag from /opt/airflow/dags/pipeline_dag.py
[2026-05-08T12:59:05.924+0000] {processor.py:840} INFO - DAG(s) 'ab_test_medallion_pipeline' retrieved from /opt/airflow/dags/pipeline_dag.py
[2026-05-08T12:59:05.979+0000] {logging_mixin.py:188} INFO - [2026-05-08T12:59:05.978+0000] {dag.py:3096} INFO - Sync 1 DAGs
[2026-05-08T12:59:06.034+0000] {logging_mixin.py:188} INFO - [2026-05-08T12:59:06.033+0000] {dag.py:3954} INFO - Setting next_dagrun for ab_test_medallion_pipeline to 2026-05-08 00:00:00+00:00, run_after=2026-05-09 00:00:00+00:00
[2026-05-08T12:59:06.073+0000] {processor.py:183} INFO - Processing /opt/airflow/dags/pipeline_dag.py took 0.187 seconds
[2026-05-08T12:59:36.524+0000] {processor.py:161} INFO - Started process (PID=12881) to work on /opt/airflow/dags/pipeline_dag.py
[2026-05-08T12:59:36.525+0000] {processor.py:830} INFO - Processing file /opt/airflow/dags/pipeline_dag.py for tasks to queue
[2026-05-08T12:59:36.527+0000] {logging_mixin.py:188} INFO - [2026-05-08T12:59:36.526+0000] {dagbag.py:545} INFO - Filling up the DagBag from /opt/airflow/dags/pipeline_dag.py
[2026-05-08T12:59:36.549+0000] {processor.py:840} INFO - DAG(s) 'ab_test_medallion_pipeline' retrieved from /opt/airflow/dags/pipeline_dag.py
[2026-05-08T12:59:36.598+0000] {logging_mixin.py:188} INFO - [2026-05-08T12:59:36.597+0000] {dag.py:3096} INFO - Sync 1 DAGs
[2026-05-08T12:59:36.636+0000] {logging_mixin.py:188} INFO - [2026-05-08T12:59:36.636+0000] {dag.py:3954} INFO - Setting next_dagrun for ab_test_medallion_pipeline to 2026-05-08 00:00:00+00:00, run_after=2026-05-09 00:00:00+00:00
[2026-05-08T12:59:36.762+0000] {processor.py:183} INFO - Processing /opt/airflow/dags/pipeline_dag.py took 0.252 seconds
[2026-05-08T13:00:07.045+0000] {processor.py:161} INFO - Started process (PID=12886) to work on /opt/airflow/dags/pipeline_dag.py
[2026-05-08T13:00:07.063+0000] {processor.py:830} INFO - Processing file /opt/airflow/dags/pipeline_dag.py for tasks to queue
[2026-05-08T13:00:07.066+0000] {logging_mixin.py:188} INFO - [2026-05-08T13:00:07.065+0000] {dagbag.py:545} INFO - Filling up the DagBag from /opt/airflow/dags/pipeline_dag.py
[2026-05-08T13:00:07.126+0000] {processor.py:840} INFO - DAG(s) 'ab_test_medallion_pipeline' retrieved from /opt/airflow/dags/pipeline_dag.py
[2026-05-08T13:00:07.220+0000] {logging_mixin.py:188} INFO - [2026-05-08T13:00:07.219+0000] {dag.py:3096} INFO - Sync 1 DAGs
[2026-05-08T13:00:07.333+0000] {logging_mixin.py:188} INFO - [2026-05-08T13:00:07.332+0000] {dag.py:3954} INFO - Setting next_dagrun for ab_test_medallion_pipeline to 2026-05-08 00:00:00+00:00, run_after=2026-05-09 00:00:00+00:00
[2026-05-08T13:00:07.376+0000] {processor.py:183} INFO - Processing /opt/airflow/dags/pipeline_dag.py took 0.365 seconds
[2026-05-08T13:00:37.666+0000] {processor.py:161} INFO - Started process (PID=12891) to work on /opt/airflow/dags/pipeline_dag.py
[2026-05-08T13:00:37.674+0000] {processor.py:830} INFO - Processing file /opt/airflow/dags/pipeline_dag.py for tasks to queue
[2026-05-08T13:00:37.680+0000] {logging_mixin.py:188} INFO - [2026-05-08T13:00:37.678+0000] {dagbag.py:545} INFO - Filling up the DagBag from /opt/airflow/dags/pipeline_dag.py
[2026-05-08T13:00:37.777+0000] {processor.py:840} INFO - DAG(s) 'ab_test_medallion_pipeline' retrieved from /opt/airflow/dags/pipeline_dag.py
[2026-05-08T13:00:37.875+0000] {logging_mixin.py:188} INFO - [2026-05-08T13:00:37.874+0000] {dag.py:3096} INFO - Sync 1 DAGs
[2026-05-08T13:00:37.932+0000] {logging_mixin.py:188} INFO - [2026-05-08T13:00:37.931+0000] {dag.py:3954} INFO - Setting next_dagrun for ab_test_medallion_pipeline to 2026-05-08 00:00:00+00:00, run_after=2026-05-09 00:00:00+00:00
[2026-05-08T13:00:38.189+0000] {processor.py:183} INFO - Processing /opt/airflow/dags/pipeline_dag.py took 0.576 seconds
[2026-05-08T13:01:09.019+0000] {processor.py:161} INFO - Started process (PID=12896) to work on /opt/airflow/dags/pipeline_dag.py
[2026-05-08T13:01:09.022+0000] {processor.py:830} INFO - Processing file /opt/airflow/dags/pipeline_dag.py for tasks to queue
[2026-05-08T13:01:09.024+0000] {logging_mixin.py:188} INFO - [2026-05-08T13:01:09.023+0000] {dagbag.py:545} INFO - Filling up the DagBag from /opt/airflow/dags/pipeline_dag.py
[2026-05-08T13:01:09.058+0000] {processor.py:840} INFO - DAG(s) 'ab_test_medallion_pipeline' retrieved from /opt/airflow/dags/pipeline_dag.py
[2026-05-08T13:01:09.132+0000] {logging_mixin.py:188} INFO - [2026-05-08T13:01:09.132+0000] {dag.py:3096} INFO - Sync 1 DAGs
[2026-05-08T13:01:09.184+0000] {logging_mixin.py:188} INFO - [2026-05-08T13:01:09.184+0000] {dag.py:3954} INFO - Setting next_dagrun for ab_test_medallion_pipeline to 2026-05-08 00:00:00+00:00, run_after=2026-05-09 00:00:00+00:00
[2026-05-08T13:01:09.396+0000] {processor.py:183} INFO - Processing /opt/airflow/dags/pipeline_dag.py took 0.423 seconds
[2026-05-08T13:01:39.560+0000] {processor.py:161} INFO - Started process (PID=12901) to work on /opt/airflow/dags/pipeline_dag.py
[2026-05-08T13:01:39.566+0000] {processor.py:830} INFO - Processing file /opt/airflow/dags/pipeline_dag.py for tasks to queue
[2026-05-08T13:01:39.569+0000] {logging_mixin.py:188} INFO - [2026-05-08T13:01:39.568+0000] {dagbag.py:545} INFO - Filling up the DagBag from /opt/airflow/dags/pipeline_dag.py
[2026-05-08T13:01:39.628+0000] {processor.py:840} INFO - DAG(s) 'ab_test_medallion_pipeline' retrieved from /opt/airflow/dags/pipeline_dag.py
[2026-05-08T13:01:39.701+0000] {logging_mixin.py:188} INFO - [2026-05-08T13:01:39.700+0000] {dag.py:3096} INFO - Sync 1 DAGs
[2026-05-08T13:01:39.750+0000] {logging_mixin.py:188} INFO - [2026-05-08T13:01:39.750+0000] {dag.py:3954} INFO - Setting next_dagrun for ab_test_medallion_pipeline to 2026-05-08 00:00:00+00:00, run_after=2026-05-09 00:00:00+00:00
[2026-05-08T13:01:39.784+0000] {processor.py:183} INFO - Processing /opt/airflow/dags/pipeline_dag.py took 0.260 seconds
[2026-05-08T13:02:10.293+0000] {processor.py:161} INFO - Started process (PID=12906) to work on /opt/airflow/dags/pipeline_dag.py
[2026-05-08T13:02:10.297+0000] {processor.py:830} INFO - Processing file /opt/airflow/dags/pipeline_dag.py for tasks to queue
[2026-05-08T13:02:10.300+0000] {logging_mixin.py:188} INFO - [2026-05-08T13:02:10.299+0000] {dagbag.py:545} INFO - Filling up the DagBag from /opt/airflow/dags/pipeline_dag.py
[2026-05-08T13:02:10.329+0000] {processor.py:840} INFO - DAG(s) 'ab_test_medallion_pipeline' retrieved from /opt/airflow/dags/pipeline_dag.py
[2026-05-08T13:02:10.389+0000] {logging_mixin.py:188} INFO - [2026-05-08T13:02:10.389+0000] {dag.py:3096} INFO - Sync 1 DAGs
[2026-05-08T13:02:10.431+0000] {logging_mixin.py:188} INFO - [2026-05-08T13:02:10.431+0000] {dag.py:3954} INFO - Setting next_dagrun for ab_test_medallion_pipeline to 2026-05-08 00:00:00+00:00, run_after=2026-05-09 00:00:00+00:00
[2026-05-08T13:02:10.471+0000] {processor.py:183} INFO - Processing /opt/airflow/dags/pipeline_dag.py took 0.194 seconds
[2026-05-08T13:02:41.084+0000] {processor.py:161} INFO - Started process (PID=12911) to work on /opt/airflow/dags/pipeline_dag.py
[2026-05-08T13:02:41.088+0000] {processor.py:830} INFO - Processing file /opt/airflow/dags/pipeline_dag.py for tasks to queue
[2026-05-08T13:02:41.092+0000] {logging_mixin.py:188} INFO - [2026-05-08T13:02:41.091+0000] {dagbag.py:545} INFO - Filling up the DagBag from /opt/airflow/dags/pipeline_dag.py
[2026-05-08T13:02:41.136+0000] {processor.py:840} INFO - DAG(s) 'ab_test_medallion_pipeline' retrieved from /opt/airflow/dags/pipeline_dag.py
[2026-05-08T13:02:41.183+0000] {logging_mixin.py:188} INFO - [2026-05-08T13:02:41.183+0000] {dag.py:3096} INFO - Sync 1 DAGs
[2026-05-08T13:02:41.222+0000] {logging_mixin.py:188} INFO - [2026-05-08T13:02:41.222+0000] {dag.py:3954} INFO - Setting next_dagrun for ab_test_medallion_pipeline to 2026-05-08 00:00:00+00:00, run_after=2026-05-09 00:00:00+00:00
[2026-05-08T13:02:41.254+0000] {processor.py:183} INFO - Processing /opt/airflow/dags/pipeline_dag.py took 0.206 seconds
[2026-05-08T13:03:11.932+0000] {processor.py:161} INFO - Started process (PID=12916) to work on /opt/airflow/dags/pipeline_dag.py
[2026-05-08T13:03:11.935+0000] {processor.py:830} INFO - Processing file /opt/airflow/dags/pipeline_dag.py for tasks to queue
[2026-05-08T13:03:11.938+0000] {logging_mixin.py:188} INFO - [2026-05-08T13:03:11.937+0000] {dagbag.py:545} INFO - Filling up the DagBag from /opt/airflow/dags/pipeline_dag.py
[2026-05-08T13:03:11.993+0000] {processor.py:840} INFO - DAG(s) 'ab_test_medallion_pipeline' retrieved from /opt/airflow/dags/pipeline_dag.py
[2026-05-08T13:03:12.083+0000] {logging_mixin.py:188} INFO - [2026-05-08T13:03:12.082+0000] {dag.py:3096} INFO - Sync 1 DAGs
[2026-05-08T13:03:12.125+0000] {logging_mixin.py:188} INFO - [2026-05-08T13:03:12.124+0000] {dag.py:3954} INFO - Setting next_dagrun for ab_test_medallion_pipeline to 2026-05-08 00:00:00+00:00, run_after=2026-05-09 00:00:00+00:00
[2026-05-08T13:03:12.163+0000] {processor.py:183} INFO - Processing /opt/airflow/dags/pipeline_dag.py took 0.269 seconds
[2026-05-08T13:03:42.816+0000] {processor.py:161} INFO - Started process (PID=12921) to work on /opt/airflow/dags/pipeline_dag.py
[2026-05-08T13:03:42.820+0000] {processor.py:830} INFO - Processing file /opt/airflow/dags/pipeline_dag.py for tasks to queue
[2026-05-08T13:03:42.824+0000] {logging_mixin.py:188} INFO - [2026-05-08T13:03:42.822+0000] {dagbag.py:545} INFO - Filling up the DagBag from /opt/airflow/dags/pipeline_dag.py
[2026-05-08T13:03:42.907+0000] {processor.py:840} INFO - DAG(s) 'ab_test_medallion_pipeline' retrieved from /opt/airflow/dags/pipeline_dag.py
[2026-05-08T13:03:43.062+0000] {logging_mixin.py:188} INFO - [2026-05-08T13:03:43.061+0000] {dag.py:3096} INFO - Sync 1 DAGs
[2026-05-08T13:03:43.146+0000] {logging_mixin.py:188} INFO - [2026-05-08T13:03:43.145+0000] {dag.py:3954} INFO - Setting next_dagrun for ab_test_medallion_pipeline to 2026-05-08 00:00:00+00:00, run_after=2026-05-09 00:00:00+00:00
[2026-05-08T13:03:43.197+0000] {processor.py:183} INFO - Processing /opt/airflow/dags/pipeline_dag.py took 0.418 seconds
[2026-05-08T13:04:13.407+0000] {processor.py:161} INFO - Started process (PID=12926) to work on /opt/airflow/dags/pipeline_dag.py
[2026-05-08T13:04:13.421+0000] {processor.py:830} INFO - Processing file /opt/airflow/dags/pipeline_dag.py for tasks to queue
[2026-05-08T13:04:13.429+0000] {logging_mixin.py:188} INFO - [2026-05-08T13:04:13.425+0000] {dagbag.py:545} INFO - Filling up the DagBag from /opt/airflow/dags/pipeline_dag.py
[2026-05-08T13:04:13.545+0000] {processor.py:840} INFO - DAG(s) 'ab_test_medallion_pipeline' retrieved from /opt/airflow/dags/pipeline_dag.py
[2026-05-08T13:04:13.634+0000] {logging_mixin.py:188} INFO - [2026-05-08T13:04:13.634+0000] {dag.py:3096} INFO - Sync 1 DAGs
[2026-05-08T13:04:13.671+0000] {logging_mixin.py:188} INFO - [2026-05-08T13:04:13.670+0000] {dag.py:3954} INFO - Setting next_dagrun for ab_test_medallion_pipeline to 2026-05-08 00:00:00+00:00, run_after=2026-05-09 00:00:00+00:00
[2026-05-08T13:04:13.706+0000] {processor.py:183} INFO - Processing /opt/airflow/dags/pipeline_dag.py took 0.356 seconds
[2026-05-08T13:04:43.876+0000] {processor.py:161} INFO - Started process (PID=12931) to work on /opt/airflow/dags/pipeline_dag.py
[2026-05-08T13:04:43.879+0000] {processor.py:830} INFO - Processing file /opt/airflow/dags/pipeline_dag.py for tasks to queue
[2026-05-08T13:04:43.882+0000] {logging_mixin.py:188} INFO - [2026-05-08T13:04:43.880+0000] {dagbag.py:545} INFO - Filling up the DagBag from /opt/airflow/dags/pipeline_dag.py
[2026-05-08T13:04:43.920+0000] {processor.py:840} INFO - DAG(s) 'ab_test_medallion_pipeline' retrieved from /opt/airflow/dags/pipeline_dag.py
[2026-05-08T13:04:43.989+0000] {logging_mixin.py:188} INFO - [2026-05-08T13:04:43.988+0000] {dag.py:3096} INFO - Sync 1 DAGs
[2026-05-08T13:04:44.039+0000] {logging_mixin.py:188} INFO - [2026-05-08T13:04:44.038+0000] {dag.py:3954} INFO - Setting next_dagrun for ab_test_medallion_pipeline to 2026-05-08 00:00:00+00:00, run_after=2026-05-09 00:00:00+00:00
[2026-05-08T13:04:44.078+0000] {processor.py:183} INFO - Processing /opt/airflow/dags/pipeline_dag.py took 0.235 seconds
[2026-05-08T13:05:14.602+0000] {processor.py:161} INFO - Started process (PID=12936) to work on /opt/airflow/dags/pipeline_dag.py
[2026-05-08T13:05:14.606+0000] {processor.py:830} INFO - Processing file /opt/airflow/dags/pipeline_dag.py for tasks to queue
[2026-05-08T13:05:14.608+0000] {logging_mixin.py:188} INFO - [2026-05-08T13:05:14.607+0000] {dagbag.py:545} INFO - Filling up the DagBag from /opt/airflow/dags/pipeline_dag.py
[2026-05-08T13:05:14.650+0000] {processor.py:840} INFO - DAG(s) 'ab_test_medallion_pipeline' retrieved from /opt/airflow/dags/pipeline_dag.py
[2026-05-08T13:05:14.716+0000] {logging_mixin.py:188} INFO - [2026-05-08T13:05:14.716+0000] {dag.py:3096} INFO - Sync 1 DAGs
[2026-05-08T13:05:14.768+0000] {logging_mixin.py:188} INFO - [2026-05-08T13:05:14.768+0000] {dag.py:3954} INFO - Setting next_dagrun for ab_test_medallion_pipeline to 2026-05-08 00:00:00+00:00, run_after=2026-05-09 00:00:00+00:00
[2026-05-08T13:05:14.810+0000] {processor.py:183} INFO - Processing /opt/airflow/dags/pipeline_dag.py took 0.223 seconds
[2026-05-08T13:05:44.935+0000] {processor.py:161} INFO - Started process (PID=12941) to work on /opt/airflow/dags/pipeline_dag.py
[2026-05-08T13:05:44.936+0000] {processor.py:830} INFO - Processing file /opt/airflow/dags/pipeline_dag.py for tasks to queue
[2026-05-08T13:05:44.939+0000] {logging_mixin.py:188} INFO - [2026-05-08T13:05:44.938+0000] {dagbag.py:545} INFO - Filling up the DagBag from /opt/airflow/dags/pipeline_dag.py
[2026-05-08T13:05:44.969+0000] {processor.py:840} INFO - DAG(s) 'ab_test_medallion_pipeline' retrieved from /opt/airflow/dags/pipeline_dag.py
[2026-05-08T13:05:45.076+0000] {logging_mixin.py:188} INFO - [2026-05-08T13:05:45.075+0000] {dag.py:3096} INFO - Sync 1 DAGs
[2026-05-08T13:05:45.194+0000] {logging_mixin.py:188} INFO - [2026-05-08T13:05:45.194+0000] {dag.py:3954} INFO - Setting next_dagrun for ab_test_medallion_pipeline to 2026-05-08 00:00:00+00:00, run_after=2026-05-09 00:00:00+00:00
[2026-05-08T13:05:45.406+0000] {processor.py:183} INFO - Processing /opt/airflow/dags/pipeline_dag.py took 0.491 seconds
[2026-05-08T13:06:15.706+0000] {processor.py:161} INFO - Started process (PID=12946) to work on /opt/airflow/dags/pipeline_dag.py
[2026-05-08T13:06:15.710+0000] {processor.py:830} INFO - Processing file /opt/airflow/dags/pipeline_dag.py for tasks to queue
[2026-05-08T13:06:15.712+0000] {logging_mixin.py:188} INFO - [2026-05-08T13:06:15.711+0000] {dagbag.py:545} INFO - Filling up the DagBag from /opt/airflow/dags/pipeline_dag.py
[2026-05-08T13:06:15.737+0000] {processor.py:840} INFO - DAG(s) 'ab_test_medallion_pipeline' retrieved from /opt/airflow/dags/pipeline_dag.py
[2026-05-08T13:06:15.789+0000] {logging_mixin.py:188} INFO - [2026-05-08T13:06:15.788+0000] {dag.py:3096} INFO - Sync 1 DAGs
[2026-05-08T13:06:15.852+0000] {logging_mixin.py:188} INFO - [2026-05-08T13:06:15.851+0000] {dag.py:3954} INFO - Setting next_dagrun for ab_test_medallion_pipeline to 2026-05-08 00:00:00+00:00, run_after=2026-05-09 00:00:00+00:00
[2026-05-08T13:06:15.906+0000] {processor.py:183} INFO - Processing /opt/airflow/dags/pipeline_dag.py took 0.218 seconds
[2026-05-08T13:06:46.134+0000] {processor.py:161} INFO - Started process (PID=12951) to work on /opt/airflow/dags/pipeline_dag.py
[2026-05-08T13:06:46.143+0000] {processor.py:830} INFO - Processing file /opt/airflow/dags/pipeline_dag.py for tasks to queue
[2026-05-08T13:06:46.149+0000] {logging_mixin.py:188} INFO - [2026-05-08T13:06:46.146+0000] {dagbag.py:545} INFO - Filling up the DagBag from /opt/airflow/dags/pipeline_dag.py
[2026-05-08T13:06:46.228+0000] {processor.py:840} INFO - DAG(s) 'ab_test_medallion_pipeline' retrieved from /opt/airflow/dags/pipeline_dag.py
[2026-05-08T13:06:46.351+0000] {logging_mixin.py:188} INFO - [2026-05-08T13:06:46.350+0000] {dag.py:3096} INFO - Sync 1 DAGs
[2026-05-08T13:06:46.419+0000] {logging_mixin.py:188} INFO - [2026-05-08T13:06:46.418+0000] {dag.py:3954} INFO - Setting next_dagrun for ab_test_medallion_pipeline to 2026-05-08 00:00:00+00:00, run_after=2026-05-09 00:00:00+00:00
[2026-05-08T13:06:46.504+0000] {processor.py:183} INFO - Processing /opt/airflow/dags/pipeline_dag.py took 0.414 seconds
[2026-05-08T13:07:16.792+0000] {processor.py:161} INFO - Started process (PID=12956) to work on /opt/airflow/dags/pipeline_dag.py
[2026-05-08T13:07:16.795+0000] {processor.py:830} INFO - Processing file /opt/airflow/dags/pipeline_dag.py for tasks to queue
[2026-05-08T13:07:16.799+0000] {logging_mixin.py:188} INFO - [2026-05-08T13:07:16.797+0000] {dagbag.py:545} INFO - Filling up the DagBag from /opt/airflow/dags/pipeline_dag.py
[2026-05-08T13:07:16.847+0000] {processor.py:840} INFO - DAG(s) 'ab_test_medallion_pipeline' retrieved from /opt/airflow/dags/pipeline_dag.py
[2026-05-08T13:07:16.916+0000] {logging_mixin.py:188} INFO - [2026-05-08T13:07:16.916+0000] {dag.py:3096} INFO - Sync 1 DAGs
[2026-05-08T13:07:16.969+0000] {logging_mixin.py:188} INFO - [2026-05-08T13:07:16.968+0000] {dag.py:3954} INFO - Setting next_dagrun for ab_test_medallion_pipeline to 2026-05-08 00:00:00+00:00, run_after=2026-05-09 00:00:00+00:00
[2026-05-08T13:07:17.020+0000] {processor.py:183} INFO - Processing /opt/airflow/dags/pipeline_dag.py took 0.255 seconds
[2026-05-08T13:07:47.614+0000] {processor.py:161} INFO - Started process (PID=12961) to work on /opt/airflow/dags/pipeline_dag.py
[2026-05-08T13:07:47.617+0000] {processor.py:830} INFO - Processing file /opt/airflow/dags/pipeline_dag.py for tasks to queue
[2026-05-08T13:07:47.620+0000] {logging_mixin.py:188} INFO - [2026-05-08T13:07:47.619+0000] {dagbag.py:545} INFO - Filling up the DagBag from /opt/airflow/dags/pipeline_dag.py
[2026-05-08T13:07:47.646+0000] {processor.py:840} INFO - DAG(s) 'ab_test_medallion_pipeline' retrieved from /opt/airflow/dags/pipeline_dag.py
[2026-05-08T13:07:47.693+0000] {logging_mixin.py:188} INFO - [2026-05-08T13:07:47.693+0000] {dag.py:3096} INFO - Sync 1 DAGs
[2026-05-08T13:07:47.735+0000] {logging_mixin.py:188} INFO - [2026-05-08T13:07:47.734+0000] {dag.py:3954} INFO - Setting next_dagrun for ab_test_medallion_pipeline to 2026-05-08 00:00:00+00:00, run_after=2026-05-09 00:00:00+00:00
[2026-05-08T13:07:47.787+0000] {processor.py:183} INFO - Processing /opt/airflow/dags/pipeline_dag.py took 0.197 seconds
[2026-05-08T13:08:17.908+0000] {processor.py:161} INFO - Started process (PID=12966) to work on /opt/airflow/dags/pipeline_dag.py
[2026-05-08T13:08:17.910+0000] {processor.py:830} INFO - Processing file /opt/airflow/dags/pipeline_dag.py for tasks to queue
[2026-05-08T13:08:17.913+0000] {logging_mixin.py:188} INFO - [2026-05-08T13:08:17.912+0000] {dagbag.py:545} INFO - Filling up the DagBag from /opt/airflow/dags/pipeline_dag.py
[2026-05-08T13:08:17.947+0000] {processor.py:840} INFO - DAG(s) 'ab_test_medallion_pipeline' retrieved from /opt/airflow/dags/pipeline_dag.py
[2026-05-08T13:08:18.001+0000] {logging_mixin.py:188} INFO - [2026-05-08T13:08:18.001+0000] {dag.py:3096} INFO - Sync 1 DAGs
[2026-05-08T13:08:18.040+0000] {logging_mixin.py:188} INFO - [2026-05-08T13:08:18.040+0000] {dag.py:3954} INFO - Setting next_dagrun for ab_test_medallion_pipeline to 2026-05-08 00:00:00+00:00, run_after=2026-05-09 00:00:00+00:00
[2026-05-08T13:08:18.074+0000] {processor.py:183} INFO - Processing /opt/airflow/dags/pipeline_dag.py took 0.198 seconds
[2026-05-08T13:08:48.221+0000] {processor.py:161} INFO - Started process (PID=12971) to work on /opt/airflow/dags/pipeline_dag.py
[2026-05-08T13:08:48.224+0000] {processor.py:830} INFO - Processing file /opt/airflow/dags/pipeline_dag.py for tasks to queue
[2026-05-08T13:08:48.226+0000] {logging_mixin.py:188} INFO - [2026-05-08T13:08:48.225+0000] {dagbag.py:545} INFO - Filling up the DagBag from /opt/airflow/dags/pipeline_dag.py
[2026-05-08T13:08:48.265+0000] {processor.py:840} INFO - DAG(s) 'ab_test_medallion_pipeline' retrieved from /opt/airflow/dags/pipeline_dag.py
[2026-05-08T13:08:48.353+0000] {logging_mixin.py:188} INFO - [2026-05-08T13:08:48.352+0000] {dag.py:3096} INFO - Sync 1 DAGs
[2026-05-08T13:08:48.399+0000] {logging_mixin.py:188} INFO - [2026-05-08T13:08:48.399+0000] {dag.py:3954} INFO - Setting next_dagrun for ab_test_medallion_pipeline to 2026-05-08 00:00:00+00:00, run_after=2026-05-09 00:00:00+00:00
[2026-05-08T13:08:48.434+0000] {processor.py:183} INFO - Processing /opt/airflow/dags/pipeline_dag.py took 0.241 seconds
[2026-05-08T13:09:18.647+0000] {processor.py:161} INFO - Started process (PID=12976) to work on /opt/airflow/dags/pipeline_dag.py
[2026-05-08T13:09:18.653+0000] {processor.py:830} INFO - Processing file /opt/airflow/dags/pipeline_dag.py for tasks to queue
[2026-05-08T13:09:18.656+0000] {logging_mixin.py:188} INFO - [2026-05-08T13:09:18.655+0000] {dagbag.py:545} INFO - Filling up the DagBag from /opt/airflow/dags/pipeline_dag.py
[2026-05-08T13:09:18.713+0000] {processor.py:840} INFO - DAG(s) 'ab_test_medallion_pipeline' retrieved from /opt/airflow/dags/pipeline_dag.py
[2026-05-08T13:09:18.812+0000] {logging_mixin.py:188} INFO - [2026-05-08T13:09:18.812+0000] {dag.py:3096} INFO - Sync 1 DAGs
[2026-05-08T13:09:18.868+0000] {logging_mixin.py:188} INFO - [2026-05-08T13:09:18.867+0000] {dag.py:3954} INFO - Setting next_dagrun for ab_test_medallion_pipeline to 2026-05-08 00:00:00+00:00, run_after=2026-05-09 00:00:00+00:00
[2026-05-08T13:09:18.938+0000] {processor.py:183} INFO - Processing /opt/airflow/dags/pipeline_dag.py took 0.335 seconds
[2026-05-08T13:09:49.192+0000] {processor.py:161} INFO - Started process (PID=12981) to work on /opt/airflow/dags/pipeline_dag.py
[2026-05-08T13:09:49.195+0000] {processor.py:830} INFO - Processing file /opt/airflow/dags/pipeline_dag.py for tasks to queue
[2026-05-08T13:09:49.199+0000] {logging_mixin.py:188} INFO - [2026-05-08T13:09:49.198+0000] {dagbag.py:545} INFO - Filling up the DagBag from /opt/airflow/dags/pipeline_dag.py
[2026-05-08T13:09:49.259+0000] {processor.py:840} INFO - DAG(s) 'ab_test_medallion_pipeline' retrieved from /opt/airflow/dags/pipeline_dag.py
[2026-05-08T13:09:49.626+0000] {logging_mixin.py:188} INFO - [2026-05-08T13:09:49.625+0000] {dag.py:3096} INFO - Sync 1 DAGs
[2026-05-08T13:09:49.767+0000] {logging_mixin.py:188} INFO - [2026-05-08T13:09:49.765+0000] {dag.py:3954} INFO - Setting next_dagrun for ab_test_medallion_pipeline to 2026-05-08 00:00:00+00:00, run_after=2026-05-09 00:00:00+00:00
[2026-05-08T13:09:49.862+0000] {processor.py:183} INFO - Processing /opt/airflow/dags/pipeline_dag.py took 0.703 seconds
[2026-05-08T13:10:20.151+0000] {processor.py:161} INFO - Started process (PID=12986) to work on /opt/airflow/dags/pipeline_dag.py
[2026-05-08T13:10:20.158+0000] {processor.py:830} INFO - Processing file /opt/airflow/dags/pipeline_dag.py for tasks to queue
[2026-05-08T13:10:20.163+0000] {logging_mixin.py:188} INFO - [2026-05-08T13:10:20.161+0000] {dagbag.py:545} INFO - Filling up the DagBag from /opt/airflow/dags/pipeline_dag.py
[2026-05-08T13:10:20.263+0000] {processor.py:840} INFO - DAG(s) 'ab_test_medallion_pipeline' retrieved from /opt/airflow/dags/pipeline_dag.py
[2026-05-08T13:10:20.419+0000] {logging_mixin.py:188} INFO - [2026-05-08T13:10:20.418+0000] {dag.py:3096} INFO - Sync 1 DAGs
[2026-05-08T13:10:20.495+0000] {logging_mixin.py:188} INFO - [2026-05-08T13:10:20.495+0000] {dag.py:3954} INFO - Setting next_dagrun for ab_test_medallion_pipeline to 2026-05-08 00:00:00+00:00, run_after=2026-05-09 00:00:00+00:00
[2026-05-08T13:10:20.561+0000] {processor.py:183} INFO - Processing /opt/airflow/dags/pipeline_dag.py took 0.446 seconds
[2026-05-08T13:10:50.730+0000] {processor.py:161} INFO - Started process (PID=12991) to work on /opt/airflow/dags/pipeline_dag.py
[2026-05-08T13:10:50.733+0000] {processor.py:830} INFO - Processing file /opt/airflow/dags/pipeline_dag.py for tasks to queue
[2026-05-08T13:10:50.736+0000] {logging_mixin.py:188} INFO - [2026-05-08T13:10:50.735+0000] {dagbag.py:545} INFO - Filling up the DagBag from /opt/airflow/dags/pipeline_dag.py
[2026-05-08T13:10:50.792+0000] {processor.py:840} INFO - DAG(s) 'ab_test_medallion_pipeline' retrieved from /opt/airflow/dags/pipeline_dag.py
[2026-05-08T13:10:50.858+0000] {logging_mixin.py:188} INFO - [2026-05-08T13:10:50.857+0000] {dag.py:3096} INFO - Sync 1 DAGs
[2026-05-08T13:10:50.900+0000] {logging_mixin.py:188} INFO - [2026-05-08T13:10:50.899+0000] {dag.py:3954} INFO - Setting next_dagrun for ab_test_medallion_pipeline to 2026-05-08 00:00:00+00:00, run_after=2026-05-09 00:00:00+00:00
[2026-05-08T13:10:50.936+0000] {processor.py:183} INFO - Processing /opt/airflow/dags/pipeline_dag.py took 0.244 seconds
[2026-05-08T13:11:21.254+0000] {processor.py:161} INFO - Started process (PID=12996) to work on /opt/airflow/dags/pipeline_dag.py
[2026-05-08T13:11:21.264+0000] {processor.py:830} INFO - Processing file /opt/airflow/dags/pipeline_dag.py for tasks to queue
[2026-05-08T13:11:21.269+0000] {logging_mixin.py:188} INFO - [2026-05-08T13:11:21.267+0000] {dagbag.py:545} INFO - Filling up the DagBag from /opt/airflow/dags/pipeline_dag.py
[2026-05-08T13:11:21.355+0000] {processor.py:840} INFO - DAG(s) 'ab_test_medallion_pipeline' retrieved from /opt/airflow/dags/pipeline_dag.py
[2026-05-08T13:11:21.442+0000] {logging_mixin.py:188} INFO - [2026-05-08T13:11:21.441+0000] {dag.py:3096} INFO - Sync 1 DAGs
[2026-05-08T13:11:21.483+0000] {logging_mixin.py:188} INFO - [2026-05-08T13:11:21.482+0000] {dag.py:3954} INFO - Setting next_dagrun for ab_test_medallion_pipeline to 2026-05-08 00:00:00+00:00, run_after=2026-05-09 00:00:00+00:00
[2026-05-08T13:11:21.516+0000] {processor.py:183} INFO - Processing /opt/airflow/dags/pipeline_dag.py took 0.320 seconds
[2026-05-08T13:11:51.718+0000] {processor.py:161} INFO - Started process (PID=13001) to work on /opt/airflow/dags/pipeline_dag.py
[2026-05-08T13:11:51.721+0000] {processor.py:830} INFO - Processing file /opt/airflow/dags/pipeline_dag.py for tasks to queue
[2026-05-08T13:11:51.724+0000] {logging_mixin.py:188} INFO - [2026-05-08T13:11:51.723+0000] {dagbag.py:545} INFO - Filling up the DagBag from /opt/airflow/dags/pipeline_dag.py
[2026-05-08T13:11:51.763+0000] {processor.py:840} INFO - DAG(s) 'ab_test_medallion_pipeline' retrieved from /opt/airflow/dags/pipeline_dag.py
[2026-05-08T13:11:51.825+0000] {logging_mixin.py:188} INFO - [2026-05-08T13:11:51.824+0000] {dag.py:3096} INFO - Sync 1 DAGs
[2026-05-08T13:11:51.863+0000] {logging_mixin.py:188} INFO - [2026-05-08T13:11:51.863+0000] {dag.py:3954} INFO - Setting next_dagrun for ab_test_medallion_pipeline to 2026-05-08 00:00:00+00:00, run_after=2026-05-09 00:00:00+00:00
[2026-05-08T13:11:51.901+0000] {processor.py:183} INFO - Processing /opt/airflow/dags/pipeline_dag.py took 0.209 seconds
[2026-05-08T13:12:22.186+0000] {processor.py:161} INFO - Started process (PID=13006) to work on /opt/airflow/dags/pipeline_dag.py
[2026-05-08T13:12:22.193+0000] {processor.py:830} INFO - Processing file /opt/airflow/dags/pipeline_dag.py for tasks to queue
[2026-05-08T13:12:22.198+0000] {logging_mixin.py:188} INFO - [2026-05-08T13:12:22.195+0000] {dagbag.py:545} INFO - Filling up the DagBag from /opt/airflow/dags/pipeline_dag.py
[2026-05-08T13:12:22.251+0000] {processor.py:840} INFO - DAG(s) 'ab_test_medallion_pipeline' retrieved from /opt/airflow/dags/pipeline_dag.py
[2026-05-08T13:12:22.313+0000] {logging_mixin.py:188} INFO - [2026-05-08T13:12:22.313+0000] {dag.py:3096} INFO - Sync 1 DAGs
[2026-05-08T13:12:22.351+0000] {logging_mixin.py:188} INFO - [2026-05-08T13:12:22.350+0000] {dag.py:3954} INFO - Setting next_dagrun for ab_test_medallion_pipeline to 2026-05-08 00:00:00+00:00, run_after=2026-05-09 00:00:00+00:00
[2026-05-08T13:12:22.384+0000] {processor.py:183} INFO - Processing /opt/airflow/dags/pipeline_dag.py took 0.230 seconds
[2026-05-08T13:12:52.619+0000] {processor.py:161} INFO - Started process (PID=13011) to work on /opt/airflow/dags/pipeline_dag.py
[2026-05-08T13:12:52.620+0000] {processor.py:830} INFO - Processing file /opt/airflow/dags/pipeline_dag.py for tasks to queue
[2026-05-08T13:12:52.622+0000] {logging_mixin.py:188} INFO - [2026-05-08T13:12:52.621+0000] {dagbag.py:545} INFO - Filling up the DagBag from /opt/airflow/dags/pipeline_dag.py
[2026-05-08T13:12:52.651+0000] {processor.py:840} INFO - DAG(s) 'ab_test_medallion_pipeline' retrieved from /opt/airflow/dags/pipeline_dag.py
[2026-05-08T13:12:52.709+0000] {logging_mixin.py:188} INFO - [2026-05-08T13:12:52.708+0000] {dag.py:3096} INFO - Sync 1 DAGs
[2026-05-08T13:12:52.760+0000] {logging_mixin.py:188} INFO - [2026-05-08T13:12:52.760+0000] {dag.py:3954} INFO - Setting next_dagrun for ab_test_medallion_pipeline to 2026-05-08 00:00:00+00:00, run_after=2026-05-09 00:00:00+00:00
[2026-05-08T13:12:52.807+0000] {processor.py:183} INFO - Processing /opt/airflow/dags/pipeline_dag.py took 0.212 seconds
[2026-05-08T13:13:23.020+0000] {processor.py:161} INFO - Started process (PID=13016) to work on /opt/airflow/dags/pipeline_dag.py
[2026-05-08T13:13:23.024+0000] {processor.py:830} INFO - Processing file /opt/airflow/dags/pipeline_dag.py for tasks to queue
[2026-05-08T13:13:23.028+0000] {logging_mixin.py:188} INFO - [2026-05-08T13:13:23.026+0000] {dagbag.py:545} INFO - Filling up the DagBag from /opt/airflow/dags/pipeline_dag.py
[2026-05-08T13:13:23.078+0000] {processor.py:840} INFO - DAG(s) 'ab_test_medallion_pipeline' retrieved from /opt/airflow/dags/pipeline_dag.py
[2026-05-08T13:13:23.159+0000] {logging_mixin.py:188} INFO - [2026-05-08T13:13:23.158+0000] {dag.py:3096} INFO - Sync 1 DAGs
[2026-05-08T13:13:23.206+0000] {logging_mixin.py:188} INFO - [2026-05-08T13:13:23.205+0000] {dag.py:3954} INFO - Setting next_dagrun for ab_test_medallion_pipeline to 2026-05-08 00:00:00+00:00, run_after=2026-05-09 00:00:00+00:00
[2026-05-08T13:13:23.241+0000] {processor.py:183} INFO - Processing /opt/airflow/dags/pipeline_dag.py took 0.247 seconds
[2026-05-08T13:13:53.387+0000] {processor.py:161} INFO - Started process (PID=13021) to work on /opt/airflow/dags/pipeline_dag.py
[2026-05-08T13:13:53.392+0000] {processor.py:830} INFO - Processing file /opt/airflow/dags/pipeline_dag.py for tasks to queue
[2026-05-08T13:13:53.396+0000] {logging_mixin.py:188} INFO - [2026-05-08T13:13:53.395+0000] {dagbag.py:545} INFO - Filling up the DagBag from /opt/airflow/dags/pipeline_dag.py
[2026-05-08T13:13:53.488+0000] {processor.py:840} INFO - DAG(s) 'ab_test_medallion_pipeline' retrieved from /opt/airflow/dags/pipeline_dag.py
[2026-05-08T13:13:53.570+0000] {logging_mixin.py:188} INFO - [2026-05-08T13:13:53.569+0000] {dag.py:3096} INFO - Sync 1 DAGs
[2026-05-08T13:13:53.622+0000] {logging_mixin.py:188} INFO - [2026-05-08T13:13:53.622+0000] {dag.py:3954} INFO - Setting next_dagrun for ab_test_medallion_pipeline to 2026-05-08 00:00:00+00:00, run_after=2026-05-09 00:00:00+00:00
[2026-05-08T13:13:53.659+0000] {processor.py:183} INFO - Processing /opt/airflow/dags/pipeline_dag.py took 0.301 seconds
[2026-05-08T15:30:40.053+0000] {processor.py:161} INFO - Started process (PID=13026) to work on /opt/airflow/dags/pipeline_dag.py
[2026-05-08T15:30:40.055+0000] {processor.py:830} INFO - Processing file /opt/airflow/dags/pipeline_dag.py for tasks to queue
[2026-05-08T15:30:40.067+0000] {logging_mixin.py:188} INFO - [2026-05-08T15:30:40.056+0000] {dagbag.py:545} INFO - Filling up the DagBag from /opt/airflow/dags/pipeline_dag.py
[2026-05-08T15:30:40.311+0000] {processor.py:840} INFO - DAG(s) 'ab_test_medallion_pipeline' retrieved from /opt/airflow/dags/pipeline_dag.py
[2026-05-08T15:30:40.859+0000] {logging_mixin.py:188} INFO - [2026-05-08T15:30:40.859+0000] {dag.py:3096} INFO - Sync 1 DAGs
[2026-05-08T15:30:41.087+0000] {logging_mixin.py:188} INFO - [2026-05-08T15:30:41.086+0000] {dag.py:3954} INFO - Setting next_dagrun for ab_test_medallion_pipeline to 2026-05-08 00:00:00+00:00, run_after=2026-05-09 00:00:00+00:00
[2026-05-08T15:30:41.571+0000] {processor.py:183} INFO - Processing /opt/airflow/dags/pipeline_dag.py took 1.584 seconds
[2026-05-08T15:31:12.210+0000] {processor.py:161} INFO - Started process (PID=13031) to work on /opt/airflow/dags/pipeline_dag.py
[2026-05-08T15:31:12.212+0000] {processor.py:830} INFO - Processing file /opt/airflow/dags/pipeline_dag.py for tasks to queue
[2026-05-08T15:31:12.218+0000] {logging_mixin.py:188} INFO - [2026-05-08T15:31:12.217+0000] {dagbag.py:545} INFO - Filling up the DagBag from /opt/airflow/dags/pipeline_dag.py
[2026-05-08T15:31:12.281+0000] {processor.py:840} INFO - DAG(s) 'ab_test_medallion_pipeline' retrieved from /opt/airflow/dags/pipeline_dag.py
[2026-05-08T15:31:12.389+0000] {logging_mixin.py:188} INFO - [2026-05-08T15:31:12.388+0000] {dag.py:3096} INFO - Sync 1 DAGs
[2026-05-08T15:31:12.526+0000] {logging_mixin.py:188} INFO - [2026-05-08T15:31:12.526+0000] {dag.py:3954} INFO - Setting next_dagrun for ab_test_medallion_pipeline to 2026-05-08 00:00:00+00:00, run_after=2026-05-09 00:00:00+00:00
[2026-05-08T15:31:12.790+0000] {processor.py:183} INFO - Processing /opt/airflow/dags/pipeline_dag.py took 0.619 seconds
[2026-05-08T15:31:43.236+0000] {processor.py:161} INFO - Started process (PID=13036) to work on /opt/airflow/dags/pipeline_dag.py
[2026-05-08T15:31:43.239+0000] {processor.py:830} INFO - Processing file /opt/airflow/dags/pipeline_dag.py for tasks to queue
[2026-05-08T15:31:43.241+0000] {logging_mixin.py:188} INFO - [2026-05-08T15:31:43.240+0000] {dagbag.py:545} INFO - Filling up the DagBag from /opt/airflow/dags/pipeline_dag.py
[2026-05-08T15:31:43.271+0000] {processor.py:840} INFO - DAG(s) 'ab_test_medallion_pipeline' retrieved from /opt/airflow/dags/pipeline_dag.py
[2026-05-08T15:31:43.404+0000] {logging_mixin.py:188} INFO - [2026-05-08T15:31:43.403+0000] {dag.py:3096} INFO - Sync 1 DAGs
[2026-05-08T15:31:43.576+0000] {logging_mixin.py:188} INFO - [2026-05-08T15:31:43.575+0000] {dag.py:3954} INFO - Setting next_dagrun for ab_test_medallion_pipeline to 2026-05-08 00:00:00+00:00, run_after=2026-05-09 00:00:00+00:00
[2026-05-08T15:31:43.711+0000] {processor.py:183} INFO - Processing /opt/airflow/dags/pipeline_dag.py took 0.488 seconds
[2026-05-08T15:32:14.207+0000] {processor.py:161} INFO - Started process (PID=13041) to work on /opt/airflow/dags/pipeline_dag.py
[2026-05-08T15:32:14.209+0000] {processor.py:830} INFO - Processing file /opt/airflow/dags/pipeline_dag.py for tasks to queue
[2026-05-08T15:32:14.211+0000] {logging_mixin.py:188} INFO - [2026-05-08T15:32:14.210+0000] {dagbag.py:545} INFO - Filling up the DagBag from /opt/airflow/dags/pipeline_dag.py
[2026-05-08T15:32:14.249+0000] {processor.py:840} INFO - DAG(s) 'ab_test_medallion_pipeline' retrieved from /opt/airflow/dags/pipeline_dag.py
[2026-05-08T15:32:14.343+0000] {logging_mixin.py:188} INFO - [2026-05-08T15:32:14.342+0000] {dag.py:3096} INFO - Sync 1 DAGs
[2026-05-08T15:32:14.434+0000] {logging_mixin.py:188} INFO - [2026-05-08T15:32:14.433+0000] {dag.py:3954} INFO - Setting next_dagrun for ab_test_medallion_pipeline to 2026-05-08 00:00:00+00:00, run_after=2026-05-09 00:00:00+00:00
[2026-05-08T15:32:14.577+0000] {processor.py:183} INFO - Processing /opt/airflow/dags/pipeline_dag.py took 0.389 seconds
[2026-05-08T15:32:44.741+0000] {processor.py:161} INFO - Started process (PID=13046) to work on /opt/airflow/dags/pipeline_dag.py
[2026-05-08T15:32:44.856+0000] {processor.py:830} INFO - Processing file /opt/airflow/dags/pipeline_dag.py for tasks to queue
[2026-05-08T15:32:44.859+0000] {logging_mixin.py:188} INFO - [2026-05-08T15:32:44.858+0000] {dagbag.py:545} INFO - Filling up the DagBag from /opt/airflow/dags/pipeline_dag.py
[2026-05-08T15:32:44.895+0000] {processor.py:840} INFO - DAG(s) 'ab_test_medallion_pipeline' retrieved from /opt/airflow/dags/pipeline_dag.py
[2026-05-08T15:32:44.963+0000] {logging_mixin.py:188} INFO - [2026-05-08T15:32:44.963+0000] {dag.py:3096} INFO - Sync 1 DAGs
[2026-05-08T15:32:45.022+0000] {logging_mixin.py:188} INFO - [2026-05-08T15:32:45.022+0000] {dag.py:3954} INFO - Setting next_dagrun for ab_test_medallion_pipeline to 2026-05-08 00:00:00+00:00, run_after=2026-05-09 00:00:00+00:00
[2026-05-08T15:32:45.097+0000] {processor.py:183} INFO - Processing /opt/airflow/dags/pipeline_dag.py took 0.373 seconds
[2026-05-08T15:33:15.193+0000] {processor.py:161} INFO - Started process (PID=13051) to work on /opt/airflow/dags/pipeline_dag.py
[2026-05-08T15:33:15.195+0000] {processor.py:830} INFO - Processing file /opt/airflow/dags/pipeline_dag.py for tasks to queue
[2026-05-08T15:33:15.197+0000] {logging_mixin.py:188} INFO - [2026-05-08T15:33:15.196+0000] {dagbag.py:545} INFO - Filling up the DagBag from /opt/airflow/dags/pipeline_dag.py
[2026-05-08T15:33:15.221+0000] {processor.py:840} INFO - DAG(s) 'ab_test_medallion_pipeline' retrieved from /opt/airflow/dags/pipeline_dag.py
[2026-05-08T15:33:15.268+0000] {logging_mixin.py:188} INFO - [2026-05-08T15:33:15.267+0000] {dag.py:3096} INFO - Sync 1 DAGs
[2026-05-08T15:33:15.307+0000] {logging_mixin.py:188} INFO - [2026-05-08T15:33:15.307+0000] {dag.py:3954} INFO - Setting next_dagrun for ab_test_medallion_pipeline to 2026-05-08 00:00:00+00:00, run_after=2026-05-09 00:00:00+00:00
[2026-05-08T15:33:15.366+0000] {processor.py:183} INFO - Processing /opt/airflow/dags/pipeline_dag.py took 0.187 seconds
[2026-05-08T15:33:45.562+0000] {processor.py:161} INFO - Started process (PID=13056) to work on /opt/airflow/dags/pipeline_dag.py
[2026-05-08T15:33:45.565+0000] {processor.py:830} INFO - Processing file /opt/airflow/dags/pipeline_dag.py for tasks to queue
[2026-05-08T15:33:45.569+0000] {logging_mixin.py:188} INFO - [2026-05-08T15:33:45.568+0000] {dagbag.py:545} INFO - Filling up the DagBag from /opt/airflow/dags/pipeline_dag.py
[2026-05-08T15:33:45.616+0000] {processor.py:840} INFO - DAG(s) 'ab_test_medallion_pipeline' retrieved from /opt/airflow/dags/pipeline_dag.py
[2026-05-08T15:33:45.675+0000] {logging_mixin.py:188} INFO - [2026-05-08T15:33:45.674+0000] {dag.py:3096} INFO - Sync 1 DAGs
[2026-05-08T15:33:45.712+0000] {logging_mixin.py:188} INFO - [2026-05-08T15:33:45.712+0000] {dag.py:3954} INFO - Setting next_dagrun for ab_test_medallion_pipeline to 2026-05-08 00:00:00+00:00, run_after=2026-05-09 00:00:00+00:00
[2026-05-08T15:33:45.741+0000] {processor.py:183} INFO - Processing /opt/airflow/dags/pipeline_dag.py took 0.203 seconds
[2026-05-08T15:34:16.397+0000] {processor.py:161} INFO - Started process (PID=13061) to work on /opt/airflow/dags/pipeline_dag.py
[2026-05-08T15:34:16.399+0000] {processor.py:830} INFO - Processing file /opt/airflow/dags/pipeline_dag.py for tasks to queue
[2026-05-08T15:34:16.402+0000] {logging_mixin.py:188} INFO - [2026-05-08T15:34:16.401+0000] {dagbag.py:545} INFO - Filling up the DagBag from /opt/airflow/dags/pipeline_dag.py
[2026-05-08T15:34:16.444+0000] {processor.py:840} INFO - DAG(s) 'ab_test_medallion_pipeline' retrieved from /opt/airflow/dags/pipeline_dag.py
[2026-05-08T15:34:16.526+0000] {logging_mixin.py:188} INFO - [2026-05-08T15:34:16.526+0000] {dag.py:3096} INFO - Sync 1 DAGs
[2026-05-08T15:34:16.574+0000] {logging_mixin.py:188} INFO - [2026-05-08T15:34:16.573+0000] {dag.py:3954} INFO - Setting next_dagrun for ab_test_medallion_pipeline to 2026-05-08 00:00:00+00:00, run_after=2026-05-09 00:00:00+00:00
[2026-05-08T15:34:16.608+0000] {processor.py:183} INFO - Processing /opt/airflow/dags/pipeline_dag.py took 0.227 seconds
[2026-05-08T15:34:47.354+0000] {processor.py:161} INFO - Started process (PID=13066) to work on /opt/airflow/dags/pipeline_dag.py
[2026-05-08T15:34:47.355+0000] {processor.py:830} INFO - Processing file /opt/airflow/dags/pipeline_dag.py for tasks to queue
[2026-05-08T15:34:47.357+0000] {logging_mixin.py:188} INFO - [2026-05-08T15:34:47.356+0000] {dagbag.py:545} INFO - Filling up the DagBag from /opt/airflow/dags/pipeline_dag.py
[2026-05-08T15:34:47.393+0000] {processor.py:840} INFO - DAG(s) 'ab_test_medallion_pipeline' retrieved from /opt/airflow/dags/pipeline_dag.py
[2026-05-08T15:34:47.460+0000] {logging_mixin.py:188} INFO - [2026-05-08T15:34:47.459+0000] {dag.py:3096} INFO - Sync 1 DAGs
[2026-05-08T15:34:47.536+0000] {logging_mixin.py:188} INFO - [2026-05-08T15:34:47.535+0000] {dag.py:3954} INFO - Setting next_dagrun for ab_test_medallion_pipeline to 2026-05-08 00:00:00+00:00, run_after=2026-05-09 00:00:00+00:00
[2026-05-08T15:34:47.596+0000] {processor.py:183} INFO - Processing /opt/airflow/dags/pipeline_dag.py took 0.263 seconds
[2026-05-08T15:35:18.071+0000] {processor.py:161} INFO - Started process (PID=13071) to work on /opt/airflow/dags/pipeline_dag.py
[2026-05-08T15:35:18.074+0000] {processor.py:830} INFO - Processing file /opt/airflow/dags/pipeline_dag.py for tasks to queue
[2026-05-08T15:35:18.078+0000] {logging_mixin.py:188} INFO - [2026-05-08T15:35:18.076+0000] {dagbag.py:545} INFO - Filling up the DagBag from /opt/airflow/dags/pipeline_dag.py
[2026-05-08T15:35:18.113+0000] {processor.py:840} INFO - DAG(s) 'ab_test_medallion_pipeline' retrieved from /opt/airflow/dags/pipeline_dag.py
[2026-05-08T15:35:18.178+0000] {logging_mixin.py:188} INFO - [2026-05-08T15:35:18.177+0000] {dag.py:3096} INFO - Sync 1 DAGs
[2026-05-08T15:35:18.219+0000] {logging_mixin.py:188} INFO - [2026-05-08T15:35:18.218+0000] {dag.py:3954} INFO - Setting next_dagrun for ab_test_medallion_pipeline to 2026-05-08 00:00:00+00:00, run_after=2026-05-09 00:00:00+00:00
[2026-05-08T15:35:18.252+0000] {processor.py:183} INFO - Processing /opt/airflow/dags/pipeline_dag.py took 0.207 seconds
[2026-05-08T15:35:48.717+0000] {processor.py:161} INFO - Started process (PID=13076) to work on /opt/airflow/dags/pipeline_dag.py
[2026-05-08T15:35:48.719+0000] {processor.py:830} INFO - Processing file /opt/airflow/dags/pipeline_dag.py for tasks to queue
[2026-05-08T15:35:48.721+0000] {logging_mixin.py:188} INFO - [2026-05-08T15:35:48.720+0000] {dagbag.py:545} INFO - Filling up the DagBag from /opt/airflow/dags/pipeline_dag.py
[2026-05-08T15:35:48.755+0000] {processor.py:840} INFO - DAG(s) 'ab_test_medallion_pipeline' retrieved from /opt/airflow/dags/pipeline_dag.py
[2026-05-08T15:35:48.821+0000] {logging_mixin.py:188} INFO - [2026-05-08T15:35:48.821+0000] {dag.py:3096} INFO - Sync 1 DAGs
[2026-05-08T15:35:48.871+0000] {logging_mixin.py:188} INFO - [2026-05-08T15:35:48.870+0000] {dag.py:3954} INFO - Setting next_dagrun for ab_test_medallion_pipeline to 2026-05-08 00:00:00+00:00, run_after=2026-05-09 00:00:00+00:00
[2026-05-08T15:35:48.911+0000] {processor.py:183} INFO - Processing /opt/airflow/dags/pipeline_dag.py took 0.209 seconds
[2026-05-08T15:36:19.275+0000] {processor.py:161} INFO - Started process (PID=13081) to work on /opt/airflow/dags/pipeline_dag.py
[2026-05-08T15:36:19.277+0000] {processor.py:830} INFO - Processing file /opt/airflow/dags/pipeline_dag.py for tasks to queue
[2026-05-08T15:36:19.279+0000] {logging_mixin.py:188} INFO - [2026-05-08T15:36:19.278+0000] {dagbag.py:545} INFO - Filling up the DagBag from /opt/airflow/dags/pipeline_dag.py
[2026-05-08T15:36:19.323+0000] {processor.py:840} INFO - DAG(s) 'ab_test_medallion_pipeline' retrieved from /opt/airflow/dags/pipeline_dag.py
[2026-05-08T15:36:19.385+0000] {logging_mixin.py:188} INFO - [2026-05-08T15:36:19.385+0000] {dag.py:3096} INFO - Sync 1 DAGs
[2026-05-08T15:36:19.428+0000] {logging_mixin.py:188} INFO - [2026-05-08T15:36:19.427+0000] {dag.py:3954} INFO - Setting next_dagrun for ab_test_medallion_pipeline to 2026-05-08 00:00:00+00:00, run_after=2026-05-09 00:00:00+00:00
[2026-05-08T15:36:19.463+0000] {processor.py:183} INFO - Processing /opt/airflow/dags/pipeline_dag.py took 0.205 seconds
[2026-05-08T15:36:50.200+0000] {processor.py:161} INFO - Started process (PID=13086) to work on /opt/airflow/dags/pipeline_dag.py
[2026-05-08T15:36:50.201+0000] {processor.py:830} INFO - Processing file /opt/airflow/dags/pipeline_dag.py for tasks to queue
[2026-05-08T15:36:50.203+0000] {logging_mixin.py:188} INFO - [2026-05-08T15:36:50.202+0000] {dagbag.py:545} INFO - Filling up the DagBag from /opt/airflow/dags/pipeline_dag.py
[2026-05-08T15:36:50.231+0000] {processor.py:840} INFO - DAG(s) 'ab_test_medallion_pipeline' retrieved from /opt/airflow/dags/pipeline_dag.py
[2026-05-08T15:36:50.292+0000] {logging_mixin.py:188} INFO - [2026-05-08T15:36:50.291+0000] {dag.py:3096} INFO - Sync 1 DAGs
[2026-05-08T15:36:50.355+0000] {logging_mixin.py:188} INFO - [2026-05-08T15:36:50.355+0000] {dag.py:3954} INFO - Setting next_dagrun for ab_test_medallion_pipeline to 2026-05-08 00:00:00+00:00, run_after=2026-05-09 00:00:00+00:00
[2026-05-08T15:36:50.394+0000] {processor.py:183} INFO - Processing /opt/airflow/dags/pipeline_dag.py took 0.206 seconds
[2026-05-08T15:37:20.859+0000] {processor.py:161} INFO - Started process (PID=13091) to work on /opt/airflow/dags/pipeline_dag.py
[2026-05-08T15:37:20.861+0000] {processor.py:830} INFO - Processing file /opt/airflow/dags/pipeline_dag.py for tasks to queue
[2026-05-08T15:37:20.862+0000] {logging_mixin.py:188} INFO - [2026-05-08T15:37:20.862+0000] {dagbag.py:545} INFO - Filling up the DagBag from /opt/airflow/dags/pipeline_dag.py
[2026-05-08T15:37:20.898+0000] {processor.py:840} INFO - DAG(s) 'ab_test_medallion_pipeline' retrieved from /opt/airflow/dags/pipeline_dag.py
[2026-05-08T15:37:20.971+0000] {logging_mixin.py:188} INFO - [2026-05-08T15:37:20.970+0000] {dag.py:3096} INFO - Sync 1 DAGs
[2026-05-08T15:37:21.020+0000] {logging_mixin.py:188} INFO - [2026-05-08T15:37:21.020+0000] {dag.py:3954} INFO - Setting next_dagrun for ab_test_medallion_pipeline to 2026-05-08 00:00:00+00:00, run_after=2026-05-09 00:00:00+00:00
[2026-05-08T15:37:21.055+0000] {processor.py:183} INFO - Processing /opt/airflow/dags/pipeline_dag.py took 0.209 seconds
[2026-05-08T15:37:51.889+0000] {processor.py:161} INFO - Started process (PID=13096) to work on /opt/airflow/dags/pipeline_dag.py
[2026-05-08T15:37:51.891+0000] {processor.py:830} INFO - Processing file /opt/airflow/dags/pipeline_dag.py for tasks to queue
[2026-05-08T15:37:51.895+0000] {logging_mixin.py:188} INFO - [2026-05-08T15:37:51.894+0000] {dagbag.py:545} INFO - Filling up the DagBag from /opt/airflow/dags/pipeline_dag.py
[2026-05-08T15:37:51.930+0000] {processor.py:840} INFO - DAG(s) 'ab_test_medallion_pipeline' retrieved from /opt/airflow/dags/pipeline_dag.py
[2026-05-08T15:37:52.002+0000] {logging_mixin.py:188} INFO - [2026-05-08T15:37:52.001+0000] {dag.py:3096} INFO - Sync 1 DAGs
[2026-05-08T15:37:52.048+0000] {logging_mixin.py:188} INFO - [2026-05-08T15:37:52.048+0000] {dag.py:3954} INFO - Setting next_dagrun for ab_test_medallion_pipeline to 2026-05-08 00:00:00+00:00, run_after=2026-05-09 00:00:00+00:00
[2026-05-08T15:37:52.080+0000] {processor.py:183} INFO - Processing /opt/airflow/dags/pipeline_dag.py took 0.207 seconds
[2026-05-08T15:38:22.736+0000] {processor.py:161} INFO - Started process (PID=13101) to work on /opt/airflow/dags/pipeline_dag.py
[2026-05-08T15:38:22.739+0000] {processor.py:830} INFO - Processing file /opt/airflow/dags/pipeline_dag.py for tasks to queue
[2026-05-08T15:38:22.741+0000] {logging_mixin.py:188} INFO - [2026-05-08T15:38:22.740+0000] {dagbag.py:545} INFO - Filling up the DagBag from /opt/airflow/dags/pipeline_dag.py
[2026-05-08T15:38:22.785+0000] {processor.py:840} INFO - DAG(s) 'ab_test_medallion_pipeline' retrieved from /opt/airflow/dags/pipeline_dag.py
[2026-05-08T15:38:22.839+0000] {logging_mixin.py:188} INFO - [2026-05-08T15:38:22.839+0000] {dag.py:3096} INFO - Sync 1 DAGs
[2026-05-08T15:38:22.874+0000] {logging_mixin.py:188} INFO - [2026-05-08T15:38:22.874+0000] {dag.py:3954} INFO - Setting next_dagrun for ab_test_medallion_pipeline to 2026-05-08 00:00:00+00:00, run_after=2026-05-09 00:00:00+00:00
[2026-05-08T15:38:22.905+0000] {processor.py:183} INFO - Processing /opt/airflow/dags/pipeline_dag.py took 0.189 seconds
[2026-05-08T15:38:53.461+0000] {processor.py:161} INFO - Started process (PID=13106) to work on /opt/airflow/dags/pipeline_dag.py
[2026-05-08T15:38:53.463+0000] {processor.py:830} INFO - Processing file /opt/airflow/dags/pipeline_dag.py for tasks to queue
[2026-05-08T15:38:53.464+0000] {logging_mixin.py:188} INFO - [2026-05-08T15:38:53.464+0000] {dagbag.py:545} INFO - Filling up the DagBag from /opt/airflow/dags/pipeline_dag.py
[2026-05-08T15:38:53.491+0000] {processor.py:840} INFO - DAG(s) 'ab_test_medallion_pipeline' retrieved from /opt/airflow/dags/pipeline_dag.py
[2026-05-08T15:38:53.544+0000] {logging_mixin.py:188} INFO - [2026-05-08T15:38:53.544+0000] {dag.py:3096} INFO - Sync 1 DAGs
[2026-05-08T15:38:53.580+0000] {logging_mixin.py:188} INFO - [2026-05-08T15:38:53.580+0000] {dag.py:3954} INFO - Setting next_dagrun for ab_test_medallion_pipeline to 2026-05-08 00:00:00+00:00, run_after=2026-05-09 00:00:00+00:00
[2026-05-08T15:38:53.610+0000] {processor.py:183} INFO - Processing /opt/airflow/dags/pipeline_dag.py took 0.162 seconds
[2026-05-08T15:39:24.327+0000] {processor.py:161} INFO - Started process (PID=13111) to work on /opt/airflow/dags/pipeline_dag.py
[2026-05-08T15:39:24.332+0000] {processor.py:830} INFO - Processing file /opt/airflow/dags/pipeline_dag.py for tasks to queue
[2026-05-08T15:39:24.336+0000] {logging_mixin.py:188} INFO - [2026-05-08T15:39:24.334+0000] {dagbag.py:545} INFO - Filling up the DagBag from /opt/airflow/dags/pipeline_dag.py
[2026-05-08T15:39:24.378+0000] {processor.py:840} INFO - DAG(s) 'ab_test_medallion_pipeline' retrieved from /opt/airflow/dags/pipeline_dag.py
[2026-05-08T15:39:24.462+0000] {logging_mixin.py:188} INFO - [2026-05-08T15:39:24.462+0000] {dag.py:3096} INFO - Sync 1 DAGs
[2026-05-08T15:39:24.518+0000] {logging_mixin.py:188} INFO - [2026-05-08T15:39:24.517+0000] {dag.py:3954} INFO - Setting next_dagrun for ab_test_medallion_pipeline to 2026-05-08 00:00:00+00:00, run_after=2026-05-09 00:00:00+00:00
[2026-05-08T15:39:24.550+0000] {processor.py:183} INFO - Processing /opt/airflow/dags/pipeline_dag.py took 0.247 seconds
[2026-05-08T15:39:54.650+0000] {processor.py:161} INFO - Started process (PID=13116) to work on /opt/airflow/dags/pipeline_dag.py
[2026-05-08T15:39:54.655+0000] {processor.py:830} INFO - Processing file /opt/airflow/dags/pipeline_dag.py for tasks to queue
[2026-05-08T15:39:54.658+0000] {logging_mixin.py:188} INFO - [2026-05-08T15:39:54.656+0000] {dagbag.py:545} INFO - Filling up the DagBag from /opt/airflow/dags/pipeline_dag.py
[2026-05-08T15:39:54.683+0000] {processor.py:840} INFO - DAG(s) 'ab_test_medallion_pipeline' retrieved from /opt/airflow/dags/pipeline_dag.py
[2026-05-08T15:39:54.736+0000] {logging_mixin.py:188} INFO - [2026-05-08T15:39:54.736+0000] {dag.py:3096} INFO - Sync 1 DAGs
[2026-05-08T15:39:54.775+0000] {logging_mixin.py:188} INFO - [2026-05-08T15:39:54.774+0000] {dag.py:3954} INFO - Setting next_dagrun for ab_test_medallion_pipeline to 2026-05-08 00:00:00+00:00, run_after=2026-05-09 00:00:00+00:00
[2026-05-08T15:39:54.807+0000] {processor.py:183} INFO - Processing /opt/airflow/dags/pipeline_dag.py took 0.171 seconds
[2026-05-08T15:40:25.000+0000] {processor.py:161} INFO - Started process (PID=13121) to work on /opt/airflow/dags/pipeline_dag.py
[2026-05-08T15:40:25.002+0000] {processor.py:830} INFO - Processing file /opt/airflow/dags/pipeline_dag.py for tasks to queue
[2026-05-08T15:40:25.004+0000] {logging_mixin.py:188} INFO - [2026-05-08T15:40:25.003+0000] {dagbag.py:545} INFO - Filling up the DagBag from /opt/airflow/dags/pipeline_dag.py
[2026-05-08T15:40:25.045+0000] {processor.py:840} INFO - DAG(s) 'ab_test_medallion_pipeline' retrieved from /opt/airflow/dags/pipeline_dag.py
[2026-05-08T15:40:25.125+0000] {logging_mixin.py:188} INFO - [2026-05-08T15:40:25.124+0000] {dag.py:3096} INFO - Sync 1 DAGs
[2026-05-08T15:40:25.166+0000] {logging_mixin.py:188} INFO - [2026-05-08T15:40:25.166+0000] {dag.py:3954} INFO - Setting next_dagrun for ab_test_medallion_pipeline to 2026-05-08 00:00:00+00:00, run_after=2026-05-09 00:00:00+00:00
[2026-05-08T15:40:25.199+0000] {processor.py:183} INFO - Processing /opt/airflow/dags/pipeline_dag.py took 0.214 seconds
[2026-05-08T15:40:55.960+0000] {processor.py:161} INFO - Started process (PID=13126) to work on /opt/airflow/dags/pipeline_dag.py
[2026-05-08T15:40:55.962+0000] {processor.py:830} INFO - Processing file /opt/airflow/dags/pipeline_dag.py for tasks to queue
[2026-05-08T15:40:55.964+0000] {logging_mixin.py:188} INFO - [2026-05-08T15:40:55.963+0000] {dagbag.py:545} INFO - Filling up the DagBag from /opt/airflow/dags/pipeline_dag.py
[2026-05-08T15:40:55.989+0000] {processor.py:840} INFO - DAG(s) 'ab_test_medallion_pipeline' retrieved from /opt/airflow/dags/pipeline_dag.py
[2026-05-08T15:40:56.034+0000] {logging_mixin.py:188} INFO - [2026-05-08T15:40:56.033+0000] {dag.py:3096} INFO - Sync 1 DAGs
[2026-05-08T15:40:56.074+0000] {logging_mixin.py:188} INFO - [2026-05-08T15:40:56.074+0000] {dag.py:3954} INFO - Setting next_dagrun for ab_test_medallion_pipeline to 2026-05-08 00:00:00+00:00, run_after=2026-05-09 00:00:00+00:00
[2026-05-08T15:40:56.108+0000] {processor.py:183} INFO - Processing /opt/airflow/dags/pipeline_dag.py took 0.167 seconds
[2026-05-08T15:41:26.621+0000] {processor.py:161} INFO - Started process (PID=13131) to work on /opt/airflow/dags/pipeline_dag.py
[2026-05-08T15:41:26.624+0000] {processor.py:830} INFO - Processing file /opt/airflow/dags/pipeline_dag.py for tasks to queue
[2026-05-08T15:41:26.627+0000] {logging_mixin.py:188} INFO - [2026-05-08T15:41:26.626+0000] {dagbag.py:545} INFO - Filling up the DagBag from /opt/airflow/dags/pipeline_dag.py
[2026-05-08T15:41:26.655+0000] {processor.py:840} INFO - DAG(s) 'ab_test_medallion_pipeline' retrieved from /opt/airflow/dags/pipeline_dag.py
[2026-05-08T15:41:26.729+0000] {logging_mixin.py:188} INFO - [2026-05-08T15:41:26.728+0000] {dag.py:3096} INFO - Sync 1 DAGs
[2026-05-08T15:41:26.777+0000] {logging_mixin.py:188} INFO - [2026-05-08T15:41:26.777+0000] {dag.py:3954} INFO - Setting next_dagrun for ab_test_medallion_pipeline to 2026-05-08 00:00:00+00:00, run_after=2026-05-09 00:00:00+00:00
[2026-05-08T15:41:26.823+0000] {processor.py:183} INFO - Processing /opt/airflow/dags/pipeline_dag.py took 0.221 seconds
[2026-05-08T15:41:57.438+0000] {processor.py:161} INFO - Started process (PID=13136) to work on /opt/airflow/dags/pipeline_dag.py
[2026-05-08T15:41:57.440+0000] {processor.py:830} INFO - Processing file /opt/airflow/dags/pipeline_dag.py for tasks to queue
[2026-05-08T15:41:57.441+0000] {logging_mixin.py:188} INFO - [2026-05-08T15:41:57.440+0000] {dagbag.py:545} INFO - Filling up the DagBag from /opt/airflow/dags/pipeline_dag.py
[2026-05-08T15:41:57.464+0000] {processor.py:840} INFO - DAG(s) 'ab_test_medallion_pipeline' retrieved from /opt/airflow/dags/pipeline_dag.py
[2026-05-08T15:41:57.509+0000] {logging_mixin.py:188} INFO - [2026-05-08T15:41:57.508+0000] {dag.py:3096} INFO - Sync 1 DAGs
[2026-05-08T15:41:57.551+0000] {logging_mixin.py:188} INFO - [2026-05-08T15:41:57.550+0000] {dag.py:3954} INFO - Setting next_dagrun for ab_test_medallion_pipeline to 2026-05-08 00:00:00+00:00, run_after=2026-05-09 00:00:00+00:00
[2026-05-08T15:41:57.581+0000] {processor.py:183} INFO - Processing /opt/airflow/dags/pipeline_dag.py took 0.159 seconds
[2026-05-08T15:42:28.199+0000] {processor.py:161} INFO - Started process (PID=13141) to work on /opt/airflow/dags/pipeline_dag.py
[2026-05-08T15:42:28.202+0000] {processor.py:830} INFO - Processing file /opt/airflow/dags/pipeline_dag.py for tasks to queue
[2026-05-08T15:42:28.205+0000] {logging_mixin.py:188} INFO - [2026-05-08T15:42:28.204+0000] {dagbag.py:545} INFO - Filling up the DagBag from /opt/airflow/dags/pipeline_dag.py
[2026-05-08T15:42:28.240+0000] {processor.py:840} INFO - DAG(s) 'ab_test_medallion_pipeline' retrieved from /opt/airflow/dags/pipeline_dag.py
[2026-05-08T15:42:28.313+0000] {logging_mixin.py:188} INFO - [2026-05-08T15:42:28.312+0000] {dag.py:3096} INFO - Sync 1 DAGs
[2026-05-08T15:42:28.370+0000] {logging_mixin.py:188} INFO - [2026-05-08T15:42:28.369+0000] {dag.py:3954} INFO - Setting next_dagrun for ab_test_medallion_pipeline to 2026-05-08 00:00:00+00:00, run_after=2026-05-09 00:00:00+00:00
[2026-05-08T15:42:28.413+0000] {processor.py:183} INFO - Processing /opt/airflow/dags/pipeline_dag.py took 0.235 seconds
[2026-05-08T15:42:58.793+0000] {processor.py:161} INFO - Started process (PID=13146) to work on /opt/airflow/dags/pipeline_dag.py
[2026-05-08T15:42:58.795+0000] {processor.py:830} INFO - Processing file /opt/airflow/dags/pipeline_dag.py for tasks to queue
[2026-05-08T15:42:58.797+0000] {logging_mixin.py:188} INFO - [2026-05-08T15:42:58.796+0000] {dagbag.py:545} INFO - Filling up the DagBag from /opt/airflow/dags/pipeline_dag.py
[2026-05-08T15:42:58.832+0000] {processor.py:840} INFO - DAG(s) 'ab_test_medallion_pipeline' retrieved from /opt/airflow/dags/pipeline_dag.py
[2026-05-08T15:42:58.896+0000] {logging_mixin.py:188} INFO - [2026-05-08T15:42:58.896+0000] {dag.py:3096} INFO - Sync 1 DAGs
[2026-05-08T15:42:58.945+0000] {logging_mixin.py:188} INFO - [2026-05-08T15:42:58.944+0000] {dag.py:3954} INFO - Setting next_dagrun for ab_test_medallion_pipeline to 2026-05-08 00:00:00+00:00, run_after=2026-05-09 00:00:00+00:00
[2026-05-08T15:42:58.996+0000] {processor.py:183} INFO - Processing /opt/airflow/dags/pipeline_dag.py took 0.216 seconds
[2026-05-08T15:43:29.424+0000] {processor.py:161} INFO - Started process (PID=13151) to work on /opt/airflow/dags/pipeline_dag.py
[2026-05-08T15:43:29.427+0000] {processor.py:830} INFO - Processing file /opt/airflow/dags/pipeline_dag.py for tasks to queue
[2026-05-08T15:43:29.428+0000] {logging_mixin.py:188} INFO - [2026-05-08T15:43:29.428+0000] {dagbag.py:545} INFO - Filling up the DagBag from /opt/airflow/dags/pipeline_dag.py
[2026-05-08T15:43:29.459+0000] {processor.py:840} INFO - DAG(s) 'ab_test_medallion_pipeline' retrieved from /opt/airflow/dags/pipeline_dag.py
[2026-05-08T15:43:29.529+0000] {logging_mixin.py:188} INFO - [2026-05-08T15:43:29.529+0000] {dag.py:3096} INFO - Sync 1 DAGs
[2026-05-08T15:43:29.578+0000] {logging_mixin.py:188} INFO - [2026-05-08T15:43:29.578+0000] {dag.py:3954} INFO - Setting next_dagrun for ab_test_medallion_pipeline to 2026-05-08 00:00:00+00:00, run_after=2026-05-09 00:00:00+00:00
[2026-05-08T15:43:29.613+0000] {processor.py:183} INFO - Processing /opt/airflow/dags/pipeline_dag.py took 0.202 seconds
[2026-05-08T15:44:00.361+0000] {processor.py:161} INFO - Started process (PID=13156) to work on /opt/airflow/dags/pipeline_dag.py
[2026-05-08T15:44:00.362+0000] {processor.py:830} INFO - Processing file /opt/airflow/dags/pipeline_dag.py for tasks to queue
[2026-05-08T15:44:00.366+0000] {logging_mixin.py:188} INFO - [2026-05-08T15:44:00.364+0000] {dagbag.py:545} INFO - Filling up the DagBag from /opt/airflow/dags/pipeline_dag.py
[2026-05-08T15:44:00.407+0000] {processor.py:840} INFO - DAG(s) 'ab_test_medallion_pipeline' retrieved from /opt/airflow/dags/pipeline_dag.py
[2026-05-08T15:44:00.486+0000] {logging_mixin.py:188} INFO - [2026-05-08T15:44:00.486+0000] {dag.py:3096} INFO - Sync 1 DAGs
[2026-05-08T15:44:00.521+0000] {logging_mixin.py:188} INFO - [2026-05-08T15:44:00.521+0000] {dag.py:3954} INFO - Setting next_dagrun for ab_test_medallion_pipeline to 2026-05-08 00:00:00+00:00, run_after=2026-05-09 00:00:00+00:00
[2026-05-08T15:44:00.553+0000] {processor.py:183} INFO - Processing /opt/airflow/dags/pipeline_dag.py took 0.208 seconds
[2026-05-08T15:44:31.066+0000] {processor.py:161} INFO - Started process (PID=13161) to work on /opt/airflow/dags/pipeline_dag.py
[2026-05-08T15:44:31.070+0000] {processor.py:830} INFO - Processing file /opt/airflow/dags/pipeline_dag.py for tasks to queue
[2026-05-08T15:44:31.072+0000] {logging_mixin.py:188} INFO - [2026-05-08T15:44:31.071+0000] {dagbag.py:545} INFO - Filling up the DagBag from /opt/airflow/dags/pipeline_dag.py
[2026-05-08T15:44:31.096+0000] {processor.py:840} INFO - DAG(s) 'ab_test_medallion_pipeline' retrieved from /opt/airflow/dags/pipeline_dag.py
[2026-05-08T15:44:31.150+0000] {logging_mixin.py:188} INFO - [2026-05-08T15:44:31.149+0000] {dag.py:3096} INFO - Sync 1 DAGs
[2026-05-08T15:44:31.199+0000] {logging_mixin.py:188} INFO - [2026-05-08T15:44:31.199+0000] {dag.py:3954} INFO - Setting next_dagrun for ab_test_medallion_pipeline to 2026-05-08 00:00:00+00:00, run_after=2026-05-09 00:00:00+00:00
[2026-05-08T15:44:31.232+0000] {processor.py:183} INFO - Processing /opt/airflow/dags/pipeline_dag.py took 0.179 seconds
[2026-05-08T15:45:01.924+0000] {processor.py:161} INFO - Started process (PID=13166) to work on /opt/airflow/dags/pipeline_dag.py
[2026-05-08T15:45:01.926+0000] {processor.py:830} INFO - Processing file /opt/airflow/dags/pipeline_dag.py for tasks to queue
[2026-05-08T15:45:01.927+0000] {logging_mixin.py:188} INFO - [2026-05-08T15:45:01.927+0000] {dagbag.py:545} INFO - Filling up the DagBag from /opt/airflow/dags/pipeline_dag.py
[2026-05-08T15:45:01.952+0000] {processor.py:840} INFO - DAG(s) 'ab_test_medallion_pipeline' retrieved from /opt/airflow/dags/pipeline_dag.py
[2026-05-08T15:45:02.000+0000] {logging_mixin.py:188} INFO - [2026-05-08T15:45:01.999+0000] {dag.py:3096} INFO - Sync 1 DAGs
[2026-05-08T15:45:02.037+0000] {logging_mixin.py:188} INFO - [2026-05-08T15:45:02.037+0000] {dag.py:3954} INFO - Setting next_dagrun for ab_test_medallion_pipeline to 2026-05-08 00:00:00+00:00, run_after=2026-05-09 00:00:00+00:00
[2026-05-08T15:45:02.067+0000] {processor.py:183} INFO - Processing /opt/airflow/dags/pipeline_dag.py took 0.153 seconds
[2026-05-08T15:45:32.663+0000] {processor.py:161} INFO - Started process (PID=13171) to work on /opt/airflow/dags/pipeline_dag.py
[2026-05-08T15:45:32.669+0000] {processor.py:830} INFO - Processing file /opt/airflow/dags/pipeline_dag.py for tasks to queue
[2026-05-08T15:45:32.671+0000] {logging_mixin.py:188} INFO - [2026-05-08T15:45:32.670+0000] {dagbag.py:545} INFO - Filling up the DagBag from /opt/airflow/dags/pipeline_dag.py
[2026-05-08T15:45:32.701+0000] {processor.py:840} INFO - DAG(s) 'ab_test_medallion_pipeline' retrieved from /opt/airflow/dags/pipeline_dag.py
[2026-05-08T15:45:32.760+0000] {logging_mixin.py:188} INFO - [2026-05-08T15:45:32.759+0000] {dag.py:3096} INFO - Sync 1 DAGs
[2026-05-08T15:45:32.802+0000] {logging_mixin.py:188} INFO - [2026-05-08T15:45:32.801+0000] {dag.py:3954} INFO - Setting next_dagrun for ab_test_medallion_pipeline to 2026-05-08 00:00:00+00:00, run_after=2026-05-09 00:00:00+00:00
[2026-05-08T15:45:32.842+0000] {processor.py:183} INFO - Processing /opt/airflow/dags/pipeline_dag.py took 0.204 seconds
[2026-05-08T15:46:03.542+0000] {processor.py:161} INFO - Started process (PID=13176) to work on /opt/airflow/dags/pipeline_dag.py
[2026-05-08T15:46:03.543+0000] {processor.py:830} INFO - Processing file /opt/airflow/dags/pipeline_dag.py for tasks to queue
[2026-05-08T15:46:03.545+0000] {logging_mixin.py:188} INFO - [2026-05-08T15:46:03.544+0000] {dagbag.py:545} INFO - Filling up the DagBag from /opt/airflow/dags/pipeline_dag.py
[2026-05-08T15:46:03.580+0000] {processor.py:840} INFO - DAG(s) 'ab_test_medallion_pipeline' retrieved from /opt/airflow/dags/pipeline_dag.py
[2026-05-08T15:46:03.632+0000] {logging_mixin.py:188} INFO - [2026-05-08T15:46:03.631+0000] {dag.py:3096} INFO - Sync 1 DAGs
[2026-05-08T15:46:03.669+0000] {logging_mixin.py:188} INFO - [2026-05-08T15:46:03.668+0000] {dag.py:3954} INFO - Setting next_dagrun for ab_test_medallion_pipeline to 2026-05-08 00:00:00+00:00, run_after=2026-05-09 00:00:00+00:00
[2026-05-08T15:46:03.697+0000] {processor.py:183} INFO - Processing /opt/airflow/dags/pipeline_dag.py took 0.170 seconds
[2026-05-08T15:46:34.287+0000] {processor.py:161} INFO - Started process (PID=13181) to work on /opt/airflow/dags/pipeline_dag.py
[2026-05-08T15:46:34.290+0000] {processor.py:830} INFO - Processing file /opt/airflow/dags/pipeline_dag.py for tasks to queue
[2026-05-08T15:46:34.292+0000] {logging_mixin.py:188} INFO - [2026-05-08T15:46:34.291+0000] {dagbag.py:545} INFO - Filling up the DagBag from /opt/airflow/dags/pipeline_dag.py
[2026-05-08T15:46:34.329+0000] {processor.py:840} INFO - DAG(s) 'ab_test_medallion_pipeline' retrieved from /opt/airflow/dags/pipeline_dag.py
[2026-05-08T15:46:34.381+0000] {logging_mixin.py:188} INFO - [2026-05-08T15:46:34.381+0000] {dag.py:3096} INFO - Sync 1 DAGs
[2026-05-08T15:46:34.419+0000] {logging_mixin.py:188} INFO - [2026-05-08T15:46:34.418+0000] {dag.py:3954} INFO - Setting next_dagrun for ab_test_medallion_pipeline to 2026-05-08 00:00:00+00:00, run_after=2026-05-09 00:00:00+00:00
[2026-05-08T15:46:34.451+0000] {processor.py:183} INFO - Processing /opt/airflow/dags/pipeline_dag.py took 0.185 seconds
[2026-05-08T15:47:05.083+0000] {processor.py:161} INFO - Started process (PID=13186) to work on /opt/airflow/dags/pipeline_dag.py
[2026-05-08T15:47:05.084+0000] {processor.py:830} INFO - Processing file /opt/airflow/dags/pipeline_dag.py for tasks to queue
[2026-05-08T15:47:05.086+0000] {logging_mixin.py:188} INFO - [2026-05-08T15:47:05.085+0000] {dagbag.py:545} INFO - Filling up the DagBag from /opt/airflow/dags/pipeline_dag.py
[2026-05-08T15:47:05.109+0000] {processor.py:840} INFO - DAG(s) 'ab_test_medallion_pipeline' retrieved from /opt/airflow/dags/pipeline_dag.py
[2026-05-08T15:47:05.154+0000] {logging_mixin.py:188} INFO - [2026-05-08T15:47:05.153+0000] {dag.py:3096} INFO - Sync 1 DAGs
[2026-05-08T15:47:05.198+0000] {logging_mixin.py:188} INFO - [2026-05-08T15:47:05.197+0000] {dag.py:3954} INFO - Setting next_dagrun for ab_test_medallion_pipeline to 2026-05-08 00:00:00+00:00, run_after=2026-05-09 00:00:00+00:00
[2026-05-08T15:47:05.226+0000] {processor.py:183} INFO - Processing /opt/airflow/dags/pipeline_dag.py took 0.158 seconds
[2026-05-08T15:47:35.737+0000] {processor.py:161} INFO - Started process (PID=13191) to work on /opt/airflow/dags/pipeline_dag.py
[2026-05-08T15:47:35.738+0000] {processor.py:830} INFO - Processing file /opt/airflow/dags/pipeline_dag.py for tasks to queue
[2026-05-08T15:47:35.740+0000] {logging_mixin.py:188} INFO - [2026-05-08T15:47:35.739+0000] {dagbag.py:545} INFO - Filling up the DagBag from /opt/airflow/dags/pipeline_dag.py
[2026-05-08T15:47:35.771+0000] {processor.py:840} INFO - DAG(s) 'ab_test_medallion_pipeline' retrieved from /opt/airflow/dags/pipeline_dag.py
[2026-05-08T15:47:35.825+0000] {logging_mixin.py:188} INFO - [2026-05-08T15:47:35.825+0000] {dag.py:3096} INFO - Sync 1 DAGs
[2026-05-08T15:47:35.862+0000] {logging_mixin.py:188} INFO - [2026-05-08T15:47:35.861+0000] {dag.py:3954} INFO - Setting next_dagrun for ab_test_medallion_pipeline to 2026-05-08 00:00:00+00:00, run_after=2026-05-09 00:00:00+00:00
[2026-05-08T15:47:35.896+0000] {processor.py:183} INFO - Processing /opt/airflow/dags/pipeline_dag.py took 0.174 seconds
[2026-05-08T15:48:06.668+0000] {processor.py:161} INFO - Started process (PID=13196) to work on /opt/airflow/dags/pipeline_dag.py
[2026-05-08T15:48:06.680+0000] {processor.py:830} INFO - Processing file /opt/airflow/dags/pipeline_dag.py for tasks to queue
[2026-05-08T15:48:06.682+0000] {logging_mixin.py:188} INFO - [2026-05-08T15:48:06.681+0000] {dagbag.py:545} INFO - Filling up the DagBag from /opt/airflow/dags/pipeline_dag.py
[2026-05-08T15:48:06.708+0000] {processor.py:840} INFO - DAG(s) 'ab_test_medallion_pipeline' retrieved from /opt/airflow/dags/pipeline_dag.py
[2026-05-08T15:48:06.754+0000] {logging_mixin.py:188} INFO - [2026-05-08T15:48:06.754+0000] {dag.py:3096} INFO - Sync 1 DAGs
[2026-05-08T15:48:06.811+0000] {logging_mixin.py:188} INFO - [2026-05-08T15:48:06.811+0000] {dag.py:3954} INFO - Setting next_dagrun for ab_test_medallion_pipeline to 2026-05-08 00:00:00+00:00, run_after=2026-05-09 00:00:00+00:00
[2026-05-08T15:48:06.845+0000] {processor.py:183} INFO - Processing /opt/airflow/dags/pipeline_dag.py took 0.198 seconds
[2026-05-08T15:48:37.390+0000] {processor.py:161} INFO - Started process (PID=13201) to work on /opt/airflow/dags/pipeline_dag.py
[2026-05-08T15:48:37.392+0000] {processor.py:830} INFO - Processing file /opt/airflow/dags/pipeline_dag.py for tasks to queue
[2026-05-08T15:48:37.396+0000] {logging_mixin.py:188} INFO - [2026-05-08T15:48:37.394+0000] {dagbag.py:545} INFO - Filling up the DagBag from /opt/airflow/dags/pipeline_dag.py
[2026-05-08T15:48:37.437+0000] {processor.py:840} INFO - DAG(s) 'ab_test_medallion_pipeline' retrieved from /opt/airflow/dags/pipeline_dag.py
[2026-05-08T15:48:37.518+0000] {logging_mixin.py:188} INFO - [2026-05-08T15:48:37.517+0000] {dag.py:3096} INFO - Sync 1 DAGs
[2026-05-08T15:48:37.575+0000] {logging_mixin.py:188} INFO - [2026-05-08T15:48:37.574+0000] {dag.py:3954} INFO - Setting next_dagrun for ab_test_medallion_pipeline to 2026-05-08 00:00:00+00:00, run_after=2026-05-09 00:00:00+00:00
[2026-05-08T15:48:37.637+0000] {processor.py:183} INFO - Processing /opt/airflow/dags/pipeline_dag.py took 0.266 seconds
[2026-05-08T15:49:08.262+0000] {processor.py:161} INFO - Started process (PID=13206) to work on /opt/airflow/dags/pipeline_dag.py
[2026-05-08T15:49:08.265+0000] {processor.py:830} INFO - Processing file /opt/airflow/dags/pipeline_dag.py for tasks to queue
[2026-05-08T15:49:08.268+0000] {logging_mixin.py:188} INFO - [2026-05-08T15:49:08.267+0000] {dagbag.py:545} INFO - Filling up the DagBag from /opt/airflow/dags/pipeline_dag.py
[2026-05-08T15:49:08.323+0000] {processor.py:840} INFO - DAG(s) 'ab_test_medallion_pipeline' retrieved from /opt/airflow/dags/pipeline_dag.py
[2026-05-08T15:49:08.382+0000] {logging_mixin.py:188} INFO - [2026-05-08T15:49:08.382+0000] {dag.py:3096} INFO - Sync 1 DAGs
[2026-05-08T15:49:08.426+0000] {logging_mixin.py:188} INFO - [2026-05-08T15:49:08.426+0000] {dag.py:3954} INFO - Setting next_dagrun for ab_test_medallion_pipeline to 2026-05-08 00:00:00+00:00, run_after=2026-05-09 00:00:00+00:00
[2026-05-08T15:49:08.467+0000] {processor.py:183} INFO - Processing /opt/airflow/dags/pipeline_dag.py took 0.224 seconds
[2026-05-08T15:49:38.972+0000] {processor.py:161} INFO - Started process (PID=13211) to work on /opt/airflow/dags/pipeline_dag.py
[2026-05-08T15:49:38.973+0000] {processor.py:830} INFO - Processing file /opt/airflow/dags/pipeline_dag.py for tasks to queue
[2026-05-08T15:49:38.974+0000] {logging_mixin.py:188} INFO - [2026-05-08T15:49:38.974+0000] {dagbag.py:545} INFO - Filling up the DagBag from /opt/airflow/dags/pipeline_dag.py
[2026-05-08T15:49:38.998+0000] {processor.py:840} INFO - DAG(s) 'ab_test_medallion_pipeline' retrieved from /opt/airflow/dags/pipeline_dag.py
[2026-05-08T15:49:39.047+0000] {logging_mixin.py:188} INFO - [2026-05-08T15:49:39.046+0000] {dag.py:3096} INFO - Sync 1 DAGs
[2026-05-08T15:49:39.090+0000] {logging_mixin.py:188} INFO - [2026-05-08T15:49:39.089+0000] {dag.py:3954} INFO - Setting next_dagrun for ab_test_medallion_pipeline to 2026-05-08 00:00:00+00:00, run_after=2026-05-09 00:00:00+00:00
[2026-05-08T15:49:39.123+0000] {processor.py:183} INFO - Processing /opt/airflow/dags/pipeline_dag.py took 0.163 seconds
[2026-05-08T15:50:09.915+0000] {processor.py:161} INFO - Started process (PID=13216) to work on /opt/airflow/dags/pipeline_dag.py
[2026-05-08T15:50:09.920+0000] {processor.py:830} INFO - Processing file /opt/airflow/dags/pipeline_dag.py for tasks to queue
[2026-05-08T15:50:09.924+0000] {logging_mixin.py:188} INFO - [2026-05-08T15:50:09.923+0000] {dagbag.py:545} INFO - Filling up the DagBag from /opt/airflow/dags/pipeline_dag.py
[2026-05-08T15:50:09.976+0000] {processor.py:840} INFO - DAG(s) 'ab_test_medallion_pipeline' retrieved from /opt/airflow/dags/pipeline_dag.py
[2026-05-08T15:50:10.036+0000] {logging_mixin.py:188} INFO - [2026-05-08T15:50:10.035+0000] {dag.py:3096} INFO - Sync 1 DAGs
[2026-05-08T15:50:10.073+0000] {logging_mixin.py:188} INFO - [2026-05-08T15:50:10.073+0000] {dag.py:3954} INFO - Setting next_dagrun for ab_test_medallion_pipeline to 2026-05-08 00:00:00+00:00, run_after=2026-05-09 00:00:00+00:00
[2026-05-08T15:50:10.119+0000] {processor.py:183} INFO - Processing /opt/airflow/dags/pipeline_dag.py took 0.226 seconds
[2026-05-08T15:50:40.533+0000] {processor.py:161} INFO - Started process (PID=13221) to work on /opt/airflow/dags/pipeline_dag.py
[2026-05-08T15:50:40.535+0000] {processor.py:830} INFO - Processing file /opt/airflow/dags/pipeline_dag.py for tasks to queue
[2026-05-08T15:50:40.537+0000] {logging_mixin.py:188} INFO - [2026-05-08T15:50:40.536+0000] {dagbag.py:545} INFO - Filling up the DagBag from /opt/airflow/dags/pipeline_dag.py
[2026-05-08T15:50:40.567+0000] {processor.py:840} INFO - DAG(s) 'ab_test_medallion_pipeline' retrieved from /opt/airflow/dags/pipeline_dag.py
[2026-05-08T15:50:40.624+0000] {logging_mixin.py:188} INFO - [2026-05-08T15:50:40.624+0000] {dag.py:3096} INFO - Sync 1 DAGs
[2026-05-08T15:50:40.664+0000] {logging_mixin.py:188} INFO - [2026-05-08T15:50:40.663+0000] {dag.py:3954} INFO - Setting next_dagrun for ab_test_medallion_pipeline to 2026-05-08 00:00:00+00:00, run_after=2026-05-09 00:00:00+00:00
[2026-05-08T15:50:40.696+0000] {processor.py:183} INFO - Processing /opt/airflow/dags/pipeline_dag.py took 0.177 seconds
[2026-05-08T15:51:11.581+0000] {processor.py:161} INFO - Started process (PID=13226) to work on /opt/airflow/dags/pipeline_dag.py
[2026-05-08T15:51:11.583+0000] {processor.py:830} INFO - Processing file /opt/airflow/dags/pipeline_dag.py for tasks to queue
[2026-05-08T15:51:11.585+0000] {logging_mixin.py:188} INFO - [2026-05-08T15:51:11.584+0000] {dagbag.py:545} INFO - Filling up the DagBag from /opt/airflow/dags/pipeline_dag.py
[2026-05-08T15:51:11.616+0000] {processor.py:840} INFO - DAG(s) 'ab_test_medallion_pipeline' retrieved from /opt/airflow/dags/pipeline_dag.py
[2026-05-08T15:51:11.670+0000] {logging_mixin.py:188} INFO - [2026-05-08T15:51:11.669+0000] {dag.py:3096} INFO - Sync 1 DAGs
[2026-05-08T15:51:11.708+0000] {logging_mixin.py:188} INFO - [2026-05-08T15:51:11.708+0000] {dag.py:3954} INFO - Setting next_dagrun for ab_test_medallion_pipeline to 2026-05-08 00:00:00+00:00, run_after=2026-05-09 00:00:00+00:00
[2026-05-08T15:51:11.741+0000] {processor.py:183} INFO - Processing /opt/airflow/dags/pipeline_dag.py took 0.173 seconds
[2026-05-08T15:51:42.328+0000] {processor.py:161} INFO - Started process (PID=13231) to work on /opt/airflow/dags/pipeline_dag.py
[2026-05-08T15:51:42.329+0000] {processor.py:830} INFO - Processing file /opt/airflow/dags/pipeline_dag.py for tasks to queue
[2026-05-08T15:51:42.331+0000] {logging_mixin.py:188} INFO - [2026-05-08T15:51:42.330+0000] {dagbag.py:545} INFO - Filling up the DagBag from /opt/airflow/dags/pipeline_dag.py
[2026-05-08T15:51:42.358+0000] {processor.py:840} INFO - DAG(s) 'ab_test_medallion_pipeline' retrieved from /opt/airflow/dags/pipeline_dag.py
[2026-05-08T15:51:42.407+0000] {logging_mixin.py:188} INFO - [2026-05-08T15:51:42.407+0000] {dag.py:3096} INFO - Sync 1 DAGs
[2026-05-08T15:51:42.447+0000] {logging_mixin.py:188} INFO - [2026-05-08T15:51:42.446+0000] {dag.py:3954} INFO - Setting next_dagrun for ab_test_medallion_pipeline to 2026-05-08 00:00:00+00:00, run_after=2026-05-09 00:00:00+00:00
[2026-05-08T15:51:42.474+0000] {processor.py:183} INFO - Processing /opt/airflow/dags/pipeline_dag.py took 0.164 seconds
[2026-05-08T15:52:13.113+0000] {processor.py:161} INFO - Started process (PID=13236) to work on /opt/airflow/dags/pipeline_dag.py
[2026-05-08T15:52:13.116+0000] {processor.py:830} INFO - Processing file /opt/airflow/dags/pipeline_dag.py for tasks to queue
[2026-05-08T15:52:13.118+0000] {logging_mixin.py:188} INFO - [2026-05-08T15:52:13.117+0000] {dagbag.py:545} INFO - Filling up the DagBag from /opt/airflow/dags/pipeline_dag.py
[2026-05-08T15:52:13.149+0000] {processor.py:840} INFO - DAG(s) 'ab_test_medallion_pipeline' retrieved from /opt/airflow/dags/pipeline_dag.py
[2026-05-08T15:52:13.196+0000] {logging_mixin.py:188} INFO - [2026-05-08T15:52:13.195+0000] {dag.py:3096} INFO - Sync 1 DAGs
[2026-05-08T15:52:13.230+0000] {logging_mixin.py:188} INFO - [2026-05-08T15:52:13.230+0000] {dag.py:3954} INFO - Setting next_dagrun for ab_test_medallion_pipeline to 2026-05-08 00:00:00+00:00, run_after=2026-05-09 00:00:00+00:00
[2026-05-08T15:52:13.264+0000] {processor.py:183} INFO - Processing /opt/airflow/dags/pipeline_dag.py took 0.165 seconds
[2026-05-08T15:52:43.912+0000] {processor.py:161} INFO - Started process (PID=13241) to work on /opt/airflow/dags/pipeline_dag.py
[2026-05-08T15:52:43.914+0000] {processor.py:830} INFO - Processing file /opt/airflow/dags/pipeline_dag.py for tasks to queue
[2026-05-08T15:52:43.915+0000] {logging_mixin.py:188} INFO - [2026-05-08T15:52:43.915+0000] {dagbag.py:545} INFO - Filling up the DagBag from /opt/airflow/dags/pipeline_dag.py
[2026-05-08T15:52:43.939+0000] {processor.py:840} INFO - DAG(s) 'ab_test_medallion_pipeline' retrieved from /opt/airflow/dags/pipeline_dag.py
[2026-05-08T15:52:43.987+0000] {logging_mixin.py:188} INFO - [2026-05-08T15:52:43.986+0000] {dag.py:3096} INFO - Sync 1 DAGs
[2026-05-08T15:52:44.029+0000] {logging_mixin.py:188} INFO - [2026-05-08T15:52:44.028+0000] {dag.py:3954} INFO - Setting next_dagrun for ab_test_medallion_pipeline to 2026-05-08 00:00:00+00:00, run_after=2026-05-09 00:00:00+00:00
[2026-05-08T15:52:44.062+0000] {processor.py:183} INFO - Processing /opt/airflow/dags/pipeline_dag.py took 0.162 seconds
[2026-05-08T15:53:14.859+0000] {processor.py:161} INFO - Started process (PID=13246) to work on /opt/airflow/dags/pipeline_dag.py
[2026-05-08T15:53:14.916+0000] {processor.py:830} INFO - Processing file /opt/airflow/dags/pipeline_dag.py for tasks to queue
[2026-05-08T15:53:14.962+0000] {logging_mixin.py:188} INFO - [2026-05-08T15:53:14.936+0000] {dagbag.py:545} INFO - Filling up the DagBag from /opt/airflow/dags/pipeline_dag.py
[2026-05-08T15:53:15.731+0000] {processor.py:840} INFO - DAG(s) 'ab_test_medallion_pipeline' retrieved from /opt/airflow/dags/pipeline_dag.py
[2026-05-08T15:53:16.399+0000] {logging_mixin.py:188} INFO - [2026-05-08T15:53:16.397+0000] {dag.py:3096} INFO - Sync 1 DAGs
[2026-05-08T15:53:16.673+0000] {logging_mixin.py:188} INFO - [2026-05-08T15:53:16.670+0000] {dag.py:3954} INFO - Setting next_dagrun for ab_test_medallion_pipeline to 2026-05-08 00:00:00+00:00, run_after=2026-05-09 00:00:00+00:00
[2026-05-08T15:53:16.746+0000] {processor.py:183} INFO - Processing /opt/airflow/dags/pipeline_dag.py took 2.154 seconds
[2026-05-08T15:53:47.237+0000] {processor.py:161} INFO - Started process (PID=13251) to work on /opt/airflow/dags/pipeline_dag.py
[2026-05-08T15:53:47.239+0000] {processor.py:830} INFO - Processing file /opt/airflow/dags/pipeline_dag.py for tasks to queue
[2026-05-08T15:53:47.242+0000] {logging_mixin.py:188} INFO - [2026-05-08T15:53:47.241+0000] {dagbag.py:545} INFO - Filling up the DagBag from /opt/airflow/dags/pipeline_dag.py
[2026-05-08T15:53:47.285+0000] {processor.py:840} INFO - DAG(s) 'ab_test_medallion_pipeline' retrieved from /opt/airflow/dags/pipeline_dag.py
[2026-05-08T15:53:47.381+0000] {logging_mixin.py:188} INFO - [2026-05-08T15:53:47.381+0000] {dag.py:3096} INFO - Sync 1 DAGs
[2026-05-08T15:53:47.440+0000] {logging_mixin.py:188} INFO - [2026-05-08T15:53:47.440+0000] {dag.py:3954} INFO - Setting next_dagrun for ab_test_medallion_pipeline to 2026-05-08 00:00:00+00:00, run_after=2026-05-09 00:00:00+00:00
[2026-05-08T15:53:47.480+0000] {processor.py:183} INFO - Processing /opt/airflow/dags/pipeline_dag.py took 0.261 seconds
[2026-05-08T15:54:18.032+0000] {processor.py:161} INFO - Started process (PID=13256) to work on /opt/airflow/dags/pipeline_dag.py
[2026-05-08T15:54:18.035+0000] {processor.py:830} INFO - Processing file /opt/airflow/dags/pipeline_dag.py for tasks to queue
[2026-05-08T15:54:18.038+0000] {logging_mixin.py:188} INFO - [2026-05-08T15:54:18.037+0000] {dagbag.py:545} INFO - Filling up the DagBag from /opt/airflow/dags/pipeline_dag.py
[2026-05-08T15:54:18.074+0000] {processor.py:840} INFO - DAG(s) 'ab_test_medallion_pipeline' retrieved from /opt/airflow/dags/pipeline_dag.py
[2026-05-08T15:54:18.140+0000] {logging_mixin.py:188} INFO - [2026-05-08T15:54:18.140+0000] {dag.py:3096} INFO - Sync 1 DAGs
[2026-05-08T15:54:18.181+0000] {logging_mixin.py:188} INFO - [2026-05-08T15:54:18.181+0000] {dag.py:3954} INFO - Setting next_dagrun for ab_test_medallion_pipeline to 2026-05-08 00:00:00+00:00, run_after=2026-05-09 00:00:00+00:00
[2026-05-08T15:54:18.215+0000] {processor.py:183} INFO - Processing /opt/airflow/dags/pipeline_dag.py took 0.224 seconds
[2026-05-08T15:54:48.825+0000] {processor.py:161} INFO - Started process (PID=13261) to work on /opt/airflow/dags/pipeline_dag.py
[2026-05-08T15:54:48.827+0000] {processor.py:830} INFO - Processing file /opt/airflow/dags/pipeline_dag.py for tasks to queue
[2026-05-08T15:54:48.829+0000] {logging_mixin.py:188} INFO - [2026-05-08T15:54:48.828+0000] {dagbag.py:545} INFO - Filling up the DagBag from /opt/airflow/dags/pipeline_dag.py
[2026-05-08T15:54:48.858+0000] {processor.py:840} INFO - DAG(s) 'ab_test_medallion_pipeline' retrieved from /opt/airflow/dags/pipeline_dag.py
[2026-05-08T15:54:48.904+0000] {logging_mixin.py:188} INFO - [2026-05-08T15:54:48.904+0000] {dag.py:3096} INFO - Sync 1 DAGs
[2026-05-08T15:54:49.003+0000] {logging_mixin.py:188} INFO - [2026-05-08T15:54:49.003+0000] {dag.py:3954} INFO - Setting next_dagrun for ab_test_medallion_pipeline to 2026-05-08 00:00:00+00:00, run_after=2026-05-09 00:00:00+00:00
[2026-05-08T15:54:49.149+0000] {processor.py:183} INFO - Processing /opt/airflow/dags/pipeline_dag.py took 0.340 seconds
[2026-05-08T15:55:19.602+0000] {processor.py:161} INFO - Started process (PID=13266) to work on /opt/airflow/dags/pipeline_dag.py
[2026-05-08T15:55:19.709+0000] {processor.py:830} INFO - Processing file /opt/airflow/dags/pipeline_dag.py for tasks to queue
[2026-05-08T15:55:19.714+0000] {logging_mixin.py:188} INFO - [2026-05-08T15:55:19.713+0000] {dagbag.py:545} INFO - Filling up the DagBag from /opt/airflow/dags/pipeline_dag.py
[2026-05-08T15:55:19.744+0000] {processor.py:840} INFO - DAG(s) 'ab_test_medallion_pipeline' retrieved from /opt/airflow/dags/pipeline_dag.py
[2026-05-08T15:55:19.794+0000] {logging_mixin.py:188} INFO - [2026-05-08T15:55:19.793+0000] {dag.py:3096} INFO - Sync 1 DAGs
[2026-05-08T15:55:19.829+0000] {logging_mixin.py:188} INFO - [2026-05-08T15:55:19.829+0000] {dag.py:3954} INFO - Setting next_dagrun for ab_test_medallion_pipeline to 2026-05-08 00:00:00+00:00, run_after=2026-05-09 00:00:00+00:00
[2026-05-08T15:55:19.985+0000] {processor.py:183} INFO - Processing /opt/airflow/dags/pipeline_dag.py took 0.399 seconds
[2026-05-08T15:55:50.459+0000] {processor.py:161} INFO - Started process (PID=13271) to work on /opt/airflow/dags/pipeline_dag.py
[2026-05-08T15:55:50.462+0000] {processor.py:830} INFO - Processing file /opt/airflow/dags/pipeline_dag.py for tasks to queue
[2026-05-08T15:55:50.466+0000] {logging_mixin.py:188} INFO - [2026-05-08T15:55:50.464+0000] {dagbag.py:545} INFO - Filling up the DagBag from /opt/airflow/dags/pipeline_dag.py
[2026-05-08T15:55:50.498+0000] {processor.py:840} INFO - DAG(s) 'ab_test_medallion_pipeline' retrieved from /opt/airflow/dags/pipeline_dag.py
[2026-05-08T15:55:50.545+0000] {logging_mixin.py:188} INFO - [2026-05-08T15:55:50.545+0000] {dag.py:3096} INFO - Sync 1 DAGs
[2026-05-08T15:55:50.583+0000] {logging_mixin.py:188} INFO - [2026-05-08T15:55:50.583+0000] {dag.py:3954} INFO - Setting next_dagrun for ab_test_medallion_pipeline to 2026-05-08 00:00:00+00:00, run_after=2026-05-09 00:00:00+00:00
[2026-05-08T15:55:50.616+0000] {processor.py:183} INFO - Processing /opt/airflow/dags/pipeline_dag.py took 0.192 seconds
[2026-05-08T15:56:21.256+0000] {processor.py:161} INFO - Started process (PID=13276) to work on /opt/airflow/dags/pipeline_dag.py
[2026-05-08T15:56:21.258+0000] {processor.py:830} INFO - Processing file /opt/airflow/dags/pipeline_dag.py for tasks to queue
[2026-05-08T15:56:21.261+0000] {logging_mixin.py:188} INFO - [2026-05-08T15:56:21.260+0000] {dagbag.py:545} INFO - Filling up the DagBag from /opt/airflow/dags/pipeline_dag.py
[2026-05-08T15:56:21.289+0000] {processor.py:840} INFO - DAG(s) 'ab_test_medallion_pipeline' retrieved from /opt/airflow/dags/pipeline_dag.py
[2026-05-08T15:56:21.343+0000] {logging_mixin.py:188} INFO - [2026-05-08T15:56:21.342+0000] {dag.py:3096} INFO - Sync 1 DAGs
[2026-05-08T15:56:21.380+0000] {logging_mixin.py:188} INFO - [2026-05-08T15:56:21.380+0000] {dag.py:3954} INFO - Setting next_dagrun for ab_test_medallion_pipeline to 2026-05-08 00:00:00+00:00, run_after=2026-05-09 00:00:00+00:00
[2026-05-08T15:56:21.412+0000] {processor.py:183} INFO - Processing /opt/airflow/dags/pipeline_dag.py took 0.174 seconds
[2026-05-08T15:56:51.846+0000] {processor.py:161} INFO - Started process (PID=13281) to work on /opt/airflow/dags/pipeline_dag.py
[2026-05-08T15:56:51.851+0000] {processor.py:830} INFO - Processing file /opt/airflow/dags/pipeline_dag.py for tasks to queue
[2026-05-08T15:56:51.853+0000] {logging_mixin.py:188} INFO - [2026-05-08T15:56:51.852+0000] {dagbag.py:545} INFO - Filling up the DagBag from /opt/airflow/dags/pipeline_dag.py
[2026-05-08T15:56:51.882+0000] {processor.py:840} INFO - DAG(s) 'ab_test_medallion_pipeline' retrieved from /opt/airflow/dags/pipeline_dag.py
[2026-05-08T15:56:52.066+0000] {logging_mixin.py:188} INFO - [2026-05-08T15:56:52.064+0000] {dag.py:3096} INFO - Sync 1 DAGs
[2026-05-08T15:56:52.485+0000] {logging_mixin.py:188} INFO - [2026-05-08T15:56:52.482+0000] {dag.py:3954} INFO - Setting next_dagrun for ab_test_medallion_pipeline to 2026-05-08 00:00:00+00:00, run_after=2026-05-09 00:00:00+00:00
[2026-05-08T15:56:52.618+0000] {processor.py:183} INFO - Processing /opt/airflow/dags/pipeline_dag.py took 0.785 seconds
[2026-05-08T15:57:23.216+0000] {processor.py:161} INFO - Started process (PID=13286) to work on /opt/airflow/dags/pipeline_dag.py
[2026-05-08T15:57:23.218+0000] {processor.py:830} INFO - Processing file /opt/airflow/dags/pipeline_dag.py for tasks to queue
[2026-05-08T15:57:23.221+0000] {logging_mixin.py:188} INFO - [2026-05-08T15:57:23.219+0000] {dagbag.py:545} INFO - Filling up the DagBag from /opt/airflow/dags/pipeline_dag.py
[2026-05-08T15:57:23.245+0000] {processor.py:840} INFO - DAG(s) 'ab_test_medallion_pipeline' retrieved from /opt/airflow/dags/pipeline_dag.py
[2026-05-08T15:57:23.293+0000] {logging_mixin.py:188} INFO - [2026-05-08T15:57:23.292+0000] {dag.py:3096} INFO - Sync 1 DAGs
[2026-05-08T15:57:23.338+0000] {logging_mixin.py:188} INFO - [2026-05-08T15:57:23.338+0000] {dag.py:3954} INFO - Setting next_dagrun for ab_test_medallion_pipeline to 2026-05-08 00:00:00+00:00, run_after=2026-05-09 00:00:00+00:00
[2026-05-08T15:57:23.371+0000] {processor.py:183} INFO - Processing /opt/airflow/dags/pipeline_dag.py took 0.167 seconds
[2026-05-08T15:57:53.792+0000] {processor.py:161} INFO - Started process (PID=13291) to work on /opt/airflow/dags/pipeline_dag.py
[2026-05-08T15:57:53.794+0000] {processor.py:830} INFO - Processing file /opt/airflow/dags/pipeline_dag.py for tasks to queue
[2026-05-08T15:57:53.797+0000] {logging_mixin.py:188} INFO - [2026-05-08T15:57:53.796+0000] {dagbag.py:545} INFO - Filling up the DagBag from /opt/airflow/dags/pipeline_dag.py
[2026-05-08T15:57:53.826+0000] {processor.py:840} INFO - DAG(s) 'ab_test_medallion_pipeline' retrieved from /opt/airflow/dags/pipeline_dag.py
[2026-05-08T15:57:53.896+0000] {logging_mixin.py:188} INFO - [2026-05-08T15:57:53.896+0000] {dag.py:3096} INFO - Sync 1 DAGs
[2026-05-08T15:57:53.950+0000] {logging_mixin.py:188} INFO - [2026-05-08T15:57:53.950+0000] {dag.py:3954} INFO - Setting next_dagrun for ab_test_medallion_pipeline to 2026-05-08 00:00:00+00:00, run_after=2026-05-09 00:00:00+00:00
[2026-05-08T15:57:53.985+0000] {processor.py:183} INFO - Processing /opt/airflow/dags/pipeline_dag.py took 0.206 seconds
[2026-05-08T15:58:24.538+0000] {processor.py:161} INFO - Started process (PID=13296) to work on /opt/airflow/dags/pipeline_dag.py
[2026-05-08T15:58:24.540+0000] {processor.py:830} INFO - Processing file /opt/airflow/dags/pipeline_dag.py for tasks to queue
[2026-05-08T15:58:24.541+0000] {logging_mixin.py:188} INFO - [2026-05-08T15:58:24.540+0000] {dagbag.py:545} INFO - Filling up the DagBag from /opt/airflow/dags/pipeline_dag.py
[2026-05-08T15:58:24.574+0000] {processor.py:840} INFO - DAG(s) 'ab_test_medallion_pipeline' retrieved from /opt/airflow/dags/pipeline_dag.py
[2026-05-08T15:58:24.654+0000] {logging_mixin.py:188} INFO - [2026-05-08T15:58:24.654+0000] {dag.py:3096} INFO - Sync 1 DAGs
[2026-05-08T15:58:24.715+0000] {logging_mixin.py:188} INFO - [2026-05-08T15:58:24.715+0000] {dag.py:3954} INFO - Setting next_dagrun for ab_test_medallion_pipeline to 2026-05-08 00:00:00+00:00, run_after=2026-05-09 00:00:00+00:00
[2026-05-08T15:58:24.749+0000] {processor.py:183} INFO - Processing /opt/airflow/dags/pipeline_dag.py took 0.230 seconds
[2026-05-08T15:58:55.148+0000] {processor.py:161} INFO - Started process (PID=13301) to work on /opt/airflow/dags/pipeline_dag.py
[2026-05-08T15:58:55.152+0000] {processor.py:830} INFO - Processing file /opt/airflow/dags/pipeline_dag.py for tasks to queue
[2026-05-08T15:58:55.154+0000] {logging_mixin.py:188} INFO - [2026-05-08T15:58:55.153+0000] {dagbag.py:545} INFO - Filling up the DagBag from /opt/airflow/dags/pipeline_dag.py
[2026-05-08T15:58:55.177+0000] {processor.py:840} INFO - DAG(s) 'ab_test_medallion_pipeline' retrieved from /opt/airflow/dags/pipeline_dag.py
[2026-05-08T15:58:55.225+0000] {logging_mixin.py:188} INFO - [2026-05-08T15:58:55.225+0000] {dag.py:3096} INFO - Sync 1 DAGs
[2026-05-08T15:58:55.269+0000] {logging_mixin.py:188} INFO - [2026-05-08T15:58:55.269+0000] {dag.py:3954} INFO - Setting next_dagrun for ab_test_medallion_pipeline to 2026-05-08 00:00:00+00:00, run_after=2026-05-09 00:00:00+00:00
[2026-05-08T15:58:55.356+0000] {processor.py:183} INFO - Processing /opt/airflow/dags/pipeline_dag.py took 0.222 seconds
[2026-05-08T15:59:25.967+0000] {processor.py:161} INFO - Started process (PID=13306) to work on /opt/airflow/dags/pipeline_dag.py
[2026-05-08T15:59:25.969+0000] {processor.py:830} INFO - Processing file /opt/airflow/dags/pipeline_dag.py for tasks to queue
[2026-05-08T15:59:25.973+0000] {logging_mixin.py:188} INFO - [2026-05-08T15:59:25.971+0000] {dagbag.py:545} INFO - Filling up the DagBag from /opt/airflow/dags/pipeline_dag.py
[2026-05-08T15:59:26.021+0000] {processor.py:840} INFO - DAG(s) 'ab_test_medallion_pipeline' retrieved from /opt/airflow/dags/pipeline_dag.py
[2026-05-08T15:59:26.085+0000] {logging_mixin.py:188} INFO - [2026-05-08T15:59:26.085+0000] {dag.py:3096} INFO - Sync 1 DAGs
[2026-05-08T15:59:26.123+0000] {logging_mixin.py:188} INFO - [2026-05-08T15:59:26.122+0000] {dag.py:3954} INFO - Setting next_dagrun for ab_test_medallion_pipeline to 2026-05-08 00:00:00+00:00, run_after=2026-05-09 00:00:00+00:00
[2026-05-08T15:59:26.156+0000] {processor.py:183} INFO - Processing /opt/airflow/dags/pipeline_dag.py took 0.208 seconds
[2026-05-08T15:59:56.589+0000] {processor.py:161} INFO - Started process (PID=13311) to work on /opt/airflow/dags/pipeline_dag.py
[2026-05-08T15:59:56.592+0000] {processor.py:830} INFO - Processing file /opt/airflow/dags/pipeline_dag.py for tasks to queue
[2026-05-08T15:59:56.594+0000] {logging_mixin.py:188} INFO - [2026-05-08T15:59:56.593+0000] {dagbag.py:545} INFO - Filling up the DagBag from /opt/airflow/dags/pipeline_dag.py
[2026-05-08T15:59:56.619+0000] {processor.py:840} INFO - DAG(s) 'ab_test_medallion_pipeline' retrieved from /opt/airflow/dags/pipeline_dag.py
[2026-05-08T15:59:56.667+0000] {logging_mixin.py:188} INFO - [2026-05-08T15:59:56.667+0000] {dag.py:3096} INFO - Sync 1 DAGs
[2026-05-08T15:59:56.714+0000] {logging_mixin.py:188} INFO - [2026-05-08T15:59:56.714+0000] {dag.py:3954} INFO - Setting next_dagrun for ab_test_medallion_pipeline to 2026-05-08 00:00:00+00:00, run_after=2026-05-09 00:00:00+00:00
[2026-05-08T15:59:56.749+0000] {processor.py:183} INFO - Processing /opt/airflow/dags/pipeline_dag.py took 0.180 seconds
[2026-05-08T16:00:26.946+0000] {processor.py:161} INFO - Started process (PID=13316) to work on /opt/airflow/dags/pipeline_dag.py
[2026-05-08T16:00:26.948+0000] {processor.py:830} INFO - Processing file /opt/airflow/dags/pipeline_dag.py for tasks to queue
[2026-05-08T16:00:26.949+0000] {logging_mixin.py:188} INFO - [2026-05-08T16:00:26.949+0000] {dagbag.py:545} INFO - Filling up the DagBag from /opt/airflow/dags/pipeline_dag.py
[2026-05-08T16:00:26.975+0000] {processor.py:840} INFO - DAG(s) 'ab_test_medallion_pipeline' retrieved from /opt/airflow/dags/pipeline_dag.py
[2026-05-08T16:00:27.021+0000] {logging_mixin.py:188} INFO - [2026-05-08T16:00:27.021+0000] {dag.py:3096} INFO - Sync 1 DAGs
[2026-05-08T16:00:27.058+0000] {logging_mixin.py:188} INFO - [2026-05-08T16:00:27.058+0000] {dag.py:3954} INFO - Setting next_dagrun for ab_test_medallion_pipeline to 2026-05-08 00:00:00+00:00, run_after=2026-05-09 00:00:00+00:00
[2026-05-08T16:00:27.179+0000] {processor.py:183} INFO - Processing /opt/airflow/dags/pipeline_dag.py took 0.161 seconds
[2026-05-08T16:00:57.283+0000] {processor.py:161} INFO - Started process (PID=13321) to work on /opt/airflow/dags/pipeline_dag.py
[2026-05-08T16:00:57.284+0000] {processor.py:830} INFO - Processing file /opt/airflow/dags/pipeline_dag.py for tasks to queue
[2026-05-08T16:00:57.286+0000] {logging_mixin.py:188} INFO - [2026-05-08T16:00:57.285+0000] {dagbag.py:545} INFO - Filling up the DagBag from /opt/airflow/dags/pipeline_dag.py
[2026-05-08T16:00:57.308+0000] {processor.py:840} INFO - DAG(s) 'ab_test_medallion_pipeline' retrieved from /opt/airflow/dags/pipeline_dag.py
[2026-05-08T16:00:57.364+0000] {logging_mixin.py:188} INFO - [2026-05-08T16:00:57.364+0000] {dag.py:3096} INFO - Sync 1 DAGs
[2026-05-08T16:00:57.401+0000] {logging_mixin.py:188} INFO - [2026-05-08T16:00:57.401+0000] {dag.py:3954} INFO - Setting next_dagrun for ab_test_medallion_pipeline to 2026-05-08 00:00:00+00:00, run_after=2026-05-09 00:00:00+00:00
[2026-05-08T16:00:57.434+0000] {processor.py:183} INFO - Processing /opt/airflow/dags/pipeline_dag.py took 0.164 seconds
[2026-05-08T16:39:46.584+0000] {processor.py:161} INFO - Started process (PID=13326) to work on /opt/airflow/dags/pipeline_dag.py
[2026-05-08T16:39:46.596+0000] {processor.py:830} INFO - Processing file /opt/airflow/dags/pipeline_dag.py for tasks to queue
[2026-05-08T16:39:46.628+0000] {logging_mixin.py:188} INFO - [2026-05-08T16:39:46.598+0000] {dagbag.py:545} INFO - Filling up the DagBag from /opt/airflow/dags/pipeline_dag.py
[2026-05-08T16:39:46.804+0000] {processor.py:840} INFO - DAG(s) 'ab_test_medallion_pipeline' retrieved from /opt/airflow/dags/pipeline_dag.py
[2026-05-08T16:39:47.559+0000] {logging_mixin.py:188} INFO - [2026-05-08T16:39:47.559+0000] {dag.py:3096} INFO - Sync 1 DAGs
[2026-05-08T16:39:47.905+0000] {logging_mixin.py:188} INFO - [2026-05-08T16:39:47.905+0000] {dag.py:3954} INFO - Setting next_dagrun for ab_test_medallion_pipeline to 2026-05-08 00:00:00+00:00, run_after=2026-05-09 00:00:00+00:00
[2026-05-08T16:39:48.413+0000] {processor.py:183} INFO - Processing /opt/airflow/dags/pipeline_dag.py took 1.901 seconds
[2026-05-08T16:40:19.388+0000] {processor.py:161} INFO - Started process (PID=13331) to work on /opt/airflow/dags/pipeline_dag.py
[2026-05-08T16:40:19.393+0000] {processor.py:830} INFO - Processing file /opt/airflow/dags/pipeline_dag.py for tasks to queue
[2026-05-08T16:40:19.395+0000] {logging_mixin.py:188} INFO - [2026-05-08T16:40:19.394+0000] {dagbag.py:545} INFO - Filling up the DagBag from /opt/airflow/dags/pipeline_dag.py
[2026-05-08T16:40:19.429+0000] {processor.py:840} INFO - DAG(s) 'ab_test_medallion_pipeline' retrieved from /opt/airflow/dags/pipeline_dag.py
[2026-05-08T16:40:19.483+0000] {logging_mixin.py:188} INFO - [2026-05-08T16:40:19.483+0000] {dag.py:3096} INFO - Sync 1 DAGs
[2026-05-08T16:40:19.826+0000] {logging_mixin.py:188} INFO - [2026-05-08T16:40:19.825+0000] {dag.py:3954} INFO - Setting next_dagrun for ab_test_medallion_pipeline to 2026-05-08 00:00:00+00:00, run_after=2026-05-09 00:00:00+00:00
[2026-05-08T16:40:20.054+0000] {processor.py:183} INFO - Processing /opt/airflow/dags/pipeline_dag.py took 0.686 seconds
[2026-05-08T16:40:50.935+0000] {processor.py:161} INFO - Started process (PID=13336) to work on /opt/airflow/dags/pipeline_dag.py
[2026-05-08T16:40:51.147+0000] {processor.py:830} INFO - Processing file /opt/airflow/dags/pipeline_dag.py for tasks to queue
[2026-05-08T16:40:51.186+0000] {logging_mixin.py:188} INFO - [2026-05-08T16:40:51.158+0000] {dagbag.py:545} INFO - Filling up the DagBag from /opt/airflow/dags/pipeline_dag.py
[2026-05-08T16:40:51.385+0000] {processor.py:840} INFO - DAG(s) 'ab_test_medallion_pipeline' retrieved from /opt/airflow/dags/pipeline_dag.py
[2026-05-08T16:40:51.586+0000] {logging_mixin.py:188} INFO - [2026-05-08T16:40:51.585+0000] {dag.py:3096} INFO - Sync 1 DAGs
[2026-05-08T16:40:51.755+0000] {logging_mixin.py:188} INFO - [2026-05-08T16:40:51.754+0000] {dag.py:3954} INFO - Setting next_dagrun for ab_test_medallion_pipeline to 2026-05-08 00:00:00+00:00, run_after=2026-05-09 00:00:00+00:00
[2026-05-08T16:40:52.070+0000] {processor.py:183} INFO - Processing /opt/airflow/dags/pipeline_dag.py took 1.495 seconds
[2026-05-08T16:41:22.972+0000] {processor.py:161} INFO - Started process (PID=13341) to work on /opt/airflow/dags/pipeline_dag.py
[2026-05-08T16:41:22.976+0000] {processor.py:830} INFO - Processing file /opt/airflow/dags/pipeline_dag.py for tasks to queue
[2026-05-08T16:41:22.978+0000] {logging_mixin.py:188} INFO - [2026-05-08T16:41:22.977+0000] {dagbag.py:545} INFO - Filling up the DagBag from /opt/airflow/dags/pipeline_dag.py
[2026-05-08T16:41:23.056+0000] {processor.py:840} INFO - DAG(s) 'ab_test_medallion_pipeline' retrieved from /opt/airflow/dags/pipeline_dag.py
[2026-05-08T16:41:23.140+0000] {logging_mixin.py:188} INFO - [2026-05-08T16:41:23.140+0000] {dag.py:3096} INFO - Sync 1 DAGs
[2026-05-08T16:41:23.203+0000] {logging_mixin.py:188} INFO - [2026-05-08T16:41:23.202+0000] {dag.py:3954} INFO - Setting next_dagrun for ab_test_medallion_pipeline to 2026-05-08 00:00:00+00:00, run_after=2026-05-09 00:00:00+00:00
[2026-05-08T16:41:23.262+0000] {processor.py:183} INFO - Processing /opt/airflow/dags/pipeline_dag.py took 0.326 seconds
[2026-05-08T16:41:53.427+0000] {processor.py:161} INFO - Started process (PID=13346) to work on /opt/airflow/dags/pipeline_dag.py
[2026-05-08T16:41:53.434+0000] {processor.py:830} INFO - Processing file /opt/airflow/dags/pipeline_dag.py for tasks to queue
[2026-05-08T16:41:53.442+0000] {logging_mixin.py:188} INFO - [2026-05-08T16:41:53.436+0000] {dagbag.py:545} INFO - Filling up the DagBag from /opt/airflow/dags/pipeline_dag.py
[2026-05-08T16:41:53.572+0000] {processor.py:840} INFO - DAG(s) 'ab_test_medallion_pipeline' retrieved from /opt/airflow/dags/pipeline_dag.py
[2026-05-08T16:41:53.796+0000] {logging_mixin.py:188} INFO - [2026-05-08T16:41:53.796+0000] {dag.py:3096} INFO - Sync 1 DAGs
[2026-05-08T16:41:53.985+0000] {logging_mixin.py:188} INFO - [2026-05-08T16:41:53.984+0000] {dag.py:3954} INFO - Setting next_dagrun for ab_test_medallion_pipeline to 2026-05-08 00:00:00+00:00, run_after=2026-05-09 00:00:00+00:00
[2026-05-08T16:41:54.150+0000] {processor.py:183} INFO - Processing /opt/airflow/dags/pipeline_dag.py took 0.785 seconds
[2026-05-08T16:42:25.165+0000] {processor.py:161} INFO - Started process (PID=13351) to work on /opt/airflow/dags/pipeline_dag.py
[2026-05-08T16:42:25.166+0000] {processor.py:830} INFO - Processing file /opt/airflow/dags/pipeline_dag.py for tasks to queue
[2026-05-08T16:42:25.168+0000] {logging_mixin.py:188} INFO - [2026-05-08T16:42:25.167+0000] {dagbag.py:545} INFO - Filling up the DagBag from /opt/airflow/dags/pipeline_dag.py
[2026-05-08T16:42:25.213+0000] {processor.py:840} INFO - DAG(s) 'ab_test_medallion_pipeline' retrieved from /opt/airflow/dags/pipeline_dag.py
[2026-05-08T16:42:25.315+0000] {logging_mixin.py:188} INFO - [2026-05-08T16:42:25.315+0000] {dag.py:3096} INFO - Sync 1 DAGs
[2026-05-08T16:42:25.398+0000] {logging_mixin.py:188} INFO - [2026-05-08T16:42:25.397+0000] {dag.py:3954} INFO - Setting next_dagrun for ab_test_medallion_pipeline to 2026-05-08 00:00:00+00:00, run_after=2026-05-09 00:00:00+00:00
[2026-05-08T16:42:25.623+0000] {processor.py:183} INFO - Processing /opt/airflow/dags/pipeline_dag.py took 0.477 seconds
[2026-05-08T16:42:56.202+0000] {processor.py:161} INFO - Started process (PID=13356) to work on /opt/airflow/dags/pipeline_dag.py
[2026-05-08T16:42:56.205+0000] {processor.py:830} INFO - Processing file /opt/airflow/dags/pipeline_dag.py for tasks to queue
[2026-05-08T16:42:56.209+0000] {logging_mixin.py:188} INFO - [2026-05-08T16:42:56.207+0000] {dagbag.py:545} INFO - Filling up the DagBag from /opt/airflow/dags/pipeline_dag.py
[2026-05-08T16:42:56.254+0000] {processor.py:840} INFO - DAG(s) 'ab_test_medallion_pipeline' retrieved from /opt/airflow/dags/pipeline_dag.py
[2026-05-08T16:42:56.338+0000] {logging_mixin.py:188} INFO - [2026-05-08T16:42:56.338+0000] {dag.py:3096} INFO - Sync 1 DAGs
[2026-05-08T16:42:56.393+0000] {logging_mixin.py:188} INFO - [2026-05-08T16:42:56.393+0000] {dag.py:3954} INFO - Setting next_dagrun for ab_test_medallion_pipeline to 2026-05-08 00:00:00+00:00, run_after=2026-05-09 00:00:00+00:00
[2026-05-08T16:42:56.428+0000] {processor.py:183} INFO - Processing /opt/airflow/dags/pipeline_dag.py took 0.252 seconds
[2026-05-08T16:43:26.623+0000] {processor.py:161} INFO - Started process (PID=13361) to work on /opt/airflow/dags/pipeline_dag.py
[2026-05-08T16:43:26.627+0000] {processor.py:830} INFO - Processing file /opt/airflow/dags/pipeline_dag.py for tasks to queue
[2026-05-08T16:43:26.631+0000] {logging_mixin.py:188} INFO - [2026-05-08T16:43:26.629+0000] {dagbag.py:545} INFO - Filling up the DagBag from /opt/airflow/dags/pipeline_dag.py
[2026-05-08T16:43:26.690+0000] {processor.py:840} INFO - DAG(s) 'ab_test_medallion_pipeline' retrieved from /opt/airflow/dags/pipeline_dag.py
[2026-05-08T16:43:26.793+0000] {logging_mixin.py:188} INFO - [2026-05-08T16:43:26.792+0000] {dag.py:3096} INFO - Sync 1 DAGs
[2026-05-08T16:43:26.849+0000] {logging_mixin.py:188} INFO - [2026-05-08T16:43:26.849+0000] {dag.py:3954} INFO - Setting next_dagrun for ab_test_medallion_pipeline to 2026-05-08 00:00:00+00:00, run_after=2026-05-09 00:00:00+00:00
[2026-05-08T16:43:26.888+0000] {processor.py:183} INFO - Processing /opt/airflow/dags/pipeline_dag.py took 0.325 seconds
[2026-05-08T16:43:56.975+0000] {processor.py:161} INFO - Started process (PID=13366) to work on /opt/airflow/dags/pipeline_dag.py
[2026-05-08T16:43:56.979+0000] {processor.py:830} INFO - Processing file /opt/airflow/dags/pipeline_dag.py for tasks to queue
[2026-05-08T16:43:56.981+0000] {logging_mixin.py:188} INFO - [2026-05-08T16:43:56.980+0000] {dagbag.py:545} INFO - Filling up the DagBag from /opt/airflow/dags/pipeline_dag.py
[2026-05-08T16:43:57.037+0000] {processor.py:840} INFO - DAG(s) 'ab_test_medallion_pipeline' retrieved from /opt/airflow/dags/pipeline_dag.py
[2026-05-08T16:43:57.129+0000] {logging_mixin.py:188} INFO - [2026-05-08T16:43:57.129+0000] {dag.py:3096} INFO - Sync 1 DAGs
[2026-05-08T16:43:57.199+0000] {logging_mixin.py:188} INFO - [2026-05-08T16:43:57.199+0000] {dag.py:3954} INFO - Setting next_dagrun for ab_test_medallion_pipeline to 2026-05-08 00:00:00+00:00, run_after=2026-05-09 00:00:00+00:00
[2026-05-08T16:43:57.290+0000] {processor.py:183} INFO - Processing /opt/airflow/dags/pipeline_dag.py took 0.334 seconds
[2026-05-08T16:44:27.545+0000] {processor.py:161} INFO - Started process (PID=13371) to work on /opt/airflow/dags/pipeline_dag.py
[2026-05-08T16:44:27.548+0000] {processor.py:830} INFO - Processing file /opt/airflow/dags/pipeline_dag.py for tasks to queue
[2026-05-08T16:44:27.551+0000] {logging_mixin.py:188} INFO - [2026-05-08T16:44:27.550+0000] {dagbag.py:545} INFO - Filling up the DagBag from /opt/airflow/dags/pipeline_dag.py
[2026-05-08T16:44:27.607+0000] {processor.py:840} INFO - DAG(s) 'ab_test_medallion_pipeline' retrieved from /opt/airflow/dags/pipeline_dag.py
[2026-05-08T16:44:27.671+0000] {logging_mixin.py:188} INFO - [2026-05-08T16:44:27.671+0000] {dag.py:3096} INFO - Sync 1 DAGs
[2026-05-08T16:44:27.731+0000] {logging_mixin.py:188} INFO - [2026-05-08T16:44:27.731+0000] {dag.py:3954} INFO - Setting next_dagrun for ab_test_medallion_pipeline to 2026-05-08 00:00:00+00:00, run_after=2026-05-09 00:00:00+00:00
[2026-05-08T16:44:27.787+0000] {processor.py:183} INFO - Processing /opt/airflow/dags/pipeline_dag.py took 0.273 seconds
[2026-05-08T16:44:58.081+0000] {processor.py:161} INFO - Started process (PID=13376) to work on /opt/airflow/dags/pipeline_dag.py
[2026-05-08T16:44:58.084+0000] {processor.py:830} INFO - Processing file /opt/airflow/dags/pipeline_dag.py for tasks to queue
[2026-05-08T16:44:58.088+0000] {logging_mixin.py:188} INFO - [2026-05-08T16:44:58.086+0000] {dagbag.py:545} INFO - Filling up the DagBag from /opt/airflow/dags/pipeline_dag.py
[2026-05-08T16:44:58.157+0000] {processor.py:840} INFO - DAG(s) 'ab_test_medallion_pipeline' retrieved from /opt/airflow/dags/pipeline_dag.py
[2026-05-08T16:44:58.012+0000] {logging_mixin.py:188} INFO - [2026-05-08T16:44:58.012+0000] {dag.py:3096} INFO - Sync 1 DAGs
[2026-05-08T16:44:58.059+0000] {logging_mixin.py:188} INFO - [2026-05-08T16:44:58.058+0000] {dag.py:3954} INFO - Setting next_dagrun for ab_test_medallion_pipeline to 2026-05-08 00:00:00+00:00, run_after=2026-05-09 00:00:00+00:00
[2026-05-08T16:44:58.096+0000] {processor.py:183} INFO - Processing /opt/airflow/dags/pipeline_dag.py took 0.261 seconds
[2026-05-08T16:45:28.209+0000] {processor.py:161} INFO - Started process (PID=13381) to work on /opt/airflow/dags/pipeline_dag.py
[2026-05-08T16:45:28.210+0000] {processor.py:830} INFO - Processing file /opt/airflow/dags/pipeline_dag.py for tasks to queue
[2026-05-08T16:45:28.211+0000] {logging_mixin.py:188} INFO - [2026-05-08T16:45:28.211+0000] {dagbag.py:545} INFO - Filling up the DagBag from /opt/airflow/dags/pipeline_dag.py
[2026-05-08T16:45:28.238+0000] {processor.py:840} INFO - DAG(s) 'ab_test_medallion_pipeline' retrieved from /opt/airflow/dags/pipeline_dag.py
[2026-05-08T16:45:28.305+0000] {logging_mixin.py:188} INFO - [2026-05-08T16:45:28.305+0000] {dag.py:3096} INFO - Sync 1 DAGs
[2026-05-08T16:45:28.348+0000] {logging_mixin.py:188} INFO - [2026-05-08T16:45:28.348+0000] {dag.py:3954} INFO - Setting next_dagrun for ab_test_medallion_pipeline to 2026-05-08 00:00:00+00:00, run_after=2026-05-09 00:00:00+00:00
[2026-05-08T16:45:28.391+0000] {processor.py:183} INFO - Processing /opt/airflow/dags/pipeline_dag.py took 0.200 seconds
[2026-05-08T16:45:58.602+0000] {processor.py:161} INFO - Started process (PID=13386) to work on /opt/airflow/dags/pipeline_dag.py
[2026-05-08T16:45:58.605+0000] {processor.py:830} INFO - Processing file /opt/airflow/dags/pipeline_dag.py for tasks to queue
[2026-05-08T16:45:58.608+0000] {logging_mixin.py:188} INFO - [2026-05-08T16:45:58.607+0000] {dagbag.py:545} INFO - Filling up the DagBag from /opt/airflow/dags/pipeline_dag.py
[2026-05-08T16:45:58.644+0000] {processor.py:840} INFO - DAG(s) 'ab_test_medallion_pipeline' retrieved from /opt/airflow/dags/pipeline_dag.py
[2026-05-08T16:45:58.715+0000] {logging_mixin.py:188} INFO - [2026-05-08T16:45:58.714+0000] {dag.py:3096} INFO - Sync 1 DAGs
[2026-05-08T16:45:58.791+0000] {logging_mixin.py:188} INFO - [2026-05-08T16:45:58.790+0000] {dag.py:3954} INFO - Setting next_dagrun for ab_test_medallion_pipeline to 2026-05-08 00:00:00+00:00, run_after=2026-05-09 00:00:00+00:00
[2026-05-08T16:45:58.848+0000] {processor.py:183} INFO - Processing /opt/airflow/dags/pipeline_dag.py took 0.267 seconds
[2026-05-08T16:46:29.027+0000] {processor.py:161} INFO - Started process (PID=13391) to work on /opt/airflow/dags/pipeline_dag.py
[2026-05-08T16:46:29.030+0000] {processor.py:830} INFO - Processing file /opt/airflow/dags/pipeline_dag.py for tasks to queue
[2026-05-08T16:46:29.043+0000] {logging_mixin.py:188} INFO - [2026-05-08T16:46:29.033+0000] {dagbag.py:545} INFO - Filling up the DagBag from /opt/airflow/dags/pipeline_dag.py
[2026-05-08T16:46:29.082+0000] {processor.py:840} INFO - DAG(s) 'ab_test_medallion_pipeline' retrieved from /opt/airflow/dags/pipeline_dag.py
[2026-05-08T16:46:29.137+0000] {logging_mixin.py:188} INFO - [2026-05-08T16:46:29.136+0000] {dag.py:3096} INFO - Sync 1 DAGs
[2026-05-08T16:46:29.180+0000] {logging_mixin.py:188} INFO - [2026-05-08T16:46:29.180+0000] {dag.py:3954} INFO - Setting next_dagrun for ab_test_medallion_pipeline to 2026-05-08 00:00:00+00:00, run_after=2026-05-09 00:00:00+00:00
[2026-05-08T16:46:29.218+0000] {processor.py:183} INFO - Processing /opt/airflow/dags/pipeline_dag.py took 0.230 seconds
[2026-05-08T16:46:59.369+0000] {processor.py:161} INFO - Started process (PID=13396) to work on /opt/airflow/dags/pipeline_dag.py
[2026-05-08T16:46:59.372+0000] {processor.py:830} INFO - Processing file /opt/airflow/dags/pipeline_dag.py for tasks to queue
[2026-05-08T16:46:59.375+0000] {logging_mixin.py:188} INFO - [2026-05-08T16:46:59.374+0000] {dagbag.py:545} INFO - Filling up the DagBag from /opt/airflow/dags/pipeline_dag.py
[2026-05-08T16:46:59.426+0000] {processor.py:840} INFO - DAG(s) 'ab_test_medallion_pipeline' retrieved from /opt/airflow/dags/pipeline_dag.py
[2026-05-08T16:46:59.495+0000] {logging_mixin.py:188} INFO - [2026-05-08T16:46:59.494+0000] {dag.py:3096} INFO - Sync 1 DAGs
[2026-05-08T16:46:59.553+0000] {logging_mixin.py:188} INFO - [2026-05-08T16:46:59.552+0000] {dag.py:3954} INFO - Setting next_dagrun for ab_test_medallion_pipeline to 2026-05-08 00:00:00+00:00, run_after=2026-05-09 00:00:00+00:00
[2026-05-08T16:46:59.602+0000] {processor.py:183} INFO - Processing /opt/airflow/dags/pipeline_dag.py took 0.265 seconds
[2026-05-08T16:47:29.858+0000] {processor.py:161} INFO - Started process (PID=13401) to work on /opt/airflow/dags/pipeline_dag.py
[2026-05-08T16:47:29.861+0000] {processor.py:830} INFO - Processing file /opt/airflow/dags/pipeline_dag.py for tasks to queue
[2026-05-08T16:47:29.865+0000] {logging_mixin.py:188} INFO - [2026-05-08T16:47:29.863+0000] {dagbag.py:545} INFO - Filling up the DagBag from /opt/airflow/dags/pipeline_dag.py
[2026-05-08T16:47:29.932+0000] {processor.py:840} INFO - DAG(s) 'ab_test_medallion_pipeline' retrieved from /opt/airflow/dags/pipeline_dag.py
[2026-05-08T16:47:29.985+0000] {logging_mixin.py:188} INFO - [2026-05-08T16:47:29.984+0000] {dag.py:3096} INFO - Sync 1 DAGs
[2026-05-08T16:47:30.030+0000] {logging_mixin.py:188} INFO - [2026-05-08T16:47:30.030+0000] {dag.py:3954} INFO - Setting next_dagrun for ab_test_medallion_pipeline to 2026-05-08 00:00:00+00:00, run_after=2026-05-09 00:00:00+00:00
[2026-05-08T16:47:30.067+0000] {processor.py:183} INFO - Processing /opt/airflow/dags/pipeline_dag.py took 0.263 seconds
[2026-05-08T16:48:00.321+0000] {processor.py:161} INFO - Started process (PID=13406) to work on /opt/airflow/dags/pipeline_dag.py
[2026-05-08T16:48:00.325+0000] {processor.py:830} INFO - Processing file /opt/airflow/dags/pipeline_dag.py for tasks to queue
[2026-05-08T16:48:00.327+0000] {logging_mixin.py:188} INFO - [2026-05-08T16:48:00.326+0000] {dagbag.py:545} INFO - Filling up the DagBag from /opt/airflow/dags/pipeline_dag.py
[2026-05-08T16:48:00.357+0000] {processor.py:840} INFO - DAG(s) 'ab_test_medallion_pipeline' retrieved from /opt/airflow/dags/pipeline_dag.py
[2026-05-08T16:48:00.422+0000] {logging_mixin.py:188} INFO - [2026-05-08T16:48:00.421+0000] {dag.py:3096} INFO - Sync 1 DAGs
[2026-05-08T16:48:00.469+0000] {logging_mixin.py:188} INFO - [2026-05-08T16:48:00.469+0000] {dag.py:3954} INFO - Setting next_dagrun for ab_test_medallion_pipeline to 2026-05-08 00:00:00+00:00, run_after=2026-05-09 00:00:00+00:00
[2026-05-08T16:48:00.509+0000] {processor.py:183} INFO - Processing /opt/airflow/dags/pipeline_dag.py took 0.202 seconds
[2026-05-08T16:48:30.728+0000] {processor.py:161} INFO - Started process (PID=13411) to work on /opt/airflow/dags/pipeline_dag.py
[2026-05-08T16:48:30.731+0000] {processor.py:830} INFO - Processing file /opt/airflow/dags/pipeline_dag.py for tasks to queue
[2026-05-08T16:48:30.734+0000] {logging_mixin.py:188} INFO - [2026-05-08T16:48:30.733+0000] {dagbag.py:545} INFO - Filling up the DagBag from /opt/airflow/dags/pipeline_dag.py
[2026-05-08T16:48:30.802+0000] {processor.py:840} INFO - DAG(s) 'ab_test_medallion_pipeline' retrieved from /opt/airflow/dags/pipeline_dag.py
[2026-05-08T16:48:30.907+0000] {logging_mixin.py:188} INFO - [2026-05-08T16:48:30.906+0000] {dag.py:3096} INFO - Sync 1 DAGs
[2026-05-08T16:48:30.975+0000] {logging_mixin.py:188} INFO - [2026-05-08T16:48:30.975+0000] {dag.py:3954} INFO - Setting next_dagrun for ab_test_medallion_pipeline to 2026-05-08 00:00:00+00:00, run_after=2026-05-09 00:00:00+00:00
[2026-05-08T16:48:31.016+0000] {processor.py:183} INFO - Processing /opt/airflow/dags/pipeline_dag.py took 0.314 seconds
[2026-05-08T16:49:01.317+0000] {processor.py:161} INFO - Started process (PID=13416) to work on /opt/airflow/dags/pipeline_dag.py
[2026-05-08T16:49:01.323+0000] {processor.py:830} INFO - Processing file /opt/airflow/dags/pipeline_dag.py for tasks to queue
[2026-05-08T16:49:01.326+0000] {logging_mixin.py:188} INFO - [2026-05-08T16:49:01.325+0000] {dagbag.py:545} INFO - Filling up the DagBag from /opt/airflow/dags/pipeline_dag.py
[2026-05-08T16:49:01.374+0000] {processor.py:840} INFO - DAG(s) 'ab_test_medallion_pipeline' retrieved from /opt/airflow/dags/pipeline_dag.py
[2026-05-08T16:49:01.487+0000] {logging_mixin.py:188} INFO - [2026-05-08T16:49:01.486+0000] {dag.py:3096} INFO - Sync 1 DAGs
[2026-05-08T16:49:01.542+0000] {logging_mixin.py:188} INFO - [2026-05-08T16:49:01.542+0000] {dag.py:3954} INFO - Setting next_dagrun for ab_test_medallion_pipeline to 2026-05-08 00:00:00+00:00, run_after=2026-05-09 00:00:00+00:00
[2026-05-08T16:49:01.573+0000] {processor.py:183} INFO - Processing /opt/airflow/dags/pipeline_dag.py took 0.303 seconds
[2026-05-08T16:49:31.887+0000] {processor.py:161} INFO - Started process (PID=13421) to work on /opt/airflow/dags/pipeline_dag.py
[2026-05-08T16:49:31.892+0000] {processor.py:830} INFO - Processing file /opt/airflow/dags/pipeline_dag.py for tasks to queue
[2026-05-08T16:49:31.895+0000] {logging_mixin.py:188} INFO - [2026-05-08T16:49:31.894+0000] {dagbag.py:545} INFO - Filling up the DagBag from /opt/airflow/dags/pipeline_dag.py
[2026-05-08T16:49:31.948+0000] {processor.py:840} INFO - DAG(s) 'ab_test_medallion_pipeline' retrieved from /opt/airflow/dags/pipeline_dag.py
[2026-05-08T16:49:32.003+0000] {logging_mixin.py:188} INFO - [2026-05-08T16:49:32.002+0000] {dag.py:3096} INFO - Sync 1 DAGs
[2026-05-08T16:49:32.042+0000] {logging_mixin.py:188} INFO - [2026-05-08T16:49:32.042+0000] {dag.py:3954} INFO - Setting next_dagrun for ab_test_medallion_pipeline to 2026-05-08 00:00:00+00:00, run_after=2026-05-09 00:00:00+00:00
[2026-05-08T16:49:32.097+0000] {processor.py:183} INFO - Processing /opt/airflow/dags/pipeline_dag.py took 0.239 seconds
[2026-05-08T16:50:02.482+0000] {processor.py:161} INFO - Started process (PID=13426) to work on /opt/airflow/dags/pipeline_dag.py
[2026-05-08T16:50:02.486+0000] {processor.py:830} INFO - Processing file /opt/airflow/dags/pipeline_dag.py for tasks to queue
[2026-05-08T16:50:02.490+0000] {logging_mixin.py:188} INFO - [2026-05-08T16:50:02.489+0000] {dagbag.py:545} INFO - Filling up the DagBag from /opt/airflow/dags/pipeline_dag.py
[2026-05-08T16:50:02.552+0000] {processor.py:840} INFO - DAG(s) 'ab_test_medallion_pipeline' retrieved from /opt/airflow/dags/pipeline_dag.py
[2026-05-08T16:50:02.632+0000] {logging_mixin.py:188} INFO - [2026-05-08T16:50:02.631+0000] {dag.py:3096} INFO - Sync 1 DAGs
[2026-05-08T16:50:02.692+0000] {logging_mixin.py:188} INFO - [2026-05-08T16:50:02.691+0000] {dag.py:3954} INFO - Setting next_dagrun for ab_test_medallion_pipeline to 2026-05-08 00:00:00+00:00, run_after=2026-05-09 00:00:00+00:00
[2026-05-08T16:50:02.734+0000] {processor.py:183} INFO - Processing /opt/airflow/dags/pipeline_dag.py took 0.305 seconds
[2026-05-08T16:50:33.069+0000] {processor.py:161} INFO - Started process (PID=13431) to work on /opt/airflow/dags/pipeline_dag.py
[2026-05-08T16:50:33.092+0000] {processor.py:830} INFO - Processing file /opt/airflow/dags/pipeline_dag.py for tasks to queue
[2026-05-08T16:50:33.094+0000] {logging_mixin.py:188} INFO - [2026-05-08T16:50:33.093+0000] {dagbag.py:545} INFO - Filling up the DagBag from /opt/airflow/dags/pipeline_dag.py
[2026-05-08T16:50:33.120+0000] {processor.py:840} INFO - DAG(s) 'ab_test_medallion_pipeline' retrieved from /opt/airflow/dags/pipeline_dag.py
[2026-05-08T16:50:33.176+0000] {logging_mixin.py:188} INFO - [2026-05-08T16:50:33.176+0000] {dag.py:3096} INFO - Sync 1 DAGs
[2026-05-08T16:50:33.218+0000] {logging_mixin.py:188} INFO - [2026-05-08T16:50:33.217+0000] {dag.py:3954} INFO - Setting next_dagrun for ab_test_medallion_pipeline to 2026-05-08 00:00:00+00:00, run_after=2026-05-09 00:00:00+00:00
[2026-05-08T16:50:33.273+0000] {processor.py:183} INFO - Processing /opt/airflow/dags/pipeline_dag.py took 0.227 seconds
[2026-05-08T16:51:03.665+0000] {processor.py:161} INFO - Started process (PID=13436) to work on /opt/airflow/dags/pipeline_dag.py
[2026-05-08T16:51:03.676+0000] {processor.py:830} INFO - Processing file /opt/airflow/dags/pipeline_dag.py for tasks to queue
[2026-05-08T16:51:03.683+0000] {logging_mixin.py:188} INFO - [2026-05-08T16:51:03.680+0000] {dagbag.py:545} INFO - Filling up the DagBag from /opt/airflow/dags/pipeline_dag.py
[2026-05-08T16:51:03.801+0000] {processor.py:840} INFO - DAG(s) 'ab_test_medallion_pipeline' retrieved from /opt/airflow/dags/pipeline_dag.py
[2026-05-08T16:51:03.914+0000] {logging_mixin.py:188} INFO - [2026-05-08T16:51:03.913+0000] {dag.py:3096} INFO - Sync 1 DAGs
[2026-05-08T16:51:03.977+0000] {logging_mixin.py:188} INFO - [2026-05-08T16:51:03.976+0000] {dag.py:3954} INFO - Setting next_dagrun for ab_test_medallion_pipeline to 2026-05-08 00:00:00+00:00, run_after=2026-05-09 00:00:00+00:00
[2026-05-08T16:51:04.224+0000] {processor.py:183} INFO - Processing /opt/airflow/dags/pipeline_dag.py took 0.640 seconds
[2026-05-08T16:51:34.516+0000] {processor.py:161} INFO - Started process (PID=13441) to work on /opt/airflow/dags/pipeline_dag.py
[2026-05-08T16:51:34.518+0000] {processor.py:830} INFO - Processing file /opt/airflow/dags/pipeline_dag.py for tasks to queue
[2026-05-08T16:51:34.520+0000] {logging_mixin.py:188} INFO - [2026-05-08T16:51:34.519+0000] {dagbag.py:545} INFO - Filling up the DagBag from /opt/airflow/dags/pipeline_dag.py
[2026-05-08T16:51:34.547+0000] {processor.py:840} INFO - DAG(s) 'ab_test_medallion_pipeline' retrieved from /opt/airflow/dags/pipeline_dag.py
[2026-05-08T16:51:34.603+0000] {logging_mixin.py:188} INFO - [2026-05-08T16:51:34.603+0000] {dag.py:3096} INFO - Sync 1 DAGs
[2026-05-08T16:51:34.645+0000] {logging_mixin.py:188} INFO - [2026-05-08T16:51:34.644+0000] {dag.py:3954} INFO - Setting next_dagrun for ab_test_medallion_pipeline to 2026-05-08 00:00:00+00:00, run_after=2026-05-09 00:00:00+00:00
[2026-05-08T16:51:34.680+0000] {processor.py:183} INFO - Processing /opt/airflow/dags/pipeline_dag.py took 0.178 seconds
[2026-05-08T16:52:04.923+0000] {processor.py:161} INFO - Started process (PID=13446) to work on /opt/airflow/dags/pipeline_dag.py
[2026-05-08T16:52:04.932+0000] {processor.py:830} INFO - Processing file /opt/airflow/dags/pipeline_dag.py for tasks to queue
[2026-05-08T16:52:04.937+0000] {logging_mixin.py:188} INFO - [2026-05-08T16:52:04.935+0000] {dagbag.py:545} INFO - Filling up the DagBag from /opt/airflow/dags/pipeline_dag.py
[2026-05-08T16:52:05.028+0000] {processor.py:840} INFO - DAG(s) 'ab_test_medallion_pipeline' retrieved from /opt/airflow/dags/pipeline_dag.py
[2026-05-08T16:52:05.186+0000] {logging_mixin.py:188} INFO - [2026-05-08T16:52:05.186+0000] {dag.py:3096} INFO - Sync 1 DAGs
[2026-05-08T16:52:05.263+0000] {logging_mixin.py:188} INFO - [2026-05-08T16:52:05.263+0000] {dag.py:3954} INFO - Setting next_dagrun for ab_test_medallion_pipeline to 2026-05-08 00:00:00+00:00, run_after=2026-05-09 00:00:00+00:00
[2026-05-08T16:52:05.319+0000] {processor.py:183} INFO - Processing /opt/airflow/dags/pipeline_dag.py took 0.436 seconds
[2026-05-08T16:52:35.546+0000] {processor.py:161} INFO - Started process (PID=13451) to work on /opt/airflow/dags/pipeline_dag.py
[2026-05-08T16:52:35.549+0000] {processor.py:830} INFO - Processing file /opt/airflow/dags/pipeline_dag.py for tasks to queue
[2026-05-08T16:52:35.553+0000] {logging_mixin.py:188} INFO - [2026-05-08T16:52:35.551+0000] {dagbag.py:545} INFO - Filling up the DagBag from /opt/airflow/dags/pipeline_dag.py
[2026-05-08T16:52:35.625+0000] {processor.py:840} INFO - DAG(s) 'ab_test_medallion_pipeline' retrieved from /opt/airflow/dags/pipeline_dag.py
[2026-05-08T16:52:35.743+0000] {logging_mixin.py:188} INFO - [2026-05-08T16:52:35.742+0000] {dag.py:3096} INFO - Sync 1 DAGs
[2026-05-08T16:52:35.824+0000] {logging_mixin.py:188} INFO - [2026-05-08T16:52:35.822+0000] {dag.py:3954} INFO - Setting next_dagrun for ab_test_medallion_pipeline to 2026-05-08 00:00:00+00:00, run_after=2026-05-09 00:00:00+00:00
[2026-05-08T16:52:35.871+0000] {processor.py:183} INFO - Processing /opt/airflow/dags/pipeline_dag.py took 0.353 seconds
[2026-05-08T16:53:06.070+0000] {processor.py:161} INFO - Started process (PID=13456) to work on /opt/airflow/dags/pipeline_dag.py
[2026-05-08T16:53:06.074+0000] {processor.py:830} INFO - Processing file /opt/airflow/dags/pipeline_dag.py for tasks to queue
[2026-05-08T16:53:06.078+0000] {logging_mixin.py:188} INFO - [2026-05-08T16:53:06.076+0000] {dagbag.py:545} INFO - Filling up the DagBag from /opt/airflow/dags/pipeline_dag.py
[2026-05-08T16:53:06.114+0000] {processor.py:840} INFO - DAG(s) 'ab_test_medallion_pipeline' retrieved from /opt/airflow/dags/pipeline_dag.py
[2026-05-08T16:53:06.181+0000] {logging_mixin.py:188} INFO - [2026-05-08T16:53:06.180+0000] {dag.py:3096} INFO - Sync 1 DAGs
[2026-05-08T16:53:06.218+0000] {logging_mixin.py:188} INFO - [2026-05-08T16:53:06.218+0000] {dag.py:3954} INFO - Setting next_dagrun for ab_test_medallion_pipeline to 2026-05-08 00:00:00+00:00, run_after=2026-05-09 00:00:00+00:00
[2026-05-08T16:53:06.255+0000] {processor.py:183} INFO - Processing /opt/airflow/dags/pipeline_dag.py took 0.227 seconds
[2026-05-08T16:53:36.473+0000] {processor.py:161} INFO - Started process (PID=13461) to work on /opt/airflow/dags/pipeline_dag.py
[2026-05-08T16:53:36.476+0000] {processor.py:830} INFO - Processing file /opt/airflow/dags/pipeline_dag.py for tasks to queue
[2026-05-08T16:53:36.482+0000] {logging_mixin.py:188} INFO - [2026-05-08T16:53:36.480+0000] {dagbag.py:545} INFO - Filling up the DagBag from /opt/airflow/dags/pipeline_dag.py
[2026-05-08T16:53:36.562+0000] {processor.py:840} INFO - DAG(s) 'ab_test_medallion_pipeline' retrieved from /opt/airflow/dags/pipeline_dag.py
[2026-05-08T16:53:36.740+0000] {logging_mixin.py:188} INFO - [2026-05-08T16:53:36.739+0000] {dag.py:3096} INFO - Sync 1 DAGs
[2026-05-08T16:53:36.810+0000] {logging_mixin.py:188} INFO - [2026-05-08T16:53:36.810+0000] {dag.py:3954} INFO - Setting next_dagrun for ab_test_medallion_pipeline to 2026-05-08 00:00:00+00:00, run_after=2026-05-09 00:00:00+00:00
[2026-05-08T16:53:36.868+0000] {processor.py:183} INFO - Processing /opt/airflow/dags/pipeline_dag.py took 0.439 seconds
[2026-05-08T16:54:07.327+0000] {processor.py:161} INFO - Started process (PID=13466) to work on /opt/airflow/dags/pipeline_dag.py
[2026-05-08T16:54:07.337+0000] {processor.py:830} INFO - Processing file /opt/airflow/dags/pipeline_dag.py for tasks to queue
[2026-05-08T16:54:07.346+0000] {logging_mixin.py:188} INFO - [2026-05-08T16:54:07.341+0000] {dagbag.py:545} INFO - Filling up the DagBag from /opt/airflow/dags/pipeline_dag.py
[2026-05-08T16:54:07.455+0000] {processor.py:840} INFO - DAG(s) 'ab_test_medallion_pipeline' retrieved from /opt/airflow/dags/pipeline_dag.py
[2026-05-08T16:54:07.562+0000] {logging_mixin.py:188} INFO - [2026-05-08T16:54:07.562+0000] {dag.py:3096} INFO - Sync 1 DAGs
[2026-05-08T16:54:07.631+0000] {logging_mixin.py:188} INFO - [2026-05-08T16:54:07.631+0000] {dag.py:3954} INFO - Setting next_dagrun for ab_test_medallion_pipeline to 2026-05-08 00:00:00+00:00, run_after=2026-05-09 00:00:00+00:00
[2026-05-08T16:54:07.679+0000] {processor.py:183} INFO - Processing /opt/airflow/dags/pipeline_dag.py took 0.397 seconds
[2026-05-08T16:54:38.045+0000] {processor.py:161} INFO - Started process (PID=13471) to work on /opt/airflow/dags/pipeline_dag.py
[2026-05-08T16:54:38.051+0000] {processor.py:830} INFO - Processing file /opt/airflow/dags/pipeline_dag.py for tasks to queue
[2026-05-08T16:54:38.057+0000] {logging_mixin.py:188} INFO - [2026-05-08T16:54:38.055+0000] {dagbag.py:545} INFO - Filling up the DagBag from /opt/airflow/dags/pipeline_dag.py
[2026-05-08T16:54:38.131+0000] {processor.py:840} INFO - DAG(s) 'ab_test_medallion_pipeline' retrieved from /opt/airflow/dags/pipeline_dag.py
[2026-05-08T16:54:38.236+0000] {logging_mixin.py:188} INFO - [2026-05-08T16:54:38.235+0000] {dag.py:3096} INFO - Sync 1 DAGs
[2026-05-08T16:54:38.289+0000] {logging_mixin.py:188} INFO - [2026-05-08T16:54:38.288+0000] {dag.py:3954} INFO - Setting next_dagrun for ab_test_medallion_pipeline to 2026-05-08 00:00:00+00:00, run_after=2026-05-09 00:00:00+00:00
[2026-05-08T16:54:38.320+0000] {processor.py:183} INFO - Processing /opt/airflow/dags/pipeline_dag.py took 0.316 seconds
[2026-05-08T16:55:08.694+0000] {processor.py:161} INFO - Started process (PID=13476) to work on /opt/airflow/dags/pipeline_dag.py
[2026-05-08T16:55:08.698+0000] {processor.py:830} INFO - Processing file /opt/airflow/dags/pipeline_dag.py for tasks to queue
[2026-05-08T16:55:08.702+0000] {logging_mixin.py:188} INFO - [2026-05-08T16:55:08.700+0000] {dagbag.py:545} INFO - Filling up the DagBag from /opt/airflow/dags/pipeline_dag.py
[2026-05-08T16:55:08.760+0000] {processor.py:840} INFO - DAG(s) 'ab_test_medallion_pipeline' retrieved from /opt/airflow/dags/pipeline_dag.py
[2026-05-08T16:55:08.847+0000] {logging_mixin.py:188} INFO - [2026-05-08T16:55:08.847+0000] {dag.py:3096} INFO - Sync 1 DAGs
[2026-05-08T16:55:08.914+0000] {logging_mixin.py:188} INFO - [2026-05-08T16:55:08.914+0000] {dag.py:3954} INFO - Setting next_dagrun for ab_test_medallion_pipeline to 2026-05-08 00:00:00+00:00, run_after=2026-05-09 00:00:00+00:00
[2026-05-08T16:55:08.978+0000] {processor.py:183} INFO - Processing /opt/airflow/dags/pipeline_dag.py took 0.313 seconds
[2026-05-08T16:55:39.437+0000] {processor.py:161} INFO - Started process (PID=13481) to work on /opt/airflow/dags/pipeline_dag.py
[2026-05-08T16:55:39.442+0000] {processor.py:830} INFO - Processing file /opt/airflow/dags/pipeline_dag.py for tasks to queue
[2026-05-08T16:55:39.447+0000] {logging_mixin.py:188} INFO - [2026-05-08T16:55:39.445+0000] {dagbag.py:545} INFO - Filling up the DagBag from /opt/airflow/dags/pipeline_dag.py
[2026-05-08T16:55:39.551+0000] {processor.py:840} INFO - DAG(s) 'ab_test_medallion_pipeline' retrieved from /opt/airflow/dags/pipeline_dag.py
[2026-05-08T16:55:39.648+0000] {logging_mixin.py:188} INFO - [2026-05-08T16:55:39.647+0000] {dag.py:3096} INFO - Sync 1 DAGs
[2026-05-08T16:55:39.713+0000] {logging_mixin.py:188} INFO - [2026-05-08T16:55:39.712+0000] {dag.py:3954} INFO - Setting next_dagrun for ab_test_medallion_pipeline to 2026-05-08 00:00:00+00:00, run_after=2026-05-09 00:00:00+00:00
[2026-05-08T16:55:39.802+0000] {processor.py:183} INFO - Processing /opt/airflow/dags/pipeline_dag.py took 0.408 seconds
[2026-05-08T16:56:10.216+0000] {processor.py:161} INFO - Started process (PID=13486) to work on /opt/airflow/dags/pipeline_dag.py
[2026-05-08T16:56:10.221+0000] {processor.py:830} INFO - Processing file /opt/airflow/dags/pipeline_dag.py for tasks to queue
[2026-05-08T16:56:10.224+0000] {logging_mixin.py:188} INFO - [2026-05-08T16:56:10.223+0000] {dagbag.py:545} INFO - Filling up the DagBag from /opt/airflow/dags/pipeline_dag.py
[2026-05-08T16:56:10.268+0000] {processor.py:840} INFO - DAG(s) 'ab_test_medallion_pipeline' retrieved from /opt/airflow/dags/pipeline_dag.py
[2026-05-08T16:56:10.322+0000] {logging_mixin.py:188} INFO - [2026-05-08T16:56:10.322+0000] {dag.py:3096} INFO - Sync 1 DAGs
[2026-05-08T16:56:10.364+0000] {logging_mixin.py:188} INFO - [2026-05-08T16:56:10.364+0000] {dag.py:3954} INFO - Setting next_dagrun for ab_test_medallion_pipeline to 2026-05-08 00:00:00+00:00, run_after=2026-05-09 00:00:00+00:00
[2026-05-08T16:56:10.411+0000] {processor.py:183} INFO - Processing /opt/airflow/dags/pipeline_dag.py took 0.251 seconds
[2026-05-08T16:56:40.520+0000] {processor.py:161} INFO - Started process (PID=13491) to work on /opt/airflow/dags/pipeline_dag.py
[2026-05-08T16:56:40.521+0000] {processor.py:830} INFO - Processing file /opt/airflow/dags/pipeline_dag.py for tasks to queue
[2026-05-08T16:56:40.523+0000] {logging_mixin.py:188} INFO - [2026-05-08T16:56:40.522+0000] {dagbag.py:545} INFO - Filling up the DagBag from /opt/airflow/dags/pipeline_dag.py
[2026-05-08T16:56:40.549+0000] {processor.py:840} INFO - DAG(s) 'ab_test_medallion_pipeline' retrieved from /opt/airflow/dags/pipeline_dag.py
[2026-05-08T16:56:40.602+0000] {logging_mixin.py:188} INFO - [2026-05-08T16:56:40.601+0000] {dag.py:3096} INFO - Sync 1 DAGs
[2026-05-08T16:56:40.640+0000] {logging_mixin.py:188} INFO - [2026-05-08T16:56:40.640+0000] {dag.py:3954} INFO - Setting next_dagrun for ab_test_medallion_pipeline to 2026-05-08 00:00:00+00:00, run_after=2026-05-09 00:00:00+00:00
[2026-05-08T16:56:40.689+0000] {processor.py:183} INFO - Processing /opt/airflow/dags/pipeline_dag.py took 0.187 seconds
[2026-05-08T16:57:10.834+0000] {processor.py:161} INFO - Started process (PID=13496) to work on /opt/airflow/dags/pipeline_dag.py
[2026-05-08T16:57:10.837+0000] {processor.py:830} INFO - Processing file /opt/airflow/dags/pipeline_dag.py for tasks to queue
[2026-05-08T16:57:10.840+0000] {logging_mixin.py:188} INFO - [2026-05-08T16:57:10.839+0000] {dagbag.py:545} INFO - Filling up the DagBag from /opt/airflow/dags/pipeline_dag.py
[2026-05-08T16:57:10.872+0000] {processor.py:840} INFO - DAG(s) 'ab_test_medallion_pipeline' retrieved from /opt/airflow/dags/pipeline_dag.py
[2026-05-08T16:57:10.944+0000] {logging_mixin.py:188} INFO - [2026-05-08T16:57:10.944+0000] {dag.py:3096} INFO - Sync 1 DAGs
[2026-05-08T16:57:11.019+0000] {logging_mixin.py:188} INFO - [2026-05-08T16:57:11.018+0000] {dag.py:3954} INFO - Setting next_dagrun for ab_test_medallion_pipeline to 2026-05-08 00:00:00+00:00, run_after=2026-05-09 00:00:00+00:00
[2026-05-08T16:57:11.059+0000] {processor.py:183} INFO - Processing /opt/airflow/dags/pipeline_dag.py took 0.243 seconds
[2026-05-08T16:57:41.444+0000] {processor.py:161} INFO - Started process (PID=13501) to work on /opt/airflow/dags/pipeline_dag.py
[2026-05-08T16:57:41.446+0000] {processor.py:830} INFO - Processing file /opt/airflow/dags/pipeline_dag.py for tasks to queue
[2026-05-08T16:57:41.448+0000] {logging_mixin.py:188} INFO - [2026-05-08T16:57:41.447+0000] {dagbag.py:545} INFO - Filling up the DagBag from /opt/airflow/dags/pipeline_dag.py
[2026-05-08T16:57:41.494+0000] {processor.py:840} INFO - DAG(s) 'ab_test_medallion_pipeline' retrieved from /opt/airflow/dags/pipeline_dag.py
[2026-05-08T16:57:41.608+0000] {logging_mixin.py:188} INFO - [2026-05-08T16:57:41.608+0000] {dag.py:3096} INFO - Sync 1 DAGs
[2026-05-08T16:57:41.686+0000] {logging_mixin.py:188} INFO - [2026-05-08T16:57:41.685+0000] {dag.py:3954} INFO - Setting next_dagrun for ab_test_medallion_pipeline to 2026-05-08 00:00:00+00:00, run_after=2026-05-09 00:00:00+00:00
[2026-05-08T16:57:41.749+0000] {processor.py:183} INFO - Processing /opt/airflow/dags/pipeline_dag.py took 0.323 seconds
[2026-05-08T16:58:12.255+0000] {processor.py:161} INFO - Started process (PID=13506) to work on /opt/airflow/dags/pipeline_dag.py
[2026-05-08T16:58:12.258+0000] {processor.py:830} INFO - Processing file /opt/airflow/dags/pipeline_dag.py for tasks to queue
[2026-05-08T16:58:12.264+0000] {logging_mixin.py:188} INFO - [2026-05-08T16:58:12.263+0000] {dagbag.py:545} INFO - Filling up the DagBag from /opt/airflow/dags/pipeline_dag.py
[2026-05-08T16:58:12.309+0000] {processor.py:840} INFO - DAG(s) 'ab_test_medallion_pipeline' retrieved from /opt/airflow/dags/pipeline_dag.py
[2026-05-08T16:58:12.389+0000] {logging_mixin.py:188} INFO - [2026-05-08T16:58:12.389+0000] {dag.py:3096} INFO - Sync 1 DAGs
[2026-05-08T16:58:12.447+0000] {logging_mixin.py:188} INFO - [2026-05-08T16:58:12.447+0000] {dag.py:3954} INFO - Setting next_dagrun for ab_test_medallion_pipeline to 2026-05-08 00:00:00+00:00, run_after=2026-05-09 00:00:00+00:00
[2026-05-08T16:58:12.493+0000] {processor.py:183} INFO - Processing /opt/airflow/dags/pipeline_dag.py took 0.273 seconds
[2026-05-08T16:58:42.889+0000] {processor.py:161} INFO - Started process (PID=13511) to work on /opt/airflow/dags/pipeline_dag.py
[2026-05-08T16:58:42.893+0000] {processor.py:830} INFO - Processing file /opt/airflow/dags/pipeline_dag.py for tasks to queue
[2026-05-08T16:58:42.899+0000] {logging_mixin.py:188} INFO - [2026-05-08T16:58:42.897+0000] {dagbag.py:545} INFO - Filling up the DagBag from /opt/airflow/dags/pipeline_dag.py
[2026-05-08T16:58:43.002+0000] {processor.py:840} INFO - DAG(s) 'ab_test_medallion_pipeline' retrieved from /opt/airflow/dags/pipeline_dag.py
[2026-05-08T16:58:43.111+0000] {logging_mixin.py:188} INFO - [2026-05-08T16:58:43.110+0000] {dag.py:3096} INFO - Sync 1 DAGs
[2026-05-08T16:58:43.204+0000] {logging_mixin.py:188} INFO - [2026-05-08T16:58:43.203+0000] {dag.py:3954} INFO - Setting next_dagrun for ab_test_medallion_pipeline to 2026-05-08 00:00:00+00:00, run_after=2026-05-09 00:00:00+00:00
[2026-05-08T16:58:43.280+0000] {processor.py:183} INFO - Processing /opt/airflow/dags/pipeline_dag.py took 0.430 seconds
[2026-05-08T16:59:13.809+0000] {processor.py:161} INFO - Started process (PID=13516) to work on /opt/airflow/dags/pipeline_dag.py
[2026-05-08T16:59:13.816+0000] {processor.py:830} INFO - Processing file /opt/airflow/dags/pipeline_dag.py for tasks to queue
[2026-05-08T16:59:13.823+0000] {logging_mixin.py:188} INFO - [2026-05-08T16:59:13.821+0000] {dagbag.py:545} INFO - Filling up the DagBag from /opt/airflow/dags/pipeline_dag.py
[2026-05-08T16:59:13.885+0000] {processor.py:840} INFO - DAG(s) 'ab_test_medallion_pipeline' retrieved from /opt/airflow/dags/pipeline_dag.py
[2026-05-08T16:59:13.957+0000] {logging_mixin.py:188} INFO - [2026-05-08T16:59:13.956+0000] {dag.py:3096} INFO - Sync 1 DAGs
[2026-05-08T16:59:14.018+0000] {logging_mixin.py:188} INFO - [2026-05-08T16:59:14.017+0000] {dag.py:3954} INFO - Setting next_dagrun for ab_test_medallion_pipeline to 2026-05-08 00:00:00+00:00, run_after=2026-05-09 00:00:00+00:00
[2026-05-08T16:59:14.070+0000] {processor.py:183} INFO - Processing /opt/airflow/dags/pipeline_dag.py took 0.315 seconds
[2026-05-08T16:59:44.569+0000] {processor.py:161} INFO - Started process (PID=13521) to work on /opt/airflow/dags/pipeline_dag.py
[2026-05-08T16:59:44.572+0000] {processor.py:830} INFO - Processing file /opt/airflow/dags/pipeline_dag.py for tasks to queue
[2026-05-08T16:59:44.580+0000] {logging_mixin.py:188} INFO - [2026-05-08T16:59:44.577+0000] {dagbag.py:545} INFO - Filling up the DagBag from /opt/airflow/dags/pipeline_dag.py
[2026-05-08T16:59:44.620+0000] {processor.py:840} INFO - DAG(s) 'ab_test_medallion_pipeline' retrieved from /opt/airflow/dags/pipeline_dag.py
[2026-05-08T16:59:44.697+0000] {logging_mixin.py:188} INFO - [2026-05-08T16:59:44.696+0000] {dag.py:3096} INFO - Sync 1 DAGs
[2026-05-08T16:59:44.745+0000] {logging_mixin.py:188} INFO - [2026-05-08T16:59:44.745+0000] {dag.py:3954} INFO - Setting next_dagrun for ab_test_medallion_pipeline to 2026-05-08 00:00:00+00:00, run_after=2026-05-09 00:00:00+00:00
[2026-05-08T16:59:44.780+0000] {processor.py:183} INFO - Processing /opt/airflow/dags/pipeline_dag.py took 0.249 seconds
[2026-05-08T17:00:14.988+0000] {processor.py:161} INFO - Started process (PID=13526) to work on /opt/airflow/dags/pipeline_dag.py
[2026-05-08T17:00:14.994+0000] {processor.py:830} INFO - Processing file /opt/airflow/dags/pipeline_dag.py for tasks to queue
[2026-05-08T17:00:14.998+0000] {logging_mixin.py:188} INFO - [2026-05-08T17:00:14.996+0000] {dagbag.py:545} INFO - Filling up the DagBag from /opt/airflow/dags/pipeline_dag.py
[2026-05-08T17:00:15.058+0000] {processor.py:840} INFO - DAG(s) 'ab_test_medallion_pipeline' retrieved from /opt/airflow/dags/pipeline_dag.py
[2026-05-08T17:00:15.195+0000] {logging_mixin.py:188} INFO - [2026-05-08T17:00:15.194+0000] {dag.py:3096} INFO - Sync 1 DAGs
[2026-05-08T17:00:15.261+0000] {logging_mixin.py:188} INFO - [2026-05-08T17:00:15.261+0000] {dag.py:3954} INFO - Setting next_dagrun for ab_test_medallion_pipeline to 2026-05-08 00:00:00+00:00, run_after=2026-05-09 00:00:00+00:00
[2026-05-08T17:00:15.307+0000] {processor.py:183} INFO - Processing /opt/airflow/dags/pipeline_dag.py took 0.355 seconds
[2026-05-08T17:00:45.604+0000] {processor.py:161} INFO - Started process (PID=13531) to work on /opt/airflow/dags/pipeline_dag.py
[2026-05-08T17:00:45.607+0000] {processor.py:830} INFO - Processing file /opt/airflow/dags/pipeline_dag.py for tasks to queue
[2026-05-08T17:00:45.610+0000] {logging_mixin.py:188} INFO - [2026-05-08T17:00:45.609+0000] {dagbag.py:545} INFO - Filling up the DagBag from /opt/airflow/dags/pipeline_dag.py
[2026-05-08T17:00:45.645+0000] {processor.py:840} INFO - DAG(s) 'ab_test_medallion_pipeline' retrieved from /opt/airflow/dags/pipeline_dag.py
[2026-05-08T17:00:45.702+0000] {logging_mixin.py:188} INFO - [2026-05-08T17:00:45.702+0000] {dag.py:3096} INFO - Sync 1 DAGs
[2026-05-08T17:00:45.742+0000] {logging_mixin.py:188} INFO - [2026-05-08T17:00:45.741+0000] {dag.py:3954} INFO - Setting next_dagrun for ab_test_medallion_pipeline to 2026-05-08 00:00:00+00:00, run_after=2026-05-09 00:00:00+00:00
[2026-05-08T17:00:45.777+0000] {processor.py:183} INFO - Processing /opt/airflow/dags/pipeline_dag.py took 0.195 seconds
[2026-05-08T17:01:16.058+0000] {processor.py:161} INFO - Started process (PID=13536) to work on /opt/airflow/dags/pipeline_dag.py
[2026-05-08T17:01:16.060+0000] {processor.py:830} INFO - Processing file /opt/airflow/dags/pipeline_dag.py for tasks to queue
[2026-05-08T17:01:16.061+0000] {logging_mixin.py:188} INFO - [2026-05-08T17:01:16.061+0000] {dagbag.py:545} INFO - Filling up the DagBag from /opt/airflow/dags/pipeline_dag.py
[2026-05-08T17:01:16.089+0000] {processor.py:840} INFO - DAG(s) 'ab_test_medallion_pipeline' retrieved from /opt/airflow/dags/pipeline_dag.py
[2026-05-08T17:01:16.140+0000] {logging_mixin.py:188} INFO - [2026-05-08T17:01:16.139+0000] {dag.py:3096} INFO - Sync 1 DAGs
[2026-05-08T17:01:16.178+0000] {logging_mixin.py:188} INFO - [2026-05-08T17:01:16.178+0000] {dag.py:3954} INFO - Setting next_dagrun for ab_test_medallion_pipeline to 2026-05-08 00:00:00+00:00, run_after=2026-05-09 00:00:00+00:00
[2026-05-08T17:01:16.210+0000] {processor.py:183} INFO - Processing /opt/airflow/dags/pipeline_dag.py took 0.172 seconds
[2026-05-08T17:01:46.557+0000] {processor.py:161} INFO - Started process (PID=13541) to work on /opt/airflow/dags/pipeline_dag.py
[2026-05-08T17:01:46.561+0000] {processor.py:830} INFO - Processing file /opt/airflow/dags/pipeline_dag.py for tasks to queue
[2026-05-08T17:01:46.564+0000] {logging_mixin.py:188} INFO - [2026-05-08T17:01:46.563+0000] {dagbag.py:545} INFO - Filling up the DagBag from /opt/airflow/dags/pipeline_dag.py
[2026-05-08T17:01:46.607+0000] {processor.py:840} INFO - DAG(s) 'ab_test_medallion_pipeline' retrieved from /opt/airflow/dags/pipeline_dag.py
[2026-05-08T17:01:46.681+0000] {logging_mixin.py:188} INFO - [2026-05-08T17:01:46.680+0000] {dag.py:3096} INFO - Sync 1 DAGs
[2026-05-08T17:01:46.730+0000] {logging_mixin.py:188} INFO - [2026-05-08T17:01:46.730+0000] {dag.py:3954} INFO - Setting next_dagrun for ab_test_medallion_pipeline to 2026-05-08 00:00:00+00:00, run_after=2026-05-09 00:00:00+00:00
[2026-05-08T17:01:46.778+0000] {processor.py:183} INFO - Processing /opt/airflow/dags/pipeline_dag.py took 0.253 seconds
[2026-05-08T17:02:16.972+0000] {processor.py:161} INFO - Started process (PID=13546) to work on /opt/airflow/dags/pipeline_dag.py
[2026-05-08T17:02:16.976+0000] {processor.py:830} INFO - Processing file /opt/airflow/dags/pipeline_dag.py for tasks to queue
[2026-05-08T17:02:16.980+0000] {logging_mixin.py:188} INFO - [2026-05-08T17:02:16.979+0000] {dagbag.py:545} INFO - Filling up the DagBag from /opt/airflow/dags/pipeline_dag.py
[2026-05-08T17:02:17.021+0000] {processor.py:840} INFO - DAG(s) 'ab_test_medallion_pipeline' retrieved from /opt/airflow/dags/pipeline_dag.py
[2026-05-08T17:02:17.097+0000] {logging_mixin.py:188} INFO - [2026-05-08T17:02:17.097+0000] {dag.py:3096} INFO - Sync 1 DAGs
[2026-05-08T17:02:17.137+0000] {logging_mixin.py:188} INFO - [2026-05-08T17:02:17.136+0000] {dag.py:3954} INFO - Setting next_dagrun for ab_test_medallion_pipeline to 2026-05-08 00:00:00+00:00, run_after=2026-05-09 00:00:00+00:00
[2026-05-08T17:02:17.174+0000] {processor.py:183} INFO - Processing /opt/airflow/dags/pipeline_dag.py took 0.245 seconds
[2026-05-08T17:02:47.500+0000] {processor.py:161} INFO - Started process (PID=13551) to work on /opt/airflow/dags/pipeline_dag.py
[2026-05-08T17:02:47.503+0000] {processor.py:830} INFO - Processing file /opt/airflow/dags/pipeline_dag.py for tasks to queue
[2026-05-08T17:02:47.507+0000] {logging_mixin.py:188} INFO - [2026-05-08T17:02:47.505+0000] {dagbag.py:545} INFO - Filling up the DagBag from /opt/airflow/dags/pipeline_dag.py
[2026-05-08T17:02:47.569+0000] {processor.py:840} INFO - DAG(s) 'ab_test_medallion_pipeline' retrieved from /opt/airflow/dags/pipeline_dag.py
[2026-05-08T17:02:47.650+0000] {logging_mixin.py:188} INFO - [2026-05-08T17:02:47.649+0000] {dag.py:3096} INFO - Sync 1 DAGs
[2026-05-08T17:02:47.697+0000] {logging_mixin.py:188} INFO - [2026-05-08T17:02:47.697+0000] {dag.py:3954} INFO - Setting next_dagrun for ab_test_medallion_pipeline to 2026-05-08 00:00:00+00:00, run_after=2026-05-09 00:00:00+00:00
[2026-05-08T17:02:47.733+0000] {processor.py:183} INFO - Processing /opt/airflow/dags/pipeline_dag.py took 0.284 seconds
[2026-05-08T17:03:17.898+0000] {processor.py:161} INFO - Started process (PID=13556) to work on /opt/airflow/dags/pipeline_dag.py
[2026-05-08T17:03:17.901+0000] {processor.py:830} INFO - Processing file /opt/airflow/dags/pipeline_dag.py for tasks to queue
[2026-05-08T17:03:17.904+0000] {logging_mixin.py:188} INFO - [2026-05-08T17:03:17.902+0000] {dagbag.py:545} INFO - Filling up the DagBag from /opt/airflow/dags/pipeline_dag.py
[2026-05-08T17:03:17.955+0000] {processor.py:840} INFO - DAG(s) 'ab_test_medallion_pipeline' retrieved from /opt/airflow/dags/pipeline_dag.py
[2026-05-08T17:03:18.060+0000] {logging_mixin.py:188} INFO - [2026-05-08T17:03:18.060+0000] {dag.py:3096} INFO - Sync 1 DAGs
[2026-05-08T17:03:18.111+0000] {logging_mixin.py:188} INFO - [2026-05-08T17:03:18.110+0000] {dag.py:3954} INFO - Setting next_dagrun for ab_test_medallion_pipeline to 2026-05-08 00:00:00+00:00, run_after=2026-05-09 00:00:00+00:00
[2026-05-08T17:03:18.141+0000] {processor.py:183} INFO - Processing /opt/airflow/dags/pipeline_dag.py took 0.287 seconds
[2026-05-08T17:03:48.322+0000] {processor.py:161} INFO - Started process (PID=13561) to work on /opt/airflow/dags/pipeline_dag.py
[2026-05-08T17:03:48.324+0000] {processor.py:830} INFO - Processing file /opt/airflow/dags/pipeline_dag.py for tasks to queue
[2026-05-08T17:03:48.326+0000] {logging_mixin.py:188} INFO - [2026-05-08T17:03:48.325+0000] {dagbag.py:545} INFO - Filling up the DagBag from /opt/airflow/dags/pipeline_dag.py
[2026-05-08T17:03:48.355+0000] {processor.py:840} INFO - DAG(s) 'ab_test_medallion_pipeline' retrieved from /opt/airflow/dags/pipeline_dag.py
[2026-05-08T17:03:48.425+0000] {logging_mixin.py:188} INFO - [2026-05-08T17:03:48.424+0000] {dag.py:3096} INFO - Sync 1 DAGs
[2026-05-08T17:03:48.493+0000] {logging_mixin.py:188} INFO - [2026-05-08T17:03:48.492+0000] {dag.py:3954} INFO - Setting next_dagrun for ab_test_medallion_pipeline to 2026-05-08 00:00:00+00:00, run_after=2026-05-09 00:00:00+00:00
[2026-05-08T17:03:48.540+0000] {processor.py:183} INFO - Processing /opt/airflow/dags/pipeline_dag.py took 0.240 seconds
[2026-05-08T17:04:18.737+0000] {processor.py:161} INFO - Started process (PID=13566) to work on /opt/airflow/dags/pipeline_dag.py
[2026-05-08T17:04:18.740+0000] {processor.py:830} INFO - Processing file /opt/airflow/dags/pipeline_dag.py for tasks to queue
[2026-05-08T17:04:18.742+0000] {logging_mixin.py:188} INFO - [2026-05-08T17:04:18.741+0000] {dagbag.py:545} INFO - Filling up the DagBag from /opt/airflow/dags/pipeline_dag.py
[2026-05-08T17:04:18.773+0000] {processor.py:840} INFO - DAG(s) 'ab_test_medallion_pipeline' retrieved from /opt/airflow/dags/pipeline_dag.py
[2026-05-08T17:04:18.841+0000] {logging_mixin.py:188} INFO - [2026-05-08T17:04:18.841+0000] {dag.py:3096} INFO - Sync 1 DAGs
[2026-05-08T17:04:18.882+0000] {logging_mixin.py:188} INFO - [2026-05-08T17:04:18.882+0000] {dag.py:3954} INFO - Setting next_dagrun for ab_test_medallion_pipeline to 2026-05-08 00:00:00+00:00, run_after=2026-05-09 00:00:00+00:00
[2026-05-08T17:04:18.920+0000] {processor.py:183} INFO - Processing /opt/airflow/dags/pipeline_dag.py took 0.212 seconds
[2026-05-08T17:04:49.189+0000] {processor.py:161} INFO - Started process (PID=13571) to work on /opt/airflow/dags/pipeline_dag.py
[2026-05-08T17:04:49.215+0000] {processor.py:830} INFO - Processing file /opt/airflow/dags/pipeline_dag.py for tasks to queue
[2026-05-08T17:04:49.217+0000] {logging_mixin.py:188} INFO - [2026-05-08T17:04:49.217+0000] {dagbag.py:545} INFO - Filling up the DagBag from /opt/airflow/dags/pipeline_dag.py
[2026-05-08T17:04:49.303+0000] {processor.py:840} INFO - DAG(s) 'ab_test_medallion_pipeline' retrieved from /opt/airflow/dags/pipeline_dag.py
[2026-05-08T17:04:49.643+0000] {logging_mixin.py:188} INFO - [2026-05-08T17:04:49.642+0000] {dag.py:3096} INFO - Sync 1 DAGs
[2026-05-08T17:04:49.794+0000] {logging_mixin.py:188} INFO - [2026-05-08T17:04:49.794+0000] {dag.py:3954} INFO - Setting next_dagrun for ab_test_medallion_pipeline to 2026-05-08 00:00:00+00:00, run_after=2026-05-09 00:00:00+00:00
[2026-05-08T17:04:50.110+0000] {processor.py:183} INFO - Processing /opt/airflow/dags/pipeline_dag.py took 0.971 seconds
[2026-05-08T17:05:20.427+0000] {processor.py:161} INFO - Started process (PID=13576) to work on /opt/airflow/dags/pipeline_dag.py
[2026-05-08T17:05:20.493+0000] {processor.py:830} INFO - Processing file /opt/airflow/dags/pipeline_dag.py for tasks to queue
[2026-05-08T17:05:20.496+0000] {logging_mixin.py:188} INFO - [2026-05-08T17:05:20.495+0000] {dagbag.py:545} INFO - Filling up the DagBag from /opt/airflow/dags/pipeline_dag.py
[2026-05-08T17:05:20.757+0000] {processor.py:840} INFO - DAG(s) 'ab_test_medallion_pipeline' retrieved from /opt/airflow/dags/pipeline_dag.py
[2026-05-08T17:05:21.550+0000] {logging_mixin.py:188} INFO - [2026-05-08T17:05:21.549+0000] {dag.py:3096} INFO - Sync 1 DAGs
[2026-05-08T17:05:21.772+0000] {logging_mixin.py:188} INFO - [2026-05-08T17:05:21.771+0000] {dag.py:3954} INFO - Setting next_dagrun for ab_test_medallion_pipeline to 2026-05-08 00:00:00+00:00, run_after=2026-05-09 00:00:00+00:00
[2026-05-08T17:05:21.886+0000] {processor.py:183} INFO - Processing /opt/airflow/dags/pipeline_dag.py took 1.513 seconds
[2026-05-08T17:05:52.275+0000] {processor.py:161} INFO - Started process (PID=13581) to work on /opt/airflow/dags/pipeline_dag.py
[2026-05-08T17:05:52.280+0000] {processor.py:830} INFO - Processing file /opt/airflow/dags/pipeline_dag.py for tasks to queue
[2026-05-08T17:05:52.284+0000] {logging_mixin.py:188} INFO - [2026-05-08T17:05:52.282+0000] {dagbag.py:545} INFO - Filling up the DagBag from /opt/airflow/dags/pipeline_dag.py
[2026-05-08T17:05:52.376+0000] {processor.py:840} INFO - DAG(s) 'ab_test_medallion_pipeline' retrieved from /opt/airflow/dags/pipeline_dag.py
[2026-05-08T17:05:52.459+0000] {logging_mixin.py:188} INFO - [2026-05-08T17:05:52.459+0000] {dag.py:3096} INFO - Sync 1 DAGs
[2026-05-08T17:05:52.576+0000] {logging_mixin.py:188} INFO - [2026-05-08T17:05:52.575+0000] {dag.py:3954} INFO - Setting next_dagrun for ab_test_medallion_pipeline to 2026-05-08 00:00:00+00:00, run_after=2026-05-09 00:00:00+00:00
[2026-05-08T17:05:52.644+0000] {processor.py:183} INFO - Processing /opt/airflow/dags/pipeline_dag.py took 0.412 seconds
[2026-05-08T17:06:22.729+0000] {processor.py:161} INFO - Started process (PID=13586) to work on /opt/airflow/dags/pipeline_dag.py
[2026-05-08T17:06:22.731+0000] {processor.py:830} INFO - Processing file /opt/airflow/dags/pipeline_dag.py for tasks to queue
[2026-05-08T17:06:22.733+0000] {logging_mixin.py:188} INFO - [2026-05-08T17:06:22.732+0000] {dagbag.py:545} INFO - Filling up the DagBag from /opt/airflow/dags/pipeline_dag.py
[2026-05-08T17:06:22.776+0000] {processor.py:840} INFO - DAG(s) 'ab_test_medallion_pipeline' retrieved from /opt/airflow/dags/pipeline_dag.py
[2026-05-08T17:06:22.858+0000] {logging_mixin.py:188} INFO - [2026-05-08T17:06:22.858+0000] {dag.py:3096} INFO - Sync 1 DAGs
[2026-05-08T17:06:22.929+0000] {logging_mixin.py:188} INFO - [2026-05-08T17:06:22.924+0000] {dag.py:3954} INFO - Setting next_dagrun for ab_test_medallion_pipeline to 2026-05-08 00:00:00+00:00, run_after=2026-05-09 00:00:00+00:00
[2026-05-08T17:06:22.967+0000] {processor.py:183} INFO - Processing /opt/airflow/dags/pipeline_dag.py took 0.262 seconds
[2026-05-08T20:06:54.996+0000] {processor.py:161} INFO - Started process (PID=13591) to work on /opt/airflow/dags/pipeline_dag.py
[2026-05-08T20:06:55.167+0000] {processor.py:830} INFO - Processing file /opt/airflow/dags/pipeline_dag.py for tasks to queue
[2026-05-08T20:06:55.183+0000] {logging_mixin.py:188} INFO - [2026-05-08T20:06:55.169+0000] {dagbag.py:545} INFO - Filling up the DagBag from /opt/airflow/dags/pipeline_dag.py
[2026-05-08T20:06:55.531+0000] {processor.py:840} INFO - DAG(s) 'ab_test_medallion_pipeline' retrieved from /opt/airflow/dags/pipeline_dag.py
[2026-05-08T20:06:56.303+0000] {logging_mixin.py:188} INFO - [2026-05-08T20:06:56.302+0000] {dag.py:3096} INFO - Sync 1 DAGs
[2026-05-08T20:06:57.052+0000] {logging_mixin.py:188} INFO - [2026-05-08T20:06:57.051+0000] {dag.py:3954} INFO - Setting next_dagrun for ab_test_medallion_pipeline to 2026-05-08 00:00:00+00:00, run_after=2026-05-09 00:00:00+00:00
[2026-05-08T20:06:57.409+0000] {processor.py:183} INFO - Processing /opt/airflow/dags/pipeline_dag.py took 2.703 seconds
