[2026-04-29T09:55:43.405+0000] {processor.py:161} INFO - Started process (PID=159) to work on /opt/airflow/dags/pipeline_dag.py
[2026-04-29T09:55:43.414+0000] {processor.py:830} INFO - Processing file /opt/airflow/dags/pipeline_dag.py for tasks to queue
[2026-04-29T09:55:43.431+0000] {logging_mixin.py:188} INFO - [2026-04-29T09:55:43.430+0000] {dagbag.py:545} INFO - Filling up the DagBag from /opt/airflow/dags/pipeline_dag.py
[2026-04-29T09:55:43.839+0000] {processor.py:840} INFO - DAG(s) 'ab_test_medallion_pipeline' retrieved from /opt/airflow/dags/pipeline_dag.py
[2026-04-29T09:55:46.583+0000] {logging_mixin.py:188} INFO - [2026-04-29T09:55:46.578+0000] {override.py:1829} INFO - Created Permission View: can edit on DAG:ab_test_medallion_pipeline
[2026-04-29T09:55:46.685+0000] {logging_mixin.py:188} INFO - [2026-04-29T09:55:46.684+0000] {override.py:1829} INFO - Created Permission View: can read on DAG:ab_test_medallion_pipeline
[2026-04-29T09:55:46.779+0000] {logging_mixin.py:188} INFO - [2026-04-29T09:55:46.779+0000] {override.py:1829} INFO - Created Permission View: can delete on DAG:ab_test_medallion_pipeline
[2026-04-29T09:55:46.781+0000] {logging_mixin.py:188} INFO - [2026-04-29T09:55:46.780+0000] {dag.py:3096} INFO - Sync 1 DAGs
[2026-04-29T09:55:46.950+0000] {logging_mixin.py:188} INFO - [2026-04-29T09:55:46.950+0000] {dag.py:3118} INFO - Creating ORM DAG for ab_test_medallion_pipeline
[2026-04-29T09:55:47.121+0000] {logging_mixin.py:188} INFO - [2026-04-29T09:55:47.120+0000] {dag.py:3954} INFO - Setting next_dagrun for ab_test_medallion_pipeline to 2026-04-28 00:00:00+00:00, run_after=2026-04-29 00:00:00+00:00
[2026-04-29T09:55:47.442+0000] {processor.py:183} INFO - Processing /opt/airflow/dags/pipeline_dag.py took 4.120 seconds
[2026-04-29T09:56:17.813+0000] {processor.py:161} INFO - Started process (PID=165) to work on /opt/airflow/dags/pipeline_dag.py
[2026-04-29T09:56:17.820+0000] {processor.py:830} INFO - Processing file /opt/airflow/dags/pipeline_dag.py for tasks to queue
[2026-04-29T09:56:17.844+0000] {logging_mixin.py:188} INFO - [2026-04-29T09:56:17.841+0000] {dagbag.py:545} INFO - Filling up the DagBag from /opt/airflow/dags/pipeline_dag.py
[2026-04-29T09:56:17.903+0000] {processor.py:840} INFO - DAG(s) 'ab_test_medallion_pipeline' retrieved from /opt/airflow/dags/pipeline_dag.py
[2026-04-29T09:56:17.984+0000] {logging_mixin.py:188} INFO - [2026-04-29T09:56:17.983+0000] {dag.py:3096} INFO - Sync 1 DAGs
[2026-04-29T09:56:18.119+0000] {logging_mixin.py:188} INFO - [2026-04-29T09:56:18.118+0000] {dag.py:3954} INFO - Setting next_dagrun for ab_test_medallion_pipeline to 2026-04-28 00:00:00+00:00, run_after=2026-04-29 00:00:00+00:00
[2026-04-29T09:56:18.178+0000] {processor.py:183} INFO - Processing /opt/airflow/dags/pipeline_dag.py took 0.422 seconds
[2026-04-29T09:56:48.564+0000] {processor.py:161} INFO - Started process (PID=170) to work on /opt/airflow/dags/pipeline_dag.py
[2026-04-29T09:56:48.577+0000] {processor.py:830} INFO - Processing file /opt/airflow/dags/pipeline_dag.py for tasks to queue
[2026-04-29T09:56:48.589+0000] {logging_mixin.py:188} INFO - [2026-04-29T09:56:48.584+0000] {dagbag.py:545} INFO - Filling up the DagBag from /opt/airflow/dags/pipeline_dag.py
[2026-04-29T09:56:48.748+0000] {processor.py:840} INFO - DAG(s) 'ab_test_medallion_pipeline' retrieved from /opt/airflow/dags/pipeline_dag.py
[2026-04-29T09:56:49.034+0000] {logging_mixin.py:188} INFO - [2026-04-29T09:56:49.033+0000] {dag.py:3096} INFO - Sync 1 DAGs
[2026-04-29T09:56:49.350+0000] {logging_mixin.py:188} INFO - [2026-04-29T09:56:49.349+0000] {dag.py:3954} INFO - Setting next_dagrun for ab_test_medallion_pipeline to 2026-04-28 00:00:00+00:00, run_after=2026-04-29 00:00:00+00:00
[2026-04-29T09:56:49.502+0000] {processor.py:183} INFO - Processing /opt/airflow/dags/pipeline_dag.py took 0.976 seconds
[2026-04-29T09:57:20.282+0000] {processor.py:161} INFO - Started process (PID=175) to work on /opt/airflow/dags/pipeline_dag.py
[2026-04-29T09:57:20.284+0000] {processor.py:830} INFO - Processing file /opt/airflow/dags/pipeline_dag.py for tasks to queue
[2026-04-29T09:57:20.287+0000] {logging_mixin.py:188} INFO - [2026-04-29T09:57:20.287+0000] {dagbag.py:545} INFO - Filling up the DagBag from /opt/airflow/dags/pipeline_dag.py
[2026-04-29T09:57:20.372+0000] {processor.py:840} INFO - DAG(s) 'ab_test_medallion_pipeline' retrieved from /opt/airflow/dags/pipeline_dag.py
[2026-04-29T09:57:20.454+0000] {logging_mixin.py:188} INFO - [2026-04-29T09:57:20.454+0000] {dag.py:3096} INFO - Sync 1 DAGs
[2026-04-29T09:57:20.496+0000] {logging_mixin.py:188} INFO - [2026-04-29T09:57:20.496+0000] {dag.py:3954} INFO - Setting next_dagrun for ab_test_medallion_pipeline to 2026-04-28 00:00:00+00:00, run_after=2026-04-29 00:00:00+00:00
[2026-04-29T09:57:20.562+0000] {processor.py:183} INFO - Processing /opt/airflow/dags/pipeline_dag.py took 0.296 seconds
[2026-04-29T09:57:50.918+0000] {processor.py:161} INFO - Started process (PID=180) to work on /opt/airflow/dags/pipeline_dag.py
[2026-04-29T09:57:50.936+0000] {processor.py:830} INFO - Processing file /opt/airflow/dags/pipeline_dag.py for tasks to queue
[2026-04-29T09:57:50.959+0000] {logging_mixin.py:188} INFO - [2026-04-29T09:57:50.957+0000] {dagbag.py:545} INFO - Filling up the DagBag from /opt/airflow/dags/pipeline_dag.py
[2026-04-29T09:57:51.020+0000] {processor.py:840} INFO - DAG(s) 'ab_test_medallion_pipeline' retrieved from /opt/airflow/dags/pipeline_dag.py
[2026-04-29T09:57:51.148+0000] {logging_mixin.py:188} INFO - [2026-04-29T09:57:51.147+0000] {dag.py:3096} INFO - Sync 1 DAGs
[2026-04-29T09:57:51.262+0000] {logging_mixin.py:188} INFO - [2026-04-29T09:57:51.261+0000] {dag.py:3954} INFO - Setting next_dagrun for ab_test_medallion_pipeline to 2026-04-28 00:00:00+00:00, run_after=2026-04-29 00:00:00+00:00
[2026-04-29T09:57:51.324+0000] {processor.py:183} INFO - Processing /opt/airflow/dags/pipeline_dag.py took 0.450 seconds
[2026-04-29T09:58:21.440+0000] {processor.py:161} INFO - Started process (PID=185) to work on /opt/airflow/dags/pipeline_dag.py
[2026-04-29T09:58:21.443+0000] {processor.py:830} INFO - Processing file /opt/airflow/dags/pipeline_dag.py for tasks to queue
[2026-04-29T09:58:21.447+0000] {logging_mixin.py:188} INFO - [2026-04-29T09:58:21.446+0000] {dagbag.py:545} INFO - Filling up the DagBag from /opt/airflow/dags/pipeline_dag.py
[2026-04-29T09:58:21.483+0000] {processor.py:840} INFO - DAG(s) 'ab_test_medallion_pipeline' retrieved from /opt/airflow/dags/pipeline_dag.py
[2026-04-29T09:58:21.597+0000] {logging_mixin.py:188} INFO - [2026-04-29T09:58:21.596+0000] {dag.py:3096} INFO - Sync 1 DAGs
[2026-04-29T09:58:21.665+0000] {logging_mixin.py:188} INFO - [2026-04-29T09:58:21.664+0000] {dag.py:3954} INFO - Setting next_dagrun for ab_test_medallion_pipeline to 2026-04-28 00:00:00+00:00, run_after=2026-04-29 00:00:00+00:00
[2026-04-29T09:58:21.701+0000] {processor.py:183} INFO - Processing /opt/airflow/dags/pipeline_dag.py took 0.281 seconds
[2026-04-29T09:58:52.109+0000] {processor.py:161} INFO - Started process (PID=190) to work on /opt/airflow/dags/pipeline_dag.py
[2026-04-29T09:58:52.111+0000] {processor.py:830} INFO - Processing file /opt/airflow/dags/pipeline_dag.py for tasks to queue
[2026-04-29T09:58:52.115+0000] {logging_mixin.py:188} INFO - [2026-04-29T09:58:52.114+0000] {dagbag.py:545} INFO - Filling up the DagBag from /opt/airflow/dags/pipeline_dag.py
[2026-04-29T09:58:52.139+0000] {processor.py:840} INFO - DAG(s) 'ab_test_medallion_pipeline' retrieved from /opt/airflow/dags/pipeline_dag.py
[2026-04-29T09:58:52.187+0000] {logging_mixin.py:188} INFO - [2026-04-29T09:58:52.186+0000] {dag.py:3096} INFO - Sync 1 DAGs
[2026-04-29T09:58:52.228+0000] {logging_mixin.py:188} INFO - [2026-04-29T09:58:52.228+0000] {dag.py:3954} INFO - Setting next_dagrun for ab_test_medallion_pipeline to 2026-04-28 00:00:00+00:00, run_after=2026-04-29 00:00:00+00:00
[2026-04-29T09:58:52.260+0000] {processor.py:183} INFO - Processing /opt/airflow/dags/pipeline_dag.py took 0.164 seconds
[2026-04-29T09:59:22.503+0000] {processor.py:161} INFO - Started process (PID=207) to work on /opt/airflow/dags/pipeline_dag.py
[2026-04-29T09:59:22.506+0000] {processor.py:830} INFO - Processing file /opt/airflow/dags/pipeline_dag.py for tasks to queue
[2026-04-29T09:59:22.509+0000] {logging_mixin.py:188} INFO - [2026-04-29T09:59:22.509+0000] {dagbag.py:545} INFO - Filling up the DagBag from /opt/airflow/dags/pipeline_dag.py
[2026-04-29T09:59:22.542+0000] {processor.py:840} INFO - DAG(s) 'ab_test_medallion_pipeline' retrieved from /opt/airflow/dags/pipeline_dag.py
[2026-04-29T09:59:22.622+0000] {logging_mixin.py:188} INFO - [2026-04-29T09:59:22.621+0000] {dag.py:3096} INFO - Sync 1 DAGs
[2026-04-29T09:59:22.703+0000] {logging_mixin.py:188} INFO - [2026-04-29T09:59:22.702+0000] {dag.py:3954} INFO - Setting next_dagrun for ab_test_medallion_pipeline to 2026-04-29 00:00:00+00:00, run_after=2026-04-30 00:00:00+00:00
[2026-04-29T09:59:22.735+0000] {processor.py:183} INFO - Processing /opt/airflow/dags/pipeline_dag.py took 0.243 seconds
[2026-04-29T09:59:53.042+0000] {processor.py:161} INFO - Started process (PID=212) to work on /opt/airflow/dags/pipeline_dag.py
[2026-04-29T09:59:53.044+0000] {processor.py:830} INFO - Processing file /opt/airflow/dags/pipeline_dag.py for tasks to queue
[2026-04-29T09:59:53.048+0000] {logging_mixin.py:188} INFO - [2026-04-29T09:59:53.048+0000] {dagbag.py:545} INFO - Filling up the DagBag from /opt/airflow/dags/pipeline_dag.py
[2026-04-29T09:59:53.075+0000] {processor.py:840} INFO - DAG(s) 'ab_test_medallion_pipeline' retrieved from /opt/airflow/dags/pipeline_dag.py
[2026-04-29T09:59:53.121+0000] {logging_mixin.py:188} INFO - [2026-04-29T09:59:53.121+0000] {dag.py:3096} INFO - Sync 1 DAGs
[2026-04-29T09:59:53.193+0000] {logging_mixin.py:188} INFO - [2026-04-29T09:59:53.192+0000] {dag.py:3954} INFO - Setting next_dagrun for ab_test_medallion_pipeline to 2026-04-29 00:00:00+00:00, run_after=2026-04-30 00:00:00+00:00
[2026-04-29T09:59:53.239+0000] {processor.py:183} INFO - Processing /opt/airflow/dags/pipeline_dag.py took 0.221 seconds
[2026-04-29T10:00:23.466+0000] {processor.py:161} INFO - Started process (PID=217) to work on /opt/airflow/dags/pipeline_dag.py
[2026-04-29T10:00:23.469+0000] {processor.py:830} INFO - Processing file /opt/airflow/dags/pipeline_dag.py for tasks to queue
[2026-04-29T10:00:23.482+0000] {logging_mixin.py:188} INFO - [2026-04-29T10:00:23.481+0000] {dagbag.py:545} INFO - Filling up the DagBag from /opt/airflow/dags/pipeline_dag.py
[2026-04-29T10:00:23.512+0000] {processor.py:840} INFO - DAG(s) 'ab_test_medallion_pipeline' retrieved from /opt/airflow/dags/pipeline_dag.py
[2026-04-29T10:00:23.568+0000] {logging_mixin.py:188} INFO - [2026-04-29T10:00:23.568+0000] {dag.py:3096} INFO - Sync 1 DAGs
[2026-04-29T10:00:23.612+0000] {logging_mixin.py:188} INFO - [2026-04-29T10:00:23.612+0000] {dag.py:3954} INFO - Setting next_dagrun for ab_test_medallion_pipeline to 2026-04-29 00:00:00+00:00, run_after=2026-04-30 00:00:00+00:00
[2026-04-29T10:00:23.648+0000] {processor.py:183} INFO - Processing /opt/airflow/dags/pipeline_dag.py took 0.201 seconds
[2026-04-29T10:00:54.107+0000] {processor.py:161} INFO - Started process (PID=222) to work on /opt/airflow/dags/pipeline_dag.py
[2026-04-29T10:00:54.121+0000] {processor.py:830} INFO - Processing file /opt/airflow/dags/pipeline_dag.py for tasks to queue
[2026-04-29T10:00:54.126+0000] {logging_mixin.py:188} INFO - [2026-04-29T10:00:54.124+0000] {dagbag.py:545} INFO - Filling up the DagBag from /opt/airflow/dags/pipeline_dag.py
[2026-04-29T10:00:54.206+0000] {processor.py:840} INFO - DAG(s) 'ab_test_medallion_pipeline' retrieved from /opt/airflow/dags/pipeline_dag.py
[2026-04-29T10:00:54.288+0000] {logging_mixin.py:188} INFO - [2026-04-29T10:00:54.287+0000] {dag.py:3096} INFO - Sync 1 DAGs
[2026-04-29T10:00:54.372+0000] {logging_mixin.py:188} INFO - [2026-04-29T10:00:54.372+0000] {dag.py:3954} INFO - Setting next_dagrun for ab_test_medallion_pipeline to 2026-04-29 00:00:00+00:00, run_after=2026-04-30 00:00:00+00:00
[2026-04-29T10:00:54.470+0000] {processor.py:183} INFO - Processing /opt/airflow/dags/pipeline_dag.py took 0.398 seconds
[2026-04-29T10:01:24.947+0000] {processor.py:161} INFO - Started process (PID=233) to work on /opt/airflow/dags/pipeline_dag.py
[2026-04-29T10:01:24.959+0000] {processor.py:830} INFO - Processing file /opt/airflow/dags/pipeline_dag.py for tasks to queue
[2026-04-29T10:01:24.964+0000] {logging_mixin.py:188} INFO - [2026-04-29T10:01:24.964+0000] {dagbag.py:545} INFO - Filling up the DagBag from /opt/airflow/dags/pipeline_dag.py
[2026-04-29T10:01:25.069+0000] {processor.py:840} INFO - DAG(s) 'ab_test_medallion_pipeline' retrieved from /opt/airflow/dags/pipeline_dag.py
[2026-04-29T10:01:25.465+0000] {logging_mixin.py:188} INFO - [2026-04-29T10:01:25.454+0000] {dag.py:3096} INFO - Sync 1 DAGs
[2026-04-29T10:01:25.707+0000] {logging_mixin.py:188} INFO - [2026-04-29T10:01:25.706+0000] {dag.py:3954} INFO - Setting next_dagrun for ab_test_medallion_pipeline to 2026-04-29 00:00:00+00:00, run_after=2026-04-30 00:00:00+00:00
[2026-04-29T10:01:25.874+0000] {processor.py:183} INFO - Processing /opt/airflow/dags/pipeline_dag.py took 0.963 seconds
[2026-04-29T10:01:56.740+0000] {processor.py:161} INFO - Started process (PID=244) to work on /opt/airflow/dags/pipeline_dag.py
[2026-04-29T10:01:56.743+0000] {processor.py:830} INFO - Processing file /opt/airflow/dags/pipeline_dag.py for tasks to queue
[2026-04-29T10:01:56.747+0000] {logging_mixin.py:188} INFO - [2026-04-29T10:01:56.746+0000] {dagbag.py:545} INFO - Filling up the DagBag from /opt/airflow/dags/pipeline_dag.py
[2026-04-29T10:01:56.770+0000] {processor.py:840} INFO - DAG(s) 'ab_test_medallion_pipeline' retrieved from /opt/airflow/dags/pipeline_dag.py
[2026-04-29T10:01:56.833+0000] {logging_mixin.py:188} INFO - [2026-04-29T10:01:56.832+0000] {dag.py:3096} INFO - Sync 1 DAGs
[2026-04-29T10:01:56.880+0000] {logging_mixin.py:188} INFO - [2026-04-29T10:01:56.880+0000] {dag.py:3954} INFO - Setting next_dagrun for ab_test_medallion_pipeline to 2026-04-29 00:00:00+00:00, run_after=2026-04-30 00:00:00+00:00
[2026-04-29T10:01:56.931+0000] {processor.py:183} INFO - Processing /opt/airflow/dags/pipeline_dag.py took 0.207 seconds
[2026-04-29T10:02:27.169+0000] {processor.py:161} INFO - Started process (PID=249) to work on /opt/airflow/dags/pipeline_dag.py
[2026-04-29T10:02:27.172+0000] {processor.py:830} INFO - Processing file /opt/airflow/dags/pipeline_dag.py for tasks to queue
[2026-04-29T10:02:27.176+0000] {logging_mixin.py:188} INFO - [2026-04-29T10:02:27.175+0000] {dagbag.py:545} INFO - Filling up the DagBag from /opt/airflow/dags/pipeline_dag.py
[2026-04-29T10:02:27.211+0000] {processor.py:840} INFO - DAG(s) 'ab_test_medallion_pipeline' retrieved from /opt/airflow/dags/pipeline_dag.py
[2026-04-29T10:02:27.292+0000] {logging_mixin.py:188} INFO - [2026-04-29T10:02:27.291+0000] {dag.py:3096} INFO - Sync 1 DAGs
[2026-04-29T10:02:27.359+0000] {logging_mixin.py:188} INFO - [2026-04-29T10:02:27.358+0000] {dag.py:3954} INFO - Setting next_dagrun for ab_test_medallion_pipeline to 2026-04-29 00:00:00+00:00, run_after=2026-04-30 00:00:00+00:00
[2026-04-29T10:02:27.411+0000] {processor.py:183} INFO - Processing /opt/airflow/dags/pipeline_dag.py took 0.261 seconds
[2026-04-29T10:02:57.808+0000] {processor.py:161} INFO - Started process (PID=254) to work on /opt/airflow/dags/pipeline_dag.py
[2026-04-29T10:02:57.810+0000] {processor.py:830} INFO - Processing file /opt/airflow/dags/pipeline_dag.py for tasks to queue
[2026-04-29T10:02:57.814+0000] {logging_mixin.py:188} INFO - [2026-04-29T10:02:57.813+0000] {dagbag.py:545} INFO - Filling up the DagBag from /opt/airflow/dags/pipeline_dag.py
[2026-04-29T10:02:57.850+0000] {processor.py:840} INFO - DAG(s) 'ab_test_medallion_pipeline' retrieved from /opt/airflow/dags/pipeline_dag.py
[2026-04-29T10:02:57.946+0000] {logging_mixin.py:188} INFO - [2026-04-29T10:02:57.945+0000] {dag.py:3096} INFO - Sync 1 DAGs
[2026-04-29T10:02:58.005+0000] {logging_mixin.py:188} INFO - [2026-04-29T10:02:58.004+0000] {dag.py:3954} INFO - Setting next_dagrun for ab_test_medallion_pipeline to 2026-04-29 00:00:00+00:00, run_after=2026-04-30 00:00:00+00:00
[2026-04-29T10:02:58.044+0000] {processor.py:183} INFO - Processing /opt/airflow/dags/pipeline_dag.py took 0.266 seconds
[2026-04-29T10:03:28.184+0000] {processor.py:161} INFO - Started process (PID=259) to work on /opt/airflow/dags/pipeline_dag.py
[2026-04-29T10:03:28.186+0000] {processor.py:830} INFO - Processing file /opt/airflow/dags/pipeline_dag.py for tasks to queue
[2026-04-29T10:03:28.189+0000] {logging_mixin.py:188} INFO - [2026-04-29T10:03:28.189+0000] {dagbag.py:545} INFO - Filling up the DagBag from /opt/airflow/dags/pipeline_dag.py
[2026-04-29T10:03:28.222+0000] {processor.py:840} INFO - DAG(s) 'ab_test_medallion_pipeline' retrieved from /opt/airflow/dags/pipeline_dag.py
[2026-04-29T10:03:28.279+0000] {logging_mixin.py:188} INFO - [2026-04-29T10:03:28.279+0000] {dag.py:3096} INFO - Sync 1 DAGs
[2026-04-29T10:03:28.322+0000] {logging_mixin.py:188} INFO - [2026-04-29T10:03:28.322+0000] {dag.py:3954} INFO - Setting next_dagrun for ab_test_medallion_pipeline to 2026-04-29 00:00:00+00:00, run_after=2026-04-30 00:00:00+00:00
[2026-04-29T10:03:28.355+0000] {processor.py:183} INFO - Processing /opt/airflow/dags/pipeline_dag.py took 0.184 seconds
[2026-04-29T10:03:58.578+0000] {processor.py:161} INFO - Started process (PID=264) to work on /opt/airflow/dags/pipeline_dag.py
[2026-04-29T10:03:58.582+0000] {processor.py:830} INFO - Processing file /opt/airflow/dags/pipeline_dag.py for tasks to queue
[2026-04-29T10:03:58.585+0000] {logging_mixin.py:188} INFO - [2026-04-29T10:03:58.585+0000] {dagbag.py:545} INFO - Filling up the DagBag from /opt/airflow/dags/pipeline_dag.py
[2026-04-29T10:03:58.611+0000] {processor.py:840} INFO - DAG(s) 'ab_test_medallion_pipeline' retrieved from /opt/airflow/dags/pipeline_dag.py
[2026-04-29T10:03:58.671+0000] {logging_mixin.py:188} INFO - [2026-04-29T10:03:58.671+0000] {dag.py:3096} INFO - Sync 1 DAGs
[2026-04-29T10:03:58.716+0000] {logging_mixin.py:188} INFO - [2026-04-29T10:03:58.715+0000] {dag.py:3954} INFO - Setting next_dagrun for ab_test_medallion_pipeline to 2026-04-29 00:00:00+00:00, run_after=2026-04-30 00:00:00+00:00
[2026-04-29T10:03:58.752+0000] {processor.py:183} INFO - Processing /opt/airflow/dags/pipeline_dag.py took 0.187 seconds
[2026-04-29T10:04:29.155+0000] {processor.py:161} INFO - Started process (PID=269) to work on /opt/airflow/dags/pipeline_dag.py
[2026-04-29T10:04:29.157+0000] {processor.py:830} INFO - Processing file /opt/airflow/dags/pipeline_dag.py for tasks to queue
[2026-04-29T10:04:29.160+0000] {logging_mixin.py:188} INFO - [2026-04-29T10:04:29.160+0000] {dagbag.py:545} INFO - Filling up the DagBag from /opt/airflow/dags/pipeline_dag.py
[2026-04-29T10:04:29.205+0000] {processor.py:840} INFO - DAG(s) 'ab_test_medallion_pipeline' retrieved from /opt/airflow/dags/pipeline_dag.py
[2026-04-29T10:04:29.298+0000] {logging_mixin.py:188} INFO - [2026-04-29T10:04:29.298+0000] {dag.py:3096} INFO - Sync 1 DAGs
[2026-04-29T10:04:29.372+0000] {logging_mixin.py:188} INFO - [2026-04-29T10:04:29.371+0000] {dag.py:3954} INFO - Setting next_dagrun for ab_test_medallion_pipeline to 2026-04-29 00:00:00+00:00, run_after=2026-04-30 00:00:00+00:00
[2026-04-29T10:04:29.429+0000] {processor.py:183} INFO - Processing /opt/airflow/dags/pipeline_dag.py took 0.287 seconds
[2026-04-29T10:04:59.561+0000] {processor.py:161} INFO - Started process (PID=274) to work on /opt/airflow/dags/pipeline_dag.py
[2026-04-29T10:04:59.564+0000] {processor.py:830} INFO - Processing file /opt/airflow/dags/pipeline_dag.py for tasks to queue
[2026-04-29T10:04:59.568+0000] {logging_mixin.py:188} INFO - [2026-04-29T10:04:59.567+0000] {dagbag.py:545} INFO - Filling up the DagBag from /opt/airflow/dags/pipeline_dag.py
[2026-04-29T10:04:59.589+0000] {processor.py:840} INFO - DAG(s) 'ab_test_medallion_pipeline' retrieved from /opt/airflow/dags/pipeline_dag.py
[2026-04-29T10:04:59.637+0000] {logging_mixin.py:188} INFO - [2026-04-29T10:04:59.637+0000] {dag.py:3096} INFO - Sync 1 DAGs
[2026-04-29T10:04:59.677+0000] {logging_mixin.py:188} INFO - [2026-04-29T10:04:59.677+0000] {dag.py:3954} INFO - Setting next_dagrun for ab_test_medallion_pipeline to 2026-04-29 00:00:00+00:00, run_after=2026-04-30 00:00:00+00:00
[2026-04-29T10:04:59.706+0000] {processor.py:183} INFO - Processing /opt/airflow/dags/pipeline_dag.py took 0.158 seconds
[2026-04-29T10:05:30.436+0000] {processor.py:161} INFO - Started process (PID=279) to work on /opt/airflow/dags/pipeline_dag.py
[2026-04-29T10:05:30.456+0000] {processor.py:830} INFO - Processing file /opt/airflow/dags/pipeline_dag.py for tasks to queue
[2026-04-29T10:05:30.468+0000] {logging_mixin.py:188} INFO - [2026-04-29T10:05:30.466+0000] {dagbag.py:545} INFO - Filling up the DagBag from /opt/airflow/dags/pipeline_dag.py
[2026-04-29T10:05:30.609+0000] {processor.py:840} INFO - DAG(s) 'ab_test_medallion_pipeline' retrieved from /opt/airflow/dags/pipeline_dag.py
[2026-04-29T10:05:30.797+0000] {logging_mixin.py:188} INFO - [2026-04-29T10:05:30.796+0000] {dag.py:3096} INFO - Sync 1 DAGs
[2026-04-29T10:05:30.877+0000] {logging_mixin.py:188} INFO - [2026-04-29T10:05:30.876+0000] {dag.py:3954} INFO - Setting next_dagrun for ab_test_medallion_pipeline to 2026-04-29 00:00:00+00:00, run_after=2026-04-30 00:00:00+00:00
[2026-04-29T10:05:30.927+0000] {processor.py:183} INFO - Processing /opt/airflow/dags/pipeline_dag.py took 0.539 seconds
[2026-04-29T10:06:01.001+0000] {processor.py:161} INFO - Started process (PID=284) to work on /opt/airflow/dags/pipeline_dag.py
[2026-04-29T10:06:01.004+0000] {processor.py:830} INFO - Processing file /opt/airflow/dags/pipeline_dag.py for tasks to queue
[2026-04-29T10:06:01.009+0000] {logging_mixin.py:188} INFO - [2026-04-29T10:06:01.008+0000] {dagbag.py:545} INFO - Filling up the DagBag from /opt/airflow/dags/pipeline_dag.py
[2026-04-29T10:06:01.044+0000] {processor.py:840} INFO - DAG(s) 'ab_test_medallion_pipeline' retrieved from /opt/airflow/dags/pipeline_dag.py
[2026-04-29T10:06:01.129+0000] {logging_mixin.py:188} INFO - [2026-04-29T10:06:01.128+0000] {dag.py:3096} INFO - Sync 1 DAGs
[2026-04-29T10:06:01.229+0000] {logging_mixin.py:188} INFO - [2026-04-29T10:06:01.228+0000] {dag.py:3954} INFO - Setting next_dagrun for ab_test_medallion_pipeline to 2026-04-29 00:00:00+00:00, run_after=2026-04-30 00:00:00+00:00
[2026-04-29T10:06:01.342+0000] {processor.py:183} INFO - Processing /opt/airflow/dags/pipeline_dag.py took 0.355 seconds
[2026-04-29T10:06:31.768+0000] {processor.py:161} INFO - Started process (PID=289) to work on /opt/airflow/dags/pipeline_dag.py
[2026-04-29T10:06:31.771+0000] {processor.py:830} INFO - Processing file /opt/airflow/dags/pipeline_dag.py for tasks to queue
[2026-04-29T10:06:31.775+0000] {logging_mixin.py:188} INFO - [2026-04-29T10:06:31.774+0000] {dagbag.py:545} INFO - Filling up the DagBag from /opt/airflow/dags/pipeline_dag.py
[2026-04-29T10:06:31.800+0000] {processor.py:840} INFO - DAG(s) 'ab_test_medallion_pipeline' retrieved from /opt/airflow/dags/pipeline_dag.py
[2026-04-29T10:06:31.849+0000] {logging_mixin.py:188} INFO - [2026-04-29T10:06:31.848+0000] {dag.py:3096} INFO - Sync 1 DAGs
[2026-04-29T10:06:31.890+0000] {logging_mixin.py:188} INFO - [2026-04-29T10:06:31.890+0000] {dag.py:3954} INFO - Setting next_dagrun for ab_test_medallion_pipeline to 2026-04-29 00:00:00+00:00, run_after=2026-04-30 00:00:00+00:00
[2026-04-29T10:06:31.927+0000] {processor.py:183} INFO - Processing /opt/airflow/dags/pipeline_dag.py took 0.173 seconds
[2026-04-29T10:07:02.130+0000] {processor.py:161} INFO - Started process (PID=294) to work on /opt/airflow/dags/pipeline_dag.py
[2026-04-29T10:07:02.132+0000] {processor.py:830} INFO - Processing file /opt/airflow/dags/pipeline_dag.py for tasks to queue
[2026-04-29T10:07:02.136+0000] {logging_mixin.py:188} INFO - [2026-04-29T10:07:02.135+0000] {dagbag.py:545} INFO - Filling up the DagBag from /opt/airflow/dags/pipeline_dag.py
[2026-04-29T10:07:02.160+0000] {processor.py:840} INFO - DAG(s) 'ab_test_medallion_pipeline' retrieved from /opt/airflow/dags/pipeline_dag.py
[2026-04-29T10:07:02.225+0000] {logging_mixin.py:188} INFO - [2026-04-29T10:07:02.225+0000] {dag.py:3096} INFO - Sync 1 DAGs
[2026-04-29T10:07:02.270+0000] {logging_mixin.py:188} INFO - [2026-04-29T10:07:02.269+0000] {dag.py:3954} INFO - Setting next_dagrun for ab_test_medallion_pipeline to 2026-04-29 00:00:00+00:00, run_after=2026-04-30 00:00:00+00:00
[2026-04-29T10:07:02.319+0000] {processor.py:183} INFO - Processing /opt/airflow/dags/pipeline_dag.py took 0.201 seconds
[2026-04-29T10:07:32.736+0000] {processor.py:161} INFO - Started process (PID=299) to work on /opt/airflow/dags/pipeline_dag.py
[2026-04-29T10:07:32.739+0000] {processor.py:830} INFO - Processing file /opt/airflow/dags/pipeline_dag.py for tasks to queue
[2026-04-29T10:07:32.743+0000] {logging_mixin.py:188} INFO - [2026-04-29T10:07:32.742+0000] {dagbag.py:545} INFO - Filling up the DagBag from /opt/airflow/dags/pipeline_dag.py
[2026-04-29T10:07:32.807+0000] {processor.py:840} INFO - DAG(s) 'ab_test_medallion_pipeline' retrieved from /opt/airflow/dags/pipeline_dag.py
[2026-04-29T10:07:32.934+0000] {logging_mixin.py:188} INFO - [2026-04-29T10:07:32.933+0000] {dag.py:3096} INFO - Sync 1 DAGs
[2026-04-29T10:07:32.991+0000] {logging_mixin.py:188} INFO - [2026-04-29T10:07:32.990+0000] {dag.py:3954} INFO - Setting next_dagrun for ab_test_medallion_pipeline to 2026-04-29 00:00:00+00:00, run_after=2026-04-30 00:00:00+00:00
[2026-04-29T10:07:33.032+0000] {processor.py:183} INFO - Processing /opt/airflow/dags/pipeline_dag.py took 0.311 seconds
[2026-04-29T10:08:03.526+0000] {processor.py:161} INFO - Started process (PID=304) to work on /opt/airflow/dags/pipeline_dag.py
[2026-04-29T10:08:03.529+0000] {processor.py:830} INFO - Processing file /opt/airflow/dags/pipeline_dag.py for tasks to queue
[2026-04-29T10:08:03.533+0000] {logging_mixin.py:188} INFO - [2026-04-29T10:08:03.532+0000] {dagbag.py:545} INFO - Filling up the DagBag from /opt/airflow/dags/pipeline_dag.py
[2026-04-29T10:08:03.586+0000] {processor.py:840} INFO - DAG(s) 'ab_test_medallion_pipeline' retrieved from /opt/airflow/dags/pipeline_dag.py
[2026-04-29T10:08:03.644+0000] {logging_mixin.py:188} INFO - [2026-04-29T10:08:03.643+0000] {dag.py:3096} INFO - Sync 1 DAGs
[2026-04-29T10:08:03.724+0000] {logging_mixin.py:188} INFO - [2026-04-29T10:08:03.724+0000] {dag.py:3954} INFO - Setting next_dagrun for ab_test_medallion_pipeline to 2026-04-29 00:00:00+00:00, run_after=2026-04-30 00:00:00+00:00
[2026-04-29T10:08:03.771+0000] {processor.py:183} INFO - Processing /opt/airflow/dags/pipeline_dag.py took 0.259 seconds
[2026-04-29T10:08:33.870+0000] {processor.py:161} INFO - Started process (PID=309) to work on /opt/airflow/dags/pipeline_dag.py
[2026-04-29T10:08:33.871+0000] {processor.py:830} INFO - Processing file /opt/airflow/dags/pipeline_dag.py for tasks to queue
[2026-04-29T10:08:33.874+0000] {logging_mixin.py:188} INFO - [2026-04-29T10:08:33.874+0000] {dagbag.py:545} INFO - Filling up the DagBag from /opt/airflow/dags/pipeline_dag.py
[2026-04-29T10:08:33.902+0000] {processor.py:840} INFO - DAG(s) 'ab_test_medallion_pipeline' retrieved from /opt/airflow/dags/pipeline_dag.py
[2026-04-29T10:08:33.968+0000] {logging_mixin.py:188} INFO - [2026-04-29T10:08:33.967+0000] {dag.py:3096} INFO - Sync 1 DAGs
[2026-04-29T10:08:34.024+0000] {logging_mixin.py:188} INFO - [2026-04-29T10:08:34.024+0000] {dag.py:3954} INFO - Setting next_dagrun for ab_test_medallion_pipeline to 2026-04-29 00:00:00+00:00, run_after=2026-04-30 00:00:00+00:00
[2026-04-29T10:08:34.072+0000] {processor.py:183} INFO - Processing /opt/airflow/dags/pipeline_dag.py took 0.214 seconds
[2026-04-29T10:09:04.664+0000] {processor.py:161} INFO - Started process (PID=314) to work on /opt/airflow/dags/pipeline_dag.py
[2026-04-29T10:09:04.667+0000] {processor.py:830} INFO - Processing file /opt/airflow/dags/pipeline_dag.py for tasks to queue
[2026-04-29T10:09:04.670+0000] {logging_mixin.py:188} INFO - [2026-04-29T10:09:04.670+0000] {dagbag.py:545} INFO - Filling up the DagBag from /opt/airflow/dags/pipeline_dag.py
[2026-04-29T10:09:04.695+0000] {processor.py:840} INFO - DAG(s) 'ab_test_medallion_pipeline' retrieved from /opt/airflow/dags/pipeline_dag.py
[2026-04-29T10:09:04.762+0000] {logging_mixin.py:188} INFO - [2026-04-29T10:09:04.761+0000] {dag.py:3096} INFO - Sync 1 DAGs
[2026-04-29T10:09:04.816+0000] {logging_mixin.py:188} INFO - [2026-04-29T10:09:04.816+0000] {dag.py:3954} INFO - Setting next_dagrun for ab_test_medallion_pipeline to 2026-04-29 00:00:00+00:00, run_after=2026-04-30 00:00:00+00:00
[2026-04-29T10:09:04.869+0000] {processor.py:183} INFO - Processing /opt/airflow/dags/pipeline_dag.py took 0.217 seconds
[2026-04-29T10:09:35.683+0000] {processor.py:161} INFO - Started process (PID=319) to work on /opt/airflow/dags/pipeline_dag.py
[2026-04-29T10:09:35.685+0000] {processor.py:830} INFO - Processing file /opt/airflow/dags/pipeline_dag.py for tasks to queue
[2026-04-29T10:09:35.689+0000] {logging_mixin.py:188} INFO - [2026-04-29T10:09:35.688+0000] {dagbag.py:545} INFO - Filling up the DagBag from /opt/airflow/dags/pipeline_dag.py
[2026-04-29T10:09:35.725+0000] {processor.py:840} INFO - DAG(s) 'ab_test_medallion_pipeline' retrieved from /opt/airflow/dags/pipeline_dag.py
[2026-04-29T10:09:35.770+0000] {logging_mixin.py:188} INFO - [2026-04-29T10:09:35.770+0000] {dag.py:3096} INFO - Sync 1 DAGs
[2026-04-29T10:09:35.816+0000] {logging_mixin.py:188} INFO - [2026-04-29T10:09:35.816+0000] {dag.py:3954} INFO - Setting next_dagrun for ab_test_medallion_pipeline to 2026-04-29 00:00:00+00:00, run_after=2026-04-30 00:00:00+00:00
[2026-04-29T10:09:35.863+0000] {processor.py:183} INFO - Processing /opt/airflow/dags/pipeline_dag.py took 0.195 seconds
[2026-04-29T10:10:06.606+0000] {processor.py:161} INFO - Started process (PID=324) to work on /opt/airflow/dags/pipeline_dag.py
[2026-04-29T10:10:06.609+0000] {processor.py:830} INFO - Processing file /opt/airflow/dags/pipeline_dag.py for tasks to queue
[2026-04-29T10:10:06.613+0000] {logging_mixin.py:188} INFO - [2026-04-29T10:10:06.612+0000] {dagbag.py:545} INFO - Filling up the DagBag from /opt/airflow/dags/pipeline_dag.py
[2026-04-29T10:10:06.637+0000] {processor.py:840} INFO - DAG(s) 'ab_test_medallion_pipeline' retrieved from /opt/airflow/dags/pipeline_dag.py
[2026-04-29T10:10:06.699+0000] {logging_mixin.py:188} INFO - [2026-04-29T10:10:06.698+0000] {dag.py:3096} INFO - Sync 1 DAGs
[2026-04-29T10:10:06.747+0000] {logging_mixin.py:188} INFO - [2026-04-29T10:10:06.746+0000] {dag.py:3954} INFO - Setting next_dagrun for ab_test_medallion_pipeline to 2026-04-29 00:00:00+00:00, run_after=2026-04-30 00:00:00+00:00
[2026-04-29T10:10:06.783+0000] {processor.py:183} INFO - Processing /opt/airflow/dags/pipeline_dag.py took 0.190 seconds
[2026-04-29T10:10:37.531+0000] {processor.py:161} INFO - Started process (PID=329) to work on /opt/airflow/dags/pipeline_dag.py
[2026-04-29T10:10:37.532+0000] {processor.py:830} INFO - Processing file /opt/airflow/dags/pipeline_dag.py for tasks to queue
[2026-04-29T10:10:37.535+0000] {logging_mixin.py:188} INFO - [2026-04-29T10:10:37.535+0000] {dagbag.py:545} INFO - Filling up the DagBag from /opt/airflow/dags/pipeline_dag.py
[2026-04-29T10:10:37.560+0000] {processor.py:840} INFO - DAG(s) 'ab_test_medallion_pipeline' retrieved from /opt/airflow/dags/pipeline_dag.py
[2026-04-29T10:10:37.603+0000] {logging_mixin.py:188} INFO - [2026-04-29T10:10:37.603+0000] {dag.py:3096} INFO - Sync 1 DAGs
[2026-04-29T10:10:37.643+0000] {logging_mixin.py:188} INFO - [2026-04-29T10:10:37.643+0000] {dag.py:3954} INFO - Setting next_dagrun for ab_test_medallion_pipeline to 2026-04-29 00:00:00+00:00, run_after=2026-04-30 00:00:00+00:00
[2026-04-29T10:10:37.671+0000] {processor.py:183} INFO - Processing /opt/airflow/dags/pipeline_dag.py took 0.154 seconds
[2026-04-29T10:11:08.489+0000] {processor.py:161} INFO - Started process (PID=334) to work on /opt/airflow/dags/pipeline_dag.py
[2026-04-29T10:11:08.493+0000] {processor.py:830} INFO - Processing file /opt/airflow/dags/pipeline_dag.py for tasks to queue
[2026-04-29T10:11:08.506+0000] {logging_mixin.py:188} INFO - [2026-04-29T10:11:08.505+0000] {dagbag.py:545} INFO - Filling up the DagBag from /opt/airflow/dags/pipeline_dag.py
[2026-04-29T10:11:08.584+0000] {processor.py:840} INFO - DAG(s) 'ab_test_medallion_pipeline' retrieved from /opt/airflow/dags/pipeline_dag.py
[2026-04-29T10:11:08.759+0000] {logging_mixin.py:188} INFO - [2026-04-29T10:11:08.758+0000] {dag.py:3096} INFO - Sync 1 DAGs
[2026-04-29T10:11:08.840+0000] {logging_mixin.py:188} INFO - [2026-04-29T10:11:08.839+0000] {dag.py:3954} INFO - Setting next_dagrun for ab_test_medallion_pipeline to 2026-04-29 00:00:00+00:00, run_after=2026-04-30 00:00:00+00:00
[2026-04-29T10:11:08.906+0000] {processor.py:183} INFO - Processing /opt/airflow/dags/pipeline_dag.py took 0.450 seconds
[2026-04-29T10:11:39.265+0000] {processor.py:161} INFO - Started process (PID=339) to work on /opt/airflow/dags/pipeline_dag.py
[2026-04-29T10:11:39.266+0000] {processor.py:830} INFO - Processing file /opt/airflow/dags/pipeline_dag.py for tasks to queue
[2026-04-29T10:11:39.269+0000] {logging_mixin.py:188} INFO - [2026-04-29T10:11:39.269+0000] {dagbag.py:545} INFO - Filling up the DagBag from /opt/airflow/dags/pipeline_dag.py
[2026-04-29T10:11:39.288+0000] {processor.py:840} INFO - DAG(s) 'ab_test_medallion_pipeline' retrieved from /opt/airflow/dags/pipeline_dag.py
[2026-04-29T10:11:39.340+0000] {logging_mixin.py:188} INFO - [2026-04-29T10:11:39.339+0000] {dag.py:3096} INFO - Sync 1 DAGs
[2026-04-29T10:11:39.386+0000] {logging_mixin.py:188} INFO - [2026-04-29T10:11:39.386+0000] {dag.py:3954} INFO - Setting next_dagrun for ab_test_medallion_pipeline to 2026-04-29 00:00:00+00:00, run_after=2026-04-30 00:00:00+00:00
[2026-04-29T10:11:39.443+0000] {processor.py:183} INFO - Processing /opt/airflow/dags/pipeline_dag.py took 0.192 seconds
[2026-04-29T10:12:10.107+0000] {processor.py:161} INFO - Started process (PID=344) to work on /opt/airflow/dags/pipeline_dag.py
[2026-04-29T10:12:10.109+0000] {processor.py:830} INFO - Processing file /opt/airflow/dags/pipeline_dag.py for tasks to queue
[2026-04-29T10:12:10.114+0000] {logging_mixin.py:188} INFO - [2026-04-29T10:12:10.113+0000] {dagbag.py:545} INFO - Filling up the DagBag from /opt/airflow/dags/pipeline_dag.py
[2026-04-29T10:12:10.139+0000] {processor.py:840} INFO - DAG(s) 'ab_test_medallion_pipeline' retrieved from /opt/airflow/dags/pipeline_dag.py
[2026-04-29T10:12:10.207+0000] {logging_mixin.py:188} INFO - [2026-04-29T10:12:10.206+0000] {dag.py:3096} INFO - Sync 1 DAGs
[2026-04-29T10:12:10.343+0000] {logging_mixin.py:188} INFO - [2026-04-29T10:12:10.343+0000] {dag.py:3954} INFO - Setting next_dagrun for ab_test_medallion_pipeline to 2026-04-29 00:00:00+00:00, run_after=2026-04-30 00:00:00+00:00
[2026-04-29T10:12:10.415+0000] {processor.py:183} INFO - Processing /opt/airflow/dags/pipeline_dag.py took 0.321 seconds
[2026-04-29T10:12:41.148+0000] {processor.py:161} INFO - Started process (PID=349) to work on /opt/airflow/dags/pipeline_dag.py
[2026-04-29T10:12:41.149+0000] {processor.py:830} INFO - Processing file /opt/airflow/dags/pipeline_dag.py for tasks to queue
[2026-04-29T10:12:41.157+0000] {logging_mixin.py:188} INFO - [2026-04-29T10:12:41.156+0000] {dagbag.py:545} INFO - Filling up the DagBag from /opt/airflow/dags/pipeline_dag.py
[2026-04-29T10:12:41.202+0000] {processor.py:840} INFO - DAG(s) 'ab_test_medallion_pipeline' retrieved from /opt/airflow/dags/pipeline_dag.py
[2026-04-29T10:12:41.338+0000] {logging_mixin.py:188} INFO - [2026-04-29T10:12:41.337+0000] {dag.py:3096} INFO - Sync 1 DAGs
[2026-04-29T10:12:41.409+0000] {logging_mixin.py:188} INFO - [2026-04-29T10:12:41.409+0000] {dag.py:3954} INFO - Setting next_dagrun for ab_test_medallion_pipeline to 2026-04-29 00:00:00+00:00, run_after=2026-04-30 00:00:00+00:00
[2026-04-29T10:12:41.456+0000] {processor.py:183} INFO - Processing /opt/airflow/dags/pipeline_dag.py took 0.326 seconds
[2026-04-29T10:13:12.012+0000] {processor.py:161} INFO - Started process (PID=354) to work on /opt/airflow/dags/pipeline_dag.py
[2026-04-29T10:13:12.014+0000] {processor.py:830} INFO - Processing file /opt/airflow/dags/pipeline_dag.py for tasks to queue
[2026-04-29T10:13:12.018+0000] {logging_mixin.py:188} INFO - [2026-04-29T10:13:12.017+0000] {dagbag.py:545} INFO - Filling up the DagBag from /opt/airflow/dags/pipeline_dag.py
[2026-04-29T10:13:12.063+0000] {processor.py:840} INFO - DAG(s) 'ab_test_medallion_pipeline' retrieved from /opt/airflow/dags/pipeline_dag.py
[2026-04-29T10:13:12.146+0000] {logging_mixin.py:188} INFO - [2026-04-29T10:13:12.146+0000] {dag.py:3096} INFO - Sync 1 DAGs
[2026-04-29T10:13:12.206+0000] {logging_mixin.py:188} INFO - [2026-04-29T10:13:12.206+0000] {dag.py:3954} INFO - Setting next_dagrun for ab_test_medallion_pipeline to 2026-04-29 00:00:00+00:00, run_after=2026-04-30 00:00:00+00:00
[2026-04-29T10:13:12.233+0000] {processor.py:183} INFO - Processing /opt/airflow/dags/pipeline_dag.py took 0.238 seconds
[2026-04-29T10:13:43.138+0000] {processor.py:161} INFO - Started process (PID=359) to work on /opt/airflow/dags/pipeline_dag.py
[2026-04-29T10:13:43.139+0000] {processor.py:830} INFO - Processing file /opt/airflow/dags/pipeline_dag.py for tasks to queue
[2026-04-29T10:13:43.142+0000] {logging_mixin.py:188} INFO - [2026-04-29T10:13:43.141+0000] {dagbag.py:545} INFO - Filling up the DagBag from /opt/airflow/dags/pipeline_dag.py
[2026-04-29T10:13:43.161+0000] {processor.py:840} INFO - DAG(s) 'ab_test_medallion_pipeline' retrieved from /opt/airflow/dags/pipeline_dag.py
[2026-04-29T10:13:43.216+0000] {logging_mixin.py:188} INFO - [2026-04-29T10:13:43.215+0000] {dag.py:3096} INFO - Sync 1 DAGs
[2026-04-29T10:13:43.277+0000] {logging_mixin.py:188} INFO - [2026-04-29T10:13:43.277+0000] {dag.py:3954} INFO - Setting next_dagrun for ab_test_medallion_pipeline to 2026-04-29 00:00:00+00:00, run_after=2026-04-30 00:00:00+00:00
[2026-04-29T10:13:43.305+0000] {processor.py:183} INFO - Processing /opt/airflow/dags/pipeline_dag.py took 0.179 seconds
[2026-04-29T10:14:14.036+0000] {processor.py:161} INFO - Started process (PID=364) to work on /opt/airflow/dags/pipeline_dag.py
[2026-04-29T10:14:14.038+0000] {processor.py:830} INFO - Processing file /opt/airflow/dags/pipeline_dag.py for tasks to queue
[2026-04-29T10:14:14.042+0000] {logging_mixin.py:188} INFO - [2026-04-29T10:14:14.041+0000] {dagbag.py:545} INFO - Filling up the DagBag from /opt/airflow/dags/pipeline_dag.py
[2026-04-29T10:14:14.060+0000] {processor.py:840} INFO - DAG(s) 'ab_test_medallion_pipeline' retrieved from /opt/airflow/dags/pipeline_dag.py
[2026-04-29T10:14:14.111+0000] {logging_mixin.py:188} INFO - [2026-04-29T10:14:14.111+0000] {dag.py:3096} INFO - Sync 1 DAGs
[2026-04-29T10:14:14.156+0000] {logging_mixin.py:188} INFO - [2026-04-29T10:14:14.156+0000] {dag.py:3954} INFO - Setting next_dagrun for ab_test_medallion_pipeline to 2026-04-29 00:00:00+00:00, run_after=2026-04-30 00:00:00+00:00
[2026-04-29T10:14:14.193+0000] {processor.py:183} INFO - Processing /opt/airflow/dags/pipeline_dag.py took 0.176 seconds
[2026-04-29T10:14:45.077+0000] {processor.py:161} INFO - Started process (PID=369) to work on /opt/airflow/dags/pipeline_dag.py
[2026-04-29T10:14:45.078+0000] {processor.py:830} INFO - Processing file /opt/airflow/dags/pipeline_dag.py for tasks to queue
[2026-04-29T10:14:45.081+0000] {logging_mixin.py:188} INFO - [2026-04-29T10:14:45.080+0000] {dagbag.py:545} INFO - Filling up the DagBag from /opt/airflow/dags/pipeline_dag.py
[2026-04-29T10:14:45.100+0000] {processor.py:840} INFO - DAG(s) 'ab_test_medallion_pipeline' retrieved from /opt/airflow/dags/pipeline_dag.py
[2026-04-29T10:14:45.145+0000] {logging_mixin.py:188} INFO - [2026-04-29T10:14:45.145+0000] {dag.py:3096} INFO - Sync 1 DAGs
[2026-04-29T10:14:45.180+0000] {logging_mixin.py:188} INFO - [2026-04-29T10:14:45.180+0000] {dag.py:3954} INFO - Setting next_dagrun for ab_test_medallion_pipeline to 2026-04-29 00:00:00+00:00, run_after=2026-04-30 00:00:00+00:00
[2026-04-29T10:14:45.205+0000] {processor.py:183} INFO - Processing /opt/airflow/dags/pipeline_dag.py took 0.140 seconds
[2026-04-29T10:15:15.979+0000] {processor.py:161} INFO - Started process (PID=374) to work on /opt/airflow/dags/pipeline_dag.py
[2026-04-29T10:15:15.983+0000] {processor.py:830} INFO - Processing file /opt/airflow/dags/pipeline_dag.py for tasks to queue
[2026-04-29T10:15:15.986+0000] {logging_mixin.py:188} INFO - [2026-04-29T10:15:15.986+0000] {dagbag.py:545} INFO - Filling up the DagBag from /opt/airflow/dags/pipeline_dag.py
[2026-04-29T10:15:16.012+0000] {processor.py:840} INFO - DAG(s) 'ab_test_medallion_pipeline' retrieved from /opt/airflow/dags/pipeline_dag.py
[2026-04-29T10:15:16.064+0000] {logging_mixin.py:188} INFO - [2026-04-29T10:15:16.064+0000] {dag.py:3096} INFO - Sync 1 DAGs
[2026-04-29T10:15:16.098+0000] {logging_mixin.py:188} INFO - [2026-04-29T10:15:16.097+0000] {dag.py:3954} INFO - Setting next_dagrun for ab_test_medallion_pipeline to 2026-04-29 00:00:00+00:00, run_after=2026-04-30 00:00:00+00:00
[2026-04-29T10:15:16.136+0000] {processor.py:183} INFO - Processing /opt/airflow/dags/pipeline_dag.py took 0.172 seconds
[2026-04-29T10:15:47.041+0000] {processor.py:161} INFO - Started process (PID=379) to work on /opt/airflow/dags/pipeline_dag.py
[2026-04-29T10:15:47.042+0000] {processor.py:830} INFO - Processing file /opt/airflow/dags/pipeline_dag.py for tasks to queue
[2026-04-29T10:15:47.047+0000] {logging_mixin.py:188} INFO - [2026-04-29T10:15:47.046+0000] {dagbag.py:545} INFO - Filling up the DagBag from /opt/airflow/dags/pipeline_dag.py
[2026-04-29T10:15:47.068+0000] {processor.py:840} INFO - DAG(s) 'ab_test_medallion_pipeline' retrieved from /opt/airflow/dags/pipeline_dag.py
[2026-04-29T10:15:47.107+0000] {logging_mixin.py:188} INFO - [2026-04-29T10:15:47.107+0000] {dag.py:3096} INFO - Sync 1 DAGs
[2026-04-29T10:15:47.140+0000] {logging_mixin.py:188} INFO - [2026-04-29T10:15:47.140+0000] {dag.py:3954} INFO - Setting next_dagrun for ab_test_medallion_pipeline to 2026-04-29 00:00:00+00:00, run_after=2026-04-30 00:00:00+00:00
[2026-04-29T10:15:47.169+0000] {processor.py:183} INFO - Processing /opt/airflow/dags/pipeline_dag.py took 0.142 seconds
[2026-04-29T10:16:18.016+0000] {processor.py:161} INFO - Started process (PID=384) to work on /opt/airflow/dags/pipeline_dag.py
[2026-04-29T10:16:18.018+0000] {processor.py:830} INFO - Processing file /opt/airflow/dags/pipeline_dag.py for tasks to queue
[2026-04-29T10:16:18.024+0000] {logging_mixin.py:188} INFO - [2026-04-29T10:16:18.023+0000] {dagbag.py:545} INFO - Filling up the DagBag from /opt/airflow/dags/pipeline_dag.py
[2026-04-29T10:16:18.068+0000] {processor.py:840} INFO - DAG(s) 'ab_test_medallion_pipeline' retrieved from /opt/airflow/dags/pipeline_dag.py
[2026-04-29T10:16:18.158+0000] {logging_mixin.py:188} INFO - [2026-04-29T10:16:18.158+0000] {dag.py:3096} INFO - Sync 1 DAGs
[2026-04-29T10:16:18.203+0000] {logging_mixin.py:188} INFO - [2026-04-29T10:16:18.203+0000] {dag.py:3954} INFO - Setting next_dagrun for ab_test_medallion_pipeline to 2026-04-29 00:00:00+00:00, run_after=2026-04-30 00:00:00+00:00
[2026-04-29T10:16:18.228+0000] {processor.py:183} INFO - Processing /opt/airflow/dags/pipeline_dag.py took 0.231 seconds
[2026-04-29T10:16:49.081+0000] {processor.py:161} INFO - Started process (PID=389) to work on /opt/airflow/dags/pipeline_dag.py
[2026-04-29T10:16:49.083+0000] {processor.py:830} INFO - Processing file /opt/airflow/dags/pipeline_dag.py for tasks to queue
[2026-04-29T10:16:49.086+0000] {logging_mixin.py:188} INFO - [2026-04-29T10:16:49.086+0000] {dagbag.py:545} INFO - Filling up the DagBag from /opt/airflow/dags/pipeline_dag.py
[2026-04-29T10:16:49.112+0000] {processor.py:840} INFO - DAG(s) 'ab_test_medallion_pipeline' retrieved from /opt/airflow/dags/pipeline_dag.py
[2026-04-29T10:16:49.209+0000] {logging_mixin.py:188} INFO - [2026-04-29T10:16:49.209+0000] {dag.py:3096} INFO - Sync 1 DAGs
[2026-04-29T10:16:49.303+0000] {logging_mixin.py:188} INFO - [2026-04-29T10:16:49.303+0000] {dag.py:3954} INFO - Setting next_dagrun for ab_test_medallion_pipeline to 2026-04-29 00:00:00+00:00, run_after=2026-04-30 00:00:00+00:00
[2026-04-29T10:16:49.346+0000] {processor.py:183} INFO - Processing /opt/airflow/dags/pipeline_dag.py took 0.279 seconds
[2026-04-29T10:17:20.007+0000] {processor.py:161} INFO - Started process (PID=394) to work on /opt/airflow/dags/pipeline_dag.py
[2026-04-29T10:17:20.010+0000] {processor.py:830} INFO - Processing file /opt/airflow/dags/pipeline_dag.py for tasks to queue
[2026-04-29T10:17:20.014+0000] {logging_mixin.py:188} INFO - [2026-04-29T10:17:20.013+0000] {dagbag.py:545} INFO - Filling up the DagBag from /opt/airflow/dags/pipeline_dag.py
[2026-04-29T10:17:20.031+0000] {processor.py:840} INFO - DAG(s) 'ab_test_medallion_pipeline' retrieved from /opt/airflow/dags/pipeline_dag.py
[2026-04-29T10:17:20.074+0000] {logging_mixin.py:188} INFO - [2026-04-29T10:17:20.074+0000] {dag.py:3096} INFO - Sync 1 DAGs
[2026-04-29T10:17:20.114+0000] {logging_mixin.py:188} INFO - [2026-04-29T10:17:20.114+0000] {dag.py:3954} INFO - Setting next_dagrun for ab_test_medallion_pipeline to 2026-04-29 00:00:00+00:00, run_after=2026-04-30 00:00:00+00:00
[2026-04-29T10:17:20.144+0000] {processor.py:183} INFO - Processing /opt/airflow/dags/pipeline_dag.py took 0.154 seconds
[2026-04-29T10:17:50.897+0000] {processor.py:161} INFO - Started process (PID=399) to work on /opt/airflow/dags/pipeline_dag.py
[2026-04-29T10:17:50.899+0000] {processor.py:830} INFO - Processing file /opt/airflow/dags/pipeline_dag.py for tasks to queue
[2026-04-29T10:17:50.903+0000] {logging_mixin.py:188} INFO - [2026-04-29T10:17:50.902+0000] {dagbag.py:545} INFO - Filling up the DagBag from /opt/airflow/dags/pipeline_dag.py
[2026-04-29T10:17:50.961+0000] {processor.py:840} INFO - DAG(s) 'ab_test_medallion_pipeline' retrieved from /opt/airflow/dags/pipeline_dag.py
[2026-04-29T10:17:51.167+0000] {logging_mixin.py:188} INFO - [2026-04-29T10:17:51.166+0000] {dag.py:3096} INFO - Sync 1 DAGs
[2026-04-29T10:17:51.310+0000] {logging_mixin.py:188} INFO - [2026-04-29T10:17:51.309+0000] {dag.py:3954} INFO - Setting next_dagrun for ab_test_medallion_pipeline to 2026-04-29 00:00:00+00:00, run_after=2026-04-30 00:00:00+00:00
[2026-04-29T10:17:51.395+0000] {processor.py:183} INFO - Processing /opt/airflow/dags/pipeline_dag.py took 0.522 seconds
[2026-04-29T10:18:22.019+0000] {processor.py:161} INFO - Started process (PID=404) to work on /opt/airflow/dags/pipeline_dag.py
[2026-04-29T10:18:22.021+0000] {processor.py:830} INFO - Processing file /opt/airflow/dags/pipeline_dag.py for tasks to queue
[2026-04-29T10:18:22.024+0000] {logging_mixin.py:188} INFO - [2026-04-29T10:18:22.024+0000] {dagbag.py:545} INFO - Filling up the DagBag from /opt/airflow/dags/pipeline_dag.py
[2026-04-29T10:18:22.044+0000] {processor.py:840} INFO - DAG(s) 'ab_test_medallion_pipeline' retrieved from /opt/airflow/dags/pipeline_dag.py
[2026-04-29T10:18:22.124+0000] {logging_mixin.py:188} INFO - [2026-04-29T10:18:22.123+0000] {dag.py:3096} INFO - Sync 1 DAGs
[2026-04-29T10:18:22.192+0000] {logging_mixin.py:188} INFO - [2026-04-29T10:18:22.192+0000] {dag.py:3954} INFO - Setting next_dagrun for ab_test_medallion_pipeline to 2026-04-29 00:00:00+00:00, run_after=2026-04-30 00:00:00+00:00
[2026-04-29T10:18:22.233+0000] {processor.py:183} INFO - Processing /opt/airflow/dags/pipeline_dag.py took 0.227 seconds
[2026-04-29T10:18:52.932+0000] {processor.py:161} INFO - Started process (PID=409) to work on /opt/airflow/dags/pipeline_dag.py
[2026-04-29T10:18:52.934+0000] {processor.py:830} INFO - Processing file /opt/airflow/dags/pipeline_dag.py for tasks to queue
[2026-04-29T10:18:52.939+0000] {logging_mixin.py:188} INFO - [2026-04-29T10:18:52.938+0000] {dagbag.py:545} INFO - Filling up the DagBag from /opt/airflow/dags/pipeline_dag.py
[2026-04-29T10:18:52.984+0000] {processor.py:840} INFO - DAG(s) 'ab_test_medallion_pipeline' retrieved from /opt/airflow/dags/pipeline_dag.py
[2026-04-29T10:18:53.071+0000] {logging_mixin.py:188} INFO - [2026-04-29T10:18:53.071+0000] {dag.py:3096} INFO - Sync 1 DAGs
[2026-04-29T10:18:53.155+0000] {logging_mixin.py:188} INFO - [2026-04-29T10:18:53.154+0000] {dag.py:3954} INFO - Setting next_dagrun for ab_test_medallion_pipeline to 2026-04-29 00:00:00+00:00, run_after=2026-04-30 00:00:00+00:00
[2026-04-29T10:18:53.220+0000] {processor.py:183} INFO - Processing /opt/airflow/dags/pipeline_dag.py took 0.309 seconds
[2026-04-29T10:19:24.004+0000] {processor.py:161} INFO - Started process (PID=414) to work on /opt/airflow/dags/pipeline_dag.py
[2026-04-29T10:19:24.008+0000] {processor.py:830} INFO - Processing file /opt/airflow/dags/pipeline_dag.py for tasks to queue
[2026-04-29T10:19:24.018+0000] {logging_mixin.py:188} INFO - [2026-04-29T10:19:24.017+0000] {dagbag.py:545} INFO - Filling up the DagBag from /opt/airflow/dags/pipeline_dag.py
[2026-04-29T10:19:24.046+0000] {processor.py:840} INFO - DAG(s) 'ab_test_medallion_pipeline' retrieved from /opt/airflow/dags/pipeline_dag.py
[2026-04-29T10:19:24.095+0000] {logging_mixin.py:188} INFO - [2026-04-29T10:19:24.094+0000] {dag.py:3096} INFO - Sync 1 DAGs
[2026-04-29T10:19:24.142+0000] {logging_mixin.py:188} INFO - [2026-04-29T10:19:24.141+0000] {dag.py:3954} INFO - Setting next_dagrun for ab_test_medallion_pipeline to 2026-04-29 00:00:00+00:00, run_after=2026-04-30 00:00:00+00:00
[2026-04-29T10:19:24.191+0000] {processor.py:183} INFO - Processing /opt/airflow/dags/pipeline_dag.py took 0.207 seconds
[2026-04-29T10:19:54.955+0000] {processor.py:161} INFO - Started process (PID=419) to work on /opt/airflow/dags/pipeline_dag.py
[2026-04-29T10:19:54.956+0000] {processor.py:830} INFO - Processing file /opt/airflow/dags/pipeline_dag.py for tasks to queue
[2026-04-29T10:19:54.959+0000] {logging_mixin.py:188} INFO - [2026-04-29T10:19:54.959+0000] {dagbag.py:545} INFO - Filling up the DagBag from /opt/airflow/dags/pipeline_dag.py
[2026-04-29T10:19:54.988+0000] {processor.py:840} INFO - DAG(s) 'ab_test_medallion_pipeline' retrieved from /opt/airflow/dags/pipeline_dag.py
[2026-04-29T10:19:55.056+0000] {logging_mixin.py:188} INFO - [2026-04-29T10:19:55.055+0000] {dag.py:3096} INFO - Sync 1 DAGs
[2026-04-29T10:19:55.102+0000] {logging_mixin.py:188} INFO - [2026-04-29T10:19:55.101+0000] {dag.py:3954} INFO - Setting next_dagrun for ab_test_medallion_pipeline to 2026-04-29 00:00:00+00:00, run_after=2026-04-30 00:00:00+00:00
[2026-04-29T10:19:55.143+0000] {processor.py:183} INFO - Processing /opt/airflow/dags/pipeline_dag.py took 0.207 seconds
[2026-04-29T10:20:25.940+0000] {processor.py:161} INFO - Started process (PID=424) to work on /opt/airflow/dags/pipeline_dag.py
[2026-04-29T10:20:25.942+0000] {processor.py:830} INFO - Processing file /opt/airflow/dags/pipeline_dag.py for tasks to queue
[2026-04-29T10:20:25.946+0000] {logging_mixin.py:188} INFO - [2026-04-29T10:20:25.945+0000] {dagbag.py:545} INFO - Filling up the DagBag from /opt/airflow/dags/pipeline_dag.py
[2026-04-29T10:20:25.985+0000] {processor.py:840} INFO - DAG(s) 'ab_test_medallion_pipeline' retrieved from /opt/airflow/dags/pipeline_dag.py
[2026-04-29T10:20:26.098+0000] {logging_mixin.py:188} INFO - [2026-04-29T10:20:26.098+0000] {dag.py:3096} INFO - Sync 1 DAGs
[2026-04-29T10:20:26.251+0000] {logging_mixin.py:188} INFO - [2026-04-29T10:20:26.250+0000] {dag.py:3954} INFO - Setting next_dagrun for ab_test_medallion_pipeline to 2026-04-29 00:00:00+00:00, run_after=2026-04-30 00:00:00+00:00
[2026-04-29T10:20:26.405+0000] {processor.py:183} INFO - Processing /opt/airflow/dags/pipeline_dag.py took 0.480 seconds
[2026-04-29T10:20:56.916+0000] {processor.py:161} INFO - Started process (PID=429) to work on /opt/airflow/dags/pipeline_dag.py
[2026-04-29T10:20:56.929+0000] {processor.py:830} INFO - Processing file /opt/airflow/dags/pipeline_dag.py for tasks to queue
[2026-04-29T10:20:56.933+0000] {logging_mixin.py:188} INFO - [2026-04-29T10:20:56.932+0000] {dagbag.py:545} INFO - Filling up the DagBag from /opt/airflow/dags/pipeline_dag.py
[2026-04-29T10:20:57.025+0000] {processor.py:840} INFO - DAG(s) 'ab_test_medallion_pipeline' retrieved from /opt/airflow/dags/pipeline_dag.py
[2026-04-29T10:20:57.139+0000] {logging_mixin.py:188} INFO - [2026-04-29T10:20:57.138+0000] {dag.py:3096} INFO - Sync 1 DAGs
[2026-04-29T10:20:57.241+0000] {logging_mixin.py:188} INFO - [2026-04-29T10:20:57.240+0000] {dag.py:3954} INFO - Setting next_dagrun for ab_test_medallion_pipeline to 2026-04-29 00:00:00+00:00, run_after=2026-04-30 00:00:00+00:00
[2026-04-29T10:20:57.320+0000] {processor.py:183} INFO - Processing /opt/airflow/dags/pipeline_dag.py took 0.442 seconds
[2026-04-29T10:21:28.142+0000] {processor.py:161} INFO - Started process (PID=434) to work on /opt/airflow/dags/pipeline_dag.py
[2026-04-29T10:21:28.144+0000] {processor.py:830} INFO - Processing file /opt/airflow/dags/pipeline_dag.py for tasks to queue
[2026-04-29T10:21:28.147+0000] {logging_mixin.py:188} INFO - [2026-04-29T10:21:28.146+0000] {dagbag.py:545} INFO - Filling up the DagBag from /opt/airflow/dags/pipeline_dag.py
[2026-04-29T10:21:28.172+0000] {processor.py:840} INFO - DAG(s) 'ab_test_medallion_pipeline' retrieved from /opt/airflow/dags/pipeline_dag.py
[2026-04-29T10:21:28.250+0000] {logging_mixin.py:188} INFO - [2026-04-29T10:21:28.249+0000] {dag.py:3096} INFO - Sync 1 DAGs
[2026-04-29T10:21:28.309+0000] {logging_mixin.py:188} INFO - [2026-04-29T10:21:28.308+0000] {dag.py:3954} INFO - Setting next_dagrun for ab_test_medallion_pipeline to 2026-04-29 00:00:00+00:00, run_after=2026-04-30 00:00:00+00:00
[2026-04-29T10:21:28.370+0000] {processor.py:183} INFO - Processing /opt/airflow/dags/pipeline_dag.py took 0.244 seconds
[2026-04-29T10:21:59.024+0000] {processor.py:161} INFO - Started process (PID=439) to work on /opt/airflow/dags/pipeline_dag.py
[2026-04-29T10:21:59.026+0000] {processor.py:830} INFO - Processing file /opt/airflow/dags/pipeline_dag.py for tasks to queue
[2026-04-29T10:21:59.029+0000] {logging_mixin.py:188} INFO - [2026-04-29T10:21:59.028+0000] {dagbag.py:545} INFO - Filling up the DagBag from /opt/airflow/dags/pipeline_dag.py
[2026-04-29T10:21:59.048+0000] {processor.py:840} INFO - DAG(s) 'ab_test_medallion_pipeline' retrieved from /opt/airflow/dags/pipeline_dag.py
[2026-04-29T10:21:59.092+0000] {logging_mixin.py:188} INFO - [2026-04-29T10:21:59.092+0000] {dag.py:3096} INFO - Sync 1 DAGs
[2026-04-29T10:21:59.140+0000] {logging_mixin.py:188} INFO - [2026-04-29T10:21:59.140+0000] {dag.py:3954} INFO - Setting next_dagrun for ab_test_medallion_pipeline to 2026-04-29 00:00:00+00:00, run_after=2026-04-30 00:00:00+00:00
[2026-04-29T10:21:59.183+0000] {processor.py:183} INFO - Processing /opt/airflow/dags/pipeline_dag.py took 0.171 seconds
[2026-04-29T10:22:29.962+0000] {processor.py:161} INFO - Started process (PID=444) to work on /opt/airflow/dags/pipeline_dag.py
[2026-04-29T10:22:29.964+0000] {processor.py:830} INFO - Processing file /opt/airflow/dags/pipeline_dag.py for tasks to queue
[2026-04-29T10:22:29.969+0000] {logging_mixin.py:188} INFO - [2026-04-29T10:22:29.968+0000] {dagbag.py:545} INFO - Filling up the DagBag from /opt/airflow/dags/pipeline_dag.py
[2026-04-29T10:22:30.003+0000] {processor.py:840} INFO - DAG(s) 'ab_test_medallion_pipeline' retrieved from /opt/airflow/dags/pipeline_dag.py
[2026-04-29T10:22:30.073+0000] {logging_mixin.py:188} INFO - [2026-04-29T10:22:30.072+0000] {dag.py:3096} INFO - Sync 1 DAGs
[2026-04-29T10:22:30.145+0000] {logging_mixin.py:188} INFO - [2026-04-29T10:22:30.145+0000] {dag.py:3954} INFO - Setting next_dagrun for ab_test_medallion_pipeline to 2026-04-29 00:00:00+00:00, run_after=2026-04-30 00:00:00+00:00
[2026-04-29T10:22:30.175+0000] {processor.py:183} INFO - Processing /opt/airflow/dags/pipeline_dag.py took 0.228 seconds
[2026-04-29T10:23:01.123+0000] {processor.py:161} INFO - Started process (PID=449) to work on /opt/airflow/dags/pipeline_dag.py
[2026-04-29T10:23:01.124+0000] {processor.py:830} INFO - Processing file /opt/airflow/dags/pipeline_dag.py for tasks to queue
[2026-04-29T10:23:01.127+0000] {logging_mixin.py:188} INFO - [2026-04-29T10:23:01.126+0000] {dagbag.py:545} INFO - Filling up the DagBag from /opt/airflow/dags/pipeline_dag.py
[2026-04-29T10:23:01.144+0000] {processor.py:840} INFO - DAG(s) 'ab_test_medallion_pipeline' retrieved from /opt/airflow/dags/pipeline_dag.py
[2026-04-29T10:23:01.184+0000] {logging_mixin.py:188} INFO - [2026-04-29T10:23:01.182+0000] {dag.py:3096} INFO - Sync 1 DAGs
[2026-04-29T10:23:01.219+0000] {logging_mixin.py:188} INFO - [2026-04-29T10:23:01.219+0000] {dag.py:3954} INFO - Setting next_dagrun for ab_test_medallion_pipeline to 2026-04-29 00:00:00+00:00, run_after=2026-04-30 00:00:00+00:00
[2026-04-29T10:23:01.247+0000] {processor.py:183} INFO - Processing /opt/airflow/dags/pipeline_dag.py took 0.138 seconds
[2026-04-29T10:23:32.008+0000] {processor.py:161} INFO - Started process (PID=454) to work on /opt/airflow/dags/pipeline_dag.py
[2026-04-29T10:23:32.010+0000] {processor.py:830} INFO - Processing file /opt/airflow/dags/pipeline_dag.py for tasks to queue
[2026-04-29T10:23:32.013+0000] {logging_mixin.py:188} INFO - [2026-04-29T10:23:32.013+0000] {dagbag.py:545} INFO - Filling up the DagBag from /opt/airflow/dags/pipeline_dag.py
[2026-04-29T10:23:32.037+0000] {processor.py:840} INFO - DAG(s) 'ab_test_medallion_pipeline' retrieved from /opt/airflow/dags/pipeline_dag.py
[2026-04-29T10:23:32.081+0000] {logging_mixin.py:188} INFO - [2026-04-29T10:23:32.081+0000] {dag.py:3096} INFO - Sync 1 DAGs
[2026-04-29T10:23:32.142+0000] {logging_mixin.py:188} INFO - [2026-04-29T10:23:32.142+0000] {dag.py:3954} INFO - Setting next_dagrun for ab_test_medallion_pipeline to 2026-04-29 00:00:00+00:00, run_after=2026-04-30 00:00:00+00:00
[2026-04-29T10:23:32.175+0000] {processor.py:183} INFO - Processing /opt/airflow/dags/pipeline_dag.py took 0.176 seconds
[2026-04-29T10:24:03.112+0000] {processor.py:161} INFO - Started process (PID=459) to work on /opt/airflow/dags/pipeline_dag.py
[2026-04-29T10:24:03.114+0000] {processor.py:830} INFO - Processing file /opt/airflow/dags/pipeline_dag.py for tasks to queue
[2026-04-29T10:24:03.118+0000] {logging_mixin.py:188} INFO - [2026-04-29T10:24:03.117+0000] {dagbag.py:545} INFO - Filling up the DagBag from /opt/airflow/dags/pipeline_dag.py
[2026-04-29T10:24:03.142+0000] {processor.py:840} INFO - DAG(s) 'ab_test_medallion_pipeline' retrieved from /opt/airflow/dags/pipeline_dag.py
[2026-04-29T10:24:03.189+0000] {logging_mixin.py:188} INFO - [2026-04-29T10:24:03.189+0000] {dag.py:3096} INFO - Sync 1 DAGs
[2026-04-29T10:24:03.223+0000] {logging_mixin.py:188} INFO - [2026-04-29T10:24:03.222+0000] {dag.py:3954} INFO - Setting next_dagrun for ab_test_medallion_pipeline to 2026-04-29 00:00:00+00:00, run_after=2026-04-30 00:00:00+00:00
[2026-04-29T10:24:03.249+0000] {processor.py:183} INFO - Processing /opt/airflow/dags/pipeline_dag.py took 0.153 seconds
[2026-04-29T10:24:34.113+0000] {processor.py:161} INFO - Started process (PID=464) to work on /opt/airflow/dags/pipeline_dag.py
[2026-04-29T10:24:34.118+0000] {processor.py:830} INFO - Processing file /opt/airflow/dags/pipeline_dag.py for tasks to queue
[2026-04-29T10:24:34.121+0000] {logging_mixin.py:188} INFO - [2026-04-29T10:24:34.120+0000] {dagbag.py:545} INFO - Filling up the DagBag from /opt/airflow/dags/pipeline_dag.py
[2026-04-29T10:24:34.143+0000] {processor.py:840} INFO - DAG(s) 'ab_test_medallion_pipeline' retrieved from /opt/airflow/dags/pipeline_dag.py
[2026-04-29T10:24:34.192+0000] {logging_mixin.py:188} INFO - [2026-04-29T10:24:34.191+0000] {dag.py:3096} INFO - Sync 1 DAGs
[2026-04-29T10:24:34.229+0000] {logging_mixin.py:188} INFO - [2026-04-29T10:24:34.228+0000] {dag.py:3954} INFO - Setting next_dagrun for ab_test_medallion_pipeline to 2026-04-29 00:00:00+00:00, run_after=2026-04-30 00:00:00+00:00
[2026-04-29T10:24:34.382+0000] {processor.py:183} INFO - Processing /opt/airflow/dags/pipeline_dag.py took 0.288 seconds
[2026-04-29T10:25:05.131+0000] {processor.py:161} INFO - Started process (PID=469) to work on /opt/airflow/dags/pipeline_dag.py
[2026-04-29T10:25:05.133+0000] {processor.py:830} INFO - Processing file /opt/airflow/dags/pipeline_dag.py for tasks to queue
[2026-04-29T10:25:05.136+0000] {logging_mixin.py:188} INFO - [2026-04-29T10:25:05.136+0000] {dagbag.py:545} INFO - Filling up the DagBag from /opt/airflow/dags/pipeline_dag.py
[2026-04-29T10:25:05.156+0000] {processor.py:840} INFO - DAG(s) 'ab_test_medallion_pipeline' retrieved from /opt/airflow/dags/pipeline_dag.py
[2026-04-29T10:25:05.196+0000] {logging_mixin.py:188} INFO - [2026-04-29T10:25:05.195+0000] {dag.py:3096} INFO - Sync 1 DAGs
[2026-04-29T10:25:05.228+0000] {logging_mixin.py:188} INFO - [2026-04-29T10:25:05.228+0000] {dag.py:3954} INFO - Setting next_dagrun for ab_test_medallion_pipeline to 2026-04-29 00:00:00+00:00, run_after=2026-04-30 00:00:00+00:00
[2026-04-29T10:25:05.267+0000] {processor.py:183} INFO - Processing /opt/airflow/dags/pipeline_dag.py took 0.150 seconds
[2026-04-29T10:25:36.021+0000] {processor.py:161} INFO - Started process (PID=474) to work on /opt/airflow/dags/pipeline_dag.py
[2026-04-29T10:25:36.023+0000] {processor.py:830} INFO - Processing file /opt/airflow/dags/pipeline_dag.py for tasks to queue
[2026-04-29T10:25:36.027+0000] {logging_mixin.py:188} INFO - [2026-04-29T10:25:36.026+0000] {dagbag.py:545} INFO - Filling up the DagBag from /opt/airflow/dags/pipeline_dag.py
[2026-04-29T10:25:36.062+0000] {processor.py:840} INFO - DAG(s) 'ab_test_medallion_pipeline' retrieved from /opt/airflow/dags/pipeline_dag.py
[2026-04-29T10:25:36.135+0000] {logging_mixin.py:188} INFO - [2026-04-29T10:25:36.135+0000] {dag.py:3096} INFO - Sync 1 DAGs
[2026-04-29T10:25:36.262+0000] {logging_mixin.py:188} INFO - [2026-04-29T10:25:36.262+0000] {dag.py:3954} INFO - Setting next_dagrun for ab_test_medallion_pipeline to 2026-04-29 00:00:00+00:00, run_after=2026-04-30 00:00:00+00:00
[2026-04-29T10:25:36.336+0000] {processor.py:183} INFO - Processing /opt/airflow/dags/pipeline_dag.py took 0.328 seconds
[2026-04-29T10:26:07.036+0000] {processor.py:161} INFO - Started process (PID=479) to work on /opt/airflow/dags/pipeline_dag.py
[2026-04-29T10:26:07.038+0000] {processor.py:830} INFO - Processing file /opt/airflow/dags/pipeline_dag.py for tasks to queue
[2026-04-29T10:26:07.053+0000] {logging_mixin.py:188} INFO - [2026-04-29T10:26:07.051+0000] {dagbag.py:545} INFO - Filling up the DagBag from /opt/airflow/dags/pipeline_dag.py
[2026-04-29T10:26:07.091+0000] {processor.py:840} INFO - DAG(s) 'ab_test_medallion_pipeline' retrieved from /opt/airflow/dags/pipeline_dag.py
[2026-04-29T10:26:07.164+0000] {logging_mixin.py:188} INFO - [2026-04-29T10:26:07.163+0000] {dag.py:3096} INFO - Sync 1 DAGs
[2026-04-29T10:26:07.204+0000] {logging_mixin.py:188} INFO - [2026-04-29T10:26:07.203+0000] {dag.py:3954} INFO - Setting next_dagrun for ab_test_medallion_pipeline to 2026-04-29 00:00:00+00:00, run_after=2026-04-30 00:00:00+00:00
[2026-04-29T10:26:07.235+0000] {processor.py:183} INFO - Processing /opt/airflow/dags/pipeline_dag.py took 0.211 seconds
[2026-04-29T10:26:38.171+0000] {processor.py:161} INFO - Started process (PID=484) to work on /opt/airflow/dags/pipeline_dag.py
[2026-04-29T10:26:38.175+0000] {processor.py:830} INFO - Processing file /opt/airflow/dags/pipeline_dag.py for tasks to queue
[2026-04-29T10:26:38.179+0000] {logging_mixin.py:188} INFO - [2026-04-29T10:26:38.178+0000] {dagbag.py:545} INFO - Filling up the DagBag from /opt/airflow/dags/pipeline_dag.py
[2026-04-29T10:26:38.200+0000] {processor.py:840} INFO - DAG(s) 'ab_test_medallion_pipeline' retrieved from /opt/airflow/dags/pipeline_dag.py
[2026-04-29T10:26:38.246+0000] {logging_mixin.py:188} INFO - [2026-04-29T10:26:38.246+0000] {dag.py:3096} INFO - Sync 1 DAGs
[2026-04-29T10:26:38.281+0000] {logging_mixin.py:188} INFO - [2026-04-29T10:26:38.281+0000] {dag.py:3954} INFO - Setting next_dagrun for ab_test_medallion_pipeline to 2026-04-29 00:00:00+00:00, run_after=2026-04-30 00:00:00+00:00
[2026-04-29T10:26:38.310+0000] {processor.py:183} INFO - Processing /opt/airflow/dags/pipeline_dag.py took 0.153 seconds
[2026-04-29T10:27:09.179+0000] {processor.py:161} INFO - Started process (PID=489) to work on /opt/airflow/dags/pipeline_dag.py
[2026-04-29T10:27:09.181+0000] {processor.py:830} INFO - Processing file /opt/airflow/dags/pipeline_dag.py for tasks to queue
[2026-04-29T10:27:09.185+0000] {logging_mixin.py:188} INFO - [2026-04-29T10:27:09.184+0000] {dagbag.py:545} INFO - Filling up the DagBag from /opt/airflow/dags/pipeline_dag.py
[2026-04-29T10:27:09.204+0000] {processor.py:840} INFO - DAG(s) 'ab_test_medallion_pipeline' retrieved from /opt/airflow/dags/pipeline_dag.py
[2026-04-29T10:27:09.245+0000] {logging_mixin.py:188} INFO - [2026-04-29T10:27:09.245+0000] {dag.py:3096} INFO - Sync 1 DAGs
[2026-04-29T10:27:09.280+0000] {logging_mixin.py:188} INFO - [2026-04-29T10:27:09.280+0000] {dag.py:3954} INFO - Setting next_dagrun for ab_test_medallion_pipeline to 2026-04-29 00:00:00+00:00, run_after=2026-04-30 00:00:00+00:00
[2026-04-29T10:27:09.309+0000] {processor.py:183} INFO - Processing /opt/airflow/dags/pipeline_dag.py took 0.141 seconds
[2026-04-29T10:27:40.254+0000] {processor.py:161} INFO - Started process (PID=494) to work on /opt/airflow/dags/pipeline_dag.py
[2026-04-29T10:27:40.256+0000] {processor.py:830} INFO - Processing file /opt/airflow/dags/pipeline_dag.py for tasks to queue
[2026-04-29T10:27:40.259+0000] {logging_mixin.py:188} INFO - [2026-04-29T10:27:40.259+0000] {dagbag.py:545} INFO - Filling up the DagBag from /opt/airflow/dags/pipeline_dag.py
[2026-04-29T10:27:40.275+0000] {processor.py:840} INFO - DAG(s) 'ab_test_medallion_pipeline' retrieved from /opt/airflow/dags/pipeline_dag.py
[2026-04-29T10:27:40.316+0000] {logging_mixin.py:188} INFO - [2026-04-29T10:27:40.316+0000] {dag.py:3096} INFO - Sync 1 DAGs
[2026-04-29T10:27:40.350+0000] {logging_mixin.py:188} INFO - [2026-04-29T10:27:40.350+0000] {dag.py:3954} INFO - Setting next_dagrun for ab_test_medallion_pipeline to 2026-04-29 00:00:00+00:00, run_after=2026-04-30 00:00:00+00:00
[2026-04-29T10:27:40.394+0000] {processor.py:183} INFO - Processing /opt/airflow/dags/pipeline_dag.py took 0.149 seconds
[2026-04-29T10:28:11.287+0000] {processor.py:161} INFO - Started process (PID=499) to work on /opt/airflow/dags/pipeline_dag.py
[2026-04-29T10:28:11.290+0000] {processor.py:830} INFO - Processing file /opt/airflow/dags/pipeline_dag.py for tasks to queue
[2026-04-29T10:28:11.296+0000] {logging_mixin.py:188} INFO - [2026-04-29T10:28:11.295+0000] {dagbag.py:545} INFO - Filling up the DagBag from /opt/airflow/dags/pipeline_dag.py
[2026-04-29T10:28:11.323+0000] {processor.py:840} INFO - DAG(s) 'ab_test_medallion_pipeline' retrieved from /opt/airflow/dags/pipeline_dag.py
[2026-04-29T10:28:11.365+0000] {logging_mixin.py:188} INFO - [2026-04-29T10:28:11.365+0000] {dag.py:3096} INFO - Sync 1 DAGs
[2026-04-29T10:28:11.402+0000] {logging_mixin.py:188} INFO - [2026-04-29T10:28:11.401+0000] {dag.py:3954} INFO - Setting next_dagrun for ab_test_medallion_pipeline to 2026-04-29 00:00:00+00:00, run_after=2026-04-30 00:00:00+00:00
[2026-04-29T10:28:11.436+0000] {processor.py:183} INFO - Processing /opt/airflow/dags/pipeline_dag.py took 0.167 seconds
[2026-04-29T10:28:42.345+0000] {processor.py:161} INFO - Started process (PID=504) to work on /opt/airflow/dags/pipeline_dag.py
[2026-04-29T10:28:42.347+0000] {processor.py:830} INFO - Processing file /opt/airflow/dags/pipeline_dag.py for tasks to queue
[2026-04-29T10:28:42.352+0000] {logging_mixin.py:188} INFO - [2026-04-29T10:28:42.351+0000] {dagbag.py:545} INFO - Filling up the DagBag from /opt/airflow/dags/pipeline_dag.py
[2026-04-29T10:28:42.372+0000] {processor.py:840} INFO - DAG(s) 'ab_test_medallion_pipeline' retrieved from /opt/airflow/dags/pipeline_dag.py
[2026-04-29T10:28:42.411+0000] {logging_mixin.py:188} INFO - [2026-04-29T10:28:42.411+0000] {dag.py:3096} INFO - Sync 1 DAGs
[2026-04-29T10:28:42.445+0000] {logging_mixin.py:188} INFO - [2026-04-29T10:28:42.445+0000] {dag.py:3954} INFO - Setting next_dagrun for ab_test_medallion_pipeline to 2026-04-29 00:00:00+00:00, run_after=2026-04-30 00:00:00+00:00
[2026-04-29T10:28:42.474+0000] {processor.py:183} INFO - Processing /opt/airflow/dags/pipeline_dag.py took 0.144 seconds
[2026-04-29T10:29:13.364+0000] {processor.py:161} INFO - Started process (PID=509) to work on /opt/airflow/dags/pipeline_dag.py
[2026-04-29T10:29:13.366+0000] {processor.py:830} INFO - Processing file /opt/airflow/dags/pipeline_dag.py for tasks to queue
[2026-04-29T10:29:13.372+0000] {logging_mixin.py:188} INFO - [2026-04-29T10:29:13.371+0000] {dagbag.py:545} INFO - Filling up the DagBag from /opt/airflow/dags/pipeline_dag.py
[2026-04-29T10:29:13.401+0000] {processor.py:840} INFO - DAG(s) 'ab_test_medallion_pipeline' retrieved from /opt/airflow/dags/pipeline_dag.py
[2026-04-29T10:29:13.460+0000] {logging_mixin.py:188} INFO - [2026-04-29T10:29:13.460+0000] {dag.py:3096} INFO - Sync 1 DAGs
[2026-04-29T10:29:13.499+0000] {logging_mixin.py:188} INFO - [2026-04-29T10:29:13.498+0000] {dag.py:3954} INFO - Setting next_dagrun for ab_test_medallion_pipeline to 2026-04-29 00:00:00+00:00, run_after=2026-04-30 00:00:00+00:00
[2026-04-29T10:29:13.532+0000] {processor.py:183} INFO - Processing /opt/airflow/dags/pipeline_dag.py took 0.193 seconds
[2026-04-29T10:29:44.371+0000] {processor.py:161} INFO - Started process (PID=514) to work on /opt/airflow/dags/pipeline_dag.py
[2026-04-29T10:29:44.393+0000] {processor.py:830} INFO - Processing file /opt/airflow/dags/pipeline_dag.py for tasks to queue
[2026-04-29T10:29:44.396+0000] {logging_mixin.py:188} INFO - [2026-04-29T10:29:44.395+0000] {dagbag.py:545} INFO - Filling up the DagBag from /opt/airflow/dags/pipeline_dag.py
[2026-04-29T10:29:44.412+0000] {processor.py:840} INFO - DAG(s) 'ab_test_medallion_pipeline' retrieved from /opt/airflow/dags/pipeline_dag.py
[2026-04-29T10:29:44.452+0000] {logging_mixin.py:188} INFO - [2026-04-29T10:29:44.451+0000] {dag.py:3096} INFO - Sync 1 DAGs
[2026-04-29T10:29:44.484+0000] {logging_mixin.py:188} INFO - [2026-04-29T10:29:44.484+0000] {dag.py:3954} INFO - Setting next_dagrun for ab_test_medallion_pipeline to 2026-04-29 00:00:00+00:00, run_after=2026-04-30 00:00:00+00:00
[2026-04-29T10:29:44.511+0000] {processor.py:183} INFO - Processing /opt/airflow/dags/pipeline_dag.py took 0.153 seconds
[2026-04-29T10:30:15.421+0000] {processor.py:161} INFO - Started process (PID=519) to work on /opt/airflow/dags/pipeline_dag.py
[2026-04-29T10:30:15.422+0000] {processor.py:830} INFO - Processing file /opt/airflow/dags/pipeline_dag.py for tasks to queue
[2026-04-29T10:30:15.426+0000] {logging_mixin.py:188} INFO - [2026-04-29T10:30:15.426+0000] {dagbag.py:545} INFO - Filling up the DagBag from /opt/airflow/dags/pipeline_dag.py
[2026-04-29T10:30:15.446+0000] {processor.py:840} INFO - DAG(s) 'ab_test_medallion_pipeline' retrieved from /opt/airflow/dags/pipeline_dag.py
[2026-04-29T10:30:15.526+0000] {logging_mixin.py:188} INFO - [2026-04-29T10:30:15.525+0000] {dag.py:3096} INFO - Sync 1 DAGs
[2026-04-29T10:30:15.594+0000] {logging_mixin.py:188} INFO - [2026-04-29T10:30:15.594+0000] {dag.py:3954} INFO - Setting next_dagrun for ab_test_medallion_pipeline to 2026-04-29 00:00:00+00:00, run_after=2026-04-30 00:00:00+00:00
[2026-04-29T10:30:15.636+0000] {processor.py:183} INFO - Processing /opt/airflow/dags/pipeline_dag.py took 0.227 seconds
[2026-04-29T10:30:46.481+0000] {processor.py:161} INFO - Started process (PID=524) to work on /opt/airflow/dags/pipeline_dag.py
[2026-04-29T10:30:46.485+0000] {processor.py:830} INFO - Processing file /opt/airflow/dags/pipeline_dag.py for tasks to queue
[2026-04-29T10:30:46.489+0000] {logging_mixin.py:188} INFO - [2026-04-29T10:30:46.488+0000] {dagbag.py:545} INFO - Filling up the DagBag from /opt/airflow/dags/pipeline_dag.py
[2026-04-29T10:30:46.520+0000] {processor.py:840} INFO - DAG(s) 'ab_test_medallion_pipeline' retrieved from /opt/airflow/dags/pipeline_dag.py
[2026-04-29T10:30:46.603+0000] {logging_mixin.py:188} INFO - [2026-04-29T10:30:46.603+0000] {dag.py:3096} INFO - Sync 1 DAGs
[2026-04-29T10:30:46.713+0000] {logging_mixin.py:188} INFO - [2026-04-29T10:30:46.712+0000] {dag.py:3954} INFO - Setting next_dagrun for ab_test_medallion_pipeline to 2026-04-29 00:00:00+00:00, run_after=2026-04-30 00:00:00+00:00
[2026-04-29T10:30:46.778+0000] {processor.py:183} INFO - Processing /opt/airflow/dags/pipeline_dag.py took 0.311 seconds
[2026-04-29T10:31:17.579+0000] {processor.py:161} INFO - Started process (PID=529) to work on /opt/airflow/dags/pipeline_dag.py
[2026-04-29T10:31:17.580+0000] {processor.py:830} INFO - Processing file /opt/airflow/dags/pipeline_dag.py for tasks to queue
[2026-04-29T10:31:17.583+0000] {logging_mixin.py:188} INFO - [2026-04-29T10:31:17.582+0000] {dagbag.py:545} INFO - Filling up the DagBag from /opt/airflow/dags/pipeline_dag.py
[2026-04-29T10:31:17.603+0000] {processor.py:840} INFO - DAG(s) 'ab_test_medallion_pipeline' retrieved from /opt/airflow/dags/pipeline_dag.py
[2026-04-29T10:31:17.645+0000] {logging_mixin.py:188} INFO - [2026-04-29T10:31:17.645+0000] {dag.py:3096} INFO - Sync 1 DAGs
[2026-04-29T10:31:17.679+0000] {logging_mixin.py:188} INFO - [2026-04-29T10:31:17.678+0000] {dag.py:3954} INFO - Setting next_dagrun for ab_test_medallion_pipeline to 2026-04-29 00:00:00+00:00, run_after=2026-04-30 00:00:00+00:00
[2026-04-29T10:31:17.708+0000] {processor.py:183} INFO - Processing /opt/airflow/dags/pipeline_dag.py took 0.141 seconds
[2026-04-29T10:31:48.635+0000] {processor.py:161} INFO - Started process (PID=534) to work on /opt/airflow/dags/pipeline_dag.py
[2026-04-29T10:31:48.638+0000] {processor.py:830} INFO - Processing file /opt/airflow/dags/pipeline_dag.py for tasks to queue
[2026-04-29T10:31:48.643+0000] {logging_mixin.py:188} INFO - [2026-04-29T10:31:48.641+0000] {dagbag.py:545} INFO - Filling up the DagBag from /opt/airflow/dags/pipeline_dag.py
[2026-04-29T10:31:48.672+0000] {processor.py:840} INFO - DAG(s) 'ab_test_medallion_pipeline' retrieved from /opt/airflow/dags/pipeline_dag.py
[2026-04-29T10:31:49.498+0000] {logging_mixin.py:188} INFO - [2026-04-29T10:31:49.498+0000] {dag.py:3096} INFO - Sync 1 DAGs
[2026-04-29T10:31:49.618+0000] {logging_mixin.py:188} INFO - [2026-04-29T10:31:49.617+0000] {dag.py:3954} INFO - Setting next_dagrun for ab_test_medallion_pipeline to 2026-04-29 00:00:00+00:00, run_after=2026-04-30 00:00:00+00:00
[2026-04-29T10:31:49.694+0000] {processor.py:183} INFO - Processing /opt/airflow/dags/pipeline_dag.py took 0.350 seconds
[2026-04-29T10:32:20.318+0000] {processor.py:161} INFO - Started process (PID=539) to work on /opt/airflow/dags/pipeline_dag.py
[2026-04-29T10:32:20.321+0000] {processor.py:830} INFO - Processing file /opt/airflow/dags/pipeline_dag.py for tasks to queue
[2026-04-29T10:32:20.333+0000] {logging_mixin.py:188} INFO - [2026-04-29T10:32:20.331+0000] {dagbag.py:545} INFO - Filling up the DagBag from /opt/airflow/dags/pipeline_dag.py
[2026-04-29T10:32:20.373+0000] {processor.py:840} INFO - DAG(s) 'ab_test_medallion_pipeline' retrieved from /opt/airflow/dags/pipeline_dag.py
[2026-04-29T10:32:20.445+0000] {logging_mixin.py:188} INFO - [2026-04-29T10:32:20.445+0000] {dag.py:3096} INFO - Sync 1 DAGs
[2026-04-29T10:32:20.516+0000] {logging_mixin.py:188} INFO - [2026-04-29T10:32:20.516+0000] {dag.py:3954} INFO - Setting next_dagrun for ab_test_medallion_pipeline to 2026-04-29 00:00:00+00:00, run_after=2026-04-30 00:00:00+00:00
[2026-04-29T10:32:20.569+0000] {processor.py:183} INFO - Processing /opt/airflow/dags/pipeline_dag.py took 0.268 seconds
[2026-04-29T10:32:51.449+0000] {processor.py:161} INFO - Started process (PID=544) to work on /opt/airflow/dags/pipeline_dag.py
[2026-04-29T10:32:51.451+0000] {processor.py:830} INFO - Processing file /opt/airflow/dags/pipeline_dag.py for tasks to queue
[2026-04-29T10:32:51.454+0000] {logging_mixin.py:188} INFO - [2026-04-29T10:32:51.453+0000] {dagbag.py:545} INFO - Filling up the DagBag from /opt/airflow/dags/pipeline_dag.py
[2026-04-29T10:32:51.491+0000] {processor.py:840} INFO - DAG(s) 'ab_test_medallion_pipeline' retrieved from /opt/airflow/dags/pipeline_dag.py
[2026-04-29T10:32:51.551+0000] {logging_mixin.py:188} INFO - [2026-04-29T10:32:51.551+0000] {dag.py:3096} INFO - Sync 1 DAGs
[2026-04-29T10:32:51.603+0000] {logging_mixin.py:188} INFO - [2026-04-29T10:32:51.603+0000] {dag.py:3954} INFO - Setting next_dagrun for ab_test_medallion_pipeline to 2026-04-29 00:00:00+00:00, run_after=2026-04-30 00:00:00+00:00
[2026-04-29T10:32:51.646+0000] {processor.py:183} INFO - Processing /opt/airflow/dags/pipeline_dag.py took 0.210 seconds
[2026-04-29T10:33:22.416+0000] {processor.py:161} INFO - Started process (PID=549) to work on /opt/airflow/dags/pipeline_dag.py
[2026-04-29T10:33:22.418+0000] {processor.py:830} INFO - Processing file /opt/airflow/dags/pipeline_dag.py for tasks to queue
[2026-04-29T10:33:22.431+0000] {logging_mixin.py:188} INFO - [2026-04-29T10:33:22.430+0000] {dagbag.py:545} INFO - Filling up the DagBag from /opt/airflow/dags/pipeline_dag.py
[2026-04-29T10:33:22.540+0000] {processor.py:840} INFO - DAG(s) 'ab_test_medallion_pipeline' retrieved from /opt/airflow/dags/pipeline_dag.py
[2026-04-29T10:33:22.688+0000] {logging_mixin.py:188} INFO - [2026-04-29T10:33:22.688+0000] {dag.py:3096} INFO - Sync 1 DAGs
[2026-04-29T10:33:22.779+0000] {logging_mixin.py:188} INFO - [2026-04-29T10:33:22.779+0000] {dag.py:3954} INFO - Setting next_dagrun for ab_test_medallion_pipeline to 2026-04-29 00:00:00+00:00, run_after=2026-04-30 00:00:00+00:00
[2026-04-29T10:33:22.864+0000] {processor.py:183} INFO - Processing /opt/airflow/dags/pipeline_dag.py took 0.482 seconds
[2026-04-29T10:33:53.516+0000] {processor.py:161} INFO - Started process (PID=554) to work on /opt/airflow/dags/pipeline_dag.py
[2026-04-29T10:33:53.520+0000] {processor.py:830} INFO - Processing file /opt/airflow/dags/pipeline_dag.py for tasks to queue
[2026-04-29T10:33:53.524+0000] {logging_mixin.py:188} INFO - [2026-04-29T10:33:53.523+0000] {dagbag.py:545} INFO - Filling up the DagBag from /opt/airflow/dags/pipeline_dag.py
[2026-04-29T10:33:53.546+0000] {processor.py:840} INFO - DAG(s) 'ab_test_medallion_pipeline' retrieved from /opt/airflow/dags/pipeline_dag.py
[2026-04-29T10:33:53.595+0000] {logging_mixin.py:188} INFO - [2026-04-29T10:33:53.594+0000] {dag.py:3096} INFO - Sync 1 DAGs
[2026-04-29T10:33:53.651+0000] {logging_mixin.py:188} INFO - [2026-04-29T10:33:53.651+0000] {dag.py:3954} INFO - Setting next_dagrun for ab_test_medallion_pipeline to 2026-04-29 00:00:00+00:00, run_after=2026-04-30 00:00:00+00:00
[2026-04-29T10:33:53.702+0000] {processor.py:183} INFO - Processing /opt/airflow/dags/pipeline_dag.py took 0.198 seconds
[2026-04-29T10:34:24.425+0000] {processor.py:161} INFO - Started process (PID=559) to work on /opt/airflow/dags/pipeline_dag.py
[2026-04-29T10:34:24.426+0000] {processor.py:830} INFO - Processing file /opt/airflow/dags/pipeline_dag.py for tasks to queue
[2026-04-29T10:34:24.429+0000] {logging_mixin.py:188} INFO - [2026-04-29T10:34:24.428+0000] {dagbag.py:545} INFO - Filling up the DagBag from /opt/airflow/dags/pipeline_dag.py
[2026-04-29T10:34:24.465+0000] {processor.py:840} INFO - DAG(s) 'ab_test_medallion_pipeline' retrieved from /opt/airflow/dags/pipeline_dag.py
[2026-04-29T10:34:24.564+0000] {logging_mixin.py:188} INFO - [2026-04-29T10:34:24.563+0000] {dag.py:3096} INFO - Sync 1 DAGs
[2026-04-29T10:34:24.648+0000] {logging_mixin.py:188} INFO - [2026-04-29T10:34:24.647+0000] {dag.py:3954} INFO - Setting next_dagrun for ab_test_medallion_pipeline to 2026-04-29 00:00:00+00:00, run_after=2026-04-30 00:00:00+00:00
[2026-04-29T10:34:24.688+0000] {processor.py:183} INFO - Processing /opt/airflow/dags/pipeline_dag.py took 0.274 seconds
[2026-04-29T10:34:55.635+0000] {processor.py:161} INFO - Started process (PID=564) to work on /opt/airflow/dags/pipeline_dag.py
[2026-04-29T10:34:55.638+0000] {processor.py:830} INFO - Processing file /opt/airflow/dags/pipeline_dag.py for tasks to queue
[2026-04-29T10:34:55.643+0000] {logging_mixin.py:188} INFO - [2026-04-29T10:34:55.642+0000] {dagbag.py:545} INFO - Filling up the DagBag from /opt/airflow/dags/pipeline_dag.py
[2026-04-29T10:34:55.675+0000] {processor.py:840} INFO - DAG(s) 'ab_test_medallion_pipeline' retrieved from /opt/airflow/dags/pipeline_dag.py
[2026-04-29T10:34:55.782+0000] {logging_mixin.py:188} INFO - [2026-04-29T10:34:55.781+0000] {dag.py:3096} INFO - Sync 1 DAGs
[2026-04-29T10:34:55.900+0000] {logging_mixin.py:188} INFO - [2026-04-29T10:34:55.894+0000] {dag.py:3954} INFO - Setting next_dagrun for ab_test_medallion_pipeline to 2026-04-29 00:00:00+00:00, run_after=2026-04-30 00:00:00+00:00
[2026-04-29T10:34:55.991+0000] {processor.py:183} INFO - Processing /opt/airflow/dags/pipeline_dag.py took 0.404 seconds
[2026-04-29T10:35:26.608+0000] {processor.py:161} INFO - Started process (PID=569) to work on /opt/airflow/dags/pipeline_dag.py
[2026-04-29T10:35:26.612+0000] {processor.py:830} INFO - Processing file /opt/airflow/dags/pipeline_dag.py for tasks to queue
[2026-04-29T10:35:26.615+0000] {logging_mixin.py:188} INFO - [2026-04-29T10:35:26.614+0000] {dagbag.py:545} INFO - Filling up the DagBag from /opt/airflow/dags/pipeline_dag.py
[2026-04-29T10:35:26.644+0000] {processor.py:840} INFO - DAG(s) 'ab_test_medallion_pipeline' retrieved from /opt/airflow/dags/pipeline_dag.py
[2026-04-29T10:35:26.705+0000] {logging_mixin.py:188} INFO - [2026-04-29T10:35:26.705+0000] {dag.py:3096} INFO - Sync 1 DAGs
[2026-04-29T10:35:26.741+0000] {logging_mixin.py:188} INFO - [2026-04-29T10:35:26.740+0000] {dag.py:3954} INFO - Setting next_dagrun for ab_test_medallion_pipeline to 2026-04-29 00:00:00+00:00, run_after=2026-04-30 00:00:00+00:00
[2026-04-29T10:35:26.771+0000] {processor.py:183} INFO - Processing /opt/airflow/dags/pipeline_dag.py took 0.187 seconds
[2026-04-29T10:35:57.565+0000] {processor.py:161} INFO - Started process (PID=574) to work on /opt/airflow/dags/pipeline_dag.py
[2026-04-29T10:35:57.572+0000] {processor.py:830} INFO - Processing file /opt/airflow/dags/pipeline_dag.py for tasks to queue
[2026-04-29T10:35:57.582+0000] {logging_mixin.py:188} INFO - [2026-04-29T10:35:57.580+0000] {dagbag.py:545} INFO - Filling up the DagBag from /opt/airflow/dags/pipeline_dag.py
[2026-04-29T10:35:57.619+0000] {processor.py:840} INFO - DAG(s) 'ab_test_medallion_pipeline' retrieved from /opt/airflow/dags/pipeline_dag.py
[2026-04-29T10:35:57.686+0000] {logging_mixin.py:188} INFO - [2026-04-29T10:35:57.686+0000] {dag.py:3096} INFO - Sync 1 DAGs
[2026-04-29T10:35:57.726+0000] {logging_mixin.py:188} INFO - [2026-04-29T10:35:57.725+0000] {dag.py:3954} INFO - Setting next_dagrun for ab_test_medallion_pipeline to 2026-04-29 00:00:00+00:00, run_after=2026-04-30 00:00:00+00:00
[2026-04-29T10:35:57.759+0000] {processor.py:183} INFO - Processing /opt/airflow/dags/pipeline_dag.py took 0.207 seconds
[2026-04-29T10:36:28.686+0000] {processor.py:161} INFO - Started process (PID=579) to work on /opt/airflow/dags/pipeline_dag.py
[2026-04-29T10:36:28.688+0000] {processor.py:830} INFO - Processing file /opt/airflow/dags/pipeline_dag.py for tasks to queue
[2026-04-29T10:36:28.691+0000] {logging_mixin.py:188} INFO - [2026-04-29T10:36:28.690+0000] {dagbag.py:545} INFO - Filling up the DagBag from /opt/airflow/dags/pipeline_dag.py
[2026-04-29T10:36:28.708+0000] {processor.py:840} INFO - DAG(s) 'ab_test_medallion_pipeline' retrieved from /opt/airflow/dags/pipeline_dag.py
[2026-04-29T10:36:28.758+0000] {logging_mixin.py:188} INFO - [2026-04-29T10:36:28.757+0000] {dag.py:3096} INFO - Sync 1 DAGs
[2026-04-29T10:36:28.796+0000] {logging_mixin.py:188} INFO - [2026-04-29T10:36:28.796+0000] {dag.py:3954} INFO - Setting next_dagrun for ab_test_medallion_pipeline to 2026-04-29 00:00:00+00:00, run_after=2026-04-30 00:00:00+00:00
[2026-04-29T10:36:28.824+0000] {processor.py:183} INFO - Processing /opt/airflow/dags/pipeline_dag.py took 0.148 seconds
[2026-04-29T10:36:59.607+0000] {processor.py:161} INFO - Started process (PID=584) to work on /opt/airflow/dags/pipeline_dag.py
[2026-04-29T10:36:59.608+0000] {processor.py:830} INFO - Processing file /opt/airflow/dags/pipeline_dag.py for tasks to queue
[2026-04-29T10:36:59.612+0000] {logging_mixin.py:188} INFO - [2026-04-29T10:36:59.611+0000] {dagbag.py:545} INFO - Filling up the DagBag from /opt/airflow/dags/pipeline_dag.py
[2026-04-29T10:36:59.646+0000] {processor.py:840} INFO - DAG(s) 'ab_test_medallion_pipeline' retrieved from /opt/airflow/dags/pipeline_dag.py
[2026-04-29T10:36:59.845+0000] {logging_mixin.py:188} INFO - [2026-04-29T10:36:59.845+0000] {dag.py:3096} INFO - Sync 1 DAGs
[2026-04-29T10:36:59.886+0000] {logging_mixin.py:188} INFO - [2026-04-29T10:36:59.885+0000] {dag.py:3954} INFO - Setting next_dagrun for ab_test_medallion_pipeline to 2026-04-29 00:00:00+00:00, run_after=2026-04-30 00:00:00+00:00
[2026-04-29T10:36:59.915+0000] {processor.py:183} INFO - Processing /opt/airflow/dags/pipeline_dag.py took 0.323 seconds
[2026-04-29T10:37:30.721+0000] {processor.py:161} INFO - Started process (PID=589) to work on /opt/airflow/dags/pipeline_dag.py
[2026-04-29T10:37:30.724+0000] {processor.py:830} INFO - Processing file /opt/airflow/dags/pipeline_dag.py for tasks to queue
[2026-04-29T10:37:30.727+0000] {logging_mixin.py:188} INFO - [2026-04-29T10:37:30.727+0000] {dagbag.py:545} INFO - Filling up the DagBag from /opt/airflow/dags/pipeline_dag.py
[2026-04-29T10:37:30.768+0000] {processor.py:840} INFO - DAG(s) 'ab_test_medallion_pipeline' retrieved from /opt/airflow/dags/pipeline_dag.py
[2026-04-29T10:37:30.898+0000] {logging_mixin.py:188} INFO - [2026-04-29T10:37:30.897+0000] {dag.py:3096} INFO - Sync 1 DAGs
[2026-04-29T10:37:30.986+0000] {logging_mixin.py:188} INFO - [2026-04-29T10:37:30.984+0000] {dag.py:3954} INFO - Setting next_dagrun for ab_test_medallion_pipeline to 2026-04-29 00:00:00+00:00, run_after=2026-04-30 00:00:00+00:00
[2026-04-29T10:37:31.041+0000] {processor.py:183} INFO - Processing /opt/airflow/dags/pipeline_dag.py took 0.335 seconds
[2026-04-29T10:38:01.843+0000] {processor.py:161} INFO - Started process (PID=594) to work on /opt/airflow/dags/pipeline_dag.py
[2026-04-29T10:38:01.845+0000] {processor.py:830} INFO - Processing file /opt/airflow/dags/pipeline_dag.py for tasks to queue
[2026-04-29T10:38:01.852+0000] {logging_mixin.py:188} INFO - [2026-04-29T10:38:01.851+0000] {dagbag.py:545} INFO - Filling up the DagBag from /opt/airflow/dags/pipeline_dag.py
[2026-04-29T10:38:01.929+0000] {processor.py:840} INFO - DAG(s) 'ab_test_medallion_pipeline' retrieved from /opt/airflow/dags/pipeline_dag.py
[2026-04-29T10:38:01.998+0000] {logging_mixin.py:188} INFO - [2026-04-29T10:38:01.997+0000] {dag.py:3096} INFO - Sync 1 DAGs
[2026-04-29T10:38:02.089+0000] {logging_mixin.py:188} INFO - [2026-04-29T10:38:02.089+0000] {dag.py:3954} INFO - Setting next_dagrun for ab_test_medallion_pipeline to 2026-04-29 00:00:00+00:00, run_after=2026-04-30 00:00:00+00:00
[2026-04-29T10:38:02.141+0000] {processor.py:183} INFO - Processing /opt/airflow/dags/pipeline_dag.py took 0.312 seconds
[2026-04-29T10:39:11.160+0000] {processor.py:161} INFO - Started process (PID=159) to work on /opt/airflow/dags/pipeline_dag.py
[2026-04-29T10:39:11.178+0000] {processor.py:830} INFO - Processing file /opt/airflow/dags/pipeline_dag.py for tasks to queue
[2026-04-29T10:39:11.200+0000] {logging_mixin.py:188} INFO - [2026-04-29T10:39:11.197+0000] {dagbag.py:545} INFO - Filling up the DagBag from /opt/airflow/dags/pipeline_dag.py
[2026-04-29T10:39:11.285+0000] {processor.py:840} INFO - DAG(s) 'ab_test_medallion_pipeline' retrieved from /opt/airflow/dags/pipeline_dag.py
[2026-04-29T10:39:11.432+0000] {logging_mixin.py:188} INFO - [2026-04-29T10:39:11.431+0000] {dag.py:3096} INFO - Sync 1 DAGs
[2026-04-29T10:39:11.471+0000] {logging_mixin.py:188} INFO - [2026-04-29T10:39:11.470+0000] {dag.py:3954} INFO - Setting next_dagrun for ab_test_medallion_pipeline to 2026-04-29 00:00:00+00:00, run_after=2026-04-30 00:00:00+00:00
[2026-04-29T10:39:11.534+0000] {processor.py:183} INFO - Processing /opt/airflow/dags/pipeline_dag.py took 0.398 seconds
[2026-04-29T10:39:42.231+0000] {processor.py:161} INFO - Started process (PID=165) to work on /opt/airflow/dags/pipeline_dag.py
[2026-04-29T10:39:42.232+0000] {processor.py:830} INFO - Processing file /opt/airflow/dags/pipeline_dag.py for tasks to queue
[2026-04-29T10:39:42.238+0000] {logging_mixin.py:188} INFO - [2026-04-29T10:39:42.235+0000] {dagbag.py:545} INFO - Filling up the DagBag from /opt/airflow/dags/pipeline_dag.py
[2026-04-29T10:39:42.304+0000] {processor.py:840} INFO - DAG(s) 'ab_test_medallion_pipeline' retrieved from /opt/airflow/dags/pipeline_dag.py
[2026-04-29T10:39:42.380+0000] {logging_mixin.py:188} INFO - [2026-04-29T10:39:42.379+0000] {dag.py:3096} INFO - Sync 1 DAGs
[2026-04-29T10:39:42.428+0000] {logging_mixin.py:188} INFO - [2026-04-29T10:39:42.428+0000] {dag.py:3954} INFO - Setting next_dagrun for ab_test_medallion_pipeline to 2026-04-29 00:00:00+00:00, run_after=2026-04-30 00:00:00+00:00
[2026-04-29T10:39:42.467+0000] {processor.py:183} INFO - Processing /opt/airflow/dags/pipeline_dag.py took 0.256 seconds
[2026-04-29T10:40:13.496+0000] {processor.py:161} INFO - Started process (PID=170) to work on /opt/airflow/dags/pipeline_dag.py
[2026-04-29T10:40:13.498+0000] {processor.py:830} INFO - Processing file /opt/airflow/dags/pipeline_dag.py for tasks to queue
[2026-04-29T10:40:13.509+0000] {logging_mixin.py:188} INFO - [2026-04-29T10:40:13.508+0000] {dagbag.py:545} INFO - Filling up the DagBag from /opt/airflow/dags/pipeline_dag.py
[2026-04-29T10:40:13.575+0000] {processor.py:840} INFO - DAG(s) 'ab_test_medallion_pipeline' retrieved from /opt/airflow/dags/pipeline_dag.py
[2026-04-29T10:40:13.685+0000] {logging_mixin.py:188} INFO - [2026-04-29T10:40:13.685+0000] {dag.py:3096} INFO - Sync 1 DAGs
[2026-04-29T10:40:13.752+0000] {logging_mixin.py:188} INFO - [2026-04-29T10:40:13.751+0000] {dag.py:3954} INFO - Setting next_dagrun for ab_test_medallion_pipeline to 2026-04-29 00:00:00+00:00, run_after=2026-04-30 00:00:00+00:00
[2026-04-29T10:40:13.790+0000] {processor.py:183} INFO - Processing /opt/airflow/dags/pipeline_dag.py took 0.337 seconds
[2026-04-29T10:40:44.502+0000] {processor.py:161} INFO - Started process (PID=267) to work on /opt/airflow/dags/pipeline_dag.py
[2026-04-29T10:40:44.504+0000] {processor.py:830} INFO - Processing file /opt/airflow/dags/pipeline_dag.py for tasks to queue
[2026-04-29T10:40:44.517+0000] {logging_mixin.py:188} INFO - [2026-04-29T10:40:44.511+0000] {dagbag.py:545} INFO - Filling up the DagBag from /opt/airflow/dags/pipeline_dag.py
[2026-04-29T10:40:44.594+0000] {processor.py:840} INFO - DAG(s) 'ab_test_medallion_pipeline' retrieved from /opt/airflow/dags/pipeline_dag.py
[2026-04-29T10:40:44.865+0000] {logging_mixin.py:188} INFO - [2026-04-29T10:40:44.864+0000] {dag.py:3096} INFO - Sync 1 DAGs
[2026-04-29T10:40:45.062+0000] {logging_mixin.py:188} INFO - [2026-04-29T10:40:45.062+0000] {dag.py:3954} INFO - Setting next_dagrun for ab_test_medallion_pipeline to 2026-04-29 00:00:00+00:00, run_after=2026-04-30 00:00:00+00:00
[2026-04-29T10:40:45.166+0000] {processor.py:183} INFO - Processing /opt/airflow/dags/pipeline_dag.py took 0.679 seconds
[2026-04-29T10:41:15.611+0000] {processor.py:161} INFO - Started process (PID=272) to work on /opt/airflow/dags/pipeline_dag.py
[2026-04-29T10:41:15.615+0000] {processor.py:830} INFO - Processing file /opt/airflow/dags/pipeline_dag.py for tasks to queue
[2026-04-29T10:41:15.648+0000] {logging_mixin.py:188} INFO - [2026-04-29T10:41:15.645+0000] {dagbag.py:545} INFO - Filling up the DagBag from /opt/airflow/dags/pipeline_dag.py
[2026-04-29T10:41:15.931+0000] {processor.py:840} INFO - DAG(s) 'ab_test_medallion_pipeline' retrieved from /opt/airflow/dags/pipeline_dag.py
[2026-04-29T10:41:16.313+0000] {logging_mixin.py:188} INFO - [2026-04-29T10:41:16.312+0000] {dag.py:3096} INFO - Sync 1 DAGs
[2026-04-29T10:41:16.680+0000] {logging_mixin.py:188} INFO - [2026-04-29T10:41:16.679+0000] {dag.py:3954} INFO - Setting next_dagrun for ab_test_medallion_pipeline to 2026-04-29 00:00:00+00:00, run_after=2026-04-30 00:00:00+00:00
[2026-04-29T10:41:16.839+0000] {processor.py:183} INFO - Processing /opt/airflow/dags/pipeline_dag.py took 1.409 seconds
[2026-04-29T10:41:47.668+0000] {processor.py:161} INFO - Started process (PID=277) to work on /opt/airflow/dags/pipeline_dag.py
[2026-04-29T10:41:47.690+0000] {processor.py:830} INFO - Processing file /opt/airflow/dags/pipeline_dag.py for tasks to queue
[2026-04-29T10:41:47.722+0000] {logging_mixin.py:188} INFO - [2026-04-29T10:41:47.721+0000] {dagbag.py:545} INFO - Filling up the DagBag from /opt/airflow/dags/pipeline_dag.py
[2026-04-29T10:41:48.143+0000] {processor.py:840} INFO - DAG(s) 'ab_test_medallion_pipeline' retrieved from /opt/airflow/dags/pipeline_dag.py
[2026-04-29T10:41:48.907+0000] {logging_mixin.py:188} INFO - [2026-04-29T10:41:48.906+0000] {dag.py:3096} INFO - Sync 1 DAGs
[2026-04-29T10:41:49.771+0000] {logging_mixin.py:188} INFO - [2026-04-29T10:41:49.770+0000] {dag.py:3954} INFO - Setting next_dagrun for ab_test_medallion_pipeline to 2026-04-29 00:00:00+00:00, run_after=2026-04-30 00:00:00+00:00
[2026-04-29T10:41:49.947+0000] {processor.py:183} INFO - Processing /opt/airflow/dags/pipeline_dag.py took 2.408 seconds
[2026-04-29T10:42:20.343+0000] {processor.py:161} INFO - Started process (PID=287) to work on /opt/airflow/dags/pipeline_dag.py
[2026-04-29T10:42:20.347+0000] {processor.py:830} INFO - Processing file /opt/airflow/dags/pipeline_dag.py for tasks to queue
[2026-04-29T10:42:20.356+0000] {logging_mixin.py:188} INFO - [2026-04-29T10:42:20.355+0000] {dagbag.py:545} INFO - Filling up the DagBag from /opt/airflow/dags/pipeline_dag.py
[2026-04-29T10:42:20.597+0000] {processor.py:840} INFO - DAG(s) 'ab_test_medallion_pipeline' retrieved from /opt/airflow/dags/pipeline_dag.py
[2026-04-29T10:42:20.894+0000] {logging_mixin.py:188} INFO - [2026-04-29T10:42:20.894+0000] {dag.py:3096} INFO - Sync 1 DAGs
[2026-04-29T10:42:21.173+0000] {logging_mixin.py:188} INFO - [2026-04-29T10:42:21.173+0000] {dag.py:3954} INFO - Setting next_dagrun for ab_test_medallion_pipeline to 2026-04-29 00:00:00+00:00, run_after=2026-04-30 00:00:00+00:00
[2026-04-29T10:42:21.445+0000] {processor.py:183} INFO - Processing /opt/airflow/dags/pipeline_dag.py took 1.125 seconds
[2026-04-29T10:42:51.711+0000] {processor.py:161} INFO - Started process (PID=397) to work on /opt/airflow/dags/pipeline_dag.py
[2026-04-29T10:42:51.724+0000] {processor.py:830} INFO - Processing file /opt/airflow/dags/pipeline_dag.py for tasks to queue
[2026-04-29T10:42:51.772+0000] {logging_mixin.py:188} INFO - [2026-04-29T10:42:51.759+0000] {dagbag.py:545} INFO - Filling up the DagBag from /opt/airflow/dags/pipeline_dag.py
[2026-04-29T10:42:52.508+0000] {processor.py:840} INFO - DAG(s) 'ab_test_medallion_pipeline' retrieved from /opt/airflow/dags/pipeline_dag.py
[2026-04-29T10:42:53.333+0000] {logging_mixin.py:188} INFO - [2026-04-29T10:42:53.332+0000] {dag.py:3096} INFO - Sync 1 DAGs
[2026-04-29T10:42:53.659+0000] {logging_mixin.py:188} INFO - [2026-04-29T10:42:53.656+0000] {dag.py:3954} INFO - Setting next_dagrun for ab_test_medallion_pipeline to 2026-04-29 00:00:00+00:00, run_after=2026-04-30 00:00:00+00:00
[2026-04-29T10:42:53.819+0000] {processor.py:183} INFO - Processing /opt/airflow/dags/pipeline_dag.py took 2.170 seconds
[2026-04-29T10:43:23.968+0000] {processor.py:161} INFO - Started process (PID=503) to work on /opt/airflow/dags/pipeline_dag.py
[2026-04-29T10:43:23.970+0000] {processor.py:830} INFO - Processing file /opt/airflow/dags/pipeline_dag.py for tasks to queue
[2026-04-29T10:43:23.975+0000] {logging_mixin.py:188} INFO - [2026-04-29T10:43:23.974+0000] {dagbag.py:545} INFO - Filling up the DagBag from /opt/airflow/dags/pipeline_dag.py
[2026-04-29T10:43:24.000+0000] {processor.py:840} INFO - DAG(s) 'ab_test_medallion_pipeline' retrieved from /opt/airflow/dags/pipeline_dag.py
[2026-04-29T10:43:24.044+0000] {logging_mixin.py:188} INFO - [2026-04-29T10:43:24.044+0000] {dag.py:3096} INFO - Sync 1 DAGs
[2026-04-29T10:43:24.110+0000] {logging_mixin.py:188} INFO - [2026-04-29T10:43:24.109+0000] {dag.py:3954} INFO - Setting next_dagrun for ab_test_medallion_pipeline to 2026-04-29 00:00:00+00:00, run_after=2026-04-30 00:00:00+00:00
[2026-04-29T10:43:24.155+0000] {processor.py:183} INFO - Processing /opt/airflow/dags/pipeline_dag.py took 0.202 seconds
[2026-04-29T10:43:54.903+0000] {processor.py:161} INFO - Started process (PID=508) to work on /opt/airflow/dags/pipeline_dag.py
[2026-04-29T10:43:54.906+0000] {processor.py:830} INFO - Processing file /opt/airflow/dags/pipeline_dag.py for tasks to queue
[2026-04-29T10:43:54.909+0000] {logging_mixin.py:188} INFO - [2026-04-29T10:43:54.908+0000] {dagbag.py:545} INFO - Filling up the DagBag from /opt/airflow/dags/pipeline_dag.py
[2026-04-29T10:43:54.929+0000] {processor.py:840} INFO - DAG(s) 'ab_test_medallion_pipeline' retrieved from /opt/airflow/dags/pipeline_dag.py
[2026-04-29T10:43:54.976+0000] {logging_mixin.py:188} INFO - [2026-04-29T10:43:54.976+0000] {dag.py:3096} INFO - Sync 1 DAGs
[2026-04-29T10:43:55.024+0000] {logging_mixin.py:188} INFO - [2026-04-29T10:43:55.021+0000] {dag.py:3954} INFO - Setting next_dagrun for ab_test_medallion_pipeline to 2026-04-29 00:00:00+00:00, run_after=2026-04-30 00:00:00+00:00
[2026-04-29T10:43:55.073+0000] {processor.py:183} INFO - Processing /opt/airflow/dags/pipeline_dag.py took 0.185 seconds
[2026-04-29T10:44:26.079+0000] {processor.py:161} INFO - Started process (PID=513) to work on /opt/airflow/dags/pipeline_dag.py
[2026-04-29T10:44:26.082+0000] {processor.py:830} INFO - Processing file /opt/airflow/dags/pipeline_dag.py for tasks to queue
[2026-04-29T10:44:26.086+0000] {logging_mixin.py:188} INFO - [2026-04-29T10:44:26.085+0000] {dagbag.py:545} INFO - Filling up the DagBag from /opt/airflow/dags/pipeline_dag.py
[2026-04-29T10:44:26.109+0000] {processor.py:840} INFO - DAG(s) 'ab_test_medallion_pipeline' retrieved from /opt/airflow/dags/pipeline_dag.py
[2026-04-29T10:44:26.151+0000] {logging_mixin.py:188} INFO - [2026-04-29T10:44:26.151+0000] {dag.py:3096} INFO - Sync 1 DAGs
[2026-04-29T10:44:26.187+0000] {logging_mixin.py:188} INFO - [2026-04-29T10:44:26.187+0000] {dag.py:3954} INFO - Setting next_dagrun for ab_test_medallion_pipeline to 2026-04-29 00:00:00+00:00, run_after=2026-04-30 00:00:00+00:00
[2026-04-29T10:44:26.215+0000] {processor.py:183} INFO - Processing /opt/airflow/dags/pipeline_dag.py took 0.152 seconds
[2026-04-29T10:44:57.016+0000] {processor.py:161} INFO - Started process (PID=518) to work on /opt/airflow/dags/pipeline_dag.py
[2026-04-29T10:44:57.018+0000] {processor.py:830} INFO - Processing file /opt/airflow/dags/pipeline_dag.py for tasks to queue
[2026-04-29T10:44:57.021+0000] {logging_mixin.py:188} INFO - [2026-04-29T10:44:57.020+0000] {dagbag.py:545} INFO - Filling up the DagBag from /opt/airflow/dags/pipeline_dag.py
[2026-04-29T10:44:57.048+0000] {processor.py:840} INFO - DAG(s) 'ab_test_medallion_pipeline' retrieved from /opt/airflow/dags/pipeline_dag.py
[2026-04-29T10:44:57.122+0000] {logging_mixin.py:188} INFO - [2026-04-29T10:44:57.121+0000] {dag.py:3096} INFO - Sync 1 DAGs
[2026-04-29T10:44:57.183+0000] {logging_mixin.py:188} INFO - [2026-04-29T10:44:57.183+0000] {dag.py:3954} INFO - Setting next_dagrun for ab_test_medallion_pipeline to 2026-04-29 00:00:00+00:00, run_after=2026-04-30 00:00:00+00:00
[2026-04-29T10:44:57.212+0000] {processor.py:183} INFO - Processing /opt/airflow/dags/pipeline_dag.py took 0.205 seconds
[2026-04-29T10:45:28.087+0000] {processor.py:161} INFO - Started process (PID=559) to work on /opt/airflow/dags/pipeline_dag.py
[2026-04-29T10:45:28.090+0000] {processor.py:830} INFO - Processing file /opt/airflow/dags/pipeline_dag.py for tasks to queue
[2026-04-29T10:45:28.094+0000] {logging_mixin.py:188} INFO - [2026-04-29T10:45:28.093+0000] {dagbag.py:545} INFO - Filling up the DagBag from /opt/airflow/dags/pipeline_dag.py
[2026-04-29T10:45:28.154+0000] {processor.py:840} INFO - DAG(s) 'ab_test_medallion_pipeline' retrieved from /opt/airflow/dags/pipeline_dag.py
[2026-04-29T10:45:28.255+0000] {logging_mixin.py:188} INFO - [2026-04-29T10:45:28.255+0000] {dag.py:3096} INFO - Sync 1 DAGs
[2026-04-29T10:45:28.404+0000] {logging_mixin.py:188} INFO - [2026-04-29T10:45:28.394+0000] {dag.py:3954} INFO - Setting next_dagrun for ab_test_medallion_pipeline to 2026-04-29 00:00:00+00:00, run_after=2026-04-30 00:00:00+00:00
[2026-04-29T10:45:28.493+0000] {processor.py:183} INFO - Processing /opt/airflow/dags/pipeline_dag.py took 0.423 seconds
[2026-04-29T10:45:58.753+0000] {processor.py:161} INFO - Started process (PID=728) to work on /opt/airflow/dags/pipeline_dag.py
[2026-04-29T10:45:58.756+0000] {processor.py:830} INFO - Processing file /opt/airflow/dags/pipeline_dag.py for tasks to queue
[2026-04-29T10:45:58.768+0000] {logging_mixin.py:188} INFO - [2026-04-29T10:45:58.768+0000] {dagbag.py:545} INFO - Filling up the DagBag from /opt/airflow/dags/pipeline_dag.py
[2026-04-29T10:45:58.819+0000] {processor.py:840} INFO - DAG(s) 'ab_test_medallion_pipeline' retrieved from /opt/airflow/dags/pipeline_dag.py
[2026-04-29T10:45:58.943+0000] {logging_mixin.py:188} INFO - [2026-04-29T10:45:58.943+0000] {dag.py:3096} INFO - Sync 1 DAGs
[2026-04-29T10:45:59.046+0000] {logging_mixin.py:188} INFO - [2026-04-29T10:45:59.046+0000] {dag.py:3954} INFO - Setting next_dagrun for ab_test_medallion_pipeline to 2026-04-29 00:00:00+00:00, run_after=2026-04-30 00:00:00+00:00
[2026-04-29T10:45:59.085+0000] {processor.py:183} INFO - Processing /opt/airflow/dags/pipeline_dag.py took 0.368 seconds
[2026-04-29T10:46:29.158+0000] {processor.py:161} INFO - Started process (PID=793) to work on /opt/airflow/dags/pipeline_dag.py
[2026-04-29T10:46:29.163+0000] {processor.py:830} INFO - Processing file /opt/airflow/dags/pipeline_dag.py for tasks to queue
[2026-04-29T10:46:29.167+0000] {logging_mixin.py:188} INFO - [2026-04-29T10:46:29.166+0000] {dagbag.py:545} INFO - Filling up the DagBag from /opt/airflow/dags/pipeline_dag.py
[2026-04-29T10:46:29.196+0000] {processor.py:840} INFO - DAG(s) 'ab_test_medallion_pipeline' retrieved from /opt/airflow/dags/pipeline_dag.py
[2026-04-29T10:46:29.259+0000] {logging_mixin.py:188} INFO - [2026-04-29T10:46:29.259+0000] {dag.py:3096} INFO - Sync 1 DAGs
[2026-04-29T10:46:29.297+0000] {logging_mixin.py:188} INFO - [2026-04-29T10:46:29.296+0000] {dag.py:3954} INFO - Setting next_dagrun for ab_test_medallion_pipeline to 2026-04-29 00:00:00+00:00, run_after=2026-04-30 00:00:00+00:00
[2026-04-29T10:46:29.338+0000] {processor.py:183} INFO - Processing /opt/airflow/dags/pipeline_dag.py took 0.196 seconds
[2026-04-29T10:47:00.506+0000] {processor.py:161} INFO - Started process (PID=798) to work on /opt/airflow/dags/pipeline_dag.py
[2026-04-29T10:47:00.509+0000] {processor.py:830} INFO - Processing file /opt/airflow/dags/pipeline_dag.py for tasks to queue
[2026-04-29T10:47:00.515+0000] {logging_mixin.py:188} INFO - [2026-04-29T10:47:00.514+0000] {dagbag.py:545} INFO - Filling up the DagBag from /opt/airflow/dags/pipeline_dag.py
[2026-04-29T10:47:00.601+0000] {processor.py:840} INFO - DAG(s) 'ab_test_medallion_pipeline' retrieved from /opt/airflow/dags/pipeline_dag.py
[2026-04-29T10:47:00.699+0000] {logging_mixin.py:188} INFO - [2026-04-29T10:47:00.698+0000] {dag.py:3096} INFO - Sync 1 DAGs
[2026-04-29T10:47:00.770+0000] {logging_mixin.py:188} INFO - [2026-04-29T10:47:00.770+0000] {dag.py:3954} INFO - Setting next_dagrun for ab_test_medallion_pipeline to 2026-04-29 00:00:00+00:00, run_after=2026-04-30 00:00:00+00:00
[2026-04-29T10:47:00.800+0000] {processor.py:183} INFO - Processing /opt/airflow/dags/pipeline_dag.py took 0.315 seconds
[2026-04-29T10:47:31.286+0000] {processor.py:161} INFO - Started process (PID=803) to work on /opt/airflow/dags/pipeline_dag.py
[2026-04-29T10:47:31.289+0000] {processor.py:830} INFO - Processing file /opt/airflow/dags/pipeline_dag.py for tasks to queue
[2026-04-29T10:47:31.293+0000] {logging_mixin.py:188} INFO - [2026-04-29T10:47:31.292+0000] {dagbag.py:545} INFO - Filling up the DagBag from /opt/airflow/dags/pipeline_dag.py
[2026-04-29T10:47:31.329+0000] {processor.py:840} INFO - DAG(s) 'ab_test_medallion_pipeline' retrieved from /opt/airflow/dags/pipeline_dag.py
[2026-04-29T10:47:31.420+0000] {logging_mixin.py:188} INFO - [2026-04-29T10:47:31.420+0000] {dag.py:3096} INFO - Sync 1 DAGs
[2026-04-29T10:47:31.476+0000] {logging_mixin.py:188} INFO - [2026-04-29T10:47:31.475+0000] {dag.py:3954} INFO - Setting next_dagrun for ab_test_medallion_pipeline to 2026-04-29 00:00:00+00:00, run_after=2026-04-30 00:00:00+00:00
[2026-04-29T10:47:31.511+0000] {processor.py:183} INFO - Processing /opt/airflow/dags/pipeline_dag.py took 0.240 seconds
[2026-04-29T10:48:02.230+0000] {processor.py:161} INFO - Started process (PID=808) to work on /opt/airflow/dags/pipeline_dag.py
[2026-04-29T10:48:02.233+0000] {processor.py:830} INFO - Processing file /opt/airflow/dags/pipeline_dag.py for tasks to queue
[2026-04-29T10:48:02.236+0000] {logging_mixin.py:188} INFO - [2026-04-29T10:48:02.235+0000] {dagbag.py:545} INFO - Filling up the DagBag from /opt/airflow/dags/pipeline_dag.py
[2026-04-29T10:48:02.256+0000] {processor.py:840} INFO - DAG(s) 'ab_test_medallion_pipeline' retrieved from /opt/airflow/dags/pipeline_dag.py
[2026-04-29T10:48:02.320+0000] {logging_mixin.py:188} INFO - [2026-04-29T10:48:02.319+0000] {dag.py:3096} INFO - Sync 1 DAGs
[2026-04-29T10:48:02.375+0000] {logging_mixin.py:188} INFO - [2026-04-29T10:48:02.375+0000] {dag.py:3954} INFO - Setting next_dagrun for ab_test_medallion_pipeline to 2026-04-29 00:00:00+00:00, run_after=2026-04-30 00:00:00+00:00
[2026-04-29T10:48:02.406+0000] {processor.py:183} INFO - Processing /opt/airflow/dags/pipeline_dag.py took 0.185 seconds
[2026-04-29T10:48:33.155+0000] {processor.py:161} INFO - Started process (PID=813) to work on /opt/airflow/dags/pipeline_dag.py
[2026-04-29T10:48:33.158+0000] {processor.py:830} INFO - Processing file /opt/airflow/dags/pipeline_dag.py for tasks to queue
[2026-04-29T10:48:33.162+0000] {logging_mixin.py:188} INFO - [2026-04-29T10:48:33.161+0000] {dagbag.py:545} INFO - Filling up the DagBag from /opt/airflow/dags/pipeline_dag.py
[2026-04-29T10:48:33.222+0000] {processor.py:840} INFO - DAG(s) 'ab_test_medallion_pipeline' retrieved from /opt/airflow/dags/pipeline_dag.py
[2026-04-29T10:48:33.388+0000] {logging_mixin.py:188} INFO - [2026-04-29T10:48:33.388+0000] {dag.py:3096} INFO - Sync 1 DAGs
[2026-04-29T10:48:33.518+0000] {logging_mixin.py:188} INFO - [2026-04-29T10:48:33.517+0000] {dag.py:3954} INFO - Setting next_dagrun for ab_test_medallion_pipeline to 2026-04-29 00:00:00+00:00, run_after=2026-04-30 00:00:00+00:00
[2026-04-29T10:48:33.574+0000] {processor.py:183} INFO - Processing /opt/airflow/dags/pipeline_dag.py took 0.448 seconds
[2026-04-29T10:49:04.294+0000] {processor.py:161} INFO - Started process (PID=818) to work on /opt/airflow/dags/pipeline_dag.py
[2026-04-29T10:49:04.296+0000] {processor.py:830} INFO - Processing file /opt/airflow/dags/pipeline_dag.py for tasks to queue
[2026-04-29T10:49:04.299+0000] {logging_mixin.py:188} INFO - [2026-04-29T10:49:04.298+0000] {dagbag.py:545} INFO - Filling up the DagBag from /opt/airflow/dags/pipeline_dag.py
[2026-04-29T10:49:04.332+0000] {processor.py:840} INFO - DAG(s) 'ab_test_medallion_pipeline' retrieved from /opt/airflow/dags/pipeline_dag.py
[2026-04-29T10:49:04.417+0000] {logging_mixin.py:188} INFO - [2026-04-29T10:49:04.416+0000] {dag.py:3096} INFO - Sync 1 DAGs
[2026-04-29T10:49:04.479+0000] {logging_mixin.py:188} INFO - [2026-04-29T10:49:04.479+0000] {dag.py:3954} INFO - Setting next_dagrun for ab_test_medallion_pipeline to 2026-04-29 00:00:00+00:00, run_after=2026-04-30 00:00:00+00:00
[2026-04-29T10:49:04.522+0000] {processor.py:183} INFO - Processing /opt/airflow/dags/pipeline_dag.py took 0.241 seconds
[2026-04-29T10:49:35.564+0000] {processor.py:161} INFO - Started process (PID=823) to work on /opt/airflow/dags/pipeline_dag.py
[2026-04-29T10:49:35.569+0000] {processor.py:830} INFO - Processing file /opt/airflow/dags/pipeline_dag.py for tasks to queue
[2026-04-29T10:49:35.572+0000] {logging_mixin.py:188} INFO - [2026-04-29T10:49:35.572+0000] {dagbag.py:545} INFO - Filling up the DagBag from /opt/airflow/dags/pipeline_dag.py
[2026-04-29T10:49:35.597+0000] {processor.py:840} INFO - DAG(s) 'ab_test_medallion_pipeline' retrieved from /opt/airflow/dags/pipeline_dag.py
[2026-04-29T10:49:35.666+0000] {logging_mixin.py:188} INFO - [2026-04-29T10:49:35.665+0000] {dag.py:3096} INFO - Sync 1 DAGs
[2026-04-29T10:49:35.722+0000] {logging_mixin.py:188} INFO - [2026-04-29T10:49:35.722+0000] {dag.py:3954} INFO - Setting next_dagrun for ab_test_medallion_pipeline to 2026-04-29 00:00:00+00:00, run_after=2026-04-30 00:00:00+00:00
[2026-04-29T10:49:35.779+0000] {processor.py:183} INFO - Processing /opt/airflow/dags/pipeline_dag.py took 0.225 seconds
[2026-04-29T10:50:06.578+0000] {processor.py:161} INFO - Started process (PID=828) to work on /opt/airflow/dags/pipeline_dag.py
[2026-04-29T10:50:06.585+0000] {processor.py:830} INFO - Processing file /opt/airflow/dags/pipeline_dag.py for tasks to queue
[2026-04-29T10:50:06.588+0000] {logging_mixin.py:188} INFO - [2026-04-29T10:50:06.588+0000] {dagbag.py:545} INFO - Filling up the DagBag from /opt/airflow/dags/pipeline_dag.py
[2026-04-29T10:50:06.612+0000] {processor.py:840} INFO - DAG(s) 'ab_test_medallion_pipeline' retrieved from /opt/airflow/dags/pipeline_dag.py
[2026-04-29T10:50:06.672+0000] {logging_mixin.py:188} INFO - [2026-04-29T10:50:06.672+0000] {dag.py:3096} INFO - Sync 1 DAGs
[2026-04-29T10:50:06.707+0000] {logging_mixin.py:188} INFO - [2026-04-29T10:50:06.707+0000] {dag.py:3954} INFO - Setting next_dagrun for ab_test_medallion_pipeline to 2026-04-29 00:00:00+00:00, run_after=2026-04-30 00:00:00+00:00
[2026-04-29T10:50:06.760+0000] {processor.py:183} INFO - Processing /opt/airflow/dags/pipeline_dag.py took 0.192 seconds
[2026-04-29T10:50:37.715+0000] {processor.py:161} INFO - Started process (PID=833) to work on /opt/airflow/dags/pipeline_dag.py
[2026-04-29T10:50:37.719+0000] {processor.py:830} INFO - Processing file /opt/airflow/dags/pipeline_dag.py for tasks to queue
[2026-04-29T10:50:37.722+0000] {logging_mixin.py:188} INFO - [2026-04-29T10:50:37.721+0000] {dagbag.py:545} INFO - Filling up the DagBag from /opt/airflow/dags/pipeline_dag.py
[2026-04-29T10:50:37.747+0000] {processor.py:840} INFO - DAG(s) 'ab_test_medallion_pipeline' retrieved from /opt/airflow/dags/pipeline_dag.py
[2026-04-29T10:50:37.817+0000] {logging_mixin.py:188} INFO - [2026-04-29T10:50:37.816+0000] {dag.py:3096} INFO - Sync 1 DAGs
[2026-04-29T10:50:37.865+0000] {logging_mixin.py:188} INFO - [2026-04-29T10:50:37.864+0000] {dag.py:3954} INFO - Setting next_dagrun for ab_test_medallion_pipeline to 2026-04-29 00:00:00+00:00, run_after=2026-04-30 00:00:00+00:00
[2026-04-29T10:50:37.907+0000] {processor.py:183} INFO - Processing /opt/airflow/dags/pipeline_dag.py took 0.203 seconds
[2026-04-29T10:51:08.673+0000] {processor.py:161} INFO - Started process (PID=838) to work on /opt/airflow/dags/pipeline_dag.py
[2026-04-29T10:51:08.678+0000] {processor.py:830} INFO - Processing file /opt/airflow/dags/pipeline_dag.py for tasks to queue
[2026-04-29T10:51:08.684+0000] {logging_mixin.py:188} INFO - [2026-04-29T10:51:08.683+0000] {dagbag.py:545} INFO - Filling up the DagBag from /opt/airflow/dags/pipeline_dag.py
[2026-04-29T10:51:08.723+0000] {processor.py:840} INFO - DAG(s) 'ab_test_medallion_pipeline' retrieved from /opt/airflow/dags/pipeline_dag.py
[2026-04-29T10:51:08.813+0000] {logging_mixin.py:188} INFO - [2026-04-29T10:51:08.813+0000] {dag.py:3096} INFO - Sync 1 DAGs
[2026-04-29T10:51:08.867+0000] {logging_mixin.py:188} INFO - [2026-04-29T10:51:08.867+0000] {dag.py:3954} INFO - Setting next_dagrun for ab_test_medallion_pipeline to 2026-04-29 00:00:00+00:00, run_after=2026-04-30 00:00:00+00:00
[2026-04-29T10:51:08.900+0000] {processor.py:183} INFO - Processing /opt/airflow/dags/pipeline_dag.py took 0.244 seconds
[2026-04-29T10:51:39.807+0000] {processor.py:161} INFO - Started process (PID=843) to work on /opt/airflow/dags/pipeline_dag.py
[2026-04-29T10:51:39.812+0000] {processor.py:830} INFO - Processing file /opt/airflow/dags/pipeline_dag.py for tasks to queue
[2026-04-29T10:51:39.815+0000] {logging_mixin.py:188} INFO - [2026-04-29T10:51:39.814+0000] {dagbag.py:545} INFO - Filling up the DagBag from /opt/airflow/dags/pipeline_dag.py
[2026-04-29T10:51:39.842+0000] {processor.py:840} INFO - DAG(s) 'ab_test_medallion_pipeline' retrieved from /opt/airflow/dags/pipeline_dag.py
[2026-04-29T10:51:39.909+0000] {logging_mixin.py:188} INFO - [2026-04-29T10:51:39.909+0000] {dag.py:3096} INFO - Sync 1 DAGs
[2026-04-29T10:51:39.957+0000] {logging_mixin.py:188} INFO - [2026-04-29T10:51:39.957+0000] {dag.py:3954} INFO - Setting next_dagrun for ab_test_medallion_pipeline to 2026-04-29 00:00:00+00:00, run_after=2026-04-30 00:00:00+00:00
[2026-04-29T10:51:39.993+0000] {processor.py:183} INFO - Processing /opt/airflow/dags/pipeline_dag.py took 0.196 seconds
[2026-04-29T10:52:10.843+0000] {processor.py:161} INFO - Started process (PID=848) to work on /opt/airflow/dags/pipeline_dag.py
[2026-04-29T10:52:10.845+0000] {processor.py:830} INFO - Processing file /opt/airflow/dags/pipeline_dag.py for tasks to queue
[2026-04-29T10:52:10.850+0000] {logging_mixin.py:188} INFO - [2026-04-29T10:52:10.849+0000] {dagbag.py:545} INFO - Filling up the DagBag from /opt/airflow/dags/pipeline_dag.py
[2026-04-29T10:52:10.877+0000] {processor.py:840} INFO - DAG(s) 'ab_test_medallion_pipeline' retrieved from /opt/airflow/dags/pipeline_dag.py
[2026-04-29T10:52:10.940+0000] {logging_mixin.py:188} INFO - [2026-04-29T10:52:10.940+0000] {dag.py:3096} INFO - Sync 1 DAGs
[2026-04-29T10:52:10.982+0000] {logging_mixin.py:188} INFO - [2026-04-29T10:52:10.982+0000] {dag.py:3954} INFO - Setting next_dagrun for ab_test_medallion_pipeline to 2026-04-29 00:00:00+00:00, run_after=2026-04-30 00:00:00+00:00
[2026-04-29T10:52:11.018+0000] {processor.py:183} INFO - Processing /opt/airflow/dags/pipeline_dag.py took 0.186 seconds
[2026-04-29T10:52:41.921+0000] {processor.py:161} INFO - Started process (PID=853) to work on /opt/airflow/dags/pipeline_dag.py
[2026-04-29T10:52:41.926+0000] {processor.py:830} INFO - Processing file /opt/airflow/dags/pipeline_dag.py for tasks to queue
[2026-04-29T10:52:41.931+0000] {logging_mixin.py:188} INFO - [2026-04-29T10:52:41.929+0000] {dagbag.py:545} INFO - Filling up the DagBag from /opt/airflow/dags/pipeline_dag.py
[2026-04-29T10:52:41.967+0000] {processor.py:840} INFO - DAG(s) 'ab_test_medallion_pipeline' retrieved from /opt/airflow/dags/pipeline_dag.py
[2026-04-29T10:52:42.035+0000] {logging_mixin.py:188} INFO - [2026-04-29T10:52:42.034+0000] {dag.py:3096} INFO - Sync 1 DAGs
[2026-04-29T10:52:42.100+0000] {logging_mixin.py:188} INFO - [2026-04-29T10:52:42.098+0000] {dag.py:3954} INFO - Setting next_dagrun for ab_test_medallion_pipeline to 2026-04-29 00:00:00+00:00, run_after=2026-04-30 00:00:00+00:00
[2026-04-29T10:52:42.150+0000] {processor.py:183} INFO - Processing /opt/airflow/dags/pipeline_dag.py took 0.242 seconds
[2026-04-29T10:53:12.907+0000] {processor.py:161} INFO - Started process (PID=858) to work on /opt/airflow/dags/pipeline_dag.py
[2026-04-29T10:53:12.909+0000] {processor.py:830} INFO - Processing file /opt/airflow/dags/pipeline_dag.py for tasks to queue
[2026-04-29T10:53:12.913+0000] {logging_mixin.py:188} INFO - [2026-04-29T10:53:12.912+0000] {dagbag.py:545} INFO - Filling up the DagBag from /opt/airflow/dags/pipeline_dag.py
[2026-04-29T10:53:12.946+0000] {processor.py:840} INFO - DAG(s) 'ab_test_medallion_pipeline' retrieved from /opt/airflow/dags/pipeline_dag.py
[2026-04-29T10:53:13.026+0000] {logging_mixin.py:188} INFO - [2026-04-29T10:53:13.026+0000] {dag.py:3096} INFO - Sync 1 DAGs
[2026-04-29T10:53:13.077+0000] {logging_mixin.py:188} INFO - [2026-04-29T10:53:13.077+0000] {dag.py:3954} INFO - Setting next_dagrun for ab_test_medallion_pipeline to 2026-04-29 00:00:00+00:00, run_after=2026-04-30 00:00:00+00:00
[2026-04-29T10:53:13.130+0000] {processor.py:183} INFO - Processing /opt/airflow/dags/pipeline_dag.py took 0.239 seconds
[2026-04-29T10:53:44.101+0000] {processor.py:161} INFO - Started process (PID=863) to work on /opt/airflow/dags/pipeline_dag.py
[2026-04-29T10:53:44.104+0000] {processor.py:830} INFO - Processing file /opt/airflow/dags/pipeline_dag.py for tasks to queue
[2026-04-29T10:53:44.110+0000] {logging_mixin.py:188} INFO - [2026-04-29T10:53:44.107+0000] {dagbag.py:545} INFO - Filling up the DagBag from /opt/airflow/dags/pipeline_dag.py
[2026-04-29T10:53:44.162+0000] {processor.py:840} INFO - DAG(s) 'ab_test_medallion_pipeline' retrieved from /opt/airflow/dags/pipeline_dag.py
[2026-04-29T10:53:44.289+0000] {logging_mixin.py:188} INFO - [2026-04-29T10:53:44.289+0000] {dag.py:3096} INFO - Sync 1 DAGs
[2026-04-29T10:53:44.450+0000] {logging_mixin.py:188} INFO - [2026-04-29T10:53:44.450+0000] {dag.py:3954} INFO - Setting next_dagrun for ab_test_medallion_pipeline to 2026-04-29 00:00:00+00:00, run_after=2026-04-30 00:00:00+00:00
[2026-04-29T10:53:44.542+0000] {processor.py:183} INFO - Processing /opt/airflow/dags/pipeline_dag.py took 0.462 seconds
[2026-04-29T10:54:15.139+0000] {processor.py:161} INFO - Started process (PID=868) to work on /opt/airflow/dags/pipeline_dag.py
[2026-04-29T10:54:15.141+0000] {processor.py:830} INFO - Processing file /opt/airflow/dags/pipeline_dag.py for tasks to queue
[2026-04-29T10:54:15.145+0000] {logging_mixin.py:188} INFO - [2026-04-29T10:54:15.144+0000] {dagbag.py:545} INFO - Filling up the DagBag from /opt/airflow/dags/pipeline_dag.py
[2026-04-29T10:54:15.173+0000] {processor.py:840} INFO - DAG(s) 'ab_test_medallion_pipeline' retrieved from /opt/airflow/dags/pipeline_dag.py
[2026-04-29T10:54:15.249+0000] {logging_mixin.py:188} INFO - [2026-04-29T10:54:15.249+0000] {dag.py:3096} INFO - Sync 1 DAGs
[2026-04-29T10:54:15.297+0000] {logging_mixin.py:188} INFO - [2026-04-29T10:54:15.297+0000] {dag.py:3954} INFO - Setting next_dagrun for ab_test_medallion_pipeline to 2026-04-29 00:00:00+00:00, run_after=2026-04-30 00:00:00+00:00
[2026-04-29T10:54:15.338+0000] {processor.py:183} INFO - Processing /opt/airflow/dags/pipeline_dag.py took 0.216 seconds
[2026-04-29T10:54:46.134+0000] {processor.py:161} INFO - Started process (PID=873) to work on /opt/airflow/dags/pipeline_dag.py
[2026-04-29T10:54:46.137+0000] {processor.py:830} INFO - Processing file /opt/airflow/dags/pipeline_dag.py for tasks to queue
[2026-04-29T10:54:46.150+0000] {logging_mixin.py:188} INFO - [2026-04-29T10:54:46.140+0000] {dagbag.py:545} INFO - Filling up the DagBag from /opt/airflow/dags/pipeline_dag.py
[2026-04-29T10:54:46.231+0000] {processor.py:840} INFO - DAG(s) 'ab_test_medallion_pipeline' retrieved from /opt/airflow/dags/pipeline_dag.py
[2026-04-29T10:54:46.404+0000] {logging_mixin.py:188} INFO - [2026-04-29T10:54:46.404+0000] {dag.py:3096} INFO - Sync 1 DAGs
[2026-04-29T10:54:46.659+0000] {logging_mixin.py:188} INFO - [2026-04-29T10:54:46.659+0000] {dag.py:3954} INFO - Setting next_dagrun for ab_test_medallion_pipeline to 2026-04-29 00:00:00+00:00, run_after=2026-04-30 00:00:00+00:00
[2026-04-29T10:54:46.759+0000] {processor.py:183} INFO - Processing /opt/airflow/dags/pipeline_dag.py took 0.662 seconds
[2026-04-29T10:55:17.292+0000] {processor.py:161} INFO - Started process (PID=878) to work on /opt/airflow/dags/pipeline_dag.py
[2026-04-29T10:55:17.294+0000] {processor.py:830} INFO - Processing file /opt/airflow/dags/pipeline_dag.py for tasks to queue
[2026-04-29T10:55:17.299+0000] {logging_mixin.py:188} INFO - [2026-04-29T10:55:17.298+0000] {dagbag.py:545} INFO - Filling up the DagBag from /opt/airflow/dags/pipeline_dag.py
[2026-04-29T10:55:17.327+0000] {processor.py:840} INFO - DAG(s) 'ab_test_medallion_pipeline' retrieved from /opt/airflow/dags/pipeline_dag.py
[2026-04-29T10:55:17.403+0000] {logging_mixin.py:188} INFO - [2026-04-29T10:55:17.402+0000] {dag.py:3096} INFO - Sync 1 DAGs
[2026-04-29T10:55:17.524+0000] {logging_mixin.py:188} INFO - [2026-04-29T10:55:17.523+0000] {dag.py:3954} INFO - Setting next_dagrun for ab_test_medallion_pipeline to 2026-04-29 00:00:00+00:00, run_after=2026-04-30 00:00:00+00:00
[2026-04-29T10:55:17.597+0000] {processor.py:183} INFO - Processing /opt/airflow/dags/pipeline_dag.py took 0.318 seconds
[2026-04-29T10:55:48.350+0000] {processor.py:161} INFO - Started process (PID=883) to work on /opt/airflow/dags/pipeline_dag.py
[2026-04-29T10:55:48.352+0000] {processor.py:830} INFO - Processing file /opt/airflow/dags/pipeline_dag.py for tasks to queue
[2026-04-29T10:55:48.357+0000] {logging_mixin.py:188} INFO - [2026-04-29T10:55:48.356+0000] {dagbag.py:545} INFO - Filling up the DagBag from /opt/airflow/dags/pipeline_dag.py
[2026-04-29T10:55:48.386+0000] {processor.py:840} INFO - DAG(s) 'ab_test_medallion_pipeline' retrieved from /opt/airflow/dags/pipeline_dag.py
[2026-04-29T10:55:48.480+0000] {logging_mixin.py:188} INFO - [2026-04-29T10:55:48.479+0000] {dag.py:3096} INFO - Sync 1 DAGs
[2026-04-29T10:55:48.556+0000] {logging_mixin.py:188} INFO - [2026-04-29T10:55:48.555+0000] {dag.py:3954} INFO - Setting next_dagrun for ab_test_medallion_pipeline to 2026-04-29 00:00:00+00:00, run_after=2026-04-30 00:00:00+00:00
[2026-04-29T10:55:48.603+0000] {processor.py:183} INFO - Processing /opt/airflow/dags/pipeline_dag.py took 0.268 seconds
[2026-04-29T10:56:19.635+0000] {processor.py:161} INFO - Started process (PID=888) to work on /opt/airflow/dags/pipeline_dag.py
[2026-04-29T10:56:19.636+0000] {processor.py:830} INFO - Processing file /opt/airflow/dags/pipeline_dag.py for tasks to queue
[2026-04-29T10:56:19.641+0000] {logging_mixin.py:188} INFO - [2026-04-29T10:56:19.640+0000] {dagbag.py:545} INFO - Filling up the DagBag from /opt/airflow/dags/pipeline_dag.py
[2026-04-29T10:56:19.680+0000] {processor.py:840} INFO - DAG(s) 'ab_test_medallion_pipeline' retrieved from /opt/airflow/dags/pipeline_dag.py
[2026-04-29T10:56:19.760+0000] {logging_mixin.py:188} INFO - [2026-04-29T10:56:19.760+0000] {dag.py:3096} INFO - Sync 1 DAGs
[2026-04-29T10:56:19.826+0000] {logging_mixin.py:188} INFO - [2026-04-29T10:56:19.826+0000] {dag.py:3954} INFO - Setting next_dagrun for ab_test_medallion_pipeline to 2026-04-29 00:00:00+00:00, run_after=2026-04-30 00:00:00+00:00
[2026-04-29T10:56:19.872+0000] {processor.py:183} INFO - Processing /opt/airflow/dags/pipeline_dag.py took 0.252 seconds
[2026-04-29T10:56:50.684+0000] {processor.py:161} INFO - Started process (PID=893) to work on /opt/airflow/dags/pipeline_dag.py
[2026-04-29T10:56:50.699+0000] {processor.py:830} INFO - Processing file /opt/airflow/dags/pipeline_dag.py for tasks to queue
[2026-04-29T10:56:50.713+0000] {logging_mixin.py:188} INFO - [2026-04-29T10:56:50.704+0000] {dagbag.py:545} INFO - Filling up the DagBag from /opt/airflow/dags/pipeline_dag.py
[2026-04-29T10:56:50.822+0000] {processor.py:840} INFO - DAG(s) 'ab_test_medallion_pipeline' retrieved from /opt/airflow/dags/pipeline_dag.py
[2026-04-29T10:56:51.012+0000] {logging_mixin.py:188} INFO - [2026-04-29T10:56:51.011+0000] {dag.py:3096} INFO - Sync 1 DAGs
[2026-04-29T10:56:51.174+0000] {logging_mixin.py:188} INFO - [2026-04-29T10:56:51.174+0000] {dag.py:3954} INFO - Setting next_dagrun for ab_test_medallion_pipeline to 2026-04-29 00:00:00+00:00, run_after=2026-04-30 00:00:00+00:00
[2026-04-29T10:56:51.286+0000] {processor.py:183} INFO - Processing /opt/airflow/dags/pipeline_dag.py took 0.644 seconds
[2026-04-29T10:57:21.859+0000] {processor.py:161} INFO - Started process (PID=898) to work on /opt/airflow/dags/pipeline_dag.py
[2026-04-29T10:57:21.860+0000] {processor.py:830} INFO - Processing file /opt/airflow/dags/pipeline_dag.py for tasks to queue
[2026-04-29T10:57:21.864+0000] {logging_mixin.py:188} INFO - [2026-04-29T10:57:21.863+0000] {dagbag.py:545} INFO - Filling up the DagBag from /opt/airflow/dags/pipeline_dag.py
[2026-04-29T10:57:21.913+0000] {processor.py:840} INFO - DAG(s) 'ab_test_medallion_pipeline' retrieved from /opt/airflow/dags/pipeline_dag.py
[2026-04-29T10:57:22.028+0000] {logging_mixin.py:188} INFO - [2026-04-29T10:57:22.027+0000] {dag.py:3096} INFO - Sync 1 DAGs
[2026-04-29T10:57:22.125+0000] {logging_mixin.py:188} INFO - [2026-04-29T10:57:22.124+0000] {dag.py:3954} INFO - Setting next_dagrun for ab_test_medallion_pipeline to 2026-04-29 00:00:00+00:00, run_after=2026-04-30 00:00:00+00:00
[2026-04-29T10:57:22.216+0000] {processor.py:183} INFO - Processing /opt/airflow/dags/pipeline_dag.py took 0.370 seconds
[2026-04-29T10:57:52.867+0000] {processor.py:161} INFO - Started process (PID=903) to work on /opt/airflow/dags/pipeline_dag.py
[2026-04-29T10:57:52.871+0000] {processor.py:830} INFO - Processing file /opt/airflow/dags/pipeline_dag.py for tasks to queue
[2026-04-29T10:57:52.874+0000] {logging_mixin.py:188} INFO - [2026-04-29T10:57:52.874+0000] {dagbag.py:545} INFO - Filling up the DagBag from /opt/airflow/dags/pipeline_dag.py
[2026-04-29T10:57:52.905+0000] {processor.py:840} INFO - DAG(s) 'ab_test_medallion_pipeline' retrieved from /opt/airflow/dags/pipeline_dag.py
[2026-04-29T10:57:52.984+0000] {logging_mixin.py:188} INFO - [2026-04-29T10:57:52.983+0000] {dag.py:3096} INFO - Sync 1 DAGs
[2026-04-29T10:57:53.029+0000] {logging_mixin.py:188} INFO - [2026-04-29T10:57:53.028+0000] {dag.py:3954} INFO - Setting next_dagrun for ab_test_medallion_pipeline to 2026-04-29 00:00:00+00:00, run_after=2026-04-30 00:00:00+00:00
[2026-04-29T10:57:53.070+0000] {processor.py:183} INFO - Processing /opt/airflow/dags/pipeline_dag.py took 0.216 seconds
[2026-04-29T10:58:23.817+0000] {processor.py:161} INFO - Started process (PID=908) to work on /opt/airflow/dags/pipeline_dag.py
[2026-04-29T10:58:23.818+0000] {processor.py:830} INFO - Processing file /opt/airflow/dags/pipeline_dag.py for tasks to queue
[2026-04-29T10:58:23.821+0000] {logging_mixin.py:188} INFO - [2026-04-29T10:58:23.820+0000] {dagbag.py:545} INFO - Filling up the DagBag from /opt/airflow/dags/pipeline_dag.py
[2026-04-29T10:58:23.842+0000] {processor.py:840} INFO - DAG(s) 'ab_test_medallion_pipeline' retrieved from /opt/airflow/dags/pipeline_dag.py
[2026-04-29T10:58:23.898+0000] {logging_mixin.py:188} INFO - [2026-04-29T10:58:23.898+0000] {dag.py:3096} INFO - Sync 1 DAGs
[2026-04-29T10:58:23.972+0000] {logging_mixin.py:188} INFO - [2026-04-29T10:58:23.971+0000] {dag.py:3954} INFO - Setting next_dagrun for ab_test_medallion_pipeline to 2026-04-29 00:00:00+00:00, run_after=2026-04-30 00:00:00+00:00
[2026-04-29T10:58:24.060+0000] {processor.py:183} INFO - Processing /opt/airflow/dags/pipeline_dag.py took 0.258 seconds
[2026-04-29T10:58:55.121+0000] {processor.py:161} INFO - Started process (PID=913) to work on /opt/airflow/dags/pipeline_dag.py
[2026-04-29T10:58:55.125+0000] {processor.py:830} INFO - Processing file /opt/airflow/dags/pipeline_dag.py for tasks to queue
[2026-04-29T10:58:55.129+0000] {logging_mixin.py:188} INFO - [2026-04-29T10:58:55.128+0000] {dagbag.py:545} INFO - Filling up the DagBag from /opt/airflow/dags/pipeline_dag.py
[2026-04-29T10:58:55.152+0000] {processor.py:840} INFO - DAG(s) 'ab_test_medallion_pipeline' retrieved from /opt/airflow/dags/pipeline_dag.py
[2026-04-29T10:58:55.205+0000] {logging_mixin.py:188} INFO - [2026-04-29T10:58:55.204+0000] {dag.py:3096} INFO - Sync 1 DAGs
[2026-04-29T10:58:55.249+0000] {logging_mixin.py:188} INFO - [2026-04-29T10:58:55.249+0000] {dag.py:3954} INFO - Setting next_dagrun for ab_test_medallion_pipeline to 2026-04-29 00:00:00+00:00, run_after=2026-04-30 00:00:00+00:00
[2026-04-29T10:58:55.291+0000] {processor.py:183} INFO - Processing /opt/airflow/dags/pipeline_dag.py took 0.179 seconds
[2026-04-29T10:59:25.436+0000] {processor.py:161} INFO - Started process (PID=918) to work on /opt/airflow/dags/pipeline_dag.py
[2026-04-29T10:59:25.438+0000] {processor.py:830} INFO - Processing file /opt/airflow/dags/pipeline_dag.py for tasks to queue
[2026-04-29T10:59:25.442+0000] {logging_mixin.py:188} INFO - [2026-04-29T10:59:25.441+0000] {dagbag.py:545} INFO - Filling up the DagBag from /opt/airflow/dags/pipeline_dag.py
[2026-04-29T10:59:25.468+0000] {processor.py:840} INFO - DAG(s) 'ab_test_medallion_pipeline' retrieved from /opt/airflow/dags/pipeline_dag.py
[2026-04-29T10:59:25.515+0000] {logging_mixin.py:188} INFO - [2026-04-29T10:59:25.515+0000] {dag.py:3096} INFO - Sync 1 DAGs
[2026-04-29T10:59:25.551+0000] {logging_mixin.py:188} INFO - [2026-04-29T10:59:25.551+0000] {dag.py:3954} INFO - Setting next_dagrun for ab_test_medallion_pipeline to 2026-04-29 00:00:00+00:00, run_after=2026-04-30 00:00:00+00:00
[2026-04-29T10:59:25.592+0000] {processor.py:183} INFO - Processing /opt/airflow/dags/pipeline_dag.py took 0.174 seconds
[2026-04-29T10:59:56.485+0000] {processor.py:161} INFO - Started process (PID=923) to work on /opt/airflow/dags/pipeline_dag.py
[2026-04-29T10:59:56.488+0000] {processor.py:830} INFO - Processing file /opt/airflow/dags/pipeline_dag.py for tasks to queue
[2026-04-29T10:59:56.491+0000] {logging_mixin.py:188} INFO - [2026-04-29T10:59:56.491+0000] {dagbag.py:545} INFO - Filling up the DagBag from /opt/airflow/dags/pipeline_dag.py
[2026-04-29T10:59:56.512+0000] {processor.py:840} INFO - DAG(s) 'ab_test_medallion_pipeline' retrieved from /opt/airflow/dags/pipeline_dag.py
[2026-04-29T10:59:56.557+0000] {logging_mixin.py:188} INFO - [2026-04-29T10:59:56.557+0000] {dag.py:3096} INFO - Sync 1 DAGs
[2026-04-29T10:59:56.605+0000] {logging_mixin.py:188} INFO - [2026-04-29T10:59:56.605+0000] {dag.py:3954} INFO - Setting next_dagrun for ab_test_medallion_pipeline to 2026-04-29 00:00:00+00:00, run_after=2026-04-30 00:00:00+00:00
[2026-04-29T10:59:56.633+0000] {processor.py:183} INFO - Processing /opt/airflow/dags/pipeline_dag.py took 0.159 seconds
[2026-04-29T11:00:27.643+0000] {processor.py:161} INFO - Started process (PID=928) to work on /opt/airflow/dags/pipeline_dag.py
[2026-04-29T11:00:27.645+0000] {processor.py:830} INFO - Processing file /opt/airflow/dags/pipeline_dag.py for tasks to queue
[2026-04-29T11:00:27.651+0000] {logging_mixin.py:188} INFO - [2026-04-29T11:00:27.650+0000] {dagbag.py:545} INFO - Filling up the DagBag from /opt/airflow/dags/pipeline_dag.py
[2026-04-29T11:00:27.686+0000] {processor.py:840} INFO - DAG(s) 'ab_test_medallion_pipeline' retrieved from /opt/airflow/dags/pipeline_dag.py
[2026-04-29T11:00:27.729+0000] {logging_mixin.py:188} INFO - [2026-04-29T11:00:27.729+0000] {dag.py:3096} INFO - Sync 1 DAGs
[2026-04-29T11:00:27.761+0000] {logging_mixin.py:188} INFO - [2026-04-29T11:00:27.761+0000] {dag.py:3954} INFO - Setting next_dagrun for ab_test_medallion_pipeline to 2026-04-29 00:00:00+00:00, run_after=2026-04-30 00:00:00+00:00
[2026-04-29T11:00:27.787+0000] {processor.py:183} INFO - Processing /opt/airflow/dags/pipeline_dag.py took 0.158 seconds
[2026-04-29T11:00:57.852+0000] {processor.py:161} INFO - Started process (PID=933) to work on /opt/airflow/dags/pipeline_dag.py
[2026-04-29T11:00:57.856+0000] {processor.py:830} INFO - Processing file /opt/airflow/dags/pipeline_dag.py for tasks to queue
[2026-04-29T11:00:57.862+0000] {logging_mixin.py:188} INFO - [2026-04-29T11:00:57.861+0000] {dagbag.py:545} INFO - Filling up the DagBag from /opt/airflow/dags/pipeline_dag.py
[2026-04-29T11:00:57.893+0000] {processor.py:840} INFO - DAG(s) 'ab_test_medallion_pipeline' retrieved from /opt/airflow/dags/pipeline_dag.py
[2026-04-29T11:00:57.955+0000] {logging_mixin.py:188} INFO - [2026-04-29T11:00:57.954+0000] {dag.py:3096} INFO - Sync 1 DAGs
[2026-04-29T11:00:58.002+0000] {logging_mixin.py:188} INFO - [2026-04-29T11:00:58.001+0000] {dag.py:3954} INFO - Setting next_dagrun for ab_test_medallion_pipeline to 2026-04-29 00:00:00+00:00, run_after=2026-04-30 00:00:00+00:00
[2026-04-29T11:00:58.049+0000] {processor.py:183} INFO - Processing /opt/airflow/dags/pipeline_dag.py took 0.213 seconds
[2026-04-29T11:01:28.132+0000] {processor.py:161} INFO - Started process (PID=938) to work on /opt/airflow/dags/pipeline_dag.py
[2026-04-29T11:01:28.134+0000] {processor.py:830} INFO - Processing file /opt/airflow/dags/pipeline_dag.py for tasks to queue
[2026-04-29T11:01:28.139+0000] {logging_mixin.py:188} INFO - [2026-04-29T11:01:28.138+0000] {dagbag.py:545} INFO - Filling up the DagBag from /opt/airflow/dags/pipeline_dag.py
[2026-04-29T11:01:28.167+0000] {processor.py:840} INFO - DAG(s) 'ab_test_medallion_pipeline' retrieved from /opt/airflow/dags/pipeline_dag.py
[2026-04-29T11:01:28.216+0000] {logging_mixin.py:188} INFO - [2026-04-29T11:01:28.215+0000] {dag.py:3096} INFO - Sync 1 DAGs
[2026-04-29T11:01:28.259+0000] {logging_mixin.py:188} INFO - [2026-04-29T11:01:28.259+0000] {dag.py:3954} INFO - Setting next_dagrun for ab_test_medallion_pipeline to 2026-04-29 00:00:00+00:00, run_after=2026-04-30 00:00:00+00:00
[2026-04-29T11:01:28.306+0000] {processor.py:183} INFO - Processing /opt/airflow/dags/pipeline_dag.py took 0.188 seconds
[2026-04-29T11:01:59.083+0000] {processor.py:161} INFO - Started process (PID=943) to work on /opt/airflow/dags/pipeline_dag.py
[2026-04-29T11:01:59.084+0000] {processor.py:830} INFO - Processing file /opt/airflow/dags/pipeline_dag.py for tasks to queue
[2026-04-29T11:01:59.088+0000] {logging_mixin.py:188} INFO - [2026-04-29T11:01:59.087+0000] {dagbag.py:545} INFO - Filling up the DagBag from /opt/airflow/dags/pipeline_dag.py
[2026-04-29T11:01:59.108+0000] {processor.py:840} INFO - DAG(s) 'ab_test_medallion_pipeline' retrieved from /opt/airflow/dags/pipeline_dag.py
[2026-04-29T11:01:59.159+0000] {logging_mixin.py:188} INFO - [2026-04-29T11:01:59.159+0000] {dag.py:3096} INFO - Sync 1 DAGs
[2026-04-29T11:01:59.197+0000] {logging_mixin.py:188} INFO - [2026-04-29T11:01:59.196+0000] {dag.py:3954} INFO - Setting next_dagrun for ab_test_medallion_pipeline to 2026-04-29 00:00:00+00:00, run_after=2026-04-30 00:00:00+00:00
[2026-04-29T11:01:59.241+0000] {processor.py:183} INFO - Processing /opt/airflow/dags/pipeline_dag.py took 0.166 seconds
[2026-04-29T11:02:30.048+0000] {processor.py:161} INFO - Started process (PID=948) to work on /opt/airflow/dags/pipeline_dag.py
[2026-04-29T11:02:30.049+0000] {processor.py:830} INFO - Processing file /opt/airflow/dags/pipeline_dag.py for tasks to queue
[2026-04-29T11:02:30.055+0000] {logging_mixin.py:188} INFO - [2026-04-29T11:02:30.054+0000] {dagbag.py:545} INFO - Filling up the DagBag from /opt/airflow/dags/pipeline_dag.py
[2026-04-29T11:02:30.087+0000] {processor.py:840} INFO - DAG(s) 'ab_test_medallion_pipeline' retrieved from /opt/airflow/dags/pipeline_dag.py
[2026-04-29T11:02:30.156+0000] {logging_mixin.py:188} INFO - [2026-04-29T11:02:30.156+0000] {dag.py:3096} INFO - Sync 1 DAGs
[2026-04-29T11:02:30.253+0000] {logging_mixin.py:188} INFO - [2026-04-29T11:02:30.252+0000] {dag.py:3954} INFO - Setting next_dagrun for ab_test_medallion_pipeline to 2026-04-29 00:00:00+00:00, run_after=2026-04-30 00:00:00+00:00
[2026-04-29T11:02:30.319+0000] {processor.py:183} INFO - Processing /opt/airflow/dags/pipeline_dag.py took 0.294 seconds
[2026-04-29T11:03:01.152+0000] {processor.py:161} INFO - Started process (PID=953) to work on /opt/airflow/dags/pipeline_dag.py
[2026-04-29T11:03:01.154+0000] {processor.py:830} INFO - Processing file /opt/airflow/dags/pipeline_dag.py for tasks to queue
[2026-04-29T11:03:01.156+0000] {logging_mixin.py:188} INFO - [2026-04-29T11:03:01.156+0000] {dagbag.py:545} INFO - Filling up the DagBag from /opt/airflow/dags/pipeline_dag.py
[2026-04-29T11:03:01.177+0000] {processor.py:840} INFO - DAG(s) 'ab_test_medallion_pipeline' retrieved from /opt/airflow/dags/pipeline_dag.py
[2026-04-29T11:03:01.297+0000] {logging_mixin.py:188} INFO - [2026-04-29T11:03:01.296+0000] {dag.py:3096} INFO - Sync 1 DAGs
[2026-04-29T11:03:01.456+0000] {logging_mixin.py:188} INFO - [2026-04-29T11:03:01.456+0000] {dag.py:3954} INFO - Setting next_dagrun for ab_test_medallion_pipeline to 2026-04-29 00:00:00+00:00, run_after=2026-04-30 00:00:00+00:00
[2026-04-29T11:03:01.517+0000] {processor.py:183} INFO - Processing /opt/airflow/dags/pipeline_dag.py took 0.380 seconds
[2026-04-29T11:03:32.392+0000] {processor.py:161} INFO - Started process (PID=958) to work on /opt/airflow/dags/pipeline_dag.py
[2026-04-29T11:03:32.393+0000] {processor.py:830} INFO - Processing file /opt/airflow/dags/pipeline_dag.py for tasks to queue
[2026-04-29T11:03:32.408+0000] {logging_mixin.py:188} INFO - [2026-04-29T11:03:32.406+0000] {dagbag.py:545} INFO - Filling up the DagBag from /opt/airflow/dags/pipeline_dag.py
[2026-04-29T11:03:32.485+0000] {processor.py:840} INFO - DAG(s) 'ab_test_medallion_pipeline' retrieved from /opt/airflow/dags/pipeline_dag.py
[2026-04-29T11:03:32.649+0000] {logging_mixin.py:188} INFO - [2026-04-29T11:03:32.649+0000] {dag.py:3096} INFO - Sync 1 DAGs
[2026-04-29T11:03:32.807+0000] {logging_mixin.py:188} INFO - [2026-04-29T11:03:32.807+0000] {dag.py:3954} INFO - Setting next_dagrun for ab_test_medallion_pipeline to 2026-04-29 00:00:00+00:00, run_after=2026-04-30 00:00:00+00:00
[2026-04-29T11:03:32.925+0000] {processor.py:183} INFO - Processing /opt/airflow/dags/pipeline_dag.py took 0.565 seconds
[2026-04-29T11:04:03.056+0000] {processor.py:161} INFO - Started process (PID=963) to work on /opt/airflow/dags/pipeline_dag.py
[2026-04-29T11:04:03.058+0000] {processor.py:830} INFO - Processing file /opt/airflow/dags/pipeline_dag.py for tasks to queue
[2026-04-29T11:04:03.062+0000] {logging_mixin.py:188} INFO - [2026-04-29T11:04:03.061+0000] {dagbag.py:545} INFO - Filling up the DagBag from /opt/airflow/dags/pipeline_dag.py
[2026-04-29T11:04:03.099+0000] {processor.py:840} INFO - DAG(s) 'ab_test_medallion_pipeline' retrieved from /opt/airflow/dags/pipeline_dag.py
[2026-04-29T11:04:03.159+0000] {logging_mixin.py:188} INFO - [2026-04-29T11:04:03.159+0000] {dag.py:3096} INFO - Sync 1 DAGs
[2026-04-29T11:04:03.237+0000] {logging_mixin.py:188} INFO - [2026-04-29T11:04:03.236+0000] {dag.py:3954} INFO - Setting next_dagrun for ab_test_medallion_pipeline to 2026-04-29 00:00:00+00:00, run_after=2026-04-30 00:00:00+00:00
[2026-04-29T11:04:03.327+0000] {processor.py:183} INFO - Processing /opt/airflow/dags/pipeline_dag.py took 0.314 seconds
[2026-04-29T11:04:34.205+0000] {processor.py:161} INFO - Started process (PID=968) to work on /opt/airflow/dags/pipeline_dag.py
[2026-04-29T11:04:34.208+0000] {processor.py:830} INFO - Processing file /opt/airflow/dags/pipeline_dag.py for tasks to queue
[2026-04-29T11:04:34.224+0000] {logging_mixin.py:188} INFO - [2026-04-29T11:04:34.222+0000] {dagbag.py:545} INFO - Filling up the DagBag from /opt/airflow/dags/pipeline_dag.py
[2026-04-29T11:04:34.317+0000] {processor.py:840} INFO - DAG(s) 'ab_test_medallion_pipeline' retrieved from /opt/airflow/dags/pipeline_dag.py
[2026-04-29T11:04:34.461+0000] {logging_mixin.py:188} INFO - [2026-04-29T11:04:34.461+0000] {dag.py:3096} INFO - Sync 1 DAGs
[2026-04-29T11:04:34.631+0000] {logging_mixin.py:188} INFO - [2026-04-29T11:04:34.630+0000] {dag.py:3954} INFO - Setting next_dagrun for ab_test_medallion_pipeline to 2026-04-29 00:00:00+00:00, run_after=2026-04-30 00:00:00+00:00
[2026-04-29T11:04:34.718+0000] {processor.py:183} INFO - Processing /opt/airflow/dags/pipeline_dag.py took 0.551 seconds
[2026-04-29T11:05:04.898+0000] {processor.py:161} INFO - Started process (PID=973) to work on /opt/airflow/dags/pipeline_dag.py
[2026-04-29T11:05:04.900+0000] {processor.py:830} INFO - Processing file /opt/airflow/dags/pipeline_dag.py for tasks to queue
[2026-04-29T11:05:04.903+0000] {logging_mixin.py:188} INFO - [2026-04-29T11:05:04.903+0000] {dagbag.py:545} INFO - Filling up the DagBag from /opt/airflow/dags/pipeline_dag.py
[2026-04-29T11:05:04.934+0000] {processor.py:840} INFO - DAG(s) 'ab_test_medallion_pipeline' retrieved from /opt/airflow/dags/pipeline_dag.py
[2026-04-29T11:05:05.048+0000] {logging_mixin.py:188} INFO - [2026-04-29T11:05:05.047+0000] {dag.py:3096} INFO - Sync 1 DAGs
[2026-04-29T11:05:05.171+0000] {logging_mixin.py:188} INFO - [2026-04-29T11:05:05.171+0000] {dag.py:3954} INFO - Setting next_dagrun for ab_test_medallion_pipeline to 2026-04-29 00:00:00+00:00, run_after=2026-04-30 00:00:00+00:00
[2026-04-29T11:05:05.275+0000] {processor.py:183} INFO - Processing /opt/airflow/dags/pipeline_dag.py took 0.410 seconds
[2026-04-29T11:05:35.886+0000] {processor.py:161} INFO - Started process (PID=978) to work on /opt/airflow/dags/pipeline_dag.py
[2026-04-29T11:05:35.887+0000] {processor.py:830} INFO - Processing file /opt/airflow/dags/pipeline_dag.py for tasks to queue
[2026-04-29T11:05:35.890+0000] {logging_mixin.py:188} INFO - [2026-04-29T11:05:35.889+0000] {dagbag.py:545} INFO - Filling up the DagBag from /opt/airflow/dags/pipeline_dag.py
[2026-04-29T11:05:35.913+0000] {processor.py:840} INFO - DAG(s) 'ab_test_medallion_pipeline' retrieved from /opt/airflow/dags/pipeline_dag.py
[2026-04-29T11:05:35.983+0000] {logging_mixin.py:188} INFO - [2026-04-29T11:05:35.982+0000] {dag.py:3096} INFO - Sync 1 DAGs
[2026-04-29T11:05:36.038+0000] {logging_mixin.py:188} INFO - [2026-04-29T11:05:36.038+0000] {dag.py:3954} INFO - Setting next_dagrun for ab_test_medallion_pipeline to 2026-04-29 00:00:00+00:00, run_after=2026-04-30 00:00:00+00:00
[2026-04-29T11:05:36.084+0000] {processor.py:183} INFO - Processing /opt/airflow/dags/pipeline_dag.py took 0.207 seconds
[2026-04-29T11:06:06.226+0000] {processor.py:161} INFO - Started process (PID=983) to work on /opt/airflow/dags/pipeline_dag.py
[2026-04-29T11:06:06.235+0000] {processor.py:830} INFO - Processing file /opt/airflow/dags/pipeline_dag.py for tasks to queue
[2026-04-29T11:06:06.244+0000] {logging_mixin.py:188} INFO - [2026-04-29T11:06:06.241+0000] {dagbag.py:545} INFO - Filling up the DagBag from /opt/airflow/dags/pipeline_dag.py
[2026-04-29T11:06:06.318+0000] {processor.py:840} INFO - DAG(s) 'ab_test_medallion_pipeline' retrieved from /opt/airflow/dags/pipeline_dag.py
[2026-04-29T11:06:06.463+0000] {logging_mixin.py:188} INFO - [2026-04-29T11:06:06.462+0000] {dag.py:3096} INFO - Sync 1 DAGs
[2026-04-29T11:06:06.573+0000] {logging_mixin.py:188} INFO - [2026-04-29T11:06:06.573+0000] {dag.py:3954} INFO - Setting next_dagrun for ab_test_medallion_pipeline to 2026-04-29 00:00:00+00:00, run_after=2026-04-30 00:00:00+00:00
[2026-04-29T11:06:06.652+0000] {processor.py:183} INFO - Processing /opt/airflow/dags/pipeline_dag.py took 0.463 seconds
[2026-04-29T11:06:36.799+0000] {processor.py:161} INFO - Started process (PID=988) to work on /opt/airflow/dags/pipeline_dag.py
[2026-04-29T11:06:36.812+0000] {processor.py:830} INFO - Processing file /opt/airflow/dags/pipeline_dag.py for tasks to queue
[2026-04-29T11:06:36.830+0000] {logging_mixin.py:188} INFO - [2026-04-29T11:06:36.828+0000] {dagbag.py:545} INFO - Filling up the DagBag from /opt/airflow/dags/pipeline_dag.py
[2026-04-29T11:06:36.926+0000] {processor.py:840} INFO - DAG(s) 'ab_test_medallion_pipeline' retrieved from /opt/airflow/dags/pipeline_dag.py
[2026-04-29T11:06:37.150+0000] {logging_mixin.py:188} INFO - [2026-04-29T11:06:37.149+0000] {dag.py:3096} INFO - Sync 1 DAGs
[2026-04-29T11:06:37.286+0000] {logging_mixin.py:188} INFO - [2026-04-29T11:06:37.285+0000] {dag.py:3954} INFO - Setting next_dagrun for ab_test_medallion_pipeline to 2026-04-29 00:00:00+00:00, run_after=2026-04-30 00:00:00+00:00
[2026-04-29T11:06:37.370+0000] {processor.py:183} INFO - Processing /opt/airflow/dags/pipeline_dag.py took 0.619 seconds
[2026-04-29T11:07:08.347+0000] {processor.py:161} INFO - Started process (PID=993) to work on /opt/airflow/dags/pipeline_dag.py
[2026-04-29T11:07:08.351+0000] {processor.py:830} INFO - Processing file /opt/airflow/dags/pipeline_dag.py for tasks to queue
[2026-04-29T11:07:08.354+0000] {logging_mixin.py:188} INFO - [2026-04-29T11:07:08.354+0000] {dagbag.py:545} INFO - Filling up the DagBag from /opt/airflow/dags/pipeline_dag.py
[2026-04-29T11:07:08.389+0000] {processor.py:840} INFO - DAG(s) 'ab_test_medallion_pipeline' retrieved from /opt/airflow/dags/pipeline_dag.py
[2026-04-29T11:07:08.493+0000] {logging_mixin.py:188} INFO - [2026-04-29T11:07:08.492+0000] {dag.py:3096} INFO - Sync 1 DAGs
[2026-04-29T11:07:08.577+0000] {logging_mixin.py:188} INFO - [2026-04-29T11:07:08.576+0000] {dag.py:3954} INFO - Setting next_dagrun for ab_test_medallion_pipeline to 2026-04-29 00:00:00+00:00, run_after=2026-04-30 00:00:00+00:00
[2026-04-29T11:07:08.621+0000] {processor.py:183} INFO - Processing /opt/airflow/dags/pipeline_dag.py took 0.292 seconds
[2026-04-29T11:07:39.442+0000] {processor.py:161} INFO - Started process (PID=998) to work on /opt/airflow/dags/pipeline_dag.py
[2026-04-29T11:07:39.444+0000] {processor.py:830} INFO - Processing file /opt/airflow/dags/pipeline_dag.py for tasks to queue
[2026-04-29T11:07:39.450+0000] {logging_mixin.py:188} INFO - [2026-04-29T11:07:39.449+0000] {dagbag.py:545} INFO - Filling up the DagBag from /opt/airflow/dags/pipeline_dag.py
[2026-04-29T11:07:39.493+0000] {processor.py:840} INFO - DAG(s) 'ab_test_medallion_pipeline' retrieved from /opt/airflow/dags/pipeline_dag.py
[2026-04-29T11:07:39.567+0000] {logging_mixin.py:188} INFO - [2026-04-29T11:07:39.566+0000] {dag.py:3096} INFO - Sync 1 DAGs
[2026-04-29T11:07:39.641+0000] {logging_mixin.py:188} INFO - [2026-04-29T11:07:39.640+0000] {dag.py:3954} INFO - Setting next_dagrun for ab_test_medallion_pipeline to 2026-04-29 00:00:00+00:00, run_after=2026-04-30 00:00:00+00:00
[2026-04-29T11:07:39.703+0000] {processor.py:183} INFO - Processing /opt/airflow/dags/pipeline_dag.py took 0.276 seconds
[2026-04-29T11:08:09.842+0000] {processor.py:161} INFO - Started process (PID=1003) to work on /opt/airflow/dags/pipeline_dag.py
[2026-04-29T11:08:09.855+0000] {processor.py:830} INFO - Processing file /opt/airflow/dags/pipeline_dag.py for tasks to queue
[2026-04-29T11:08:09.859+0000] {logging_mixin.py:188} INFO - [2026-04-29T11:08:09.858+0000] {dagbag.py:545} INFO - Filling up the DagBag from /opt/airflow/dags/pipeline_dag.py
[2026-04-29T11:08:09.918+0000] {processor.py:840} INFO - DAG(s) 'ab_test_medallion_pipeline' retrieved from /opt/airflow/dags/pipeline_dag.py
[2026-04-29T11:08:10.049+0000] {logging_mixin.py:188} INFO - [2026-04-29T11:08:10.048+0000] {dag.py:3096} INFO - Sync 1 DAGs
[2026-04-29T11:08:10.204+0000] {logging_mixin.py:188} INFO - [2026-04-29T11:08:10.203+0000] {dag.py:3954} INFO - Setting next_dagrun for ab_test_medallion_pipeline to 2026-04-29 00:00:00+00:00, run_after=2026-04-30 00:00:00+00:00
[2026-04-29T11:08:10.313+0000] {processor.py:183} INFO - Processing /opt/airflow/dags/pipeline_dag.py took 0.491 seconds
[2026-04-29T11:08:40.864+0000] {processor.py:161} INFO - Started process (PID=1008) to work on /opt/airflow/dags/pipeline_dag.py
[2026-04-29T11:08:40.866+0000] {processor.py:830} INFO - Processing file /opt/airflow/dags/pipeline_dag.py for tasks to queue
[2026-04-29T11:08:40.871+0000] {logging_mixin.py:188} INFO - [2026-04-29T11:08:40.870+0000] {dagbag.py:545} INFO - Filling up the DagBag from /opt/airflow/dags/pipeline_dag.py
[2026-04-29T11:08:40.918+0000] {processor.py:840} INFO - DAG(s) 'ab_test_medallion_pipeline' retrieved from /opt/airflow/dags/pipeline_dag.py
[2026-04-29T11:08:41.025+0000] {logging_mixin.py:188} INFO - [2026-04-29T11:08:41.025+0000] {dag.py:3096} INFO - Sync 1 DAGs
[2026-04-29T11:08:41.124+0000] {logging_mixin.py:188} INFO - [2026-04-29T11:08:41.124+0000] {dag.py:3954} INFO - Setting next_dagrun for ab_test_medallion_pipeline to 2026-04-29 00:00:00+00:00, run_after=2026-04-30 00:00:00+00:00
[2026-04-29T11:08:41.201+0000] {processor.py:183} INFO - Processing /opt/airflow/dags/pipeline_dag.py took 0.359 seconds
[2026-04-29T11:09:11.371+0000] {processor.py:161} INFO - Started process (PID=1013) to work on /opt/airflow/dags/pipeline_dag.py
[2026-04-29T11:09:11.387+0000] {processor.py:830} INFO - Processing file /opt/airflow/dags/pipeline_dag.py for tasks to queue
[2026-04-29T11:09:11.402+0000] {logging_mixin.py:188} INFO - [2026-04-29T11:09:11.390+0000] {dagbag.py:545} INFO - Filling up the DagBag from /opt/airflow/dags/pipeline_dag.py
[2026-04-29T11:09:11.497+0000] {processor.py:840} INFO - DAG(s) 'ab_test_medallion_pipeline' retrieved from /opt/airflow/dags/pipeline_dag.py
[2026-04-29T11:09:11.667+0000] {logging_mixin.py:188} INFO - [2026-04-29T11:09:11.667+0000] {dag.py:3096} INFO - Sync 1 DAGs
[2026-04-29T11:09:11.865+0000] {logging_mixin.py:188} INFO - [2026-04-29T11:09:11.865+0000] {dag.py:3954} INFO - Setting next_dagrun for ab_test_medallion_pipeline to 2026-04-29 00:00:00+00:00, run_after=2026-04-30 00:00:00+00:00
[2026-04-29T11:09:11.985+0000] {processor.py:183} INFO - Processing /opt/airflow/dags/pipeline_dag.py took 0.648 seconds
[2026-04-29T11:09:42.203+0000] {processor.py:161} INFO - Started process (PID=1018) to work on /opt/airflow/dags/pipeline_dag.py
[2026-04-29T11:09:42.205+0000] {processor.py:830} INFO - Processing file /opt/airflow/dags/pipeline_dag.py for tasks to queue
[2026-04-29T11:09:42.221+0000] {logging_mixin.py:188} INFO - [2026-04-29T11:09:42.220+0000] {dagbag.py:545} INFO - Filling up the DagBag from /opt/airflow/dags/pipeline_dag.py
[2026-04-29T11:09:42.331+0000] {processor.py:840} INFO - DAG(s) 'ab_test_medallion_pipeline' retrieved from /opt/airflow/dags/pipeline_dag.py
[2026-04-29T11:09:42.456+0000] {logging_mixin.py:188} INFO - [2026-04-29T11:09:42.455+0000] {dag.py:3096} INFO - Sync 1 DAGs
[2026-04-29T11:09:42.537+0000] {logging_mixin.py:188} INFO - [2026-04-29T11:09:42.536+0000] {dag.py:3954} INFO - Setting next_dagrun for ab_test_medallion_pipeline to 2026-04-29 00:00:00+00:00, run_after=2026-04-30 00:00:00+00:00
[2026-04-29T11:09:42.630+0000] {processor.py:183} INFO - Processing /opt/airflow/dags/pipeline_dag.py took 0.471 seconds
[2026-04-29T11:10:13.136+0000] {processor.py:161} INFO - Started process (PID=1023) to work on /opt/airflow/dags/pipeline_dag.py
[2026-04-29T11:10:13.141+0000] {processor.py:830} INFO - Processing file /opt/airflow/dags/pipeline_dag.py for tasks to queue
[2026-04-29T11:10:13.146+0000] {logging_mixin.py:188} INFO - [2026-04-29T11:10:13.145+0000] {dagbag.py:545} INFO - Filling up the DagBag from /opt/airflow/dags/pipeline_dag.py
[2026-04-29T11:10:13.171+0000] {processor.py:840} INFO - DAG(s) 'ab_test_medallion_pipeline' retrieved from /opt/airflow/dags/pipeline_dag.py
[2026-04-29T11:10:13.234+0000] {logging_mixin.py:188} INFO - [2026-04-29T11:10:13.234+0000] {dag.py:3096} INFO - Sync 1 DAGs
[2026-04-29T11:10:13.279+0000] {logging_mixin.py:188} INFO - [2026-04-29T11:10:13.278+0000] {dag.py:3954} INFO - Setting next_dagrun for ab_test_medallion_pipeline to 2026-04-29 00:00:00+00:00, run_after=2026-04-30 00:00:00+00:00
[2026-04-29T11:10:13.345+0000] {processor.py:183} INFO - Processing /opt/airflow/dags/pipeline_dag.py took 0.228 seconds
[2026-04-29T11:10:44.141+0000] {processor.py:161} INFO - Started process (PID=1028) to work on /opt/airflow/dags/pipeline_dag.py
[2026-04-29T11:10:44.143+0000] {processor.py:830} INFO - Processing file /opt/airflow/dags/pipeline_dag.py for tasks to queue
[2026-04-29T11:10:44.146+0000] {logging_mixin.py:188} INFO - [2026-04-29T11:10:44.145+0000] {dagbag.py:545} INFO - Filling up the DagBag from /opt/airflow/dags/pipeline_dag.py
[2026-04-29T11:10:44.186+0000] {processor.py:840} INFO - DAG(s) 'ab_test_medallion_pipeline' retrieved from /opt/airflow/dags/pipeline_dag.py
[2026-04-29T11:10:44.289+0000] {logging_mixin.py:188} INFO - [2026-04-29T11:10:44.288+0000] {dag.py:3096} INFO - Sync 1 DAGs
[2026-04-29T11:10:44.348+0000] {logging_mixin.py:188} INFO - [2026-04-29T11:10:44.347+0000] {dag.py:3954} INFO - Setting next_dagrun for ab_test_medallion_pipeline to 2026-04-29 00:00:00+00:00, run_after=2026-04-30 00:00:00+00:00
[2026-04-29T11:10:44.401+0000] {processor.py:183} INFO - Processing /opt/airflow/dags/pipeline_dag.py took 0.273 seconds
[2026-04-29T11:11:15.384+0000] {processor.py:161} INFO - Started process (PID=1033) to work on /opt/airflow/dags/pipeline_dag.py
[2026-04-29T11:11:15.388+0000] {processor.py:830} INFO - Processing file /opt/airflow/dags/pipeline_dag.py for tasks to queue
[2026-04-29T11:11:15.393+0000] {logging_mixin.py:188} INFO - [2026-04-29T11:11:15.392+0000] {dagbag.py:545} INFO - Filling up the DagBag from /opt/airflow/dags/pipeline_dag.py
[2026-04-29T11:11:15.422+0000] {processor.py:840} INFO - DAG(s) 'ab_test_medallion_pipeline' retrieved from /opt/airflow/dags/pipeline_dag.py
[2026-04-29T11:11:15.482+0000] {logging_mixin.py:188} INFO - [2026-04-29T11:11:15.482+0000] {dag.py:3096} INFO - Sync 1 DAGs
[2026-04-29T11:11:15.535+0000] {logging_mixin.py:188} INFO - [2026-04-29T11:11:15.535+0000] {dag.py:3954} INFO - Setting next_dagrun for ab_test_medallion_pipeline to 2026-04-29 00:00:00+00:00, run_after=2026-04-30 00:00:00+00:00
[2026-04-29T11:11:15.588+0000] {processor.py:183} INFO - Processing /opt/airflow/dags/pipeline_dag.py took 0.219 seconds
[2026-04-29T11:11:46.395+0000] {processor.py:161} INFO - Started process (PID=1038) to work on /opt/airflow/dags/pipeline_dag.py
[2026-04-29T11:11:46.397+0000] {processor.py:830} INFO - Processing file /opt/airflow/dags/pipeline_dag.py for tasks to queue
[2026-04-29T11:11:46.401+0000] {logging_mixin.py:188} INFO - [2026-04-29T11:11:46.400+0000] {dagbag.py:545} INFO - Filling up the DagBag from /opt/airflow/dags/pipeline_dag.py
[2026-04-29T11:11:46.422+0000] {processor.py:840} INFO - DAG(s) 'ab_test_medallion_pipeline' retrieved from /opt/airflow/dags/pipeline_dag.py
[2026-04-29T11:11:46.471+0000] {logging_mixin.py:188} INFO - [2026-04-29T11:11:46.471+0000] {dag.py:3096} INFO - Sync 1 DAGs
[2026-04-29T11:11:46.519+0000] {logging_mixin.py:188} INFO - [2026-04-29T11:11:46.519+0000] {dag.py:3954} INFO - Setting next_dagrun for ab_test_medallion_pipeline to 2026-04-29 00:00:00+00:00, run_after=2026-04-30 00:00:00+00:00
[2026-04-29T11:11:46.570+0000] {processor.py:183} INFO - Processing /opt/airflow/dags/pipeline_dag.py took 0.193 seconds
[2026-04-29T11:12:17.564+0000] {processor.py:161} INFO - Started process (PID=1043) to work on /opt/airflow/dags/pipeline_dag.py
[2026-04-29T11:12:17.567+0000] {processor.py:830} INFO - Processing file /opt/airflow/dags/pipeline_dag.py for tasks to queue
[2026-04-29T11:12:17.574+0000] {logging_mixin.py:188} INFO - [2026-04-29T11:12:17.573+0000] {dagbag.py:545} INFO - Filling up the DagBag from /opt/airflow/dags/pipeline_dag.py
[2026-04-29T11:12:17.598+0000] {processor.py:840} INFO - DAG(s) 'ab_test_medallion_pipeline' retrieved from /opt/airflow/dags/pipeline_dag.py
[2026-04-29T11:12:17.659+0000] {logging_mixin.py:188} INFO - [2026-04-29T11:12:17.659+0000] {dag.py:3096} INFO - Sync 1 DAGs
[2026-04-29T11:12:17.697+0000] {logging_mixin.py:188} INFO - [2026-04-29T11:12:17.696+0000] {dag.py:3954} INFO - Setting next_dagrun for ab_test_medallion_pipeline to 2026-04-29 00:00:00+00:00, run_after=2026-04-30 00:00:00+00:00
[2026-04-29T11:12:17.756+0000] {processor.py:183} INFO - Processing /opt/airflow/dags/pipeline_dag.py took 0.207 seconds
[2026-04-29T11:12:48.585+0000] {processor.py:161} INFO - Started process (PID=1048) to work on /opt/airflow/dags/pipeline_dag.py
[2026-04-29T11:12:48.588+0000] {processor.py:830} INFO - Processing file /opt/airflow/dags/pipeline_dag.py for tasks to queue
[2026-04-29T11:12:48.591+0000] {logging_mixin.py:188} INFO - [2026-04-29T11:12:48.591+0000] {dagbag.py:545} INFO - Filling up the DagBag from /opt/airflow/dags/pipeline_dag.py
[2026-04-29T11:12:48.642+0000] {processor.py:840} INFO - DAG(s) 'ab_test_medallion_pipeline' retrieved from /opt/airflow/dags/pipeline_dag.py
[2026-04-29T11:12:48.735+0000] {logging_mixin.py:188} INFO - [2026-04-29T11:12:48.735+0000] {dag.py:3096} INFO - Sync 1 DAGs
[2026-04-29T11:12:48.815+0000] {logging_mixin.py:188} INFO - [2026-04-29T11:12:48.814+0000] {dag.py:3954} INFO - Setting next_dagrun for ab_test_medallion_pipeline to 2026-04-29 00:00:00+00:00, run_after=2026-04-30 00:00:00+00:00
[2026-04-29T11:12:48.879+0000] {processor.py:183} INFO - Processing /opt/airflow/dags/pipeline_dag.py took 0.314 seconds
[2026-04-29T11:13:19.777+0000] {processor.py:161} INFO - Started process (PID=1053) to work on /opt/airflow/dags/pipeline_dag.py
[2026-04-29T11:13:19.782+0000] {processor.py:830} INFO - Processing file /opt/airflow/dags/pipeline_dag.py for tasks to queue
[2026-04-29T11:13:19.786+0000] {logging_mixin.py:188} INFO - [2026-04-29T11:13:19.786+0000] {dagbag.py:545} INFO - Filling up the DagBag from /opt/airflow/dags/pipeline_dag.py
[2026-04-29T11:13:19.825+0000] {processor.py:840} INFO - DAG(s) 'ab_test_medallion_pipeline' retrieved from /opt/airflow/dags/pipeline_dag.py
[2026-04-29T11:13:19.925+0000] {logging_mixin.py:188} INFO - [2026-04-29T11:13:19.924+0000] {dag.py:3096} INFO - Sync 1 DAGs
[2026-04-29T11:13:19.983+0000] {logging_mixin.py:188} INFO - [2026-04-29T11:13:19.983+0000] {dag.py:3954} INFO - Setting next_dagrun for ab_test_medallion_pipeline to 2026-04-29 00:00:00+00:00, run_after=2026-04-30 00:00:00+00:00
[2026-04-29T11:13:20.019+0000] {processor.py:183} INFO - Processing /opt/airflow/dags/pipeline_dag.py took 0.258 seconds
[2026-04-29T11:13:50.984+0000] {processor.py:161} INFO - Started process (PID=1058) to work on /opt/airflow/dags/pipeline_dag.py
[2026-04-29T11:13:50.989+0000] {processor.py:830} INFO - Processing file /opt/airflow/dags/pipeline_dag.py for tasks to queue
[2026-04-29T11:13:51.001+0000] {logging_mixin.py:188} INFO - [2026-04-29T11:13:51.000+0000] {dagbag.py:545} INFO - Filling up the DagBag from /opt/airflow/dags/pipeline_dag.py
[2026-04-29T11:13:51.044+0000] {processor.py:840} INFO - DAG(s) 'ab_test_medallion_pipeline' retrieved from /opt/airflow/dags/pipeline_dag.py
[2026-04-29T11:13:51.227+0000] {logging_mixin.py:188} INFO - [2026-04-29T11:13:51.227+0000] {dag.py:3096} INFO - Sync 1 DAGs
[2026-04-29T11:13:51.325+0000] {logging_mixin.py:188} INFO - [2026-04-29T11:13:51.324+0000] {dag.py:3954} INFO - Setting next_dagrun for ab_test_medallion_pipeline to 2026-04-29 00:00:00+00:00, run_after=2026-04-30 00:00:00+00:00
[2026-04-29T11:13:51.427+0000] {processor.py:183} INFO - Processing /opt/airflow/dags/pipeline_dag.py took 0.474 seconds
[2026-04-29T11:14:21.560+0000] {processor.py:161} INFO - Started process (PID=1063) to work on /opt/airflow/dags/pipeline_dag.py
[2026-04-29T11:14:21.562+0000] {processor.py:830} INFO - Processing file /opt/airflow/dags/pipeline_dag.py for tasks to queue
[2026-04-29T11:14:21.569+0000] {logging_mixin.py:188} INFO - [2026-04-29T11:14:21.568+0000] {dagbag.py:545} INFO - Filling up the DagBag from /opt/airflow/dags/pipeline_dag.py
[2026-04-29T11:14:21.624+0000] {processor.py:840} INFO - DAG(s) 'ab_test_medallion_pipeline' retrieved from /opt/airflow/dags/pipeline_dag.py
[2026-04-29T11:14:21.778+0000] {logging_mixin.py:188} INFO - [2026-04-29T11:14:21.772+0000] {dag.py:3096} INFO - Sync 1 DAGs
[2026-04-29T11:14:21.872+0000] {logging_mixin.py:188} INFO - [2026-04-29T11:14:21.872+0000] {dag.py:3954} INFO - Setting next_dagrun for ab_test_medallion_pipeline to 2026-04-29 00:00:00+00:00, run_after=2026-04-30 00:00:00+00:00
[2026-04-29T11:14:21.910+0000] {processor.py:183} INFO - Processing /opt/airflow/dags/pipeline_dag.py took 0.374 seconds
[2026-04-29T11:14:52.510+0000] {processor.py:161} INFO - Started process (PID=1068) to work on /opt/airflow/dags/pipeline_dag.py
[2026-04-29T11:14:52.512+0000] {processor.py:830} INFO - Processing file /opt/airflow/dags/pipeline_dag.py for tasks to queue
[2026-04-29T11:14:52.517+0000] {logging_mixin.py:188} INFO - [2026-04-29T11:14:52.516+0000] {dagbag.py:545} INFO - Filling up the DagBag from /opt/airflow/dags/pipeline_dag.py
[2026-04-29T11:14:52.543+0000] {processor.py:840} INFO - DAG(s) 'ab_test_medallion_pipeline' retrieved from /opt/airflow/dags/pipeline_dag.py
[2026-04-29T11:14:52.600+0000] {logging_mixin.py:188} INFO - [2026-04-29T11:14:52.599+0000] {dag.py:3096} INFO - Sync 1 DAGs
[2026-04-29T11:14:52.654+0000] {logging_mixin.py:188} INFO - [2026-04-29T11:14:52.653+0000] {dag.py:3954} INFO - Setting next_dagrun for ab_test_medallion_pipeline to 2026-04-29 00:00:00+00:00, run_after=2026-04-30 00:00:00+00:00
[2026-04-29T11:14:52.717+0000] {processor.py:183} INFO - Processing /opt/airflow/dags/pipeline_dag.py took 0.219 seconds
[2026-04-29T11:15:23.577+0000] {processor.py:161} INFO - Started process (PID=1073) to work on /opt/airflow/dags/pipeline_dag.py
[2026-04-29T11:15:23.583+0000] {processor.py:830} INFO - Processing file /opt/airflow/dags/pipeline_dag.py for tasks to queue
[2026-04-29T11:15:23.587+0000] {logging_mixin.py:188} INFO - [2026-04-29T11:15:23.586+0000] {dagbag.py:545} INFO - Filling up the DagBag from /opt/airflow/dags/pipeline_dag.py
[2026-04-29T11:15:23.653+0000] {processor.py:840} INFO - DAG(s) 'ab_test_medallion_pipeline' retrieved from /opt/airflow/dags/pipeline_dag.py
[2026-04-29T11:15:23.810+0000] {logging_mixin.py:188} INFO - [2026-04-29T11:15:23.810+0000] {dag.py:3096} INFO - Sync 1 DAGs
[2026-04-29T11:15:23.945+0000] {logging_mixin.py:188} INFO - [2026-04-29T11:15:23.945+0000] {dag.py:3954} INFO - Setting next_dagrun for ab_test_medallion_pipeline to 2026-04-29 00:00:00+00:00, run_after=2026-04-30 00:00:00+00:00
[2026-04-29T11:15:24.030+0000] {processor.py:183} INFO - Processing /opt/airflow/dags/pipeline_dag.py took 0.489 seconds
[2026-04-29T11:15:54.115+0000] {processor.py:161} INFO - Started process (PID=1078) to work on /opt/airflow/dags/pipeline_dag.py
[2026-04-29T11:15:54.117+0000] {processor.py:830} INFO - Processing file /opt/airflow/dags/pipeline_dag.py for tasks to queue
[2026-04-29T11:15:54.120+0000] {logging_mixin.py:188} INFO - [2026-04-29T11:15:54.119+0000] {dagbag.py:545} INFO - Filling up the DagBag from /opt/airflow/dags/pipeline_dag.py
[2026-04-29T11:15:54.151+0000] {processor.py:840} INFO - DAG(s) 'ab_test_medallion_pipeline' retrieved from /opt/airflow/dags/pipeline_dag.py
[2026-04-29T11:15:54.234+0000] {logging_mixin.py:188} INFO - [2026-04-29T11:15:54.234+0000] {dag.py:3096} INFO - Sync 1 DAGs
[2026-04-29T11:15:54.297+0000] {logging_mixin.py:188} INFO - [2026-04-29T11:15:54.297+0000] {dag.py:3954} INFO - Setting next_dagrun for ab_test_medallion_pipeline to 2026-04-29 00:00:00+00:00, run_after=2026-04-30 00:00:00+00:00
[2026-04-29T11:15:54.362+0000] {processor.py:183} INFO - Processing /opt/airflow/dags/pipeline_dag.py took 0.262 seconds
[2026-04-29T11:16:25.139+0000] {processor.py:161} INFO - Started process (PID=1083) to work on /opt/airflow/dags/pipeline_dag.py
[2026-04-29T11:16:25.144+0000] {processor.py:830} INFO - Processing file /opt/airflow/dags/pipeline_dag.py for tasks to queue
[2026-04-29T11:16:25.148+0000] {logging_mixin.py:188} INFO - [2026-04-29T11:16:25.147+0000] {dagbag.py:545} INFO - Filling up the DagBag from /opt/airflow/dags/pipeline_dag.py
[2026-04-29T11:16:25.184+0000] {processor.py:840} INFO - DAG(s) 'ab_test_medallion_pipeline' retrieved from /opt/airflow/dags/pipeline_dag.py
[2026-04-29T11:16:25.307+0000] {logging_mixin.py:188} INFO - [2026-04-29T11:16:25.306+0000] {dag.py:3096} INFO - Sync 1 DAGs
[2026-04-29T11:16:25.377+0000] {logging_mixin.py:188} INFO - [2026-04-29T11:16:25.377+0000] {dag.py:3954} INFO - Setting next_dagrun for ab_test_medallion_pipeline to 2026-04-29 00:00:00+00:00, run_after=2026-04-30 00:00:00+00:00
[2026-04-29T11:16:25.426+0000] {processor.py:183} INFO - Processing /opt/airflow/dags/pipeline_dag.py took 0.310 seconds
[2026-04-29T11:16:56.365+0000] {processor.py:161} INFO - Started process (PID=1088) to work on /opt/airflow/dags/pipeline_dag.py
[2026-04-29T11:16:56.368+0000] {processor.py:830} INFO - Processing file /opt/airflow/dags/pipeline_dag.py for tasks to queue
[2026-04-29T11:16:56.371+0000] {logging_mixin.py:188} INFO - [2026-04-29T11:16:56.371+0000] {dagbag.py:545} INFO - Filling up the DagBag from /opt/airflow/dags/pipeline_dag.py
[2026-04-29T11:16:56.399+0000] {processor.py:840} INFO - DAG(s) 'ab_test_medallion_pipeline' retrieved from /opt/airflow/dags/pipeline_dag.py
[2026-04-29T11:16:56.489+0000] {logging_mixin.py:188} INFO - [2026-04-29T11:16:56.486+0000] {dag.py:3096} INFO - Sync 1 DAGs
[2026-04-29T11:16:56.613+0000] {logging_mixin.py:188} INFO - [2026-04-29T11:16:56.613+0000] {dag.py:3954} INFO - Setting next_dagrun for ab_test_medallion_pipeline to 2026-04-29 00:00:00+00:00, run_after=2026-04-30 00:00:00+00:00
[2026-04-29T11:16:56.695+0000] {processor.py:183} INFO - Processing /opt/airflow/dags/pipeline_dag.py took 0.342 seconds
[2026-04-29T11:17:27.448+0000] {processor.py:161} INFO - Started process (PID=1093) to work on /opt/airflow/dags/pipeline_dag.py
[2026-04-29T11:17:27.454+0000] {processor.py:830} INFO - Processing file /opt/airflow/dags/pipeline_dag.py for tasks to queue
[2026-04-29T11:17:27.460+0000] {logging_mixin.py:188} INFO - [2026-04-29T11:17:27.457+0000] {dagbag.py:545} INFO - Filling up the DagBag from /opt/airflow/dags/pipeline_dag.py
[2026-04-29T11:17:27.511+0000] {processor.py:840} INFO - DAG(s) 'ab_test_medallion_pipeline' retrieved from /opt/airflow/dags/pipeline_dag.py
[2026-04-29T11:17:27.570+0000] {logging_mixin.py:188} INFO - [2026-04-29T11:17:27.570+0000] {dag.py:3096} INFO - Sync 1 DAGs
[2026-04-29T11:17:27.634+0000] {logging_mixin.py:188} INFO - [2026-04-29T11:17:27.633+0000] {dag.py:3954} INFO - Setting next_dagrun for ab_test_medallion_pipeline to 2026-04-29 00:00:00+00:00, run_after=2026-04-30 00:00:00+00:00
[2026-04-29T11:17:27.708+0000] {processor.py:183} INFO - Processing /opt/airflow/dags/pipeline_dag.py took 0.278 seconds
[2026-04-29T11:17:57.788+0000] {processor.py:161} INFO - Started process (PID=1098) to work on /opt/airflow/dags/pipeline_dag.py
[2026-04-29T11:17:57.790+0000] {processor.py:830} INFO - Processing file /opt/airflow/dags/pipeline_dag.py for tasks to queue
[2026-04-29T11:17:57.792+0000] {logging_mixin.py:188} INFO - [2026-04-29T11:17:57.792+0000] {dagbag.py:545} INFO - Filling up the DagBag from /opt/airflow/dags/pipeline_dag.py
[2026-04-29T11:17:57.823+0000] {processor.py:840} INFO - DAG(s) 'ab_test_medallion_pipeline' retrieved from /opt/airflow/dags/pipeline_dag.py
[2026-04-29T11:17:57.895+0000] {logging_mixin.py:188} INFO - [2026-04-29T11:17:57.894+0000] {dag.py:3096} INFO - Sync 1 DAGs
[2026-04-29T11:17:57.947+0000] {logging_mixin.py:188} INFO - [2026-04-29T11:17:57.947+0000] {dag.py:3954} INFO - Setting next_dagrun for ab_test_medallion_pipeline to 2026-04-29 00:00:00+00:00, run_after=2026-04-30 00:00:00+00:00
[2026-04-29T11:17:58.159+0000] {processor.py:183} INFO - Processing /opt/airflow/dags/pipeline_dag.py took 0.385 seconds
[2026-04-29T11:18:28.792+0000] {processor.py:161} INFO - Started process (PID=1103) to work on /opt/airflow/dags/pipeline_dag.py
[2026-04-29T11:18:28.794+0000] {processor.py:830} INFO - Processing file /opt/airflow/dags/pipeline_dag.py for tasks to queue
[2026-04-29T11:18:28.797+0000] {logging_mixin.py:188} INFO - [2026-04-29T11:18:28.796+0000] {dagbag.py:545} INFO - Filling up the DagBag from /opt/airflow/dags/pipeline_dag.py
[2026-04-29T11:18:28.825+0000] {processor.py:840} INFO - DAG(s) 'ab_test_medallion_pipeline' retrieved from /opt/airflow/dags/pipeline_dag.py
[2026-04-29T11:18:28.888+0000] {logging_mixin.py:188} INFO - [2026-04-29T11:18:28.888+0000] {dag.py:3096} INFO - Sync 1 DAGs
[2026-04-29T11:18:28.936+0000] {logging_mixin.py:188} INFO - [2026-04-29T11:18:28.936+0000] {dag.py:3954} INFO - Setting next_dagrun for ab_test_medallion_pipeline to 2026-04-29 00:00:00+00:00, run_after=2026-04-30 00:00:00+00:00
[2026-04-29T11:18:28.973+0000] {processor.py:183} INFO - Processing /opt/airflow/dags/pipeline_dag.py took 0.194 seconds
[2026-04-29T11:18:59.786+0000] {processor.py:161} INFO - Started process (PID=1108) to work on /opt/airflow/dags/pipeline_dag.py
[2026-04-29T11:18:59.788+0000] {processor.py:830} INFO - Processing file /opt/airflow/dags/pipeline_dag.py for tasks to queue
[2026-04-29T11:18:59.792+0000] {logging_mixin.py:188} INFO - [2026-04-29T11:18:59.791+0000] {dagbag.py:545} INFO - Filling up the DagBag from /opt/airflow/dags/pipeline_dag.py
[2026-04-29T11:18:59.822+0000] {processor.py:840} INFO - DAG(s) 'ab_test_medallion_pipeline' retrieved from /opt/airflow/dags/pipeline_dag.py
[2026-04-29T11:18:59.892+0000] {logging_mixin.py:188} INFO - [2026-04-29T11:18:59.891+0000] {dag.py:3096} INFO - Sync 1 DAGs
[2026-04-29T11:18:59.946+0000] {logging_mixin.py:188} INFO - [2026-04-29T11:18:59.945+0000] {dag.py:3954} INFO - Setting next_dagrun for ab_test_medallion_pipeline to 2026-04-29 00:00:00+00:00, run_after=2026-04-30 00:00:00+00:00
[2026-04-29T11:18:59.990+0000] {processor.py:183} INFO - Processing /opt/airflow/dags/pipeline_dag.py took 0.216 seconds
[2026-04-29T11:19:31.044+0000] {processor.py:161} INFO - Started process (PID=1113) to work on /opt/airflow/dags/pipeline_dag.py
[2026-04-29T11:19:31.046+0000] {processor.py:830} INFO - Processing file /opt/airflow/dags/pipeline_dag.py for tasks to queue
[2026-04-29T11:19:31.054+0000] {logging_mixin.py:188} INFO - [2026-04-29T11:19:31.049+0000] {dagbag.py:545} INFO - Filling up the DagBag from /opt/airflow/dags/pipeline_dag.py
[2026-04-29T11:19:31.095+0000] {processor.py:840} INFO - DAG(s) 'ab_test_medallion_pipeline' retrieved from /opt/airflow/dags/pipeline_dag.py
[2026-04-29T11:19:31.556+0000] {logging_mixin.py:188} INFO - [2026-04-29T11:19:31.555+0000] {dag.py:3096} INFO - Sync 1 DAGs
[2026-04-29T11:19:32.100+0000] {logging_mixin.py:188} INFO - [2026-04-29T11:19:32.099+0000] {dag.py:3954} INFO - Setting next_dagrun for ab_test_medallion_pipeline to 2026-04-29 00:00:00+00:00, run_after=2026-04-30 00:00:00+00:00
[2026-04-29T11:19:32.155+0000] {processor.py:183} INFO - Processing /opt/airflow/dags/pipeline_dag.py took 0.297 seconds
[2026-04-29T11:20:02.898+0000] {processor.py:161} INFO - Started process (PID=1118) to work on /opt/airflow/dags/pipeline_dag.py
[2026-04-29T11:20:02.900+0000] {processor.py:830} INFO - Processing file /opt/airflow/dags/pipeline_dag.py for tasks to queue
[2026-04-29T11:20:02.904+0000] {logging_mixin.py:188} INFO - [2026-04-29T11:20:02.903+0000] {dagbag.py:545} INFO - Filling up the DagBag from /opt/airflow/dags/pipeline_dag.py
[2026-04-29T11:20:02.927+0000] {processor.py:840} INFO - DAG(s) 'ab_test_medallion_pipeline' retrieved from /opt/airflow/dags/pipeline_dag.py
[2026-04-29T11:20:02.972+0000] {logging_mixin.py:188} INFO - [2026-04-29T11:20:02.972+0000] {dag.py:3096} INFO - Sync 1 DAGs
[2026-04-29T11:20:03.006+0000] {logging_mixin.py:188} INFO - [2026-04-29T11:20:03.005+0000] {dag.py:3954} INFO - Setting next_dagrun for ab_test_medallion_pipeline to 2026-04-29 00:00:00+00:00, run_after=2026-04-30 00:00:00+00:00
[2026-04-29T11:20:03.037+0000] {processor.py:183} INFO - Processing /opt/airflow/dags/pipeline_dag.py took 0.153 seconds
[2026-04-29T11:20:33.973+0000] {processor.py:161} INFO - Started process (PID=1123) to work on /opt/airflow/dags/pipeline_dag.py
[2026-04-29T11:20:33.976+0000] {processor.py:830} INFO - Processing file /opt/airflow/dags/pipeline_dag.py for tasks to queue
[2026-04-29T11:20:33.980+0000] {logging_mixin.py:188} INFO - [2026-04-29T11:20:33.980+0000] {dagbag.py:545} INFO - Filling up the DagBag from /opt/airflow/dags/pipeline_dag.py
[2026-04-29T11:20:34.022+0000] {processor.py:840} INFO - DAG(s) 'ab_test_medallion_pipeline' retrieved from /opt/airflow/dags/pipeline_dag.py
[2026-04-29T11:20:34.109+0000] {logging_mixin.py:188} INFO - [2026-04-29T11:20:34.109+0000] {dag.py:3096} INFO - Sync 1 DAGs
[2026-04-29T11:20:34.155+0000] {logging_mixin.py:188} INFO - [2026-04-29T11:20:34.154+0000] {dag.py:3954} INFO - Setting next_dagrun for ab_test_medallion_pipeline to 2026-04-29 00:00:00+00:00, run_after=2026-04-30 00:00:00+00:00
[2026-04-29T11:20:34.181+0000] {processor.py:183} INFO - Processing /opt/airflow/dags/pipeline_dag.py took 0.223 seconds
[2026-04-29T11:21:05.191+0000] {processor.py:161} INFO - Started process (PID=1128) to work on /opt/airflow/dags/pipeline_dag.py
[2026-04-29T11:21:05.196+0000] {processor.py:830} INFO - Processing file /opt/airflow/dags/pipeline_dag.py for tasks to queue
[2026-04-29T11:21:05.199+0000] {logging_mixin.py:188} INFO - [2026-04-29T11:21:05.198+0000] {dagbag.py:545} INFO - Filling up the DagBag from /opt/airflow/dags/pipeline_dag.py
[2026-04-29T11:21:05.220+0000] {processor.py:840} INFO - DAG(s) 'ab_test_medallion_pipeline' retrieved from /opt/airflow/dags/pipeline_dag.py
[2026-04-29T11:21:05.266+0000] {logging_mixin.py:188} INFO - [2026-04-29T11:21:05.266+0000] {dag.py:3096} INFO - Sync 1 DAGs
[2026-04-29T11:21:05.305+0000] {logging_mixin.py:188} INFO - [2026-04-29T11:21:05.304+0000] {dag.py:3954} INFO - Setting next_dagrun for ab_test_medallion_pipeline to 2026-04-29 00:00:00+00:00, run_after=2026-04-30 00:00:00+00:00
[2026-04-29T11:21:05.336+0000] {processor.py:183} INFO - Processing /opt/airflow/dags/pipeline_dag.py took 0.158 seconds
[2026-04-29T11:21:36.321+0000] {processor.py:161} INFO - Started process (PID=1133) to work on /opt/airflow/dags/pipeline_dag.py
[2026-04-29T11:21:36.328+0000] {processor.py:830} INFO - Processing file /opt/airflow/dags/pipeline_dag.py for tasks to queue
[2026-04-29T11:21:36.339+0000] {logging_mixin.py:188} INFO - [2026-04-29T11:21:36.338+0000] {dagbag.py:545} INFO - Filling up the DagBag from /opt/airflow/dags/pipeline_dag.py
[2026-04-29T11:21:36.418+0000] {processor.py:840} INFO - DAG(s) 'ab_test_medallion_pipeline' retrieved from /opt/airflow/dags/pipeline_dag.py
[2026-04-29T11:21:36.532+0000] {logging_mixin.py:188} INFO - [2026-04-29T11:21:36.532+0000] {dag.py:3096} INFO - Sync 1 DAGs
[2026-04-29T11:21:36.623+0000] {logging_mixin.py:188} INFO - [2026-04-29T11:21:36.622+0000] {dag.py:3954} INFO - Setting next_dagrun for ab_test_medallion_pipeline to 2026-04-29 00:00:00+00:00, run_after=2026-04-30 00:00:00+00:00
[2026-04-29T11:21:36.707+0000] {processor.py:183} INFO - Processing /opt/airflow/dags/pipeline_dag.py took 0.429 seconds
[2026-04-29T11:22:07.338+0000] {processor.py:161} INFO - Started process (PID=1138) to work on /opt/airflow/dags/pipeline_dag.py
[2026-04-29T11:22:07.340+0000] {processor.py:830} INFO - Processing file /opt/airflow/dags/pipeline_dag.py for tasks to queue
[2026-04-29T11:22:07.343+0000] {logging_mixin.py:188} INFO - [2026-04-29T11:22:07.342+0000] {dagbag.py:545} INFO - Filling up the DagBag from /opt/airflow/dags/pipeline_dag.py
[2026-04-29T11:22:07.366+0000] {processor.py:840} INFO - DAG(s) 'ab_test_medallion_pipeline' retrieved from /opt/airflow/dags/pipeline_dag.py
[2026-04-29T11:22:07.432+0000] {logging_mixin.py:188} INFO - [2026-04-29T11:22:07.431+0000] {dag.py:3096} INFO - Sync 1 DAGs
[2026-04-29T11:22:07.480+0000] {logging_mixin.py:188} INFO - [2026-04-29T11:22:07.479+0000] {dag.py:3954} INFO - Setting next_dagrun for ab_test_medallion_pipeline to 2026-04-29 00:00:00+00:00, run_after=2026-04-30 00:00:00+00:00
[2026-04-29T11:22:07.526+0000] {processor.py:183} INFO - Processing /opt/airflow/dags/pipeline_dag.py took 0.198 seconds
[2026-04-29T11:22:37.580+0000] {processor.py:161} INFO - Started process (PID=1143) to work on /opt/airflow/dags/pipeline_dag.py
[2026-04-29T11:22:37.582+0000] {processor.py:830} INFO - Processing file /opt/airflow/dags/pipeline_dag.py for tasks to queue
[2026-04-29T11:22:37.585+0000] {logging_mixin.py:188} INFO - [2026-04-29T11:22:37.584+0000] {dagbag.py:545} INFO - Filling up the DagBag from /opt/airflow/dags/pipeline_dag.py
[2026-04-29T11:22:37.609+0000] {processor.py:840} INFO - DAG(s) 'ab_test_medallion_pipeline' retrieved from /opt/airflow/dags/pipeline_dag.py
[2026-04-29T11:22:37.671+0000] {logging_mixin.py:188} INFO - [2026-04-29T11:22:37.671+0000] {dag.py:3096} INFO - Sync 1 DAGs
[2026-04-29T11:22:37.725+0000] {logging_mixin.py:188} INFO - [2026-04-29T11:22:37.724+0000] {dag.py:3954} INFO - Setting next_dagrun for ab_test_medallion_pipeline to 2026-04-29 00:00:00+00:00, run_after=2026-04-30 00:00:00+00:00
[2026-04-29T11:22:37.761+0000] {processor.py:183} INFO - Processing /opt/airflow/dags/pipeline_dag.py took 0.189 seconds
[2026-04-29T11:23:07.882+0000] {processor.py:161} INFO - Started process (PID=1148) to work on /opt/airflow/dags/pipeline_dag.py
[2026-04-29T11:23:07.885+0000] {processor.py:830} INFO - Processing file /opt/airflow/dags/pipeline_dag.py for tasks to queue
[2026-04-29T11:23:07.896+0000] {logging_mixin.py:188} INFO - [2026-04-29T11:23:07.889+0000] {dagbag.py:545} INFO - Filling up the DagBag from /opt/airflow/dags/pipeline_dag.py
[2026-04-29T11:23:07.939+0000] {processor.py:840} INFO - DAG(s) 'ab_test_medallion_pipeline' retrieved from /opt/airflow/dags/pipeline_dag.py
[2026-04-29T11:23:08.049+0000] {logging_mixin.py:188} INFO - [2026-04-29T11:23:08.048+0000] {dag.py:3096} INFO - Sync 1 DAGs
[2026-04-29T11:23:08.167+0000] {logging_mixin.py:188} INFO - [2026-04-29T11:23:08.167+0000] {dag.py:3954} INFO - Setting next_dagrun for ab_test_medallion_pipeline to 2026-04-29 00:00:00+00:00, run_after=2026-04-30 00:00:00+00:00
[2026-04-29T11:23:08.233+0000] {processor.py:183} INFO - Processing /opt/airflow/dags/pipeline_dag.py took 0.371 seconds
[2026-04-29T11:23:38.971+0000] {processor.py:161} INFO - Started process (PID=1153) to work on /opt/airflow/dags/pipeline_dag.py
[2026-04-29T11:23:38.973+0000] {processor.py:830} INFO - Processing file /opt/airflow/dags/pipeline_dag.py for tasks to queue
[2026-04-29T11:23:38.987+0000] {logging_mixin.py:188} INFO - [2026-04-29T11:23:38.986+0000] {dagbag.py:545} INFO - Filling up the DagBag from /opt/airflow/dags/pipeline_dag.py
[2026-04-29T11:23:39.065+0000] {processor.py:840} INFO - DAG(s) 'ab_test_medallion_pipeline' retrieved from /opt/airflow/dags/pipeline_dag.py
[2026-04-29T11:23:39.242+0000] {logging_mixin.py:188} INFO - [2026-04-29T11:23:39.241+0000] {dag.py:3096} INFO - Sync 1 DAGs
[2026-04-29T11:23:39.399+0000] {logging_mixin.py:188} INFO - [2026-04-29T11:23:39.399+0000] {dag.py:3954} INFO - Setting next_dagrun for ab_test_medallion_pipeline to 2026-04-29 00:00:00+00:00, run_after=2026-04-30 00:00:00+00:00
[2026-04-29T11:23:39.510+0000] {processor.py:183} INFO - Processing /opt/airflow/dags/pipeline_dag.py took 0.582 seconds
[2026-04-29T11:24:09.767+0000] {processor.py:161} INFO - Started process (PID=1158) to work on /opt/airflow/dags/pipeline_dag.py
[2026-04-29T11:24:09.771+0000] {processor.py:830} INFO - Processing file /opt/airflow/dags/pipeline_dag.py for tasks to queue
[2026-04-29T11:24:09.775+0000] {logging_mixin.py:188} INFO - [2026-04-29T11:24:09.774+0000] {dagbag.py:545} INFO - Filling up the DagBag from /opt/airflow/dags/pipeline_dag.py
[2026-04-29T11:24:09.827+0000] {processor.py:840} INFO - DAG(s) 'ab_test_medallion_pipeline' retrieved from /opt/airflow/dags/pipeline_dag.py
[2026-04-29T11:24:09.953+0000] {logging_mixin.py:188} INFO - [2026-04-29T11:24:09.953+0000] {dag.py:3096} INFO - Sync 1 DAGs
[2026-04-29T11:24:10.047+0000] {logging_mixin.py:188} INFO - [2026-04-29T11:24:10.046+0000] {dag.py:3954} INFO - Setting next_dagrun for ab_test_medallion_pipeline to 2026-04-29 00:00:00+00:00, run_after=2026-04-30 00:00:00+00:00
[2026-04-29T11:24:10.118+0000] {processor.py:183} INFO - Processing /opt/airflow/dags/pipeline_dag.py took 0.377 seconds
[2026-04-29T11:24:40.740+0000] {processor.py:161} INFO - Started process (PID=1163) to work on /opt/airflow/dags/pipeline_dag.py
[2026-04-29T11:24:40.742+0000] {processor.py:830} INFO - Processing file /opt/airflow/dags/pipeline_dag.py for tasks to queue
[2026-04-29T11:24:40.745+0000] {logging_mixin.py:188} INFO - [2026-04-29T11:24:40.744+0000] {dagbag.py:545} INFO - Filling up the DagBag from /opt/airflow/dags/pipeline_dag.py
[2026-04-29T11:24:40.771+0000] {processor.py:840} INFO - DAG(s) 'ab_test_medallion_pipeline' retrieved from /opt/airflow/dags/pipeline_dag.py
[2026-04-29T11:24:40.820+0000] {logging_mixin.py:188} INFO - [2026-04-29T11:24:40.820+0000] {dag.py:3096} INFO - Sync 1 DAGs
[2026-04-29T11:24:40.864+0000] {logging_mixin.py:188} INFO - [2026-04-29T11:24:40.863+0000] {dag.py:3954} INFO - Setting next_dagrun for ab_test_medallion_pipeline to 2026-04-29 00:00:00+00:00, run_after=2026-04-30 00:00:00+00:00
[2026-04-29T11:24:40.893+0000] {processor.py:183} INFO - Processing /opt/airflow/dags/pipeline_dag.py took 0.168 seconds
[2026-04-29T11:25:11.811+0000] {processor.py:161} INFO - Started process (PID=1168) to work on /opt/airflow/dags/pipeline_dag.py
[2026-04-29T11:25:11.814+0000] {processor.py:830} INFO - Processing file /opt/airflow/dags/pipeline_dag.py for tasks to queue
[2026-04-29T11:25:11.818+0000] {logging_mixin.py:188} INFO - [2026-04-29T11:25:11.817+0000] {dagbag.py:545} INFO - Filling up the DagBag from /opt/airflow/dags/pipeline_dag.py
[2026-04-29T11:25:11.859+0000] {processor.py:840} INFO - DAG(s) 'ab_test_medallion_pipeline' retrieved from /opt/airflow/dags/pipeline_dag.py
[2026-04-29T11:25:12.006+0000] {logging_mixin.py:188} INFO - [2026-04-29T11:25:12.006+0000] {dag.py:3096} INFO - Sync 1 DAGs
[2026-04-29T11:25:12.103+0000] {logging_mixin.py:188} INFO - [2026-04-29T11:25:12.103+0000] {dag.py:3954} INFO - Setting next_dagrun for ab_test_medallion_pipeline to 2026-04-29 00:00:00+00:00, run_after=2026-04-30 00:00:00+00:00
[2026-04-29T11:25:12.186+0000] {processor.py:183} INFO - Processing /opt/airflow/dags/pipeline_dag.py took 0.408 seconds
[2026-04-29T11:25:42.956+0000] {processor.py:161} INFO - Started process (PID=1173) to work on /opt/airflow/dags/pipeline_dag.py
[2026-04-29T11:25:42.957+0000] {processor.py:830} INFO - Processing file /opt/airflow/dags/pipeline_dag.py for tasks to queue
[2026-04-29T11:25:42.969+0000] {logging_mixin.py:188} INFO - [2026-04-29T11:25:42.968+0000] {dagbag.py:545} INFO - Filling up the DagBag from /opt/airflow/dags/pipeline_dag.py
[2026-04-29T11:25:43.002+0000] {processor.py:840} INFO - DAG(s) 'ab_test_medallion_pipeline' retrieved from /opt/airflow/dags/pipeline_dag.py
[2026-04-29T11:25:43.112+0000] {logging_mixin.py:188} INFO - [2026-04-29T11:25:43.111+0000] {dag.py:3096} INFO - Sync 1 DAGs
[2026-04-29T11:25:43.220+0000] {logging_mixin.py:188} INFO - [2026-04-29T11:25:43.219+0000] {dag.py:3954} INFO - Setting next_dagrun for ab_test_medallion_pipeline to 2026-04-29 00:00:00+00:00, run_after=2026-04-30 00:00:00+00:00
[2026-04-29T11:25:43.263+0000] {processor.py:183} INFO - Processing /opt/airflow/dags/pipeline_dag.py took 0.318 seconds
[2026-04-29T11:26:13.336+0000] {processor.py:161} INFO - Started process (PID=1178) to work on /opt/airflow/dags/pipeline_dag.py
[2026-04-29T11:26:13.338+0000] {processor.py:830} INFO - Processing file /opt/airflow/dags/pipeline_dag.py for tasks to queue
[2026-04-29T11:26:13.340+0000] {logging_mixin.py:188} INFO - [2026-04-29T11:26:13.340+0000] {dagbag.py:545} INFO - Filling up the DagBag from /opt/airflow/dags/pipeline_dag.py
[2026-04-29T11:26:13.380+0000] {processor.py:840} INFO - DAG(s) 'ab_test_medallion_pipeline' retrieved from /opt/airflow/dags/pipeline_dag.py
[2026-04-29T11:26:13.485+0000] {logging_mixin.py:188} INFO - [2026-04-29T11:26:13.484+0000] {dag.py:3096} INFO - Sync 1 DAGs
[2026-04-29T11:26:13.577+0000] {logging_mixin.py:188} INFO - [2026-04-29T11:26:13.577+0000] {dag.py:3954} INFO - Setting next_dagrun for ab_test_medallion_pipeline to 2026-04-29 00:00:00+00:00, run_after=2026-04-30 00:00:00+00:00
[2026-04-29T11:26:13.608+0000] {processor.py:183} INFO - Processing /opt/airflow/dags/pipeline_dag.py took 0.286 seconds
[2026-04-29T11:26:43.675+0000] {processor.py:161} INFO - Started process (PID=1183) to work on /opt/airflow/dags/pipeline_dag.py
[2026-04-29T11:26:43.685+0000] {processor.py:830} INFO - Processing file /opt/airflow/dags/pipeline_dag.py for tasks to queue
[2026-04-29T11:26:43.689+0000] {logging_mixin.py:188} INFO - [2026-04-29T11:26:43.688+0000] {dagbag.py:545} INFO - Filling up the DagBag from /opt/airflow/dags/pipeline_dag.py
[2026-04-29T11:26:43.715+0000] {processor.py:840} INFO - DAG(s) 'ab_test_medallion_pipeline' retrieved from /opt/airflow/dags/pipeline_dag.py
[2026-04-29T11:26:43.784+0000] {logging_mixin.py:188} INFO - [2026-04-29T11:26:43.784+0000] {dag.py:3096} INFO - Sync 1 DAGs
[2026-04-29T11:26:43.823+0000] {logging_mixin.py:188} INFO - [2026-04-29T11:26:43.823+0000] {dag.py:3954} INFO - Setting next_dagrun for ab_test_medallion_pipeline to 2026-04-29 00:00:00+00:00, run_after=2026-04-30 00:00:00+00:00
[2026-04-29T11:26:43.859+0000] {processor.py:183} INFO - Processing /opt/airflow/dags/pipeline_dag.py took 0.198 seconds
[2026-04-29T11:27:14.736+0000] {processor.py:161} INFO - Started process (PID=1188) to work on /opt/airflow/dags/pipeline_dag.py
[2026-04-29T11:27:14.739+0000] {processor.py:830} INFO - Processing file /opt/airflow/dags/pipeline_dag.py for tasks to queue
[2026-04-29T11:27:14.752+0000] {logging_mixin.py:188} INFO - [2026-04-29T11:27:14.751+0000] {dagbag.py:545} INFO - Filling up the DagBag from /opt/airflow/dags/pipeline_dag.py
[2026-04-29T11:27:14.808+0000] {processor.py:840} INFO - DAG(s) 'ab_test_medallion_pipeline' retrieved from /opt/airflow/dags/pipeline_dag.py
[2026-04-29T11:27:14.886+0000] {logging_mixin.py:188} INFO - [2026-04-29T11:27:14.885+0000] {dag.py:3096} INFO - Sync 1 DAGs
[2026-04-29T11:27:14.927+0000] {logging_mixin.py:188} INFO - [2026-04-29T11:27:14.927+0000] {dag.py:3954} INFO - Setting next_dagrun for ab_test_medallion_pipeline to 2026-04-29 00:00:00+00:00, run_after=2026-04-30 00:00:00+00:00
[2026-04-29T11:27:14.962+0000] {processor.py:183} INFO - Processing /opt/airflow/dags/pipeline_dag.py took 0.281 seconds
[2026-04-29T11:27:45.943+0000] {processor.py:161} INFO - Started process (PID=1193) to work on /opt/airflow/dags/pipeline_dag.py
[2026-04-29T11:27:45.951+0000] {processor.py:830} INFO - Processing file /opt/airflow/dags/pipeline_dag.py for tasks to queue
[2026-04-29T11:27:45.957+0000] {logging_mixin.py:188} INFO - [2026-04-29T11:27:45.956+0000] {dagbag.py:545} INFO - Filling up the DagBag from /opt/airflow/dags/pipeline_dag.py
[2026-04-29T11:27:45.993+0000] {processor.py:840} INFO - DAG(s) 'ab_test_medallion_pipeline' retrieved from /opt/airflow/dags/pipeline_dag.py
[2026-04-29T11:27:46.083+0000] {logging_mixin.py:188} INFO - [2026-04-29T11:27:46.082+0000] {dag.py:3096} INFO - Sync 1 DAGs
[2026-04-29T11:27:46.130+0000] {logging_mixin.py:188} INFO - [2026-04-29T11:27:46.129+0000] {dag.py:3954} INFO - Setting next_dagrun for ab_test_medallion_pipeline to 2026-04-29 00:00:00+00:00, run_after=2026-04-30 00:00:00+00:00
[2026-04-29T11:27:46.165+0000] {processor.py:183} INFO - Processing /opt/airflow/dags/pipeline_dag.py took 0.235 seconds
[2026-04-29T11:28:16.252+0000] {processor.py:161} INFO - Started process (PID=1198) to work on /opt/airflow/dags/pipeline_dag.py
[2026-04-29T11:28:16.254+0000] {processor.py:830} INFO - Processing file /opt/airflow/dags/pipeline_dag.py for tasks to queue
[2026-04-29T11:28:16.259+0000] {logging_mixin.py:188} INFO - [2026-04-29T11:28:16.258+0000] {dagbag.py:545} INFO - Filling up the DagBag from /opt/airflow/dags/pipeline_dag.py
[2026-04-29T11:28:16.329+0000] {processor.py:840} INFO - DAG(s) 'ab_test_medallion_pipeline' retrieved from /opt/airflow/dags/pipeline_dag.py
[2026-04-29T11:28:16.396+0000] {logging_mixin.py:188} INFO - [2026-04-29T11:28:16.395+0000] {dag.py:3096} INFO - Sync 1 DAGs
[2026-04-29T11:28:16.490+0000] {logging_mixin.py:188} INFO - [2026-04-29T11:28:16.490+0000] {dag.py:3954} INFO - Setting next_dagrun for ab_test_medallion_pipeline to 2026-04-29 00:00:00+00:00, run_after=2026-04-30 00:00:00+00:00
[2026-04-29T11:28:16.585+0000] {processor.py:183} INFO - Processing /opt/airflow/dags/pipeline_dag.py took 0.351 seconds
[2026-04-29T11:28:47.279+0000] {processor.py:161} INFO - Started process (PID=1203) to work on /opt/airflow/dags/pipeline_dag.py
[2026-04-29T11:28:47.281+0000] {processor.py:830} INFO - Processing file /opt/airflow/dags/pipeline_dag.py for tasks to queue
[2026-04-29T11:28:47.286+0000] {logging_mixin.py:188} INFO - [2026-04-29T11:28:47.285+0000] {dagbag.py:545} INFO - Filling up the DagBag from /opt/airflow/dags/pipeline_dag.py
[2026-04-29T11:28:47.327+0000] {processor.py:840} INFO - DAG(s) 'ab_test_medallion_pipeline' retrieved from /opt/airflow/dags/pipeline_dag.py
[2026-04-29T11:28:47.388+0000] {logging_mixin.py:188} INFO - [2026-04-29T11:28:47.388+0000] {dag.py:3096} INFO - Sync 1 DAGs
[2026-04-29T11:28:47.430+0000] {logging_mixin.py:188} INFO - [2026-04-29T11:28:47.430+0000] {dag.py:3954} INFO - Setting next_dagrun for ab_test_medallion_pipeline to 2026-04-29 00:00:00+00:00, run_after=2026-04-30 00:00:00+00:00
[2026-04-29T11:28:47.469+0000] {processor.py:183} INFO - Processing /opt/airflow/dags/pipeline_dag.py took 0.205 seconds
[2026-04-29T11:29:18.347+0000] {processor.py:161} INFO - Started process (PID=1208) to work on /opt/airflow/dags/pipeline_dag.py
[2026-04-29T11:29:18.349+0000] {processor.py:830} INFO - Processing file /opt/airflow/dags/pipeline_dag.py for tasks to queue
[2026-04-29T11:29:18.351+0000] {logging_mixin.py:188} INFO - [2026-04-29T11:29:18.351+0000] {dagbag.py:545} INFO - Filling up the DagBag from /opt/airflow/dags/pipeline_dag.py
[2026-04-29T11:29:18.374+0000] {processor.py:840} INFO - DAG(s) 'ab_test_medallion_pipeline' retrieved from /opt/airflow/dags/pipeline_dag.py
[2026-04-29T11:29:18.432+0000] {logging_mixin.py:188} INFO - [2026-04-29T11:29:18.431+0000] {dag.py:3096} INFO - Sync 1 DAGs
[2026-04-29T11:29:18.488+0000] {logging_mixin.py:188} INFO - [2026-04-29T11:29:18.488+0000] {dag.py:3954} INFO - Setting next_dagrun for ab_test_medallion_pipeline to 2026-04-29 00:00:00+00:00, run_after=2026-04-30 00:00:00+00:00
[2026-04-29T11:29:18.536+0000] {processor.py:183} INFO - Processing /opt/airflow/dags/pipeline_dag.py took 0.209 seconds
[2026-04-29T11:29:49.606+0000] {processor.py:161} INFO - Started process (PID=1213) to work on /opt/airflow/dags/pipeline_dag.py
[2026-04-29T11:29:49.609+0000] {processor.py:830} INFO - Processing file /opt/airflow/dags/pipeline_dag.py for tasks to queue
[2026-04-29T11:29:49.612+0000] {logging_mixin.py:188} INFO - [2026-04-29T11:29:49.611+0000] {dagbag.py:545} INFO - Filling up the DagBag from /opt/airflow/dags/pipeline_dag.py
[2026-04-29T11:29:49.668+0000] {processor.py:840} INFO - DAG(s) 'ab_test_medallion_pipeline' retrieved from /opt/airflow/dags/pipeline_dag.py
[2026-04-29T11:29:49.773+0000] {logging_mixin.py:188} INFO - [2026-04-29T11:29:49.772+0000] {dag.py:3096} INFO - Sync 1 DAGs
[2026-04-29T11:29:49.862+0000] {logging_mixin.py:188} INFO - [2026-04-29T11:29:49.861+0000] {dag.py:3954} INFO - Setting next_dagrun for ab_test_medallion_pipeline to 2026-04-29 00:00:00+00:00, run_after=2026-04-30 00:00:00+00:00
[2026-04-29T11:29:49.932+0000] {processor.py:183} INFO - Processing /opt/airflow/dags/pipeline_dag.py took 0.347 seconds
[2026-04-29T11:30:20.643+0000] {processor.py:161} INFO - Started process (PID=1218) to work on /opt/airflow/dags/pipeline_dag.py
[2026-04-29T11:30:20.645+0000] {processor.py:830} INFO - Processing file /opt/airflow/dags/pipeline_dag.py for tasks to queue
[2026-04-29T11:30:20.647+0000] {logging_mixin.py:188} INFO - [2026-04-29T11:30:20.647+0000] {dagbag.py:545} INFO - Filling up the DagBag from /opt/airflow/dags/pipeline_dag.py
[2026-04-29T11:30:20.677+0000] {processor.py:840} INFO - DAG(s) 'ab_test_medallion_pipeline' retrieved from /opt/airflow/dags/pipeline_dag.py
[2026-04-29T11:30:20.740+0000] {logging_mixin.py:188} INFO - [2026-04-29T11:30:20.739+0000] {dag.py:3096} INFO - Sync 1 DAGs
[2026-04-29T11:30:20.800+0000] {logging_mixin.py:188} INFO - [2026-04-29T11:30:20.799+0000] {dag.py:3954} INFO - Setting next_dagrun for ab_test_medallion_pipeline to 2026-04-29 00:00:00+00:00, run_after=2026-04-30 00:00:00+00:00
[2026-04-29T11:30:20.854+0000] {processor.py:183} INFO - Processing /opt/airflow/dags/pipeline_dag.py took 0.221 seconds
[2026-04-29T11:30:51.667+0000] {processor.py:161} INFO - Started process (PID=1223) to work on /opt/airflow/dags/pipeline_dag.py
[2026-04-29T11:30:51.670+0000] {processor.py:830} INFO - Processing file /opt/airflow/dags/pipeline_dag.py for tasks to queue
[2026-04-29T11:30:51.674+0000] {logging_mixin.py:188} INFO - [2026-04-29T11:30:51.673+0000] {dagbag.py:545} INFO - Filling up the DagBag from /opt/airflow/dags/pipeline_dag.py
[2026-04-29T11:30:51.701+0000] {processor.py:840} INFO - DAG(s) 'ab_test_medallion_pipeline' retrieved from /opt/airflow/dags/pipeline_dag.py
[2026-04-29T11:30:51.788+0000] {logging_mixin.py:188} INFO - [2026-04-29T11:30:51.787+0000] {dag.py:3096} INFO - Sync 1 DAGs
[2026-04-29T11:30:51.888+0000] {logging_mixin.py:188} INFO - [2026-04-29T11:30:51.888+0000] {dag.py:3954} INFO - Setting next_dagrun for ab_test_medallion_pipeline to 2026-04-29 00:00:00+00:00, run_after=2026-04-30 00:00:00+00:00
[2026-04-29T11:30:51.988+0000] {processor.py:183} INFO - Processing /opt/airflow/dags/pipeline_dag.py took 0.335 seconds
[2026-04-29T11:31:22.124+0000] {processor.py:161} INFO - Started process (PID=1228) to work on /opt/airflow/dags/pipeline_dag.py
[2026-04-29T11:31:22.128+0000] {processor.py:830} INFO - Processing file /opt/airflow/dags/pipeline_dag.py for tasks to queue
[2026-04-29T11:31:22.132+0000] {logging_mixin.py:188} INFO - [2026-04-29T11:31:22.131+0000] {dagbag.py:545} INFO - Filling up the DagBag from /opt/airflow/dags/pipeline_dag.py
[2026-04-29T11:31:22.172+0000] {processor.py:840} INFO - DAG(s) 'ab_test_medallion_pipeline' retrieved from /opt/airflow/dags/pipeline_dag.py
[2026-04-29T11:31:22.305+0000] {logging_mixin.py:188} INFO - [2026-04-29T11:31:22.297+0000] {dag.py:3096} INFO - Sync 1 DAGs
[2026-04-29T11:31:22.458+0000] {logging_mixin.py:188} INFO - [2026-04-29T11:31:22.457+0000] {dag.py:3954} INFO - Setting next_dagrun for ab_test_medallion_pipeline to 2026-04-29 00:00:00+00:00, run_after=2026-04-30 00:00:00+00:00
[2026-04-29T11:31:22.581+0000] {processor.py:183} INFO - Processing /opt/airflow/dags/pipeline_dag.py took 0.474 seconds
[2026-04-29T11:31:53.091+0000] {processor.py:161} INFO - Started process (PID=1233) to work on /opt/airflow/dags/pipeline_dag.py
[2026-04-29T11:31:53.092+0000] {processor.py:830} INFO - Processing file /opt/airflow/dags/pipeline_dag.py for tasks to queue
[2026-04-29T11:31:53.095+0000] {logging_mixin.py:188} INFO - [2026-04-29T11:31:53.095+0000] {dagbag.py:545} INFO - Filling up the DagBag from /opt/airflow/dags/pipeline_dag.py
[2026-04-29T11:31:53.113+0000] {processor.py:840} INFO - DAG(s) 'ab_test_medallion_pipeline' retrieved from /opt/airflow/dags/pipeline_dag.py
[2026-04-29T11:31:53.161+0000] {logging_mixin.py:188} INFO - [2026-04-29T11:31:53.161+0000] {dag.py:3096} INFO - Sync 1 DAGs
[2026-04-29T11:31:53.205+0000] {logging_mixin.py:188} INFO - [2026-04-29T11:31:53.205+0000] {dag.py:3954} INFO - Setting next_dagrun for ab_test_medallion_pipeline to 2026-04-29 00:00:00+00:00, run_after=2026-04-30 00:00:00+00:00
[2026-04-29T11:31:53.234+0000] {processor.py:183} INFO - Processing /opt/airflow/dags/pipeline_dag.py took 0.153 seconds
[2026-04-29T11:32:23.383+0000] {processor.py:161} INFO - Started process (PID=1238) to work on /opt/airflow/dags/pipeline_dag.py
[2026-04-29T11:32:23.385+0000] {processor.py:830} INFO - Processing file /opt/airflow/dags/pipeline_dag.py for tasks to queue
[2026-04-29T11:32:23.388+0000] {logging_mixin.py:188} INFO - [2026-04-29T11:32:23.387+0000] {dagbag.py:545} INFO - Filling up the DagBag from /opt/airflow/dags/pipeline_dag.py
[2026-04-29T11:32:23.409+0000] {processor.py:840} INFO - DAG(s) 'ab_test_medallion_pipeline' retrieved from /opt/airflow/dags/pipeline_dag.py
[2026-04-29T11:32:23.473+0000] {logging_mixin.py:188} INFO - [2026-04-29T11:32:23.473+0000] {dag.py:3096} INFO - Sync 1 DAGs
[2026-04-29T11:32:23.520+0000] {logging_mixin.py:188} INFO - [2026-04-29T11:32:23.520+0000] {dag.py:3954} INFO - Setting next_dagrun for ab_test_medallion_pipeline to 2026-04-29 00:00:00+00:00, run_after=2026-04-30 00:00:00+00:00
[2026-04-29T11:32:23.550+0000] {processor.py:183} INFO - Processing /opt/airflow/dags/pipeline_dag.py took 0.180 seconds
[2026-04-29T11:32:54.544+0000] {processor.py:161} INFO - Started process (PID=1243) to work on /opt/airflow/dags/pipeline_dag.py
[2026-04-29T11:32:54.547+0000] {processor.py:830} INFO - Processing file /opt/airflow/dags/pipeline_dag.py for tasks to queue
[2026-04-29T11:32:54.550+0000] {logging_mixin.py:188} INFO - [2026-04-29T11:32:54.550+0000] {dagbag.py:545} INFO - Filling up the DagBag from /opt/airflow/dags/pipeline_dag.py
[2026-04-29T11:32:54.576+0000] {processor.py:840} INFO - DAG(s) 'ab_test_medallion_pipeline' retrieved from /opt/airflow/dags/pipeline_dag.py
[2026-04-29T11:32:54.644+0000] {logging_mixin.py:188} INFO - [2026-04-29T11:32:54.643+0000] {dag.py:3096} INFO - Sync 1 DAGs
[2026-04-29T11:32:54.685+0000] {logging_mixin.py:188} INFO - [2026-04-29T11:32:54.684+0000] {dag.py:3954} INFO - Setting next_dagrun for ab_test_medallion_pipeline to 2026-04-29 00:00:00+00:00, run_after=2026-04-30 00:00:00+00:00
[2026-04-29T11:32:54.760+0000] {processor.py:183} INFO - Processing /opt/airflow/dags/pipeline_dag.py took 0.232 seconds
[2026-04-29T11:33:24.817+0000] {processor.py:161} INFO - Started process (PID=1248) to work on /opt/airflow/dags/pipeline_dag.py
[2026-04-29T11:33:24.819+0000] {processor.py:830} INFO - Processing file /opt/airflow/dags/pipeline_dag.py for tasks to queue
[2026-04-29T11:33:24.823+0000] {logging_mixin.py:188} INFO - [2026-04-29T11:33:24.822+0000] {dagbag.py:545} INFO - Filling up the DagBag from /opt/airflow/dags/pipeline_dag.py
[2026-04-29T11:33:24.843+0000] {processor.py:840} INFO - DAG(s) 'ab_test_medallion_pipeline' retrieved from /opt/airflow/dags/pipeline_dag.py
[2026-04-29T11:33:24.889+0000] {logging_mixin.py:188} INFO - [2026-04-29T11:33:24.889+0000] {dag.py:3096} INFO - Sync 1 DAGs
[2026-04-29T11:33:24.924+0000] {logging_mixin.py:188} INFO - [2026-04-29T11:33:24.924+0000] {dag.py:3954} INFO - Setting next_dagrun for ab_test_medallion_pipeline to 2026-04-29 00:00:00+00:00, run_after=2026-04-30 00:00:00+00:00
[2026-04-29T11:33:24.951+0000] {processor.py:183} INFO - Processing /opt/airflow/dags/pipeline_dag.py took 0.147 seconds
[2026-04-29T11:33:56.014+0000] {processor.py:161} INFO - Started process (PID=1253) to work on /opt/airflow/dags/pipeline_dag.py
[2026-04-29T11:33:56.018+0000] {processor.py:830} INFO - Processing file /opt/airflow/dags/pipeline_dag.py for tasks to queue
[2026-04-29T11:33:56.021+0000] {logging_mixin.py:188} INFO - [2026-04-29T11:33:56.020+0000] {dagbag.py:545} INFO - Filling up the DagBag from /opt/airflow/dags/pipeline_dag.py
[2026-04-29T11:33:56.044+0000] {processor.py:840} INFO - DAG(s) 'ab_test_medallion_pipeline' retrieved from /opt/airflow/dags/pipeline_dag.py
[2026-04-29T11:33:56.085+0000] {logging_mixin.py:188} INFO - [2026-04-29T11:33:56.085+0000] {dag.py:3096} INFO - Sync 1 DAGs
[2026-04-29T11:33:56.370+0000] {logging_mixin.py:188} INFO - [2026-04-29T11:33:56.369+0000] {dag.py:3954} INFO - Setting next_dagrun for ab_test_medallion_pipeline to 2026-04-29 00:00:00+00:00, run_after=2026-04-30 00:00:00+00:00
[2026-04-29T11:33:56.449+0000] {processor.py:183} INFO - Processing /opt/airflow/dags/pipeline_dag.py took 0.447 seconds
[2026-04-29T11:34:26.626+0000] {processor.py:161} INFO - Started process (PID=1258) to work on /opt/airflow/dags/pipeline_dag.py
[2026-04-29T11:34:26.633+0000] {processor.py:830} INFO - Processing file /opt/airflow/dags/pipeline_dag.py for tasks to queue
[2026-04-29T11:34:26.637+0000] {logging_mixin.py:188} INFO - [2026-04-29T11:34:26.636+0000] {dagbag.py:545} INFO - Filling up the DagBag from /opt/airflow/dags/pipeline_dag.py
[2026-04-29T11:34:26.658+0000] {processor.py:840} INFO - DAG(s) 'ab_test_medallion_pipeline' retrieved from /opt/airflow/dags/pipeline_dag.py
[2026-04-29T11:34:26.700+0000] {logging_mixin.py:188} INFO - [2026-04-29T11:34:26.700+0000] {dag.py:3096} INFO - Sync 1 DAGs
[2026-04-29T11:34:26.956+0000] {logging_mixin.py:188} INFO - [2026-04-29T11:34:26.956+0000] {dag.py:3954} INFO - Setting next_dagrun for ab_test_medallion_pipeline to 2026-04-29 00:00:00+00:00, run_after=2026-04-30 00:00:00+00:00
[2026-04-29T11:34:27.302+0000] {processor.py:183} INFO - Processing /opt/airflow/dags/pipeline_dag.py took 0.689 seconds
[2026-04-29T11:34:57.483+0000] {processor.py:161} INFO - Started process (PID=1263) to work on /opt/airflow/dags/pipeline_dag.py
[2026-04-29T11:34:57.578+0000] {processor.py:830} INFO - Processing file /opt/airflow/dags/pipeline_dag.py for tasks to queue
[2026-04-29T11:34:57.589+0000] {logging_mixin.py:188} INFO - [2026-04-29T11:34:57.587+0000] {dagbag.py:545} INFO - Filling up the DagBag from /opt/airflow/dags/pipeline_dag.py
[2026-04-29T11:34:57.628+0000] {processor.py:840} INFO - DAG(s) 'ab_test_medallion_pipeline' retrieved from /opt/airflow/dags/pipeline_dag.py
[2026-04-29T11:34:57.684+0000] {logging_mixin.py:188} INFO - [2026-04-29T11:34:57.684+0000] {dag.py:3096} INFO - Sync 1 DAGs
[2026-04-29T11:34:57.719+0000] {logging_mixin.py:188} INFO - [2026-04-29T11:34:57.719+0000] {dag.py:3954} INFO - Setting next_dagrun for ab_test_medallion_pipeline to 2026-04-29 00:00:00+00:00, run_after=2026-04-30 00:00:00+00:00
[2026-04-29T11:34:57.761+0000] {processor.py:183} INFO - Processing /opt/airflow/dags/pipeline_dag.py took 0.298 seconds
[2026-04-29T11:35:28.679+0000] {processor.py:161} INFO - Started process (PID=1268) to work on /opt/airflow/dags/pipeline_dag.py
[2026-04-29T11:35:28.682+0000] {processor.py:830} INFO - Processing file /opt/airflow/dags/pipeline_dag.py for tasks to queue
[2026-04-29T11:35:28.685+0000] {logging_mixin.py:188} INFO - [2026-04-29T11:35:28.685+0000] {dagbag.py:545} INFO - Filling up the DagBag from /opt/airflow/dags/pipeline_dag.py
[2026-04-29T11:35:28.704+0000] {processor.py:840} INFO - DAG(s) 'ab_test_medallion_pipeline' retrieved from /opt/airflow/dags/pipeline_dag.py
[2026-04-29T11:35:28.747+0000] {logging_mixin.py:188} INFO - [2026-04-29T11:35:28.746+0000] {dag.py:3096} INFO - Sync 1 DAGs
[2026-04-29T11:35:28.783+0000] {logging_mixin.py:188} INFO - [2026-04-29T11:35:28.783+0000] {dag.py:3954} INFO - Setting next_dagrun for ab_test_medallion_pipeline to 2026-04-29 00:00:00+00:00, run_after=2026-04-30 00:00:00+00:00
[2026-04-29T11:35:28.818+0000] {processor.py:183} INFO - Processing /opt/airflow/dags/pipeline_dag.py took 0.152 seconds
[2026-04-29T11:35:58.960+0000] {processor.py:161} INFO - Started process (PID=1273) to work on /opt/airflow/dags/pipeline_dag.py
[2026-04-29T11:35:58.962+0000] {processor.py:830} INFO - Processing file /opt/airflow/dags/pipeline_dag.py for tasks to queue
[2026-04-29T11:35:58.965+0000] {logging_mixin.py:188} INFO - [2026-04-29T11:35:58.965+0000] {dagbag.py:545} INFO - Filling up the DagBag from /opt/airflow/dags/pipeline_dag.py
[2026-04-29T11:35:58.983+0000] {processor.py:840} INFO - DAG(s) 'ab_test_medallion_pipeline' retrieved from /opt/airflow/dags/pipeline_dag.py
[2026-04-29T11:35:59.045+0000] {logging_mixin.py:188} INFO - [2026-04-29T11:35:59.045+0000] {dag.py:3096} INFO - Sync 1 DAGs
[2026-04-29T11:35:59.101+0000] {logging_mixin.py:188} INFO - [2026-04-29T11:35:59.101+0000] {dag.py:3954} INFO - Setting next_dagrun for ab_test_medallion_pipeline to 2026-04-29 00:00:00+00:00, run_after=2026-04-30 00:00:00+00:00
[2026-04-29T11:35:59.142+0000] {processor.py:183} INFO - Processing /opt/airflow/dags/pipeline_dag.py took 0.196 seconds
[2026-04-29T11:36:30.102+0000] {processor.py:161} INFO - Started process (PID=1278) to work on /opt/airflow/dags/pipeline_dag.py
[2026-04-29T11:36:30.119+0000] {processor.py:830} INFO - Processing file /opt/airflow/dags/pipeline_dag.py for tasks to queue
[2026-04-29T11:36:30.125+0000] {logging_mixin.py:188} INFO - [2026-04-29T11:36:30.123+0000] {dagbag.py:545} INFO - Filling up the DagBag from /opt/airflow/dags/pipeline_dag.py
[2026-04-29T11:36:30.155+0000] {processor.py:840} INFO - DAG(s) 'ab_test_medallion_pipeline' retrieved from /opt/airflow/dags/pipeline_dag.py
[2026-04-29T11:36:30.196+0000] {logging_mixin.py:188} INFO - [2026-04-29T11:36:30.196+0000] {dag.py:3096} INFO - Sync 1 DAGs
[2026-04-29T11:36:30.304+0000] {logging_mixin.py:188} INFO - [2026-04-29T11:36:30.303+0000] {dag.py:3954} INFO - Setting next_dagrun for ab_test_medallion_pipeline to 2026-04-29 00:00:00+00:00, run_after=2026-04-30 00:00:00+00:00
[2026-04-29T11:36:30.398+0000] {processor.py:183} INFO - Processing /opt/airflow/dags/pipeline_dag.py took 0.312 seconds
[2026-04-29T11:37:01.447+0000] {processor.py:161} INFO - Started process (PID=1283) to work on /opt/airflow/dags/pipeline_dag.py
[2026-04-29T11:37:01.450+0000] {processor.py:830} INFO - Processing file /opt/airflow/dags/pipeline_dag.py for tasks to queue
[2026-04-29T11:37:01.454+0000] {logging_mixin.py:188} INFO - [2026-04-29T11:37:01.453+0000] {dagbag.py:545} INFO - Filling up the DagBag from /opt/airflow/dags/pipeline_dag.py
[2026-04-29T11:37:01.493+0000] {processor.py:840} INFO - DAG(s) 'ab_test_medallion_pipeline' retrieved from /opt/airflow/dags/pipeline_dag.py
[2026-04-29T11:37:01.547+0000] {logging_mixin.py:188} INFO - [2026-04-29T11:37:01.546+0000] {dag.py:3096} INFO - Sync 1 DAGs
[2026-04-29T11:37:01.576+0000] {logging_mixin.py:188} INFO - [2026-04-29T11:37:01.576+0000] {dag.py:3954} INFO - Setting next_dagrun for ab_test_medallion_pipeline to 2026-04-29 00:00:00+00:00, run_after=2026-04-30 00:00:00+00:00
[2026-04-29T11:37:01.601+0000] {processor.py:183} INFO - Processing /opt/airflow/dags/pipeline_dag.py took 0.172 seconds
[2026-04-29T11:37:31.722+0000] {processor.py:161} INFO - Started process (PID=1288) to work on /opt/airflow/dags/pipeline_dag.py
[2026-04-29T11:37:31.724+0000] {processor.py:830} INFO - Processing file /opt/airflow/dags/pipeline_dag.py for tasks to queue
[2026-04-29T11:37:31.727+0000] {logging_mixin.py:188} INFO - [2026-04-29T11:37:31.726+0000] {dagbag.py:545} INFO - Filling up the DagBag from /opt/airflow/dags/pipeline_dag.py
[2026-04-29T11:37:31.748+0000] {processor.py:840} INFO - DAG(s) 'ab_test_medallion_pipeline' retrieved from /opt/airflow/dags/pipeline_dag.py
[2026-04-29T11:37:31.793+0000] {logging_mixin.py:188} INFO - [2026-04-29T11:37:31.793+0000] {dag.py:3096} INFO - Sync 1 DAGs
[2026-04-29T11:37:31.828+0000] {logging_mixin.py:188} INFO - [2026-04-29T11:37:31.827+0000] {dag.py:3954} INFO - Setting next_dagrun for ab_test_medallion_pipeline to 2026-04-29 00:00:00+00:00, run_after=2026-04-30 00:00:00+00:00
[2026-04-29T11:37:31.955+0000] {processor.py:183} INFO - Processing /opt/airflow/dags/pipeline_dag.py took 0.248 seconds
[2026-04-29T11:38:02.900+0000] {processor.py:161} INFO - Started process (PID=1293) to work on /opt/airflow/dags/pipeline_dag.py
[2026-04-29T11:38:02.902+0000] {processor.py:830} INFO - Processing file /opt/airflow/dags/pipeline_dag.py for tasks to queue
[2026-04-29T11:38:02.906+0000] {logging_mixin.py:188} INFO - [2026-04-29T11:38:02.905+0000] {dagbag.py:545} INFO - Filling up the DagBag from /opt/airflow/dags/pipeline_dag.py
[2026-04-29T11:38:02.936+0000] {processor.py:840} INFO - DAG(s) 'ab_test_medallion_pipeline' retrieved from /opt/airflow/dags/pipeline_dag.py
[2026-04-29T11:38:03.009+0000] {logging_mixin.py:188} INFO - [2026-04-29T11:38:03.008+0000] {dag.py:3096} INFO - Sync 1 DAGs
[2026-04-29T11:38:03.076+0000] {logging_mixin.py:188} INFO - [2026-04-29T11:38:03.075+0000] {dag.py:3954} INFO - Setting next_dagrun for ab_test_medallion_pipeline to 2026-04-29 00:00:00+00:00, run_after=2026-04-30 00:00:00+00:00
[2026-04-29T11:38:03.128+0000] {processor.py:183} INFO - Processing /opt/airflow/dags/pipeline_dag.py took 0.243 seconds
[2026-04-29T11:38:33.189+0000] {processor.py:161} INFO - Started process (PID=1298) to work on /opt/airflow/dags/pipeline_dag.py
[2026-04-29T11:38:33.191+0000] {processor.py:830} INFO - Processing file /opt/airflow/dags/pipeline_dag.py for tasks to queue
[2026-04-29T11:38:33.196+0000] {logging_mixin.py:188} INFO - [2026-04-29T11:38:33.195+0000] {dagbag.py:545} INFO - Filling up the DagBag from /opt/airflow/dags/pipeline_dag.py
[2026-04-29T11:38:33.228+0000] {processor.py:840} INFO - DAG(s) 'ab_test_medallion_pipeline' retrieved from /opt/airflow/dags/pipeline_dag.py
[2026-04-29T11:38:33.320+0000] {logging_mixin.py:188} INFO - [2026-04-29T11:38:33.319+0000] {dag.py:3096} INFO - Sync 1 DAGs
[2026-04-29T11:38:33.394+0000] {logging_mixin.py:188} INFO - [2026-04-29T11:38:33.393+0000] {dag.py:3954} INFO - Setting next_dagrun for ab_test_medallion_pipeline to 2026-04-29 00:00:00+00:00, run_after=2026-04-30 00:00:00+00:00
[2026-04-29T11:38:33.434+0000] {processor.py:183} INFO - Processing /opt/airflow/dags/pipeline_dag.py took 0.260 seconds
[2026-04-29T11:39:04.305+0000] {processor.py:161} INFO - Started process (PID=1303) to work on /opt/airflow/dags/pipeline_dag.py
[2026-04-29T11:39:04.306+0000] {processor.py:830} INFO - Processing file /opt/airflow/dags/pipeline_dag.py for tasks to queue
[2026-04-29T11:39:04.310+0000] {logging_mixin.py:188} INFO - [2026-04-29T11:39:04.309+0000] {dagbag.py:545} INFO - Filling up the DagBag from /opt/airflow/dags/pipeline_dag.py
[2026-04-29T11:39:04.361+0000] {processor.py:840} INFO - DAG(s) 'ab_test_medallion_pipeline' retrieved from /opt/airflow/dags/pipeline_dag.py
[2026-04-29T11:39:04.425+0000] {logging_mixin.py:188} INFO - [2026-04-29T11:39:04.424+0000] {dag.py:3096} INFO - Sync 1 DAGs
[2026-04-29T11:39:04.460+0000] {logging_mixin.py:188} INFO - [2026-04-29T11:39:04.460+0000] {dag.py:3954} INFO - Setting next_dagrun for ab_test_medallion_pipeline to 2026-04-29 00:00:00+00:00, run_after=2026-04-30 00:00:00+00:00
[2026-04-29T11:39:04.492+0000] {processor.py:183} INFO - Processing /opt/airflow/dags/pipeline_dag.py took 0.201 seconds
[2026-04-29T11:39:35.613+0000] {processor.py:161} INFO - Started process (PID=1308) to work on /opt/airflow/dags/pipeline_dag.py
[2026-04-29T11:39:35.618+0000] {processor.py:830} INFO - Processing file /opt/airflow/dags/pipeline_dag.py for tasks to queue
[2026-04-29T11:39:35.621+0000] {logging_mixin.py:188} INFO - [2026-04-29T11:39:35.620+0000] {dagbag.py:545} INFO - Filling up the DagBag from /opt/airflow/dags/pipeline_dag.py
[2026-04-29T11:39:35.662+0000] {processor.py:840} INFO - DAG(s) 'ab_test_medallion_pipeline' retrieved from /opt/airflow/dags/pipeline_dag.py
[2026-04-29T11:39:35.723+0000] {logging_mixin.py:188} INFO - [2026-04-29T11:39:35.722+0000] {dag.py:3096} INFO - Sync 1 DAGs
[2026-04-29T11:39:35.767+0000] {logging_mixin.py:188} INFO - [2026-04-29T11:39:35.767+0000] {dag.py:3954} INFO - Setting next_dagrun for ab_test_medallion_pipeline to 2026-04-29 00:00:00+00:00, run_after=2026-04-30 00:00:00+00:00
[2026-04-29T11:39:35.802+0000] {processor.py:183} INFO - Processing /opt/airflow/dags/pipeline_dag.py took 0.198 seconds
[2026-04-29T11:40:06.645+0000] {processor.py:161} INFO - Started process (PID=1313) to work on /opt/airflow/dags/pipeline_dag.py
[2026-04-29T11:40:06.647+0000] {processor.py:830} INFO - Processing file /opt/airflow/dags/pipeline_dag.py for tasks to queue
[2026-04-29T11:40:06.650+0000] {logging_mixin.py:188} INFO - [2026-04-29T11:40:06.649+0000] {dagbag.py:545} INFO - Filling up the DagBag from /opt/airflow/dags/pipeline_dag.py
[2026-04-29T11:40:06.680+0000] {processor.py:840} INFO - DAG(s) 'ab_test_medallion_pipeline' retrieved from /opt/airflow/dags/pipeline_dag.py
[2026-04-29T11:40:06.743+0000] {logging_mixin.py:188} INFO - [2026-04-29T11:40:06.742+0000] {dag.py:3096} INFO - Sync 1 DAGs
[2026-04-29T11:40:06.790+0000] {logging_mixin.py:188} INFO - [2026-04-29T11:40:06.790+0000] {dag.py:3954} INFO - Setting next_dagrun for ab_test_medallion_pipeline to 2026-04-29 00:00:00+00:00, run_after=2026-04-30 00:00:00+00:00
[2026-04-29T11:40:06.831+0000] {processor.py:183} INFO - Processing /opt/airflow/dags/pipeline_dag.py took 0.195 seconds
[2026-04-29T11:40:37.881+0000] {processor.py:161} INFO - Started process (PID=1318) to work on /opt/airflow/dags/pipeline_dag.py
[2026-04-29T11:40:37.885+0000] {processor.py:830} INFO - Processing file /opt/airflow/dags/pipeline_dag.py for tasks to queue
[2026-04-29T11:40:37.888+0000] {logging_mixin.py:188} INFO - [2026-04-29T11:40:37.887+0000] {dagbag.py:545} INFO - Filling up the DagBag from /opt/airflow/dags/pipeline_dag.py
[2026-04-29T11:40:37.915+0000] {processor.py:840} INFO - DAG(s) 'ab_test_medallion_pipeline' retrieved from /opt/airflow/dags/pipeline_dag.py
[2026-04-29T11:40:37.969+0000] {logging_mixin.py:188} INFO - [2026-04-29T11:40:37.968+0000] {dag.py:3096} INFO - Sync 1 DAGs
[2026-04-29T11:40:38.011+0000] {logging_mixin.py:188} INFO - [2026-04-29T11:40:38.011+0000] {dag.py:3954} INFO - Setting next_dagrun for ab_test_medallion_pipeline to 2026-04-29 00:00:00+00:00, run_after=2026-04-30 00:00:00+00:00
[2026-04-29T11:40:38.046+0000] {processor.py:183} INFO - Processing /opt/airflow/dags/pipeline_dag.py took 0.177 seconds
[2026-04-29T11:41:08.938+0000] {processor.py:161} INFO - Started process (PID=1323) to work on /opt/airflow/dags/pipeline_dag.py
[2026-04-29T11:41:08.941+0000] {processor.py:830} INFO - Processing file /opt/airflow/dags/pipeline_dag.py for tasks to queue
[2026-04-29T11:41:08.947+0000] {logging_mixin.py:188} INFO - [2026-04-29T11:41:08.946+0000] {dagbag.py:545} INFO - Filling up the DagBag from /opt/airflow/dags/pipeline_dag.py
[2026-04-29T11:41:08.980+0000] {processor.py:840} INFO - DAG(s) 'ab_test_medallion_pipeline' retrieved from /opt/airflow/dags/pipeline_dag.py
[2026-04-29T11:41:09.037+0000] {logging_mixin.py:188} INFO - [2026-04-29T11:41:09.036+0000] {dag.py:3096} INFO - Sync 1 DAGs
[2026-04-29T11:41:09.080+0000] {logging_mixin.py:188} INFO - [2026-04-29T11:41:09.080+0000] {dag.py:3954} INFO - Setting next_dagrun for ab_test_medallion_pipeline to 2026-04-29 00:00:00+00:00, run_after=2026-04-30 00:00:00+00:00
[2026-04-29T11:41:09.119+0000] {processor.py:183} INFO - Processing /opt/airflow/dags/pipeline_dag.py took 0.201 seconds
[2026-04-29T11:41:39.184+0000] {processor.py:161} INFO - Started process (PID=1328) to work on /opt/airflow/dags/pipeline_dag.py
[2026-04-29T11:41:39.189+0000] {processor.py:830} INFO - Processing file /opt/airflow/dags/pipeline_dag.py for tasks to queue
[2026-04-29T11:41:39.193+0000] {logging_mixin.py:188} INFO - [2026-04-29T11:41:39.192+0000] {dagbag.py:545} INFO - Filling up the DagBag from /opt/airflow/dags/pipeline_dag.py
[2026-04-29T11:41:39.217+0000] {processor.py:840} INFO - DAG(s) 'ab_test_medallion_pipeline' retrieved from /opt/airflow/dags/pipeline_dag.py
[2026-04-29T11:41:39.260+0000] {logging_mixin.py:188} INFO - [2026-04-29T11:41:39.260+0000] {dag.py:3096} INFO - Sync 1 DAGs
[2026-04-29T11:41:39.299+0000] {logging_mixin.py:188} INFO - [2026-04-29T11:41:39.298+0000] {dag.py:3954} INFO - Setting next_dagrun for ab_test_medallion_pipeline to 2026-04-29 00:00:00+00:00, run_after=2026-04-30 00:00:00+00:00
[2026-04-29T11:41:39.330+0000] {processor.py:183} INFO - Processing /opt/airflow/dags/pipeline_dag.py took 0.156 seconds
[2026-04-29T11:42:09.392+0000] {processor.py:161} INFO - Started process (PID=1333) to work on /opt/airflow/dags/pipeline_dag.py
[2026-04-29T11:42:09.393+0000] {processor.py:830} INFO - Processing file /opt/airflow/dags/pipeline_dag.py for tasks to queue
[2026-04-29T11:42:09.396+0000] {logging_mixin.py:188} INFO - [2026-04-29T11:42:09.395+0000] {dagbag.py:545} INFO - Filling up the DagBag from /opt/airflow/dags/pipeline_dag.py
[2026-04-29T11:42:09.420+0000] {processor.py:840} INFO - DAG(s) 'ab_test_medallion_pipeline' retrieved from /opt/airflow/dags/pipeline_dag.py
[2026-04-29T11:42:09.469+0000] {logging_mixin.py:188} INFO - [2026-04-29T11:42:09.468+0000] {dag.py:3096} INFO - Sync 1 DAGs
[2026-04-29T11:42:09.515+0000] {logging_mixin.py:188} INFO - [2026-04-29T11:42:09.513+0000] {dag.py:3954} INFO - Setting next_dagrun for ab_test_medallion_pipeline to 2026-04-29 00:00:00+00:00, run_after=2026-04-30 00:00:00+00:00
[2026-04-29T11:42:09.547+0000] {processor.py:183} INFO - Processing /opt/airflow/dags/pipeline_dag.py took 0.166 seconds
[2026-04-29T11:42:40.561+0000] {processor.py:161} INFO - Started process (PID=1410) to work on /opt/airflow/dags/pipeline_dag.py
[2026-04-29T11:42:40.572+0000] {processor.py:830} INFO - Processing file /opt/airflow/dags/pipeline_dag.py for tasks to queue
[2026-04-29T11:42:40.591+0000] {logging_mixin.py:188} INFO - [2026-04-29T11:42:40.588+0000] {dagbag.py:545} INFO - Filling up the DagBag from /opt/airflow/dags/pipeline_dag.py
[2026-04-29T11:42:40.777+0000] {processor.py:840} INFO - DAG(s) 'ab_test_medallion_pipeline' retrieved from /opt/airflow/dags/pipeline_dag.py
[2026-04-29T11:42:41.012+0000] {logging_mixin.py:188} INFO - [2026-04-29T11:42:41.011+0000] {dag.py:3096} INFO - Sync 1 DAGs
[2026-04-29T11:42:41.207+0000] {logging_mixin.py:188} INFO - [2026-04-29T11:42:41.206+0000] {dag.py:3954} INFO - Setting next_dagrun for ab_test_medallion_pipeline to 2026-04-29 00:00:00+00:00, run_after=2026-04-30 00:00:00+00:00
[2026-04-29T11:42:41.285+0000] {processor.py:183} INFO - Processing /opt/airflow/dags/pipeline_dag.py took 0.768 seconds
[2026-04-29T11:43:12.131+0000] {processor.py:161} INFO - Started process (PID=1506) to work on /opt/airflow/dags/pipeline_dag.py
[2026-04-29T11:43:12.235+0000] {processor.py:830} INFO - Processing file /opt/airflow/dags/pipeline_dag.py for tasks to queue
[2026-04-29T11:43:12.303+0000] {logging_mixin.py:188} INFO - [2026-04-29T11:43:12.297+0000] {dagbag.py:545} INFO - Filling up the DagBag from /opt/airflow/dags/pipeline_dag.py
[2026-04-29T11:43:14.464+0000] {processor.py:840} INFO - DAG(s) 'ab_test_medallion_pipeline' retrieved from /opt/airflow/dags/pipeline_dag.py
[2026-04-29T11:43:15.094+0000] {logging_mixin.py:188} INFO - [2026-04-29T11:43:15.093+0000] {dag.py:3096} INFO - Sync 1 DAGs
[2026-04-29T11:43:15.448+0000] {logging_mixin.py:188} INFO - [2026-04-29T11:43:15.448+0000] {dag.py:3954} INFO - Setting next_dagrun for ab_test_medallion_pipeline to 2026-04-29 00:00:00+00:00, run_after=2026-04-30 00:00:00+00:00
[2026-04-29T11:43:15.523+0000] {processor.py:183} INFO - Processing /opt/airflow/dags/pipeline_dag.py took 3.789 seconds
[2026-04-29T11:43:45.639+0000] {processor.py:161} INFO - Started process (PID=1592) to work on /opt/airflow/dags/pipeline_dag.py
[2026-04-29T11:43:45.642+0000] {processor.py:830} INFO - Processing file /opt/airflow/dags/pipeline_dag.py for tasks to queue
[2026-04-29T11:43:45.653+0000] {logging_mixin.py:188} INFO - [2026-04-29T11:43:45.648+0000] {dagbag.py:545} INFO - Filling up the DagBag from /opt/airflow/dags/pipeline_dag.py
[2026-04-29T11:43:45.709+0000] {processor.py:840} INFO - DAG(s) 'ab_test_medallion_pipeline' retrieved from /opt/airflow/dags/pipeline_dag.py
[2026-04-29T11:43:45.765+0000] {logging_mixin.py:188} INFO - [2026-04-29T11:43:45.764+0000] {dag.py:3096} INFO - Sync 1 DAGs
[2026-04-29T11:43:45.800+0000] {logging_mixin.py:188} INFO - [2026-04-29T11:43:45.800+0000] {dag.py:3954} INFO - Setting next_dagrun for ab_test_medallion_pipeline to 2026-04-29 00:00:00+00:00, run_after=2026-04-30 00:00:00+00:00
[2026-04-29T11:43:45.830+0000] {processor.py:183} INFO - Processing /opt/airflow/dags/pipeline_dag.py took 0.211 seconds
[2026-04-29T11:44:15.984+0000] {processor.py:161} INFO - Started process (PID=1597) to work on /opt/airflow/dags/pipeline_dag.py
[2026-04-29T11:44:15.986+0000] {processor.py:830} INFO - Processing file /opt/airflow/dags/pipeline_dag.py for tasks to queue
[2026-04-29T11:44:15.992+0000] {logging_mixin.py:188} INFO - [2026-04-29T11:44:15.991+0000] {dagbag.py:545} INFO - Filling up the DagBag from /opt/airflow/dags/pipeline_dag.py
[2026-04-29T11:44:16.025+0000] {processor.py:840} INFO - DAG(s) 'ab_test_medallion_pipeline' retrieved from /opt/airflow/dags/pipeline_dag.py
[2026-04-29T11:44:16.083+0000] {logging_mixin.py:188} INFO - [2026-04-29T11:44:16.083+0000] {dag.py:3096} INFO - Sync 1 DAGs
[2026-04-29T11:44:16.126+0000] {logging_mixin.py:188} INFO - [2026-04-29T11:44:16.125+0000] {dag.py:3954} INFO - Setting next_dagrun for ab_test_medallion_pipeline to 2026-04-29 00:00:00+00:00, run_after=2026-04-30 00:00:00+00:00
[2026-04-29T11:44:16.158+0000] {processor.py:183} INFO - Processing /opt/airflow/dags/pipeline_dag.py took 0.194 seconds
[2026-04-29T11:44:46.268+0000] {processor.py:161} INFO - Started process (PID=1602) to work on /opt/airflow/dags/pipeline_dag.py
[2026-04-29T11:44:46.270+0000] {processor.py:830} INFO - Processing file /opt/airflow/dags/pipeline_dag.py for tasks to queue
[2026-04-29T11:44:46.274+0000] {logging_mixin.py:188} INFO - [2026-04-29T11:44:46.274+0000] {dagbag.py:545} INFO - Filling up the DagBag from /opt/airflow/dags/pipeline_dag.py
[2026-04-29T11:44:46.299+0000] {processor.py:840} INFO - DAG(s) 'ab_test_medallion_pipeline' retrieved from /opt/airflow/dags/pipeline_dag.py
[2026-04-29T11:44:46.358+0000] {logging_mixin.py:188} INFO - [2026-04-29T11:44:46.358+0000] {dag.py:3096} INFO - Sync 1 DAGs
[2026-04-29T11:44:46.406+0000] {logging_mixin.py:188} INFO - [2026-04-29T11:44:46.405+0000] {dag.py:3954} INFO - Setting next_dagrun for ab_test_medallion_pipeline to 2026-04-29 00:00:00+00:00, run_after=2026-04-30 00:00:00+00:00
[2026-04-29T11:44:46.446+0000] {processor.py:183} INFO - Processing /opt/airflow/dags/pipeline_dag.py took 0.190 seconds
[2026-04-29T11:45:16.603+0000] {processor.py:161} INFO - Started process (PID=1607) to work on /opt/airflow/dags/pipeline_dag.py
[2026-04-29T11:45:16.605+0000] {processor.py:830} INFO - Processing file /opt/airflow/dags/pipeline_dag.py for tasks to queue
[2026-04-29T11:45:16.609+0000] {logging_mixin.py:188} INFO - [2026-04-29T11:45:16.609+0000] {dagbag.py:545} INFO - Filling up the DagBag from /opt/airflow/dags/pipeline_dag.py
[2026-04-29T11:45:16.633+0000] {processor.py:840} INFO - DAG(s) 'ab_test_medallion_pipeline' retrieved from /opt/airflow/dags/pipeline_dag.py
[2026-04-29T11:45:16.678+0000] {logging_mixin.py:188} INFO - [2026-04-29T11:45:16.677+0000] {dag.py:3096} INFO - Sync 1 DAGs
[2026-04-29T11:45:16.720+0000] {logging_mixin.py:188} INFO - [2026-04-29T11:45:16.719+0000] {dag.py:3954} INFO - Setting next_dagrun for ab_test_medallion_pipeline to 2026-04-29 00:00:00+00:00, run_after=2026-04-30 00:00:00+00:00
[2026-04-29T11:45:16.771+0000] {processor.py:183} INFO - Processing /opt/airflow/dags/pipeline_dag.py took 0.183 seconds
[2026-04-29T11:45:46.944+0000] {processor.py:161} INFO - Started process (PID=1613) to work on /opt/airflow/dags/pipeline_dag.py
[2026-04-29T11:45:46.946+0000] {processor.py:830} INFO - Processing file /opt/airflow/dags/pipeline_dag.py for tasks to queue
[2026-04-29T11:45:46.950+0000] {logging_mixin.py:188} INFO - [2026-04-29T11:45:46.949+0000] {dagbag.py:545} INFO - Filling up the DagBag from /opt/airflow/dags/pipeline_dag.py
[2026-04-29T11:45:46.976+0000] {processor.py:840} INFO - DAG(s) 'ab_test_medallion_pipeline' retrieved from /opt/airflow/dags/pipeline_dag.py
[2026-04-29T11:45:47.042+0000] {logging_mixin.py:188} INFO - [2026-04-29T11:45:47.041+0000] {dag.py:3096} INFO - Sync 1 DAGs
[2026-04-29T11:45:47.091+0000] {logging_mixin.py:188} INFO - [2026-04-29T11:45:47.090+0000] {dag.py:3954} INFO - Setting next_dagrun for ab_test_medallion_pipeline to 2026-04-29 00:00:00+00:00, run_after=2026-04-30 00:00:00+00:00
[2026-04-29T11:45:47.133+0000] {processor.py:183} INFO - Processing /opt/airflow/dags/pipeline_dag.py took 0.202 seconds
[2026-04-29T11:46:17.280+0000] {processor.py:161} INFO - Started process (PID=1798) to work on /opt/airflow/dags/pipeline_dag.py
[2026-04-29T11:46:17.282+0000] {processor.py:830} INFO - Processing file /opt/airflow/dags/pipeline_dag.py for tasks to queue
[2026-04-29T11:46:17.287+0000] {logging_mixin.py:188} INFO - [2026-04-29T11:46:17.286+0000] {dagbag.py:545} INFO - Filling up the DagBag from /opt/airflow/dags/pipeline_dag.py
[2026-04-29T11:46:17.356+0000] {processor.py:840} INFO - DAG(s) 'ab_test_medallion_pipeline' retrieved from /opt/airflow/dags/pipeline_dag.py
[2026-04-29T11:46:17.436+0000] {logging_mixin.py:188} INFO - [2026-04-29T11:46:17.436+0000] {dag.py:3096} INFO - Sync 1 DAGs
[2026-04-29T11:46:17.485+0000] {logging_mixin.py:188} INFO - [2026-04-29T11:46:17.484+0000] {dag.py:3954} INFO - Setting next_dagrun for ab_test_medallion_pipeline to 2026-04-29 00:00:00+00:00, run_after=2026-04-30 00:00:00+00:00
[2026-04-29T11:46:17.523+0000] {processor.py:183} INFO - Processing /opt/airflow/dags/pipeline_dag.py took 0.266 seconds
[2026-04-29T11:46:47.634+0000] {processor.py:161} INFO - Started process (PID=1865) to work on /opt/airflow/dags/pipeline_dag.py
[2026-04-29T11:46:47.638+0000] {processor.py:830} INFO - Processing file /opt/airflow/dags/pipeline_dag.py for tasks to queue
[2026-04-29T11:46:47.642+0000] {logging_mixin.py:188} INFO - [2026-04-29T11:46:47.641+0000] {dagbag.py:545} INFO - Filling up the DagBag from /opt/airflow/dags/pipeline_dag.py
[2026-04-29T11:46:47.665+0000] {processor.py:840} INFO - DAG(s) 'ab_test_medallion_pipeline' retrieved from /opt/airflow/dags/pipeline_dag.py
[2026-04-29T11:46:47.750+0000] {logging_mixin.py:188} INFO - [2026-04-29T11:46:47.749+0000] {dag.py:3096} INFO - Sync 1 DAGs
[2026-04-29T11:46:47.833+0000] {logging_mixin.py:188} INFO - [2026-04-29T11:46:47.832+0000] {dag.py:3954} INFO - Setting next_dagrun for ab_test_medallion_pipeline to 2026-04-29 00:00:00+00:00, run_after=2026-04-30 00:00:00+00:00
[2026-04-29T11:46:47.882+0000] {processor.py:183} INFO - Processing /opt/airflow/dags/pipeline_dag.py took 0.262 seconds
[2026-04-29T11:47:18.018+0000] {processor.py:161} INFO - Started process (PID=1870) to work on /opt/airflow/dags/pipeline_dag.py
[2026-04-29T11:47:18.023+0000] {processor.py:830} INFO - Processing file /opt/airflow/dags/pipeline_dag.py for tasks to queue
[2026-04-29T11:47:18.032+0000] {logging_mixin.py:188} INFO - [2026-04-29T11:47:18.031+0000] {dagbag.py:545} INFO - Filling up the DagBag from /opt/airflow/dags/pipeline_dag.py
[2026-04-29T11:47:18.074+0000] {processor.py:840} INFO - DAG(s) 'ab_test_medallion_pipeline' retrieved from /opt/airflow/dags/pipeline_dag.py
[2026-04-29T11:47:18.157+0000] {logging_mixin.py:188} INFO - [2026-04-29T11:47:18.156+0000] {dag.py:3096} INFO - Sync 1 DAGs
[2026-04-29T11:47:18.218+0000] {logging_mixin.py:188} INFO - [2026-04-29T11:47:18.218+0000] {dag.py:3954} INFO - Setting next_dagrun for ab_test_medallion_pipeline to 2026-04-29 00:00:00+00:00, run_after=2026-04-30 00:00:00+00:00
[2026-04-29T11:47:18.259+0000] {processor.py:183} INFO - Processing /opt/airflow/dags/pipeline_dag.py took 0.271 seconds
[2026-04-29T11:47:49.102+0000] {processor.py:161} INFO - Started process (PID=1875) to work on /opt/airflow/dags/pipeline_dag.py
[2026-04-29T11:47:49.104+0000] {processor.py:830} INFO - Processing file /opt/airflow/dags/pipeline_dag.py for tasks to queue
[2026-04-29T11:47:49.108+0000] {logging_mixin.py:188} INFO - [2026-04-29T11:47:49.108+0000] {dagbag.py:545} INFO - Filling up the DagBag from /opt/airflow/dags/pipeline_dag.py
[2026-04-29T11:47:49.153+0000] {processor.py:840} INFO - DAG(s) 'ab_test_medallion_pipeline' retrieved from /opt/airflow/dags/pipeline_dag.py
[2026-04-29T11:47:49.266+0000] {logging_mixin.py:188} INFO - [2026-04-29T11:47:49.266+0000] {dag.py:3096} INFO - Sync 1 DAGs
[2026-04-29T11:47:49.390+0000] {logging_mixin.py:188} INFO - [2026-04-29T11:47:49.386+0000] {dag.py:3954} INFO - Setting next_dagrun for ab_test_medallion_pipeline to 2026-04-29 00:00:00+00:00, run_after=2026-04-30 00:00:00+00:00
[2026-04-29T11:47:49.479+0000] {processor.py:183} INFO - Processing /opt/airflow/dags/pipeline_dag.py took 0.395 seconds
[2026-04-29T11:48:20.484+0000] {processor.py:161} INFO - Started process (PID=1880) to work on /opt/airflow/dags/pipeline_dag.py
[2026-04-29T11:48:20.486+0000] {processor.py:830} INFO - Processing file /opt/airflow/dags/pipeline_dag.py for tasks to queue
[2026-04-29T11:48:20.491+0000] {logging_mixin.py:188} INFO - [2026-04-29T11:48:20.490+0000] {dagbag.py:545} INFO - Filling up the DagBag from /opt/airflow/dags/pipeline_dag.py
[2026-04-29T11:48:20.520+0000] {processor.py:840} INFO - DAG(s) 'ab_test_medallion_pipeline' retrieved from /opt/airflow/dags/pipeline_dag.py
[2026-04-29T11:48:20.591+0000] {logging_mixin.py:188} INFO - [2026-04-29T11:48:20.590+0000] {dag.py:3096} INFO - Sync 1 DAGs
[2026-04-29T11:48:20.641+0000] {logging_mixin.py:188} INFO - [2026-04-29T11:48:20.640+0000] {dag.py:3954} INFO - Setting next_dagrun for ab_test_medallion_pipeline to 2026-04-29 00:00:00+00:00, run_after=2026-04-30 00:00:00+00:00
[2026-04-29T11:48:20.689+0000] {processor.py:183} INFO - Processing /opt/airflow/dags/pipeline_dag.py took 0.221 seconds
[2026-04-29T11:48:51.662+0000] {processor.py:161} INFO - Started process (PID=1885) to work on /opt/airflow/dags/pipeline_dag.py
[2026-04-29T11:48:51.664+0000] {processor.py:830} INFO - Processing file /opt/airflow/dags/pipeline_dag.py for tasks to queue
[2026-04-29T11:48:51.669+0000] {logging_mixin.py:188} INFO - [2026-04-29T11:48:51.668+0000] {dagbag.py:545} INFO - Filling up the DagBag from /opt/airflow/dags/pipeline_dag.py
[2026-04-29T11:48:51.716+0000] {processor.py:840} INFO - DAG(s) 'ab_test_medallion_pipeline' retrieved from /opt/airflow/dags/pipeline_dag.py
[2026-04-29T11:48:51.772+0000] {logging_mixin.py:188} INFO - [2026-04-29T11:48:51.771+0000] {dag.py:3096} INFO - Sync 1 DAGs
[2026-04-29T11:48:51.819+0000] {logging_mixin.py:188} INFO - [2026-04-29T11:48:51.819+0000] {dag.py:3954} INFO - Setting next_dagrun for ab_test_medallion_pipeline to 2026-04-29 00:00:00+00:00, run_after=2026-04-30 00:00:00+00:00
[2026-04-29T11:48:51.857+0000] {processor.py:183} INFO - Processing /opt/airflow/dags/pipeline_dag.py took 0.212 seconds
[2026-04-29T11:49:22.812+0000] {processor.py:161} INFO - Started process (PID=1890) to work on /opt/airflow/dags/pipeline_dag.py
[2026-04-29T11:49:22.813+0000] {processor.py:830} INFO - Processing file /opt/airflow/dags/pipeline_dag.py for tasks to queue
[2026-04-29T11:49:22.817+0000] {logging_mixin.py:188} INFO - [2026-04-29T11:49:22.816+0000] {dagbag.py:545} INFO - Filling up the DagBag from /opt/airflow/dags/pipeline_dag.py
[2026-04-29T11:49:22.843+0000] {processor.py:840} INFO - DAG(s) 'ab_test_medallion_pipeline' retrieved from /opt/airflow/dags/pipeline_dag.py
[2026-04-29T11:49:22.907+0000] {logging_mixin.py:188} INFO - [2026-04-29T11:49:22.907+0000] {dag.py:3096} INFO - Sync 1 DAGs
[2026-04-29T11:49:22.950+0000] {logging_mixin.py:188} INFO - [2026-04-29T11:49:22.949+0000] {dag.py:3954} INFO - Setting next_dagrun for ab_test_medallion_pipeline to 2026-04-29 00:00:00+00:00, run_after=2026-04-30 00:00:00+00:00
[2026-04-29T11:49:22.983+0000] {processor.py:183} INFO - Processing /opt/airflow/dags/pipeline_dag.py took 0.187 seconds
[2026-04-29T11:49:53.071+0000] {processor.py:161} INFO - Started process (PID=1895) to work on /opt/airflow/dags/pipeline_dag.py
[2026-04-29T11:49:53.073+0000] {processor.py:830} INFO - Processing file /opt/airflow/dags/pipeline_dag.py for tasks to queue
[2026-04-29T11:49:53.077+0000] {logging_mixin.py:188} INFO - [2026-04-29T11:49:53.076+0000] {dagbag.py:545} INFO - Filling up the DagBag from /opt/airflow/dags/pipeline_dag.py
[2026-04-29T11:49:53.100+0000] {processor.py:840} INFO - DAG(s) 'ab_test_medallion_pipeline' retrieved from /opt/airflow/dags/pipeline_dag.py
[2026-04-29T11:49:53.161+0000] {logging_mixin.py:188} INFO - [2026-04-29T11:49:53.161+0000] {dag.py:3096} INFO - Sync 1 DAGs
[2026-04-29T11:49:53.213+0000] {logging_mixin.py:188} INFO - [2026-04-29T11:49:53.213+0000] {dag.py:3954} INFO - Setting next_dagrun for ab_test_medallion_pipeline to 2026-04-29 00:00:00+00:00, run_after=2026-04-30 00:00:00+00:00
[2026-04-29T11:49:53.303+0000] {processor.py:183} INFO - Processing /opt/airflow/dags/pipeline_dag.py took 0.245 seconds
[2026-04-29T11:50:23.476+0000] {processor.py:161} INFO - Started process (PID=1900) to work on /opt/airflow/dags/pipeline_dag.py
[2026-04-29T11:50:23.479+0000] {processor.py:830} INFO - Processing file /opt/airflow/dags/pipeline_dag.py for tasks to queue
[2026-04-29T11:50:23.482+0000] {logging_mixin.py:188} INFO - [2026-04-29T11:50:23.482+0000] {dagbag.py:545} INFO - Filling up the DagBag from /opt/airflow/dags/pipeline_dag.py
[2026-04-29T11:50:23.518+0000] {processor.py:840} INFO - DAG(s) 'ab_test_medallion_pipeline' retrieved from /opt/airflow/dags/pipeline_dag.py
[2026-04-29T11:50:23.574+0000] {logging_mixin.py:188} INFO - [2026-04-29T11:50:23.574+0000] {dag.py:3096} INFO - Sync 1 DAGs
[2026-04-29T11:50:23.610+0000] {logging_mixin.py:188} INFO - [2026-04-29T11:50:23.609+0000] {dag.py:3954} INFO - Setting next_dagrun for ab_test_medallion_pipeline to 2026-04-29 00:00:00+00:00, run_after=2026-04-30 00:00:00+00:00
[2026-04-29T11:50:23.637+0000] {processor.py:183} INFO - Processing /opt/airflow/dags/pipeline_dag.py took 0.183 seconds
[2026-04-29T11:50:54.496+0000] {processor.py:161} INFO - Started process (PID=1905) to work on /opt/airflow/dags/pipeline_dag.py
[2026-04-29T11:50:54.499+0000] {processor.py:830} INFO - Processing file /opt/airflow/dags/pipeline_dag.py for tasks to queue
[2026-04-29T11:50:54.504+0000] {logging_mixin.py:188} INFO - [2026-04-29T11:50:54.503+0000] {dagbag.py:545} INFO - Filling up the DagBag from /opt/airflow/dags/pipeline_dag.py
[2026-04-29T11:50:54.528+0000] {processor.py:840} INFO - DAG(s) 'ab_test_medallion_pipeline' retrieved from /opt/airflow/dags/pipeline_dag.py
[2026-04-29T11:50:54.591+0000] {logging_mixin.py:188} INFO - [2026-04-29T11:50:54.590+0000] {dag.py:3096} INFO - Sync 1 DAGs
[2026-04-29T11:50:54.630+0000] {logging_mixin.py:188} INFO - [2026-04-29T11:50:54.630+0000] {dag.py:3954} INFO - Setting next_dagrun for ab_test_medallion_pipeline to 2026-04-29 00:00:00+00:00, run_after=2026-04-30 00:00:00+00:00
[2026-04-29T11:50:54.668+0000] {processor.py:183} INFO - Processing /opt/airflow/dags/pipeline_dag.py took 0.184 seconds
[2026-04-29T11:51:25.764+0000] {processor.py:161} INFO - Started process (PID=1910) to work on /opt/airflow/dags/pipeline_dag.py
[2026-04-29T11:51:25.766+0000] {processor.py:830} INFO - Processing file /opt/airflow/dags/pipeline_dag.py for tasks to queue
[2026-04-29T11:51:25.771+0000] {logging_mixin.py:188} INFO - [2026-04-29T11:51:25.770+0000] {dagbag.py:545} INFO - Filling up the DagBag from /opt/airflow/dags/pipeline_dag.py
[2026-04-29T11:51:25.809+0000] {processor.py:840} INFO - DAG(s) 'ab_test_medallion_pipeline' retrieved from /opt/airflow/dags/pipeline_dag.py
[2026-04-29T11:51:25.887+0000] {logging_mixin.py:188} INFO - [2026-04-29T11:51:25.887+0000] {dag.py:3096} INFO - Sync 1 DAGs
[2026-04-29T11:51:25.931+0000] {logging_mixin.py:188} INFO - [2026-04-29T11:51:25.931+0000] {dag.py:3954} INFO - Setting next_dagrun for ab_test_medallion_pipeline to 2026-04-29 00:00:00+00:00, run_after=2026-04-30 00:00:00+00:00
[2026-04-29T11:51:25.974+0000] {processor.py:183} INFO - Processing /opt/airflow/dags/pipeline_dag.py took 0.227 seconds
[2026-04-29T11:51:56.401+0000] {processor.py:161} INFO - Started process (PID=1915) to work on /opt/airflow/dags/pipeline_dag.py
[2026-04-29T11:51:56.440+0000] {processor.py:830} INFO - Processing file /opt/airflow/dags/pipeline_dag.py for tasks to queue
[2026-04-29T11:51:56.444+0000] {logging_mixin.py:188} INFO - [2026-04-29T11:51:56.444+0000] {dagbag.py:545} INFO - Filling up the DagBag from /opt/airflow/dags/pipeline_dag.py
[2026-04-29T11:51:56.540+0000] {processor.py:840} INFO - DAG(s) 'ab_test_medallion_pipeline' retrieved from /opt/airflow/dags/pipeline_dag.py
[2026-04-29T11:51:56.726+0000] {logging_mixin.py:188} INFO - [2026-04-29T11:51:56.725+0000] {dag.py:3096} INFO - Sync 1 DAGs
[2026-04-29T11:51:57.122+0000] {logging_mixin.py:188} INFO - [2026-04-29T11:51:57.106+0000] {dag.py:3954} INFO - Setting next_dagrun for ab_test_medallion_pipeline to 2026-04-29 00:00:00+00:00, run_after=2026-04-30 00:00:00+00:00
[2026-04-29T11:51:57.574+0000] {processor.py:183} INFO - Processing /opt/airflow/dags/pipeline_dag.py took 1.245 seconds
[2026-04-29T13:18:48.464+0000] {processor.py:161} INFO - Started process (PID=1920) to work on /opt/airflow/dags/pipeline_dag.py
[2026-04-29T13:18:48.466+0000] {processor.py:830} INFO - Processing file /opt/airflow/dags/pipeline_dag.py for tasks to queue
[2026-04-29T13:18:48.493+0000] {logging_mixin.py:188} INFO - [2026-04-29T13:18:48.492+0000] {dagbag.py:545} INFO - Filling up the DagBag from /opt/airflow/dags/pipeline_dag.py
[2026-04-29T13:18:48.723+0000] {processor.py:840} INFO - DAG(s) 'ab_test_medallion_pipeline' retrieved from /opt/airflow/dags/pipeline_dag.py
[2026-04-29T13:18:49.401+0000] {logging_mixin.py:188} INFO - [2026-04-29T13:18:49.400+0000] {dag.py:3096} INFO - Sync 1 DAGs
[2026-04-29T13:18:49.678+0000] {logging_mixin.py:188} INFO - [2026-04-29T13:18:49.678+0000] {dag.py:3954} INFO - Setting next_dagrun for ab_test_medallion_pipeline to 2026-04-29 00:00:00+00:00, run_after=2026-04-30 00:00:00+00:00
[2026-04-29T13:18:50.016+0000] {processor.py:183} INFO - Processing /opt/airflow/dags/pipeline_dag.py took 1.712 seconds
[2026-04-29T13:19:21.666+0000] {processor.py:161} INFO - Started process (PID=1925) to work on /opt/airflow/dags/pipeline_dag.py
[2026-04-29T13:19:21.669+0000] {processor.py:830} INFO - Processing file /opt/airflow/dags/pipeline_dag.py for tasks to queue
[2026-04-29T13:19:21.676+0000] {logging_mixin.py:188} INFO - [2026-04-29T13:19:21.674+0000] {dagbag.py:545} INFO - Filling up the DagBag from /opt/airflow/dags/pipeline_dag.py
[2026-04-29T13:19:21.750+0000] {processor.py:840} INFO - DAG(s) 'ab_test_medallion_pipeline' retrieved from /opt/airflow/dags/pipeline_dag.py
[2026-04-29T13:19:21.867+0000] {logging_mixin.py:188} INFO - [2026-04-29T13:19:21.867+0000] {dag.py:3096} INFO - Sync 1 DAGs
[2026-04-29T13:19:21.935+0000] {logging_mixin.py:188} INFO - [2026-04-29T13:19:21.934+0000] {dag.py:3954} INFO - Setting next_dagrun for ab_test_medallion_pipeline to 2026-04-29 00:00:00+00:00, run_after=2026-04-30 00:00:00+00:00
[2026-04-29T13:19:21.984+0000] {processor.py:183} INFO - Processing /opt/airflow/dags/pipeline_dag.py took 0.380 seconds
[2026-04-29T13:19:52.210+0000] {processor.py:161} INFO - Started process (PID=1930) to work on /opt/airflow/dags/pipeline_dag.py
[2026-04-29T13:19:52.220+0000] {processor.py:830} INFO - Processing file /opt/airflow/dags/pipeline_dag.py for tasks to queue
[2026-04-29T13:19:52.224+0000] {logging_mixin.py:188} INFO - [2026-04-29T13:19:52.224+0000] {dagbag.py:545} INFO - Filling up the DagBag from /opt/airflow/dags/pipeline_dag.py
[2026-04-29T13:19:52.251+0000] {processor.py:840} INFO - DAG(s) 'ab_test_medallion_pipeline' retrieved from /opt/airflow/dags/pipeline_dag.py
[2026-04-29T13:19:52.321+0000] {logging_mixin.py:188} INFO - [2026-04-29T13:19:52.321+0000] {dag.py:3096} INFO - Sync 1 DAGs
[2026-04-29T13:19:52.392+0000] {logging_mixin.py:188} INFO - [2026-04-29T13:19:52.392+0000] {dag.py:3954} INFO - Setting next_dagrun for ab_test_medallion_pipeline to 2026-04-29 00:00:00+00:00, run_after=2026-04-30 00:00:00+00:00
[2026-04-29T13:19:52.574+0000] {processor.py:183} INFO - Processing /opt/airflow/dags/pipeline_dag.py took 0.377 seconds
[2026-04-29T13:20:22.951+0000] {processor.py:161} INFO - Started process (PID=1935) to work on /opt/airflow/dags/pipeline_dag.py
[2026-04-29T13:20:22.952+0000] {processor.py:830} INFO - Processing file /opt/airflow/dags/pipeline_dag.py for tasks to queue
[2026-04-29T13:20:22.956+0000] {logging_mixin.py:188} INFO - [2026-04-29T13:20:22.955+0000] {dagbag.py:545} INFO - Filling up the DagBag from /opt/airflow/dags/pipeline_dag.py
[2026-04-29T13:20:22.981+0000] {processor.py:840} INFO - DAG(s) 'ab_test_medallion_pipeline' retrieved from /opt/airflow/dags/pipeline_dag.py
[2026-04-29T13:20:23.036+0000] {logging_mixin.py:188} INFO - [2026-04-29T13:20:23.035+0000] {dag.py:3096} INFO - Sync 1 DAGs
[2026-04-29T13:20:23.075+0000] {logging_mixin.py:188} INFO - [2026-04-29T13:20:23.074+0000] {dag.py:3954} INFO - Setting next_dagrun for ab_test_medallion_pipeline to 2026-04-29 00:00:00+00:00, run_after=2026-04-30 00:00:00+00:00
[2026-04-29T13:20:23.177+0000] {processor.py:183} INFO - Processing /opt/airflow/dags/pipeline_dag.py took 0.244 seconds
[2026-04-29T13:20:53.633+0000] {processor.py:161} INFO - Started process (PID=1940) to work on /opt/airflow/dags/pipeline_dag.py
[2026-04-29T13:20:53.634+0000] {processor.py:830} INFO - Processing file /opt/airflow/dags/pipeline_dag.py for tasks to queue
[2026-04-29T13:20:53.638+0000] {logging_mixin.py:188} INFO - [2026-04-29T13:20:53.637+0000] {dagbag.py:545} INFO - Filling up the DagBag from /opt/airflow/dags/pipeline_dag.py
[2026-04-29T13:20:53.707+0000] {processor.py:840} INFO - DAG(s) 'ab_test_medallion_pipeline' retrieved from /opt/airflow/dags/pipeline_dag.py
[2026-04-29T13:20:53.852+0000] {logging_mixin.py:188} INFO - [2026-04-29T13:20:53.851+0000] {dag.py:3096} INFO - Sync 1 DAGs
[2026-04-29T13:20:54.006+0000] {logging_mixin.py:188} INFO - [2026-04-29T13:20:54.006+0000] {dag.py:3954} INFO - Setting next_dagrun for ab_test_medallion_pipeline to 2026-04-29 00:00:00+00:00, run_after=2026-04-30 00:00:00+00:00
[2026-04-29T13:20:54.311+0000] {processor.py:183} INFO - Processing /opt/airflow/dags/pipeline_dag.py took 0.709 seconds
[2026-04-29T13:21:24.848+0000] {processor.py:161} INFO - Started process (PID=1945) to work on /opt/airflow/dags/pipeline_dag.py
[2026-04-29T13:21:24.853+0000] {processor.py:830} INFO - Processing file /opt/airflow/dags/pipeline_dag.py for tasks to queue
[2026-04-29T13:21:24.858+0000] {logging_mixin.py:188} INFO - [2026-04-29T13:21:24.857+0000] {dagbag.py:545} INFO - Filling up the DagBag from /opt/airflow/dags/pipeline_dag.py
[2026-04-29T13:21:24.884+0000] {processor.py:840} INFO - DAG(s) 'ab_test_medallion_pipeline' retrieved from /opt/airflow/dags/pipeline_dag.py
[2026-04-29T13:21:24.966+0000] {logging_mixin.py:188} INFO - [2026-04-29T13:21:24.964+0000] {dag.py:3096} INFO - Sync 1 DAGs
[2026-04-29T13:21:25.025+0000] {logging_mixin.py:188} INFO - [2026-04-29T13:21:25.025+0000] {dag.py:3954} INFO - Setting next_dagrun for ab_test_medallion_pipeline to 2026-04-29 00:00:00+00:00, run_after=2026-04-30 00:00:00+00:00
[2026-04-29T13:21:25.068+0000] {processor.py:183} INFO - Processing /opt/airflow/dags/pipeline_dag.py took 0.237 seconds
[2026-04-29T13:21:55.391+0000] {processor.py:161} INFO - Started process (PID=1950) to work on /opt/airflow/dags/pipeline_dag.py
[2026-04-29T13:21:55.393+0000] {processor.py:830} INFO - Processing file /opt/airflow/dags/pipeline_dag.py for tasks to queue
[2026-04-29T13:21:55.397+0000] {logging_mixin.py:188} INFO - [2026-04-29T13:21:55.396+0000] {dagbag.py:545} INFO - Filling up the DagBag from /opt/airflow/dags/pipeline_dag.py
[2026-04-29T13:21:55.423+0000] {processor.py:840} INFO - DAG(s) 'ab_test_medallion_pipeline' retrieved from /opt/airflow/dags/pipeline_dag.py
[2026-04-29T13:21:55.477+0000] {logging_mixin.py:188} INFO - [2026-04-29T13:21:55.477+0000] {dag.py:3096} INFO - Sync 1 DAGs
[2026-04-29T13:21:55.531+0000] {logging_mixin.py:188} INFO - [2026-04-29T13:21:55.530+0000] {dag.py:3954} INFO - Setting next_dagrun for ab_test_medallion_pipeline to 2026-04-29 00:00:00+00:00, run_after=2026-04-30 00:00:00+00:00
[2026-04-29T13:21:55.591+0000] {processor.py:183} INFO - Processing /opt/airflow/dags/pipeline_dag.py took 0.218 seconds
[2026-04-29T13:22:26.084+0000] {processor.py:161} INFO - Started process (PID=1955) to work on /opt/airflow/dags/pipeline_dag.py
[2026-04-29T13:22:26.086+0000] {processor.py:830} INFO - Processing file /opt/airflow/dags/pipeline_dag.py for tasks to queue
[2026-04-29T13:22:26.094+0000] {logging_mixin.py:188} INFO - [2026-04-29T13:22:26.092+0000] {dagbag.py:545} INFO - Filling up the DagBag from /opt/airflow/dags/pipeline_dag.py
[2026-04-29T13:22:26.134+0000] {processor.py:840} INFO - DAG(s) 'ab_test_medallion_pipeline' retrieved from /opt/airflow/dags/pipeline_dag.py
[2026-04-29T13:22:26.210+0000] {logging_mixin.py:188} INFO - [2026-04-29T13:22:26.210+0000] {dag.py:3096} INFO - Sync 1 DAGs
[2026-04-29T13:22:26.290+0000] {logging_mixin.py:188} INFO - [2026-04-29T13:22:26.290+0000] {dag.py:3954} INFO - Setting next_dagrun for ab_test_medallion_pipeline to 2026-04-29 00:00:00+00:00, run_after=2026-04-30 00:00:00+00:00
[2026-04-29T13:22:26.319+0000] {processor.py:183} INFO - Processing /opt/airflow/dags/pipeline_dag.py took 0.251 seconds
[2026-04-29T13:22:56.631+0000] {processor.py:161} INFO - Started process (PID=1960) to work on /opt/airflow/dags/pipeline_dag.py
[2026-04-29T13:22:56.633+0000] {processor.py:830} INFO - Processing file /opt/airflow/dags/pipeline_dag.py for tasks to queue
[2026-04-29T13:22:56.640+0000] {logging_mixin.py:188} INFO - [2026-04-29T13:22:56.638+0000] {dagbag.py:545} INFO - Filling up the DagBag from /opt/airflow/dags/pipeline_dag.py
[2026-04-29T13:22:56.674+0000] {processor.py:840} INFO - DAG(s) 'ab_test_medallion_pipeline' retrieved from /opt/airflow/dags/pipeline_dag.py
[2026-04-29T13:22:56.778+0000] {logging_mixin.py:188} INFO - [2026-04-29T13:22:56.778+0000] {dag.py:3096} INFO - Sync 1 DAGs
[2026-04-29T13:22:56.887+0000] {logging_mixin.py:188} INFO - [2026-04-29T13:22:56.887+0000] {dag.py:3954} INFO - Setting next_dagrun for ab_test_medallion_pipeline to 2026-04-29 00:00:00+00:00, run_after=2026-04-30 00:00:00+00:00
[2026-04-29T13:22:56.967+0000] {processor.py:183} INFO - Processing /opt/airflow/dags/pipeline_dag.py took 0.353 seconds
[2026-04-29T13:23:27.271+0000] {processor.py:161} INFO - Started process (PID=1965) to work on /opt/airflow/dags/pipeline_dag.py
[2026-04-29T13:23:27.273+0000] {processor.py:830} INFO - Processing file /opt/airflow/dags/pipeline_dag.py for tasks to queue
[2026-04-29T13:23:27.286+0000] {logging_mixin.py:188} INFO - [2026-04-29T13:23:27.283+0000] {dagbag.py:545} INFO - Filling up the DagBag from /opt/airflow/dags/pipeline_dag.py
[2026-04-29T13:23:27.362+0000] {processor.py:840} INFO - DAG(s) 'ab_test_medallion_pipeline' retrieved from /opt/airflow/dags/pipeline_dag.py
[2026-04-29T13:23:27.542+0000] {logging_mixin.py:188} INFO - [2026-04-29T13:23:27.541+0000] {dag.py:3096} INFO - Sync 1 DAGs
[2026-04-29T13:23:27.681+0000] {logging_mixin.py:188} INFO - [2026-04-29T13:23:27.681+0000] {dag.py:3954} INFO - Setting next_dagrun for ab_test_medallion_pipeline to 2026-04-29 00:00:00+00:00, run_after=2026-04-30 00:00:00+00:00
[2026-04-29T13:23:27.773+0000] {processor.py:183} INFO - Processing /opt/airflow/dags/pipeline_dag.py took 0.534 seconds
[2026-04-29T13:23:57.934+0000] {processor.py:161} INFO - Started process (PID=1970) to work on /opt/airflow/dags/pipeline_dag.py
[2026-04-29T13:23:57.937+0000] {processor.py:830} INFO - Processing file /opt/airflow/dags/pipeline_dag.py for tasks to queue
[2026-04-29T13:23:57.949+0000] {logging_mixin.py:188} INFO - [2026-04-29T13:23:57.941+0000] {dagbag.py:545} INFO - Filling up the DagBag from /opt/airflow/dags/pipeline_dag.py
[2026-04-29T13:23:58.022+0000] {processor.py:840} INFO - DAG(s) 'ab_test_medallion_pipeline' retrieved from /opt/airflow/dags/pipeline_dag.py
[2026-04-29T13:23:58.141+0000] {logging_mixin.py:188} INFO - [2026-04-29T13:23:58.140+0000] {dag.py:3096} INFO - Sync 1 DAGs
[2026-04-29T13:23:58.244+0000] {logging_mixin.py:188} INFO - [2026-04-29T13:23:58.244+0000] {dag.py:3954} INFO - Setting next_dagrun for ab_test_medallion_pipeline to 2026-04-29 00:00:00+00:00, run_after=2026-04-30 00:00:00+00:00
[2026-04-29T13:23:58.336+0000] {processor.py:183} INFO - Processing /opt/airflow/dags/pipeline_dag.py took 0.426 seconds
[2026-04-29T13:24:28.741+0000] {processor.py:161} INFO - Started process (PID=1975) to work on /opt/airflow/dags/pipeline_dag.py
[2026-04-29T13:24:28.745+0000] {processor.py:830} INFO - Processing file /opt/airflow/dags/pipeline_dag.py for tasks to queue
[2026-04-29T13:24:28.751+0000] {logging_mixin.py:188} INFO - [2026-04-29T13:24:28.749+0000] {dagbag.py:545} INFO - Filling up the DagBag from /opt/airflow/dags/pipeline_dag.py
[2026-04-29T13:24:28.773+0000] {processor.py:840} INFO - DAG(s) 'ab_test_medallion_pipeline' retrieved from /opt/airflow/dags/pipeline_dag.py
[2026-04-29T13:24:28.851+0000] {logging_mixin.py:188} INFO - [2026-04-29T13:24:28.850+0000] {dag.py:3096} INFO - Sync 1 DAGs
[2026-04-29T13:24:28.934+0000] {logging_mixin.py:188} INFO - [2026-04-29T13:24:28.934+0000] {dag.py:3954} INFO - Setting next_dagrun for ab_test_medallion_pipeline to 2026-04-29 00:00:00+00:00, run_after=2026-04-30 00:00:00+00:00
[2026-04-29T13:24:29.030+0000] {processor.py:183} INFO - Processing /opt/airflow/dags/pipeline_dag.py took 0.298 seconds
[2026-04-29T13:24:59.247+0000] {processor.py:161} INFO - Started process (PID=1980) to work on /opt/airflow/dags/pipeline_dag.py
[2026-04-29T13:24:59.251+0000] {processor.py:830} INFO - Processing file /opt/airflow/dags/pipeline_dag.py for tasks to queue
[2026-04-29T13:24:59.255+0000] {logging_mixin.py:188} INFO - [2026-04-29T13:24:59.254+0000] {dagbag.py:545} INFO - Filling up the DagBag from /opt/airflow/dags/pipeline_dag.py
[2026-04-29T13:24:59.278+0000] {processor.py:840} INFO - DAG(s) 'ab_test_medallion_pipeline' retrieved from /opt/airflow/dags/pipeline_dag.py
[2026-04-29T13:24:59.348+0000] {logging_mixin.py:188} INFO - [2026-04-29T13:24:59.347+0000] {dag.py:3096} INFO - Sync 1 DAGs
[2026-04-29T13:24:59.410+0000] {logging_mixin.py:188} INFO - [2026-04-29T13:24:59.408+0000] {dag.py:3954} INFO - Setting next_dagrun for ab_test_medallion_pipeline to 2026-04-29 00:00:00+00:00, run_after=2026-04-30 00:00:00+00:00
[2026-04-29T13:24:59.456+0000] {processor.py:183} INFO - Processing /opt/airflow/dags/pipeline_dag.py took 0.220 seconds
[2026-04-29T13:25:29.793+0000] {processor.py:161} INFO - Started process (PID=1985) to work on /opt/airflow/dags/pipeline_dag.py
[2026-04-29T13:25:29.798+0000] {processor.py:830} INFO - Processing file /opt/airflow/dags/pipeline_dag.py for tasks to queue
[2026-04-29T13:25:29.802+0000] {logging_mixin.py:188} INFO - [2026-04-29T13:25:29.801+0000] {dagbag.py:545} INFO - Filling up the DagBag from /opt/airflow/dags/pipeline_dag.py
[2026-04-29T13:25:29.824+0000] {processor.py:840} INFO - DAG(s) 'ab_test_medallion_pipeline' retrieved from /opt/airflow/dags/pipeline_dag.py
[2026-04-29T13:25:29.877+0000] {logging_mixin.py:188} INFO - [2026-04-29T13:25:29.877+0000] {dag.py:3096} INFO - Sync 1 DAGs
[2026-04-29T13:25:29.919+0000] {logging_mixin.py:188} INFO - [2026-04-29T13:25:29.918+0000] {dag.py:3954} INFO - Setting next_dagrun for ab_test_medallion_pipeline to 2026-04-29 00:00:00+00:00, run_after=2026-04-30 00:00:00+00:00
[2026-04-29T13:25:29.955+0000] {processor.py:183} INFO - Processing /opt/airflow/dags/pipeline_dag.py took 0.182 seconds
[2026-04-29T13:26:00.420+0000] {processor.py:161} INFO - Started process (PID=1990) to work on /opt/airflow/dags/pipeline_dag.py
[2026-04-29T13:26:00.421+0000] {processor.py:830} INFO - Processing file /opt/airflow/dags/pipeline_dag.py for tasks to queue
[2026-04-29T13:26:00.424+0000] {logging_mixin.py:188} INFO - [2026-04-29T13:26:00.424+0000] {dagbag.py:545} INFO - Filling up the DagBag from /opt/airflow/dags/pipeline_dag.py
[2026-04-29T13:26:00.444+0000] {processor.py:840} INFO - DAG(s) 'ab_test_medallion_pipeline' retrieved from /opt/airflow/dags/pipeline_dag.py
[2026-04-29T13:26:00.490+0000] {logging_mixin.py:188} INFO - [2026-04-29T13:26:00.490+0000] {dag.py:3096} INFO - Sync 1 DAGs
[2026-04-29T13:26:00.524+0000] {logging_mixin.py:188} INFO - [2026-04-29T13:26:00.523+0000] {dag.py:3954} INFO - Setting next_dagrun for ab_test_medallion_pipeline to 2026-04-29 00:00:00+00:00, run_after=2026-04-30 00:00:00+00:00
[2026-04-29T13:26:00.562+0000] {processor.py:183} INFO - Processing /opt/airflow/dags/pipeline_dag.py took 0.153 seconds
[2026-04-29T13:26:30.913+0000] {processor.py:161} INFO - Started process (PID=1995) to work on /opt/airflow/dags/pipeline_dag.py
[2026-04-29T13:26:30.918+0000] {processor.py:830} INFO - Processing file /opt/airflow/dags/pipeline_dag.py for tasks to queue
[2026-04-29T13:26:30.939+0000] {logging_mixin.py:188} INFO - [2026-04-29T13:26:30.933+0000] {dagbag.py:545} INFO - Filling up the DagBag from /opt/airflow/dags/pipeline_dag.py
[2026-04-29T13:26:31.025+0000] {processor.py:840} INFO - DAG(s) 'ab_test_medallion_pipeline' retrieved from /opt/airflow/dags/pipeline_dag.py
[2026-04-29T13:26:31.143+0000] {logging_mixin.py:188} INFO - [2026-04-29T13:26:31.143+0000] {dag.py:3096} INFO - Sync 1 DAGs
[2026-04-29T13:26:31.239+0000] {logging_mixin.py:188} INFO - [2026-04-29T13:26:31.238+0000] {dag.py:3954} INFO - Setting next_dagrun for ab_test_medallion_pipeline to 2026-04-29 00:00:00+00:00, run_after=2026-04-30 00:00:00+00:00
[2026-04-29T13:26:31.298+0000] {processor.py:183} INFO - Processing /opt/airflow/dags/pipeline_dag.py took 0.441 seconds
[2026-04-29T13:27:01.536+0000] {processor.py:161} INFO - Started process (PID=2000) to work on /opt/airflow/dags/pipeline_dag.py
[2026-04-29T13:27:01.540+0000] {processor.py:830} INFO - Processing file /opt/airflow/dags/pipeline_dag.py for tasks to queue
[2026-04-29T13:27:01.560+0000] {logging_mixin.py:188} INFO - [2026-04-29T13:27:01.557+0000] {dagbag.py:545} INFO - Filling up the DagBag from /opt/airflow/dags/pipeline_dag.py
[2026-04-29T13:27:01.660+0000] {processor.py:840} INFO - DAG(s) 'ab_test_medallion_pipeline' retrieved from /opt/airflow/dags/pipeline_dag.py
[2026-04-29T13:27:01.928+0000] {logging_mixin.py:188} INFO - [2026-04-29T13:27:01.928+0000] {dag.py:3096} INFO - Sync 1 DAGs
[2026-04-29T13:27:02.060+0000] {logging_mixin.py:188} INFO - [2026-04-29T13:27:02.060+0000] {dag.py:3954} INFO - Setting next_dagrun for ab_test_medallion_pipeline to 2026-04-29 00:00:00+00:00, run_after=2026-04-30 00:00:00+00:00
[2026-04-29T13:27:02.142+0000] {processor.py:183} INFO - Processing /opt/airflow/dags/pipeline_dag.py took 0.657 seconds
[2026-04-29T13:27:32.236+0000] {processor.py:161} INFO - Started process (PID=2005) to work on /opt/airflow/dags/pipeline_dag.py
[2026-04-29T13:27:32.241+0000] {processor.py:830} INFO - Processing file /opt/airflow/dags/pipeline_dag.py for tasks to queue
[2026-04-29T13:27:32.246+0000] {logging_mixin.py:188} INFO - [2026-04-29T13:27:32.245+0000] {dagbag.py:545} INFO - Filling up the DagBag from /opt/airflow/dags/pipeline_dag.py
[2026-04-29T13:27:32.267+0000] {processor.py:840} INFO - DAG(s) 'ab_test_medallion_pipeline' retrieved from /opt/airflow/dags/pipeline_dag.py
[2026-04-29T13:27:32.340+0000] {logging_mixin.py:188} INFO - [2026-04-29T13:27:32.340+0000] {dag.py:3096} INFO - Sync 1 DAGs
[2026-04-29T13:27:32.445+0000] {logging_mixin.py:188} INFO - [2026-04-29T13:27:32.445+0000] {dag.py:3954} INFO - Setting next_dagrun for ab_test_medallion_pipeline to 2026-04-29 00:00:00+00:00, run_after=2026-04-30 00:00:00+00:00
[2026-04-29T13:27:32.499+0000] {processor.py:183} INFO - Processing /opt/airflow/dags/pipeline_dag.py took 0.274 seconds
[2026-04-29T13:28:02.742+0000] {processor.py:161} INFO - Started process (PID=2010) to work on /opt/airflow/dags/pipeline_dag.py
[2026-04-29T13:28:02.744+0000] {processor.py:830} INFO - Processing file /opt/airflow/dags/pipeline_dag.py for tasks to queue
[2026-04-29T13:28:02.747+0000] {logging_mixin.py:188} INFO - [2026-04-29T13:28:02.747+0000] {dagbag.py:545} INFO - Filling up the DagBag from /opt/airflow/dags/pipeline_dag.py
[2026-04-29T13:28:02.769+0000] {processor.py:840} INFO - DAG(s) 'ab_test_medallion_pipeline' retrieved from /opt/airflow/dags/pipeline_dag.py
[2026-04-29T13:28:02.826+0000] {logging_mixin.py:188} INFO - [2026-04-29T13:28:02.826+0000] {dag.py:3096} INFO - Sync 1 DAGs
[2026-04-29T13:28:02.874+0000] {logging_mixin.py:188} INFO - [2026-04-29T13:28:02.874+0000] {dag.py:3954} INFO - Setting next_dagrun for ab_test_medallion_pipeline to 2026-04-29 00:00:00+00:00, run_after=2026-04-30 00:00:00+00:00
[2026-04-29T13:28:02.942+0000] {processor.py:183} INFO - Processing /opt/airflow/dags/pipeline_dag.py took 0.222 seconds
[2026-04-29T13:28:33.356+0000] {processor.py:161} INFO - Started process (PID=2015) to work on /opt/airflow/dags/pipeline_dag.py
[2026-04-29T13:28:33.358+0000] {processor.py:830} INFO - Processing file /opt/airflow/dags/pipeline_dag.py for tasks to queue
[2026-04-29T13:28:33.362+0000] {logging_mixin.py:188} INFO - [2026-04-29T13:28:33.361+0000] {dagbag.py:545} INFO - Filling up the DagBag from /opt/airflow/dags/pipeline_dag.py
[2026-04-29T13:28:33.396+0000] {processor.py:840} INFO - DAG(s) 'ab_test_medallion_pipeline' retrieved from /opt/airflow/dags/pipeline_dag.py
[2026-04-29T13:28:33.546+0000] {logging_mixin.py:188} INFO - [2026-04-29T13:28:33.546+0000] {dag.py:3096} INFO - Sync 1 DAGs
[2026-04-29T13:28:33.630+0000] {logging_mixin.py:188} INFO - [2026-04-29T13:28:33.630+0000] {dag.py:3954} INFO - Setting next_dagrun for ab_test_medallion_pipeline to 2026-04-29 00:00:00+00:00, run_after=2026-04-30 00:00:00+00:00
[2026-04-29T13:28:33.689+0000] {processor.py:183} INFO - Processing /opt/airflow/dags/pipeline_dag.py took 0.345 seconds
[2026-04-29T13:29:03.863+0000] {processor.py:161} INFO - Started process (PID=2020) to work on /opt/airflow/dags/pipeline_dag.py
[2026-04-29T13:29:03.867+0000] {processor.py:830} INFO - Processing file /opt/airflow/dags/pipeline_dag.py for tasks to queue
[2026-04-29T13:29:03.871+0000] {logging_mixin.py:188} INFO - [2026-04-29T13:29:03.870+0000] {dagbag.py:545} INFO - Filling up the DagBag from /opt/airflow/dags/pipeline_dag.py
[2026-04-29T13:29:03.896+0000] {processor.py:840} INFO - DAG(s) 'ab_test_medallion_pipeline' retrieved from /opt/airflow/dags/pipeline_dag.py
[2026-04-29T13:29:03.952+0000] {logging_mixin.py:188} INFO - [2026-04-29T13:29:03.952+0000] {dag.py:3096} INFO - Sync 1 DAGs
[2026-04-29T13:29:03.994+0000] {logging_mixin.py:188} INFO - [2026-04-29T13:29:03.993+0000] {dag.py:3954} INFO - Setting next_dagrun for ab_test_medallion_pipeline to 2026-04-29 00:00:00+00:00, run_after=2026-04-30 00:00:00+00:00
[2026-04-29T13:29:04.031+0000] {processor.py:183} INFO - Processing /opt/airflow/dags/pipeline_dag.py took 0.185 seconds
[2026-04-29T13:29:34.447+0000] {processor.py:161} INFO - Started process (PID=2025) to work on /opt/airflow/dags/pipeline_dag.py
[2026-04-29T13:29:34.448+0000] {processor.py:830} INFO - Processing file /opt/airflow/dags/pipeline_dag.py for tasks to queue
[2026-04-29T13:29:34.452+0000] {logging_mixin.py:188} INFO - [2026-04-29T13:29:34.451+0000] {dagbag.py:545} INFO - Filling up the DagBag from /opt/airflow/dags/pipeline_dag.py
[2026-04-29T13:29:34.473+0000] {processor.py:840} INFO - DAG(s) 'ab_test_medallion_pipeline' retrieved from /opt/airflow/dags/pipeline_dag.py
[2026-04-29T13:29:34.525+0000] {logging_mixin.py:188} INFO - [2026-04-29T13:29:34.524+0000] {dag.py:3096} INFO - Sync 1 DAGs
[2026-04-29T13:29:34.564+0000] {logging_mixin.py:188} INFO - [2026-04-29T13:29:34.564+0000] {dag.py:3954} INFO - Setting next_dagrun for ab_test_medallion_pipeline to 2026-04-29 00:00:00+00:00, run_after=2026-04-30 00:00:00+00:00
[2026-04-29T13:29:34.595+0000] {processor.py:183} INFO - Processing /opt/airflow/dags/pipeline_dag.py took 0.161 seconds
[2026-04-29T13:30:04.971+0000] {processor.py:161} INFO - Started process (PID=2030) to work on /opt/airflow/dags/pipeline_dag.py
[2026-04-29T13:30:04.975+0000] {processor.py:830} INFO - Processing file /opt/airflow/dags/pipeline_dag.py for tasks to queue
[2026-04-29T13:30:04.979+0000] {logging_mixin.py:188} INFO - [2026-04-29T13:30:04.978+0000] {dagbag.py:545} INFO - Filling up the DagBag from /opt/airflow/dags/pipeline_dag.py
[2026-04-29T13:30:05.005+0000] {processor.py:840} INFO - DAG(s) 'ab_test_medallion_pipeline' retrieved from /opt/airflow/dags/pipeline_dag.py
[2026-04-29T13:30:05.055+0000] {logging_mixin.py:188} INFO - [2026-04-29T13:30:05.055+0000] {dag.py:3096} INFO - Sync 1 DAGs
[2026-04-29T13:30:05.098+0000] {logging_mixin.py:188} INFO - [2026-04-29T13:30:05.097+0000] {dag.py:3954} INFO - Setting next_dagrun for ab_test_medallion_pipeline to 2026-04-29 00:00:00+00:00, run_after=2026-04-30 00:00:00+00:00
[2026-04-29T13:30:05.151+0000] {processor.py:183} INFO - Processing /opt/airflow/dags/pipeline_dag.py took 0.195 seconds
[2026-04-29T13:30:35.423+0000] {processor.py:161} INFO - Started process (PID=2035) to work on /opt/airflow/dags/pipeline_dag.py
[2026-04-29T13:30:35.427+0000] {processor.py:830} INFO - Processing file /opt/airflow/dags/pipeline_dag.py for tasks to queue
[2026-04-29T13:30:35.433+0000] {logging_mixin.py:188} INFO - [2026-04-29T13:30:35.433+0000] {dagbag.py:545} INFO - Filling up the DagBag from /opt/airflow/dags/pipeline_dag.py
[2026-04-29T13:30:35.470+0000] {processor.py:840} INFO - DAG(s) 'ab_test_medallion_pipeline' retrieved from /opt/airflow/dags/pipeline_dag.py
[2026-04-29T13:30:35.565+0000] {logging_mixin.py:188} INFO - [2026-04-29T13:30:35.564+0000] {dag.py:3096} INFO - Sync 1 DAGs
[2026-04-29T13:30:35.621+0000] {logging_mixin.py:188} INFO - [2026-04-29T13:30:35.620+0000] {dag.py:3954} INFO - Setting next_dagrun for ab_test_medallion_pipeline to 2026-04-29 00:00:00+00:00, run_after=2026-04-30 00:00:00+00:00
[2026-04-29T13:30:35.665+0000] {processor.py:183} INFO - Processing /opt/airflow/dags/pipeline_dag.py took 0.262 seconds
[2026-04-29T13:31:05.973+0000] {processor.py:161} INFO - Started process (PID=2040) to work on /opt/airflow/dags/pipeline_dag.py
[2026-04-29T13:31:05.977+0000] {processor.py:830} INFO - Processing file /opt/airflow/dags/pipeline_dag.py for tasks to queue
[2026-04-29T13:31:05.983+0000] {logging_mixin.py:188} INFO - [2026-04-29T13:31:05.982+0000] {dagbag.py:545} INFO - Filling up the DagBag from /opt/airflow/dags/pipeline_dag.py
[2026-04-29T13:31:06.008+0000] {processor.py:840} INFO - DAG(s) 'ab_test_medallion_pipeline' retrieved from /opt/airflow/dags/pipeline_dag.py
[2026-04-29T13:31:06.302+0000] {logging_mixin.py:188} INFO - [2026-04-29T13:31:06.302+0000] {dag.py:3096} INFO - Sync 1 DAGs
[2026-04-29T13:31:06.479+0000] {logging_mixin.py:188} INFO - [2026-04-29T13:31:06.478+0000] {dag.py:3954} INFO - Setting next_dagrun for ab_test_medallion_pipeline to 2026-04-29 00:00:00+00:00, run_after=2026-04-30 00:00:00+00:00
[2026-04-29T13:31:06.520+0000] {processor.py:183} INFO - Processing /opt/airflow/dags/pipeline_dag.py took 0.563 seconds
[2026-04-29T13:31:37.046+0000] {processor.py:161} INFO - Started process (PID=2045) to work on /opt/airflow/dags/pipeline_dag.py
[2026-04-29T13:31:37.057+0000] {processor.py:830} INFO - Processing file /opt/airflow/dags/pipeline_dag.py for tasks to queue
[2026-04-29T13:31:37.074+0000] {logging_mixin.py:188} INFO - [2026-04-29T13:31:37.070+0000] {dagbag.py:545} INFO - Filling up the DagBag from /opt/airflow/dags/pipeline_dag.py
[2026-04-29T13:31:37.162+0000] {processor.py:840} INFO - DAG(s) 'ab_test_medallion_pipeline' retrieved from /opt/airflow/dags/pipeline_dag.py
[2026-04-29T13:31:37.327+0000] {logging_mixin.py:188} INFO - [2026-04-29T13:31:37.326+0000] {dag.py:3096} INFO - Sync 1 DAGs
[2026-04-29T13:31:37.432+0000] {logging_mixin.py:188} INFO - [2026-04-29T13:31:37.431+0000] {dag.py:3954} INFO - Setting next_dagrun for ab_test_medallion_pipeline to 2026-04-29 00:00:00+00:00, run_after=2026-04-30 00:00:00+00:00
[2026-04-29T13:31:37.517+0000] {processor.py:183} INFO - Processing /opt/airflow/dags/pipeline_dag.py took 0.517 seconds
[2026-04-29T13:32:07.956+0000] {processor.py:161} INFO - Started process (PID=2050) to work on /opt/airflow/dags/pipeline_dag.py
[2026-04-29T13:32:07.958+0000] {processor.py:830} INFO - Processing file /opt/airflow/dags/pipeline_dag.py for tasks to queue
[2026-04-29T13:32:07.961+0000] {logging_mixin.py:188} INFO - [2026-04-29T13:32:07.960+0000] {dagbag.py:545} INFO - Filling up the DagBag from /opt/airflow/dags/pipeline_dag.py
[2026-04-29T13:32:07.985+0000] {processor.py:840} INFO - DAG(s) 'ab_test_medallion_pipeline' retrieved from /opt/airflow/dags/pipeline_dag.py
[2026-04-29T13:32:08.033+0000] {logging_mixin.py:188} INFO - [2026-04-29T13:32:08.033+0000] {dag.py:3096} INFO - Sync 1 DAGs
[2026-04-29T13:32:08.075+0000] {logging_mixin.py:188} INFO - [2026-04-29T13:32:08.075+0000] {dag.py:3954} INFO - Setting next_dagrun for ab_test_medallion_pipeline to 2026-04-29 00:00:00+00:00, run_after=2026-04-30 00:00:00+00:00
[2026-04-29T13:32:08.103+0000] {processor.py:183} INFO - Processing /opt/airflow/dags/pipeline_dag.py took 0.170 seconds
[2026-04-29T13:32:38.349+0000] {processor.py:161} INFO - Started process (PID=2055) to work on /opt/airflow/dags/pipeline_dag.py
[2026-04-29T13:32:38.495+0000] {processor.py:830} INFO - Processing file /opt/airflow/dags/pipeline_dag.py for tasks to queue
[2026-04-29T13:32:38.499+0000] {logging_mixin.py:188} INFO - [2026-04-29T13:32:38.498+0000] {dagbag.py:545} INFO - Filling up the DagBag from /opt/airflow/dags/pipeline_dag.py
[2026-04-29T13:32:38.523+0000] {processor.py:840} INFO - DAG(s) 'ab_test_medallion_pipeline' retrieved from /opt/airflow/dags/pipeline_dag.py
[2026-04-29T13:32:38.571+0000] {logging_mixin.py:188} INFO - [2026-04-29T13:32:38.570+0000] {dag.py:3096} INFO - Sync 1 DAGs
[2026-04-29T13:32:38.608+0000] {logging_mixin.py:188} INFO - [2026-04-29T13:32:38.607+0000] {dag.py:3954} INFO - Setting next_dagrun for ab_test_medallion_pipeline to 2026-04-29 00:00:00+00:00, run_after=2026-04-30 00:00:00+00:00
[2026-04-29T13:32:38.757+0000] {processor.py:183} INFO - Processing /opt/airflow/dags/pipeline_dag.py took 0.429 seconds
[2026-04-29T13:33:08.900+0000] {processor.py:161} INFO - Started process (PID=2060) to work on /opt/airflow/dags/pipeline_dag.py
[2026-04-29T13:33:08.903+0000] {processor.py:830} INFO - Processing file /opt/airflow/dags/pipeline_dag.py for tasks to queue
[2026-04-29T13:33:08.906+0000] {logging_mixin.py:188} INFO - [2026-04-29T13:33:08.905+0000] {dagbag.py:545} INFO - Filling up the DagBag from /opt/airflow/dags/pipeline_dag.py
[2026-04-29T13:33:08.931+0000] {processor.py:840} INFO - DAG(s) 'ab_test_medallion_pipeline' retrieved from /opt/airflow/dags/pipeline_dag.py
[2026-04-29T13:33:08.978+0000] {logging_mixin.py:188} INFO - [2026-04-29T13:33:08.978+0000] {dag.py:3096} INFO - Sync 1 DAGs
[2026-04-29T13:33:09.023+0000] {logging_mixin.py:188} INFO - [2026-04-29T13:33:09.022+0000] {dag.py:3954} INFO - Setting next_dagrun for ab_test_medallion_pipeline to 2026-04-29 00:00:00+00:00, run_after=2026-04-30 00:00:00+00:00
[2026-04-29T13:33:09.057+0000] {processor.py:183} INFO - Processing /opt/airflow/dags/pipeline_dag.py took 0.176 seconds
[2026-04-29T13:33:39.324+0000] {processor.py:161} INFO - Started process (PID=2065) to work on /opt/airflow/dags/pipeline_dag.py
[2026-04-29T13:33:39.325+0000] {processor.py:830} INFO - Processing file /opt/airflow/dags/pipeline_dag.py for tasks to queue
[2026-04-29T13:33:39.328+0000] {logging_mixin.py:188} INFO - [2026-04-29T13:33:39.327+0000] {dagbag.py:545} INFO - Filling up the DagBag from /opt/airflow/dags/pipeline_dag.py
[2026-04-29T13:33:39.349+0000] {processor.py:840} INFO - DAG(s) 'ab_test_medallion_pipeline' retrieved from /opt/airflow/dags/pipeline_dag.py
[2026-04-29T13:33:39.398+0000] {logging_mixin.py:188} INFO - [2026-04-29T13:33:39.398+0000] {dag.py:3096} INFO - Sync 1 DAGs
[2026-04-29T13:33:39.439+0000] {logging_mixin.py:188} INFO - [2026-04-29T13:33:39.438+0000] {dag.py:3954} INFO - Setting next_dagrun for ab_test_medallion_pipeline to 2026-04-29 00:00:00+00:00, run_after=2026-04-30 00:00:00+00:00
[2026-04-29T13:33:39.471+0000] {processor.py:183} INFO - Processing /opt/airflow/dags/pipeline_dag.py took 0.158 seconds
[2026-04-29T13:34:09.917+0000] {processor.py:161} INFO - Started process (PID=2070) to work on /opt/airflow/dags/pipeline_dag.py
[2026-04-29T13:34:09.921+0000] {processor.py:830} INFO - Processing file /opt/airflow/dags/pipeline_dag.py for tasks to queue
[2026-04-29T13:34:09.925+0000] {logging_mixin.py:188} INFO - [2026-04-29T13:34:09.924+0000] {dagbag.py:545} INFO - Filling up the DagBag from /opt/airflow/dags/pipeline_dag.py
[2026-04-29T13:34:09.947+0000] {processor.py:840} INFO - DAG(s) 'ab_test_medallion_pipeline' retrieved from /opt/airflow/dags/pipeline_dag.py
[2026-04-29T13:34:10.015+0000] {logging_mixin.py:188} INFO - [2026-04-29T13:34:10.014+0000] {dag.py:3096} INFO - Sync 1 DAGs
[2026-04-29T13:34:10.053+0000] {logging_mixin.py:188} INFO - [2026-04-29T13:34:10.052+0000] {dag.py:3954} INFO - Setting next_dagrun for ab_test_medallion_pipeline to 2026-04-29 00:00:00+00:00, run_after=2026-04-30 00:00:00+00:00
[2026-04-29T13:34:10.085+0000] {processor.py:183} INFO - Processing /opt/airflow/dags/pipeline_dag.py took 0.186 seconds
[2026-04-29T13:34:40.286+0000] {processor.py:161} INFO - Started process (PID=2075) to work on /opt/airflow/dags/pipeline_dag.py
[2026-04-29T13:34:40.288+0000] {processor.py:830} INFO - Processing file /opt/airflow/dags/pipeline_dag.py for tasks to queue
[2026-04-29T13:34:40.293+0000] {logging_mixin.py:188} INFO - [2026-04-29T13:34:40.292+0000] {dagbag.py:545} INFO - Filling up the DagBag from /opt/airflow/dags/pipeline_dag.py
[2026-04-29T13:34:40.321+0000] {processor.py:840} INFO - DAG(s) 'ab_test_medallion_pipeline' retrieved from /opt/airflow/dags/pipeline_dag.py
[2026-04-29T13:34:40.385+0000] {logging_mixin.py:188} INFO - [2026-04-29T13:34:40.385+0000] {dag.py:3096} INFO - Sync 1 DAGs
[2026-04-29T13:34:40.431+0000] {logging_mixin.py:188} INFO - [2026-04-29T13:34:40.430+0000] {dag.py:3954} INFO - Setting next_dagrun for ab_test_medallion_pipeline to 2026-04-29 00:00:00+00:00, run_after=2026-04-30 00:00:00+00:00
[2026-04-29T13:34:40.465+0000] {processor.py:183} INFO - Processing /opt/airflow/dags/pipeline_dag.py took 0.193 seconds
[2026-04-29T13:35:10.771+0000] {processor.py:161} INFO - Started process (PID=2080) to work on /opt/airflow/dags/pipeline_dag.py
[2026-04-29T13:35:10.774+0000] {processor.py:830} INFO - Processing file /opt/airflow/dags/pipeline_dag.py for tasks to queue
[2026-04-29T13:35:10.778+0000] {logging_mixin.py:188} INFO - [2026-04-29T13:35:10.777+0000] {dagbag.py:545} INFO - Filling up the DagBag from /opt/airflow/dags/pipeline_dag.py
[2026-04-29T13:35:10.800+0000] {processor.py:840} INFO - DAG(s) 'ab_test_medallion_pipeline' retrieved from /opt/airflow/dags/pipeline_dag.py
[2026-04-29T13:35:10.860+0000] {logging_mixin.py:188} INFO - [2026-04-29T13:35:10.860+0000] {dag.py:3096} INFO - Sync 1 DAGs
[2026-04-29T13:35:10.904+0000] {logging_mixin.py:188} INFO - [2026-04-29T13:35:10.904+0000] {dag.py:3954} INFO - Setting next_dagrun for ab_test_medallion_pipeline to 2026-04-29 00:00:00+00:00, run_after=2026-04-30 00:00:00+00:00
[2026-04-29T13:35:10.944+0000] {processor.py:183} INFO - Processing /opt/airflow/dags/pipeline_dag.py took 0.182 seconds
[2026-04-29T13:35:41.171+0000] {processor.py:161} INFO - Started process (PID=2085) to work on /opt/airflow/dags/pipeline_dag.py
[2026-04-29T13:35:41.172+0000] {processor.py:830} INFO - Processing file /opt/airflow/dags/pipeline_dag.py for tasks to queue
[2026-04-29T13:35:41.176+0000] {logging_mixin.py:188} INFO - [2026-04-29T13:35:41.176+0000] {dagbag.py:545} INFO - Filling up the DagBag from /opt/airflow/dags/pipeline_dag.py
[2026-04-29T13:35:41.210+0000] {processor.py:840} INFO - DAG(s) 'ab_test_medallion_pipeline' retrieved from /opt/airflow/dags/pipeline_dag.py
[2026-04-29T13:35:41.305+0000] {logging_mixin.py:188} INFO - [2026-04-29T13:35:41.305+0000] {dag.py:3096} INFO - Sync 1 DAGs
[2026-04-29T13:35:41.375+0000] {logging_mixin.py:188} INFO - [2026-04-29T13:35:41.375+0000] {dag.py:3954} INFO - Setting next_dagrun for ab_test_medallion_pipeline to 2026-04-29 00:00:00+00:00, run_after=2026-04-30 00:00:00+00:00
[2026-04-29T13:35:41.423+0000] {processor.py:183} INFO - Processing /opt/airflow/dags/pipeline_dag.py took 0.266 seconds
[2026-04-29T13:36:11.795+0000] {processor.py:161} INFO - Started process (PID=2090) to work on /opt/airflow/dags/pipeline_dag.py
[2026-04-29T13:36:11.797+0000] {processor.py:830} INFO - Processing file /opt/airflow/dags/pipeline_dag.py for tasks to queue
[2026-04-29T13:36:11.801+0000] {logging_mixin.py:188} INFO - [2026-04-29T13:36:11.800+0000] {dagbag.py:545} INFO - Filling up the DagBag from /opt/airflow/dags/pipeline_dag.py
[2026-04-29T13:36:11.820+0000] {processor.py:840} INFO - DAG(s) 'ab_test_medallion_pipeline' retrieved from /opt/airflow/dags/pipeline_dag.py
[2026-04-29T13:36:11.883+0000] {logging_mixin.py:188} INFO - [2026-04-29T13:36:11.883+0000] {dag.py:3096} INFO - Sync 1 DAGs
[2026-04-29T13:36:11.929+0000] {logging_mixin.py:188} INFO - [2026-04-29T13:36:11.929+0000] {dag.py:3954} INFO - Setting next_dagrun for ab_test_medallion_pipeline to 2026-04-29 00:00:00+00:00, run_after=2026-04-30 00:00:00+00:00
[2026-04-29T13:36:11.955+0000] {processor.py:183} INFO - Processing /opt/airflow/dags/pipeline_dag.py took 0.179 seconds
[2026-04-29T13:36:42.370+0000] {processor.py:161} INFO - Started process (PID=2095) to work on /opt/airflow/dags/pipeline_dag.py
[2026-04-29T13:36:42.372+0000] {processor.py:830} INFO - Processing file /opt/airflow/dags/pipeline_dag.py for tasks to queue
[2026-04-29T13:36:42.379+0000] {logging_mixin.py:188} INFO - [2026-04-29T13:36:42.378+0000] {dagbag.py:545} INFO - Filling up the DagBag from /opt/airflow/dags/pipeline_dag.py
[2026-04-29T13:36:42.440+0000] {processor.py:840} INFO - DAG(s) 'ab_test_medallion_pipeline' retrieved from /opt/airflow/dags/pipeline_dag.py
[2026-04-29T13:36:42.519+0000] {logging_mixin.py:188} INFO - [2026-04-29T13:36:42.518+0000] {dag.py:3096} INFO - Sync 1 DAGs
[2026-04-29T13:36:42.610+0000] {logging_mixin.py:188} INFO - [2026-04-29T13:36:42.608+0000] {dag.py:3954} INFO - Setting next_dagrun for ab_test_medallion_pipeline to 2026-04-29 00:00:00+00:00, run_after=2026-04-30 00:00:00+00:00
[2026-04-29T13:36:42.688+0000] {processor.py:183} INFO - Processing /opt/airflow/dags/pipeline_dag.py took 0.351 seconds
[2026-04-29T13:37:12.921+0000] {processor.py:161} INFO - Started process (PID=2100) to work on /opt/airflow/dags/pipeline_dag.py
[2026-04-29T13:37:12.925+0000] {processor.py:830} INFO - Processing file /opt/airflow/dags/pipeline_dag.py for tasks to queue
[2026-04-29T13:37:12.929+0000] {logging_mixin.py:188} INFO - [2026-04-29T13:37:12.928+0000] {dagbag.py:545} INFO - Filling up the DagBag from /opt/airflow/dags/pipeline_dag.py
[2026-04-29T13:37:12.948+0000] {processor.py:840} INFO - DAG(s) 'ab_test_medallion_pipeline' retrieved from /opt/airflow/dags/pipeline_dag.py
[2026-04-29T13:37:12.997+0000] {logging_mixin.py:188} INFO - [2026-04-29T13:37:12.997+0000] {dag.py:3096} INFO - Sync 1 DAGs
[2026-04-29T13:37:13.084+0000] {logging_mixin.py:188} INFO - [2026-04-29T13:37:13.084+0000] {dag.py:3954} INFO - Setting next_dagrun for ab_test_medallion_pipeline to 2026-04-29 00:00:00+00:00, run_after=2026-04-30 00:00:00+00:00
[2026-04-29T13:37:13.125+0000] {processor.py:183} INFO - Processing /opt/airflow/dags/pipeline_dag.py took 0.214 seconds
[2026-04-29T13:37:43.599+0000] {processor.py:161} INFO - Started process (PID=2105) to work on /opt/airflow/dags/pipeline_dag.py
[2026-04-29T13:37:43.600+0000] {processor.py:830} INFO - Processing file /opt/airflow/dags/pipeline_dag.py for tasks to queue
[2026-04-29T13:37:43.605+0000] {logging_mixin.py:188} INFO - [2026-04-29T13:37:43.604+0000] {dagbag.py:545} INFO - Filling up the DagBag from /opt/airflow/dags/pipeline_dag.py
[2026-04-29T13:37:43.634+0000] {processor.py:840} INFO - DAG(s) 'ab_test_medallion_pipeline' retrieved from /opt/airflow/dags/pipeline_dag.py
[2026-04-29T13:37:43.677+0000] {logging_mixin.py:188} INFO - [2026-04-29T13:37:43.677+0000] {dag.py:3096} INFO - Sync 1 DAGs
[2026-04-29T13:37:43.714+0000] {logging_mixin.py:188} INFO - [2026-04-29T13:37:43.714+0000] {dag.py:3954} INFO - Setting next_dagrun for ab_test_medallion_pipeline to 2026-04-29 00:00:00+00:00, run_after=2026-04-30 00:00:00+00:00
[2026-04-29T13:37:43.741+0000] {processor.py:183} INFO - Processing /opt/airflow/dags/pipeline_dag.py took 0.156 seconds
[2026-04-29T13:38:14.105+0000] {processor.py:161} INFO - Started process (PID=2110) to work on /opt/airflow/dags/pipeline_dag.py
[2026-04-29T13:38:14.110+0000] {processor.py:830} INFO - Processing file /opt/airflow/dags/pipeline_dag.py for tasks to queue
[2026-04-29T13:38:14.113+0000] {logging_mixin.py:188} INFO - [2026-04-29T13:38:14.112+0000] {dagbag.py:545} INFO - Filling up the DagBag from /opt/airflow/dags/pipeline_dag.py
[2026-04-29T13:38:14.132+0000] {processor.py:840} INFO - DAG(s) 'ab_test_medallion_pipeline' retrieved from /opt/airflow/dags/pipeline_dag.py
[2026-04-29T13:38:14.183+0000] {logging_mixin.py:188} INFO - [2026-04-29T13:38:14.182+0000] {dag.py:3096} INFO - Sync 1 DAGs
[2026-04-29T13:38:14.236+0000] {logging_mixin.py:188} INFO - [2026-04-29T13:38:14.235+0000] {dag.py:3954} INFO - Setting next_dagrun for ab_test_medallion_pipeline to 2026-04-29 00:00:00+00:00, run_after=2026-04-30 00:00:00+00:00
[2026-04-29T13:38:14.269+0000] {processor.py:183} INFO - Processing /opt/airflow/dags/pipeline_dag.py took 0.176 seconds
[2026-04-29T13:38:44.589+0000] {processor.py:161} INFO - Started process (PID=2115) to work on /opt/airflow/dags/pipeline_dag.py
[2026-04-29T13:38:44.590+0000] {processor.py:830} INFO - Processing file /opt/airflow/dags/pipeline_dag.py for tasks to queue
[2026-04-29T13:38:44.593+0000] {logging_mixin.py:188} INFO - [2026-04-29T13:38:44.593+0000] {dagbag.py:545} INFO - Filling up the DagBag from /opt/airflow/dags/pipeline_dag.py
[2026-04-29T13:38:44.614+0000] {processor.py:840} INFO - DAG(s) 'ab_test_medallion_pipeline' retrieved from /opt/airflow/dags/pipeline_dag.py
[2026-04-29T13:38:44.656+0000] {logging_mixin.py:188} INFO - [2026-04-29T13:38:44.656+0000] {dag.py:3096} INFO - Sync 1 DAGs
[2026-04-29T13:38:44.695+0000] {logging_mixin.py:188} INFO - [2026-04-29T13:38:44.694+0000] {dag.py:3954} INFO - Setting next_dagrun for ab_test_medallion_pipeline to 2026-04-29 00:00:00+00:00, run_after=2026-04-30 00:00:00+00:00
[2026-04-29T13:38:44.732+0000] {processor.py:183} INFO - Processing /opt/airflow/dags/pipeline_dag.py took 0.153 seconds
[2026-04-29T13:39:15.290+0000] {processor.py:161} INFO - Started process (PID=2120) to work on /opt/airflow/dags/pipeline_dag.py
[2026-04-29T13:39:15.292+0000] {processor.py:830} INFO - Processing file /opt/airflow/dags/pipeline_dag.py for tasks to queue
[2026-04-29T13:39:15.295+0000] {logging_mixin.py:188} INFO - [2026-04-29T13:39:15.294+0000] {dagbag.py:545} INFO - Filling up the DagBag from /opt/airflow/dags/pipeline_dag.py
[2026-04-29T13:39:15.314+0000] {processor.py:840} INFO - DAG(s) 'ab_test_medallion_pipeline' retrieved from /opt/airflow/dags/pipeline_dag.py
[2026-04-29T13:39:15.357+0000] {logging_mixin.py:188} INFO - [2026-04-29T13:39:15.357+0000] {dag.py:3096} INFO - Sync 1 DAGs
[2026-04-29T13:39:15.397+0000] {logging_mixin.py:188} INFO - [2026-04-29T13:39:15.397+0000] {dag.py:3954} INFO - Setting next_dagrun for ab_test_medallion_pipeline to 2026-04-29 00:00:00+00:00, run_after=2026-04-30 00:00:00+00:00
[2026-04-29T13:39:15.426+0000] {processor.py:183} INFO - Processing /opt/airflow/dags/pipeline_dag.py took 0.147 seconds
[2026-04-29T13:39:45.724+0000] {processor.py:161} INFO - Started process (PID=2125) to work on /opt/airflow/dags/pipeline_dag.py
[2026-04-29T13:39:45.726+0000] {processor.py:830} INFO - Processing file /opt/airflow/dags/pipeline_dag.py for tasks to queue
[2026-04-29T13:39:45.731+0000] {logging_mixin.py:188} INFO - [2026-04-29T13:39:45.730+0000] {dagbag.py:545} INFO - Filling up the DagBag from /opt/airflow/dags/pipeline_dag.py
[2026-04-29T13:39:45.753+0000] {processor.py:840} INFO - DAG(s) 'ab_test_medallion_pipeline' retrieved from /opt/airflow/dags/pipeline_dag.py
[2026-04-29T13:39:45.800+0000] {logging_mixin.py:188} INFO - [2026-04-29T13:39:45.799+0000] {dag.py:3096} INFO - Sync 1 DAGs
[2026-04-29T13:39:45.837+0000] {logging_mixin.py:188} INFO - [2026-04-29T13:39:45.836+0000] {dag.py:3954} INFO - Setting next_dagrun for ab_test_medallion_pipeline to 2026-04-29 00:00:00+00:00, run_after=2026-04-30 00:00:00+00:00
[2026-04-29T13:39:46.077+0000] {processor.py:183} INFO - Processing /opt/airflow/dags/pipeline_dag.py took 0.371 seconds
[2026-04-29T13:40:16.313+0000] {processor.py:161} INFO - Started process (PID=2130) to work on /opt/airflow/dags/pipeline_dag.py
[2026-04-29T13:40:16.317+0000] {processor.py:830} INFO - Processing file /opt/airflow/dags/pipeline_dag.py for tasks to queue
[2026-04-29T13:40:16.321+0000] {logging_mixin.py:188} INFO - [2026-04-29T13:40:16.320+0000] {dagbag.py:545} INFO - Filling up the DagBag from /opt/airflow/dags/pipeline_dag.py
[2026-04-29T13:40:16.352+0000] {processor.py:840} INFO - DAG(s) 'ab_test_medallion_pipeline' retrieved from /opt/airflow/dags/pipeline_dag.py
[2026-04-29T13:40:16.402+0000] {logging_mixin.py:188} INFO - [2026-04-29T13:40:16.401+0000] {dag.py:3096} INFO - Sync 1 DAGs
[2026-04-29T13:40:16.437+0000] {logging_mixin.py:188} INFO - [2026-04-29T13:40:16.436+0000] {dag.py:3954} INFO - Setting next_dagrun for ab_test_medallion_pipeline to 2026-04-29 00:00:00+00:00, run_after=2026-04-30 00:00:00+00:00
[2026-04-29T13:40:16.469+0000] {processor.py:183} INFO - Processing /opt/airflow/dags/pipeline_dag.py took 0.169 seconds
[2026-04-29T13:40:46.800+0000] {processor.py:161} INFO - Started process (PID=2135) to work on /opt/airflow/dags/pipeline_dag.py
[2026-04-29T13:40:46.802+0000] {processor.py:830} INFO - Processing file /opt/airflow/dags/pipeline_dag.py for tasks to queue
[2026-04-29T13:40:46.805+0000] {logging_mixin.py:188} INFO - [2026-04-29T13:40:46.804+0000] {dagbag.py:545} INFO - Filling up the DagBag from /opt/airflow/dags/pipeline_dag.py
[2026-04-29T13:40:46.828+0000] {processor.py:840} INFO - DAG(s) 'ab_test_medallion_pipeline' retrieved from /opt/airflow/dags/pipeline_dag.py
[2026-04-29T13:40:46.873+0000] {logging_mixin.py:188} INFO - [2026-04-29T13:40:46.873+0000] {dag.py:3096} INFO - Sync 1 DAGs
[2026-04-29T13:40:46.918+0000] {logging_mixin.py:188} INFO - [2026-04-29T13:40:46.918+0000] {dag.py:3954} INFO - Setting next_dagrun for ab_test_medallion_pipeline to 2026-04-29 00:00:00+00:00, run_after=2026-04-30 00:00:00+00:00
[2026-04-29T13:40:46.946+0000] {processor.py:183} INFO - Processing /opt/airflow/dags/pipeline_dag.py took 0.162 seconds
[2026-04-29T13:41:17.420+0000] {processor.py:161} INFO - Started process (PID=2140) to work on /opt/airflow/dags/pipeline_dag.py
[2026-04-29T13:41:17.425+0000] {processor.py:830} INFO - Processing file /opt/airflow/dags/pipeline_dag.py for tasks to queue
[2026-04-29T13:41:17.429+0000] {logging_mixin.py:188} INFO - [2026-04-29T13:41:17.428+0000] {dagbag.py:545} INFO - Filling up the DagBag from /opt/airflow/dags/pipeline_dag.py
[2026-04-29T13:41:17.465+0000] {processor.py:840} INFO - DAG(s) 'ab_test_medallion_pipeline' retrieved from /opt/airflow/dags/pipeline_dag.py
[2026-04-29T13:41:17.532+0000] {logging_mixin.py:188} INFO - [2026-04-29T13:41:17.532+0000] {dag.py:3096} INFO - Sync 1 DAGs
[2026-04-29T13:41:17.592+0000] {logging_mixin.py:188} INFO - [2026-04-29T13:41:17.592+0000] {dag.py:3954} INFO - Setting next_dagrun for ab_test_medallion_pipeline to 2026-04-29 00:00:00+00:00, run_after=2026-04-30 00:00:00+00:00
[2026-04-29T13:41:17.641+0000] {processor.py:183} INFO - Processing /opt/airflow/dags/pipeline_dag.py took 0.235 seconds
[2026-04-29T13:41:47.877+0000] {processor.py:161} INFO - Started process (PID=2145) to work on /opt/airflow/dags/pipeline_dag.py
[2026-04-29T13:41:47.878+0000] {processor.py:830} INFO - Processing file /opt/airflow/dags/pipeline_dag.py for tasks to queue
[2026-04-29T13:41:47.884+0000] {logging_mixin.py:188} INFO - [2026-04-29T13:41:47.882+0000] {dagbag.py:545} INFO - Filling up the DagBag from /opt/airflow/dags/pipeline_dag.py
[2026-04-29T13:41:47.927+0000] {processor.py:840} INFO - DAG(s) 'ab_test_medallion_pipeline' retrieved from /opt/airflow/dags/pipeline_dag.py
[2026-04-29T13:41:48.035+0000] {logging_mixin.py:188} INFO - [2026-04-29T13:41:48.034+0000] {dag.py:3096} INFO - Sync 1 DAGs
[2026-04-29T13:41:48.110+0000] {logging_mixin.py:188} INFO - [2026-04-29T13:41:48.109+0000] {dag.py:3954} INFO - Setting next_dagrun for ab_test_medallion_pipeline to 2026-04-29 00:00:00+00:00, run_after=2026-04-30 00:00:00+00:00
[2026-04-29T13:41:48.216+0000] {processor.py:183} INFO - Processing /opt/airflow/dags/pipeline_dag.py took 0.356 seconds
[2026-04-29T13:42:18.658+0000] {processor.py:161} INFO - Started process (PID=2150) to work on /opt/airflow/dags/pipeline_dag.py
[2026-04-29T13:42:18.662+0000] {processor.py:830} INFO - Processing file /opt/airflow/dags/pipeline_dag.py for tasks to queue
[2026-04-29T13:42:18.665+0000] {logging_mixin.py:188} INFO - [2026-04-29T13:42:18.665+0000] {dagbag.py:545} INFO - Filling up the DagBag from /opt/airflow/dags/pipeline_dag.py
[2026-04-29T13:42:18.686+0000] {processor.py:840} INFO - DAG(s) 'ab_test_medallion_pipeline' retrieved from /opt/airflow/dags/pipeline_dag.py
[2026-04-29T13:42:18.725+0000] {logging_mixin.py:188} INFO - [2026-04-29T13:42:18.725+0000] {dag.py:3096} INFO - Sync 1 DAGs
[2026-04-29T13:42:18.764+0000] {logging_mixin.py:188} INFO - [2026-04-29T13:42:18.763+0000] {dag.py:3954} INFO - Setting next_dagrun for ab_test_medallion_pipeline to 2026-04-29 00:00:00+00:00, run_after=2026-04-30 00:00:00+00:00
[2026-04-29T13:42:18.806+0000] {processor.py:183} INFO - Processing /opt/airflow/dags/pipeline_dag.py took 0.160 seconds
[2026-04-29T13:42:49.119+0000] {processor.py:161} INFO - Started process (PID=2155) to work on /opt/airflow/dags/pipeline_dag.py
[2026-04-29T13:42:49.120+0000] {processor.py:830} INFO - Processing file /opt/airflow/dags/pipeline_dag.py for tasks to queue
[2026-04-29T13:42:49.123+0000] {logging_mixin.py:188} INFO - [2026-04-29T13:42:49.123+0000] {dagbag.py:545} INFO - Filling up the DagBag from /opt/airflow/dags/pipeline_dag.py
[2026-04-29T13:42:49.142+0000] {processor.py:840} INFO - DAG(s) 'ab_test_medallion_pipeline' retrieved from /opt/airflow/dags/pipeline_dag.py
[2026-04-29T13:42:49.184+0000] {logging_mixin.py:188} INFO - [2026-04-29T13:42:49.183+0000] {dag.py:3096} INFO - Sync 1 DAGs
[2026-04-29T13:42:49.221+0000] {logging_mixin.py:188} INFO - [2026-04-29T13:42:49.221+0000] {dag.py:3954} INFO - Setting next_dagrun for ab_test_medallion_pipeline to 2026-04-29 00:00:00+00:00, run_after=2026-04-30 00:00:00+00:00
[2026-04-29T13:42:49.249+0000] {processor.py:183} INFO - Processing /opt/airflow/dags/pipeline_dag.py took 0.140 seconds
[2026-04-29T13:43:19.675+0000] {processor.py:161} INFO - Started process (PID=2160) to work on /opt/airflow/dags/pipeline_dag.py
[2026-04-29T13:43:19.688+0000] {processor.py:830} INFO - Processing file /opt/airflow/dags/pipeline_dag.py for tasks to queue
[2026-04-29T13:43:19.693+0000] {logging_mixin.py:188} INFO - [2026-04-29T13:43:19.692+0000] {dagbag.py:545} INFO - Filling up the DagBag from /opt/airflow/dags/pipeline_dag.py
[2026-04-29T13:43:19.729+0000] {processor.py:840} INFO - DAG(s) 'ab_test_medallion_pipeline' retrieved from /opt/airflow/dags/pipeline_dag.py
[2026-04-29T13:43:19.785+0000] {logging_mixin.py:188} INFO - [2026-04-29T13:43:19.784+0000] {dag.py:3096} INFO - Sync 1 DAGs
[2026-04-29T13:43:19.819+0000] {logging_mixin.py:188} INFO - [2026-04-29T13:43:19.819+0000] {dag.py:3954} INFO - Setting next_dagrun for ab_test_medallion_pipeline to 2026-04-29 00:00:00+00:00, run_after=2026-04-30 00:00:00+00:00
[2026-04-29T13:43:19.850+0000] {processor.py:183} INFO - Processing /opt/airflow/dags/pipeline_dag.py took 0.194 seconds
[2026-04-29T13:43:50.084+0000] {processor.py:161} INFO - Started process (PID=2165) to work on /opt/airflow/dags/pipeline_dag.py
[2026-04-29T13:43:50.085+0000] {processor.py:830} INFO - Processing file /opt/airflow/dags/pipeline_dag.py for tasks to queue
[2026-04-29T13:43:50.089+0000] {logging_mixin.py:188} INFO - [2026-04-29T13:43:50.089+0000] {dagbag.py:545} INFO - Filling up the DagBag from /opt/airflow/dags/pipeline_dag.py
[2026-04-29T13:43:50.113+0000] {processor.py:840} INFO - DAG(s) 'ab_test_medallion_pipeline' retrieved from /opt/airflow/dags/pipeline_dag.py
[2026-04-29T13:43:50.160+0000] {logging_mixin.py:188} INFO - [2026-04-29T13:43:50.159+0000] {dag.py:3096} INFO - Sync 1 DAGs
[2026-04-29T13:43:50.201+0000] {logging_mixin.py:188} INFO - [2026-04-29T13:43:50.200+0000] {dag.py:3954} INFO - Setting next_dagrun for ab_test_medallion_pipeline to 2026-04-29 00:00:00+00:00, run_after=2026-04-30 00:00:00+00:00
[2026-04-29T13:43:50.232+0000] {processor.py:183} INFO - Processing /opt/airflow/dags/pipeline_dag.py took 0.158 seconds
[2026-04-29T13:44:20.712+0000] {processor.py:161} INFO - Started process (PID=2170) to work on /opt/airflow/dags/pipeline_dag.py
[2026-04-29T13:44:20.716+0000] {processor.py:830} INFO - Processing file /opt/airflow/dags/pipeline_dag.py for tasks to queue
[2026-04-29T13:44:20.720+0000] {logging_mixin.py:188} INFO - [2026-04-29T13:44:20.719+0000] {dagbag.py:545} INFO - Filling up the DagBag from /opt/airflow/dags/pipeline_dag.py
[2026-04-29T13:44:20.739+0000] {processor.py:840} INFO - DAG(s) 'ab_test_medallion_pipeline' retrieved from /opt/airflow/dags/pipeline_dag.py
[2026-04-29T13:44:20.789+0000] {logging_mixin.py:188} INFO - [2026-04-29T13:44:20.789+0000] {dag.py:3096} INFO - Sync 1 DAGs
[2026-04-29T13:44:20.828+0000] {logging_mixin.py:188} INFO - [2026-04-29T13:44:20.828+0000] {dag.py:3954} INFO - Setting next_dagrun for ab_test_medallion_pipeline to 2026-04-29 00:00:00+00:00, run_after=2026-04-30 00:00:00+00:00
[2026-04-29T13:44:20.858+0000] {processor.py:183} INFO - Processing /opt/airflow/dags/pipeline_dag.py took 0.155 seconds
[2026-04-29T13:44:51.180+0000] {processor.py:161} INFO - Started process (PID=2175) to work on /opt/airflow/dags/pipeline_dag.py
[2026-04-29T13:44:51.182+0000] {processor.py:830} INFO - Processing file /opt/airflow/dags/pipeline_dag.py for tasks to queue
[2026-04-29T13:44:51.185+0000] {logging_mixin.py:188} INFO - [2026-04-29T13:44:51.184+0000] {dagbag.py:545} INFO - Filling up the DagBag from /opt/airflow/dags/pipeline_dag.py
[2026-04-29T13:44:51.203+0000] {processor.py:840} INFO - DAG(s) 'ab_test_medallion_pipeline' retrieved from /opt/airflow/dags/pipeline_dag.py
[2026-04-29T13:44:51.245+0000] {logging_mixin.py:188} INFO - [2026-04-29T13:44:51.245+0000] {dag.py:3096} INFO - Sync 1 DAGs
[2026-04-29T13:44:51.281+0000] {logging_mixin.py:188} INFO - [2026-04-29T13:44:51.280+0000] {dag.py:3954} INFO - Setting next_dagrun for ab_test_medallion_pipeline to 2026-04-29 00:00:00+00:00, run_after=2026-04-30 00:00:00+00:00
[2026-04-29T13:44:51.316+0000] {processor.py:183} INFO - Processing /opt/airflow/dags/pipeline_dag.py took 0.150 seconds
[2026-04-29T13:45:21.790+0000] {processor.py:161} INFO - Started process (PID=2180) to work on /opt/airflow/dags/pipeline_dag.py
[2026-04-29T13:45:21.794+0000] {processor.py:830} INFO - Processing file /opt/airflow/dags/pipeline_dag.py for tasks to queue
[2026-04-29T13:45:21.799+0000] {logging_mixin.py:188} INFO - [2026-04-29T13:45:21.798+0000] {dagbag.py:545} INFO - Filling up the DagBag from /opt/airflow/dags/pipeline_dag.py
[2026-04-29T13:45:21.819+0000] {processor.py:840} INFO - DAG(s) 'ab_test_medallion_pipeline' retrieved from /opt/airflow/dags/pipeline_dag.py
[2026-04-29T13:45:21.863+0000] {logging_mixin.py:188} INFO - [2026-04-29T13:45:21.862+0000] {dag.py:3096} INFO - Sync 1 DAGs
[2026-04-29T13:45:21.901+0000] {logging_mixin.py:188} INFO - [2026-04-29T13:45:21.901+0000] {dag.py:3954} INFO - Setting next_dagrun for ab_test_medallion_pipeline to 2026-04-29 00:00:00+00:00, run_after=2026-04-30 00:00:00+00:00
[2026-04-29T13:45:21.933+0000] {processor.py:183} INFO - Processing /opt/airflow/dags/pipeline_dag.py took 0.163 seconds
[2026-04-29T13:45:52.207+0000] {processor.py:161} INFO - Started process (PID=2185) to work on /opt/airflow/dags/pipeline_dag.py
[2026-04-29T13:45:52.208+0000] {processor.py:830} INFO - Processing file /opt/airflow/dags/pipeline_dag.py for tasks to queue
[2026-04-29T13:45:52.212+0000] {logging_mixin.py:188} INFO - [2026-04-29T13:45:52.211+0000] {dagbag.py:545} INFO - Filling up the DagBag from /opt/airflow/dags/pipeline_dag.py
[2026-04-29T13:45:52.230+0000] {processor.py:840} INFO - DAG(s) 'ab_test_medallion_pipeline' retrieved from /opt/airflow/dags/pipeline_dag.py
[2026-04-29T13:45:52.272+0000] {logging_mixin.py:188} INFO - [2026-04-29T13:45:52.271+0000] {dag.py:3096} INFO - Sync 1 DAGs
[2026-04-29T13:45:52.321+0000] {logging_mixin.py:188} INFO - [2026-04-29T13:45:52.321+0000] {dag.py:3954} INFO - Setting next_dagrun for ab_test_medallion_pipeline to 2026-04-29 00:00:00+00:00, run_after=2026-04-30 00:00:00+00:00
[2026-04-29T13:45:52.362+0000] {processor.py:183} INFO - Processing /opt/airflow/dags/pipeline_dag.py took 0.165 seconds
[2026-04-29T13:46:22.850+0000] {processor.py:161} INFO - Started process (PID=2190) to work on /opt/airflow/dags/pipeline_dag.py
[2026-04-29T13:46:22.853+0000] {processor.py:830} INFO - Processing file /opt/airflow/dags/pipeline_dag.py for tasks to queue
[2026-04-29T13:46:22.856+0000] {logging_mixin.py:188} INFO - [2026-04-29T13:46:22.856+0000] {dagbag.py:545} INFO - Filling up the DagBag from /opt/airflow/dags/pipeline_dag.py
[2026-04-29T13:46:22.875+0000] {processor.py:840} INFO - DAG(s) 'ab_test_medallion_pipeline' retrieved from /opt/airflow/dags/pipeline_dag.py
[2026-04-29T13:46:22.915+0000] {logging_mixin.py:188} INFO - [2026-04-29T13:46:22.915+0000] {dag.py:3096} INFO - Sync 1 DAGs
[2026-04-29T13:46:22.953+0000] {logging_mixin.py:188} INFO - [2026-04-29T13:46:22.953+0000] {dag.py:3954} INFO - Setting next_dagrun for ab_test_medallion_pipeline to 2026-04-29 00:00:00+00:00, run_after=2026-04-30 00:00:00+00:00
[2026-04-29T13:46:22.982+0000] {processor.py:183} INFO - Processing /opt/airflow/dags/pipeline_dag.py took 0.143 seconds
[2026-04-29T13:46:53.342+0000] {processor.py:161} INFO - Started process (PID=2195) to work on /opt/airflow/dags/pipeline_dag.py
[2026-04-29T13:46:53.343+0000] {processor.py:830} INFO - Processing file /opt/airflow/dags/pipeline_dag.py for tasks to queue
[2026-04-29T13:46:53.346+0000] {logging_mixin.py:188} INFO - [2026-04-29T13:46:53.346+0000] {dagbag.py:545} INFO - Filling up the DagBag from /opt/airflow/dags/pipeline_dag.py
[2026-04-29T13:46:53.372+0000] {processor.py:840} INFO - DAG(s) 'ab_test_medallion_pipeline' retrieved from /opt/airflow/dags/pipeline_dag.py
[2026-04-29T13:46:53.438+0000] {logging_mixin.py:188} INFO - [2026-04-29T13:46:53.438+0000] {dag.py:3096} INFO - Sync 1 DAGs
[2026-04-29T13:46:53.477+0000] {logging_mixin.py:188} INFO - [2026-04-29T13:46:53.477+0000] {dag.py:3954} INFO - Setting next_dagrun for ab_test_medallion_pipeline to 2026-04-29 00:00:00+00:00, run_after=2026-04-30 00:00:00+00:00
[2026-04-29T13:46:53.509+0000] {processor.py:183} INFO - Processing /opt/airflow/dags/pipeline_dag.py took 0.181 seconds
[2026-04-29T13:47:23.817+0000] {processor.py:161} INFO - Started process (PID=2200) to work on /opt/airflow/dags/pipeline_dag.py
[2026-04-29T13:47:23.821+0000] {processor.py:830} INFO - Processing file /opt/airflow/dags/pipeline_dag.py for tasks to queue
[2026-04-29T13:47:23.825+0000] {logging_mixin.py:188} INFO - [2026-04-29T13:47:23.825+0000] {dagbag.py:545} INFO - Filling up the DagBag from /opt/airflow/dags/pipeline_dag.py
[2026-04-29T13:47:23.846+0000] {processor.py:840} INFO - DAG(s) 'ab_test_medallion_pipeline' retrieved from /opt/airflow/dags/pipeline_dag.py
[2026-04-29T13:47:23.888+0000] {logging_mixin.py:188} INFO - [2026-04-29T13:47:23.888+0000] {dag.py:3096} INFO - Sync 1 DAGs
[2026-04-29T13:47:23.927+0000] {logging_mixin.py:188} INFO - [2026-04-29T13:47:23.926+0000] {dag.py:3954} INFO - Setting next_dagrun for ab_test_medallion_pipeline to 2026-04-29 00:00:00+00:00, run_after=2026-04-30 00:00:00+00:00
[2026-04-29T13:47:23.966+0000] {processor.py:183} INFO - Processing /opt/airflow/dags/pipeline_dag.py took 0.165 seconds
[2026-04-29T13:47:54.437+0000] {processor.py:161} INFO - Started process (PID=2205) to work on /opt/airflow/dags/pipeline_dag.py
[2026-04-29T13:47:54.438+0000] {processor.py:830} INFO - Processing file /opt/airflow/dags/pipeline_dag.py for tasks to queue
[2026-04-29T13:47:54.441+0000] {logging_mixin.py:188} INFO - [2026-04-29T13:47:54.441+0000] {dagbag.py:545} INFO - Filling up the DagBag from /opt/airflow/dags/pipeline_dag.py
[2026-04-29T13:47:54.464+0000] {processor.py:840} INFO - DAG(s) 'ab_test_medallion_pipeline' retrieved from /opt/airflow/dags/pipeline_dag.py
[2026-04-29T13:47:54.560+0000] {logging_mixin.py:188} INFO - [2026-04-29T13:47:54.559+0000] {dag.py:3096} INFO - Sync 1 DAGs
[2026-04-29T13:47:54.654+0000] {logging_mixin.py:188} INFO - [2026-04-29T13:47:54.654+0000] {dag.py:3954} INFO - Setting next_dagrun for ab_test_medallion_pipeline to 2026-04-29 00:00:00+00:00, run_after=2026-04-30 00:00:00+00:00
[2026-04-29T13:47:54.714+0000] {processor.py:183} INFO - Processing /opt/airflow/dags/pipeline_dag.py took 0.305 seconds
[2026-04-29T13:48:24.838+0000] {processor.py:161} INFO - Started process (PID=2210) to work on /opt/airflow/dags/pipeline_dag.py
[2026-04-29T13:48:24.841+0000] {processor.py:830} INFO - Processing file /opt/airflow/dags/pipeline_dag.py for tasks to queue
[2026-04-29T13:48:24.844+0000] {logging_mixin.py:188} INFO - [2026-04-29T13:48:24.844+0000] {dagbag.py:545} INFO - Filling up the DagBag from /opt/airflow/dags/pipeline_dag.py
[2026-04-29T13:48:24.863+0000] {processor.py:840} INFO - DAG(s) 'ab_test_medallion_pipeline' retrieved from /opt/airflow/dags/pipeline_dag.py
[2026-04-29T13:48:24.954+0000] {logging_mixin.py:188} INFO - [2026-04-29T13:48:24.953+0000] {dag.py:3096} INFO - Sync 1 DAGs
[2026-04-29T13:48:25.046+0000] {logging_mixin.py:188} INFO - [2026-04-29T13:48:25.046+0000] {dag.py:3954} INFO - Setting next_dagrun for ab_test_medallion_pipeline to 2026-04-29 00:00:00+00:00, run_after=2026-04-30 00:00:00+00:00
[2026-04-29T13:48:25.088+0000] {processor.py:183} INFO - Processing /opt/airflow/dags/pipeline_dag.py took 0.260 seconds
[2026-04-29T13:48:55.351+0000] {processor.py:161} INFO - Started process (PID=2215) to work on /opt/airflow/dags/pipeline_dag.py
[2026-04-29T13:48:55.352+0000] {processor.py:830} INFO - Processing file /opt/airflow/dags/pipeline_dag.py for tasks to queue
[2026-04-29T13:48:55.356+0000] {logging_mixin.py:188} INFO - [2026-04-29T13:48:55.356+0000] {dagbag.py:545} INFO - Filling up the DagBag from /opt/airflow/dags/pipeline_dag.py
[2026-04-29T13:48:55.377+0000] {processor.py:840} INFO - DAG(s) 'ab_test_medallion_pipeline' retrieved from /opt/airflow/dags/pipeline_dag.py
[2026-04-29T13:48:55.420+0000] {logging_mixin.py:188} INFO - [2026-04-29T13:48:55.419+0000] {dag.py:3096} INFO - Sync 1 DAGs
[2026-04-29T13:48:55.455+0000] {logging_mixin.py:188} INFO - [2026-04-29T13:48:55.455+0000] {dag.py:3954} INFO - Setting next_dagrun for ab_test_medallion_pipeline to 2026-04-29 00:00:00+00:00, run_after=2026-04-30 00:00:00+00:00
[2026-04-29T13:48:55.487+0000] {processor.py:183} INFO - Processing /opt/airflow/dags/pipeline_dag.py took 0.158 seconds
[2026-04-29T13:49:25.987+0000] {processor.py:161} INFO - Started process (PID=2220) to work on /opt/airflow/dags/pipeline_dag.py
[2026-04-29T13:49:25.989+0000] {processor.py:830} INFO - Processing file /opt/airflow/dags/pipeline_dag.py for tasks to queue
[2026-04-29T13:49:25.992+0000] {logging_mixin.py:188} INFO - [2026-04-29T13:49:25.992+0000] {dagbag.py:545} INFO - Filling up the DagBag from /opt/airflow/dags/pipeline_dag.py
[2026-04-29T13:49:26.011+0000] {processor.py:840} INFO - DAG(s) 'ab_test_medallion_pipeline' retrieved from /opt/airflow/dags/pipeline_dag.py
[2026-04-29T13:49:26.053+0000] {logging_mixin.py:188} INFO - [2026-04-29T13:49:26.052+0000] {dag.py:3096} INFO - Sync 1 DAGs
[2026-04-29T13:49:26.088+0000] {logging_mixin.py:188} INFO - [2026-04-29T13:49:26.088+0000] {dag.py:3954} INFO - Setting next_dagrun for ab_test_medallion_pipeline to 2026-04-29 00:00:00+00:00, run_after=2026-04-30 00:00:00+00:00
[2026-04-29T13:49:26.117+0000] {processor.py:183} INFO - Processing /opt/airflow/dags/pipeline_dag.py took 0.142 seconds
[2026-04-29T13:49:56.433+0000] {processor.py:161} INFO - Started process (PID=2225) to work on /opt/airflow/dags/pipeline_dag.py
[2026-04-29T13:49:56.435+0000] {processor.py:830} INFO - Processing file /opt/airflow/dags/pipeline_dag.py for tasks to queue
[2026-04-29T13:49:56.439+0000] {logging_mixin.py:188} INFO - [2026-04-29T13:49:56.438+0000] {dagbag.py:545} INFO - Filling up the DagBag from /opt/airflow/dags/pipeline_dag.py
[2026-04-29T13:49:56.464+0000] {processor.py:840} INFO - DAG(s) 'ab_test_medallion_pipeline' retrieved from /opt/airflow/dags/pipeline_dag.py
[2026-04-29T13:49:56.507+0000] {logging_mixin.py:188} INFO - [2026-04-29T13:49:56.507+0000] {dag.py:3096} INFO - Sync 1 DAGs
[2026-04-29T13:49:56.544+0000] {logging_mixin.py:188} INFO - [2026-04-29T13:49:56.543+0000] {dag.py:3954} INFO - Setting next_dagrun for ab_test_medallion_pipeline to 2026-04-29 00:00:00+00:00, run_after=2026-04-30 00:00:00+00:00
[2026-04-29T13:49:56.573+0000] {processor.py:183} INFO - Processing /opt/airflow/dags/pipeline_dag.py took 0.166 seconds
[2026-04-29T13:50:27.034+0000] {processor.py:161} INFO - Started process (PID=2230) to work on /opt/airflow/dags/pipeline_dag.py
[2026-04-29T13:50:27.038+0000] {processor.py:830} INFO - Processing file /opt/airflow/dags/pipeline_dag.py for tasks to queue
[2026-04-29T13:50:27.041+0000] {logging_mixin.py:188} INFO - [2026-04-29T13:50:27.041+0000] {dagbag.py:545} INFO - Filling up the DagBag from /opt/airflow/dags/pipeline_dag.py
[2026-04-29T13:50:27.060+0000] {processor.py:840} INFO - DAG(s) 'ab_test_medallion_pipeline' retrieved from /opt/airflow/dags/pipeline_dag.py
[2026-04-29T13:50:27.103+0000] {logging_mixin.py:188} INFO - [2026-04-29T13:50:27.102+0000] {dag.py:3096} INFO - Sync 1 DAGs
[2026-04-29T13:50:27.144+0000] {logging_mixin.py:188} INFO - [2026-04-29T13:50:27.143+0000] {dag.py:3954} INFO - Setting next_dagrun for ab_test_medallion_pipeline to 2026-04-29 00:00:00+00:00, run_after=2026-04-30 00:00:00+00:00
[2026-04-29T13:50:27.170+0000] {processor.py:183} INFO - Processing /opt/airflow/dags/pipeline_dag.py took 0.146 seconds
[2026-04-29T13:50:57.475+0000] {processor.py:161} INFO - Started process (PID=2235) to work on /opt/airflow/dags/pipeline_dag.py
[2026-04-29T13:50:57.477+0000] {processor.py:830} INFO - Processing file /opt/airflow/dags/pipeline_dag.py for tasks to queue
[2026-04-29T13:50:57.482+0000] {logging_mixin.py:188} INFO - [2026-04-29T13:50:57.481+0000] {dagbag.py:545} INFO - Filling up the DagBag from /opt/airflow/dags/pipeline_dag.py
[2026-04-29T13:50:57.520+0000] {processor.py:840} INFO - DAG(s) 'ab_test_medallion_pipeline' retrieved from /opt/airflow/dags/pipeline_dag.py
[2026-04-29T13:50:57.591+0000] {logging_mixin.py:188} INFO - [2026-04-29T13:50:57.591+0000] {dag.py:3096} INFO - Sync 1 DAGs
[2026-04-29T13:50:57.649+0000] {logging_mixin.py:188} INFO - [2026-04-29T13:50:57.648+0000] {dag.py:3954} INFO - Setting next_dagrun for ab_test_medallion_pipeline to 2026-04-29 00:00:00+00:00, run_after=2026-04-30 00:00:00+00:00
[2026-04-29T13:50:57.708+0000] {processor.py:183} INFO - Processing /opt/airflow/dags/pipeline_dag.py took 0.246 seconds
[2026-04-29T13:51:28.061+0000] {processor.py:161} INFO - Started process (PID=2240) to work on /opt/airflow/dags/pipeline_dag.py
[2026-04-29T13:51:28.065+0000] {processor.py:830} INFO - Processing file /opt/airflow/dags/pipeline_dag.py for tasks to queue
[2026-04-29T13:51:28.070+0000] {logging_mixin.py:188} INFO - [2026-04-29T13:51:28.069+0000] {dagbag.py:545} INFO - Filling up the DagBag from /opt/airflow/dags/pipeline_dag.py
[2026-04-29T13:51:28.104+0000] {processor.py:840} INFO - DAG(s) 'ab_test_medallion_pipeline' retrieved from /opt/airflow/dags/pipeline_dag.py
[2026-04-29T13:51:28.188+0000] {logging_mixin.py:188} INFO - [2026-04-29T13:51:28.186+0000] {dag.py:3096} INFO - Sync 1 DAGs
[2026-04-29T13:51:28.262+0000] {logging_mixin.py:188} INFO - [2026-04-29T13:51:28.262+0000] {dag.py:3954} INFO - Setting next_dagrun for ab_test_medallion_pipeline to 2026-04-29 00:00:00+00:00, run_after=2026-04-30 00:00:00+00:00
[2026-04-29T13:51:28.320+0000] {processor.py:183} INFO - Processing /opt/airflow/dags/pipeline_dag.py took 0.274 seconds
[2026-04-29T13:51:58.645+0000] {processor.py:161} INFO - Started process (PID=2245) to work on /opt/airflow/dags/pipeline_dag.py
[2026-04-29T13:51:58.647+0000] {processor.py:830} INFO - Processing file /opt/airflow/dags/pipeline_dag.py for tasks to queue
[2026-04-29T13:51:58.651+0000] {logging_mixin.py:188} INFO - [2026-04-29T13:51:58.650+0000] {dagbag.py:545} INFO - Filling up the DagBag from /opt/airflow/dags/pipeline_dag.py
[2026-04-29T13:51:58.675+0000] {processor.py:840} INFO - DAG(s) 'ab_test_medallion_pipeline' retrieved from /opt/airflow/dags/pipeline_dag.py
[2026-04-29T13:51:58.717+0000] {logging_mixin.py:188} INFO - [2026-04-29T13:51:58.717+0000] {dag.py:3096} INFO - Sync 1 DAGs
[2026-04-29T13:51:58.755+0000] {logging_mixin.py:188} INFO - [2026-04-29T13:51:58.754+0000] {dag.py:3954} INFO - Setting next_dagrun for ab_test_medallion_pipeline to 2026-04-29 00:00:00+00:00, run_after=2026-04-30 00:00:00+00:00
[2026-04-29T13:51:58.787+0000] {processor.py:183} INFO - Processing /opt/airflow/dags/pipeline_dag.py took 0.156 seconds
[2026-04-29T13:52:29.187+0000] {processor.py:161} INFO - Started process (PID=2250) to work on /opt/airflow/dags/pipeline_dag.py
[2026-04-29T13:52:29.190+0000] {processor.py:830} INFO - Processing file /opt/airflow/dags/pipeline_dag.py for tasks to queue
[2026-04-29T13:52:29.193+0000] {logging_mixin.py:188} INFO - [2026-04-29T13:52:29.192+0000] {dagbag.py:545} INFO - Filling up the DagBag from /opt/airflow/dags/pipeline_dag.py
[2026-04-29T13:52:29.212+0000] {processor.py:840} INFO - DAG(s) 'ab_test_medallion_pipeline' retrieved from /opt/airflow/dags/pipeline_dag.py
[2026-04-29T13:52:29.255+0000] {logging_mixin.py:188} INFO - [2026-04-29T13:52:29.255+0000] {dag.py:3096} INFO - Sync 1 DAGs
[2026-04-29T13:52:29.300+0000] {logging_mixin.py:188} INFO - [2026-04-29T13:52:29.300+0000] {dag.py:3954} INFO - Setting next_dagrun for ab_test_medallion_pipeline to 2026-04-29 00:00:00+00:00, run_after=2026-04-30 00:00:00+00:00
[2026-04-29T13:52:29.332+0000] {processor.py:183} INFO - Processing /opt/airflow/dags/pipeline_dag.py took 0.161 seconds
[2026-04-29T13:52:59.706+0000] {processor.py:161} INFO - Started process (PID=2255) to work on /opt/airflow/dags/pipeline_dag.py
[2026-04-29T13:52:59.707+0000] {processor.py:830} INFO - Processing file /opt/airflow/dags/pipeline_dag.py for tasks to queue
[2026-04-29T13:52:59.711+0000] {logging_mixin.py:188} INFO - [2026-04-29T13:52:59.710+0000] {dagbag.py:545} INFO - Filling up the DagBag from /opt/airflow/dags/pipeline_dag.py
[2026-04-29T13:52:59.732+0000] {processor.py:840} INFO - DAG(s) 'ab_test_medallion_pipeline' retrieved from /opt/airflow/dags/pipeline_dag.py
[2026-04-29T13:52:59.777+0000] {logging_mixin.py:188} INFO - [2026-04-29T13:52:59.777+0000] {dag.py:3096} INFO - Sync 1 DAGs
[2026-04-29T13:52:59.813+0000] {logging_mixin.py:188} INFO - [2026-04-29T13:52:59.813+0000] {dag.py:3954} INFO - Setting next_dagrun for ab_test_medallion_pipeline to 2026-04-29 00:00:00+00:00, run_after=2026-04-30 00:00:00+00:00
[2026-04-29T13:52:59.846+0000] {processor.py:183} INFO - Processing /opt/airflow/dags/pipeline_dag.py took 0.159 seconds
[2026-04-29T13:53:30.228+0000] {processor.py:161} INFO - Started process (PID=2260) to work on /opt/airflow/dags/pipeline_dag.py
[2026-04-29T13:53:30.231+0000] {processor.py:830} INFO - Processing file /opt/airflow/dags/pipeline_dag.py for tasks to queue
[2026-04-29T13:53:30.234+0000] {logging_mixin.py:188} INFO - [2026-04-29T13:53:30.233+0000] {dagbag.py:545} INFO - Filling up the DagBag from /opt/airflow/dags/pipeline_dag.py
[2026-04-29T13:53:30.256+0000] {processor.py:840} INFO - DAG(s) 'ab_test_medallion_pipeline' retrieved from /opt/airflow/dags/pipeline_dag.py
[2026-04-29T13:53:30.304+0000] {logging_mixin.py:188} INFO - [2026-04-29T13:53:30.303+0000] {dag.py:3096} INFO - Sync 1 DAGs
[2026-04-29T13:53:30.370+0000] {logging_mixin.py:188} INFO - [2026-04-29T13:53:30.369+0000] {dag.py:3954} INFO - Setting next_dagrun for ab_test_medallion_pipeline to 2026-04-29 00:00:00+00:00, run_after=2026-04-30 00:00:00+00:00
[2026-04-29T13:53:30.399+0000] {processor.py:183} INFO - Processing /opt/airflow/dags/pipeline_dag.py took 0.181 seconds
[2026-04-29T13:54:00.762+0000] {processor.py:161} INFO - Started process (PID=2265) to work on /opt/airflow/dags/pipeline_dag.py
[2026-04-29T13:54:00.765+0000] {processor.py:830} INFO - Processing file /opt/airflow/dags/pipeline_dag.py for tasks to queue
[2026-04-29T13:54:00.769+0000] {logging_mixin.py:188} INFO - [2026-04-29T13:54:00.768+0000] {dagbag.py:545} INFO - Filling up the DagBag from /opt/airflow/dags/pipeline_dag.py
[2026-04-29T13:54:00.788+0000] {processor.py:840} INFO - DAG(s) 'ab_test_medallion_pipeline' retrieved from /opt/airflow/dags/pipeline_dag.py
[2026-04-29T13:54:00.830+0000] {logging_mixin.py:188} INFO - [2026-04-29T13:54:00.830+0000] {dag.py:3096} INFO - Sync 1 DAGs
[2026-04-29T13:54:00.888+0000] {logging_mixin.py:188} INFO - [2026-04-29T13:54:00.888+0000] {dag.py:3954} INFO - Setting next_dagrun for ab_test_medallion_pipeline to 2026-04-29 00:00:00+00:00, run_after=2026-04-30 00:00:00+00:00
[2026-04-29T13:54:00.928+0000] {processor.py:183} INFO - Processing /opt/airflow/dags/pipeline_dag.py took 0.180 seconds
[2026-04-29T13:54:31.279+0000] {processor.py:161} INFO - Started process (PID=2270) to work on /opt/airflow/dags/pipeline_dag.py
[2026-04-29T13:54:31.281+0000] {processor.py:830} INFO - Processing file /opt/airflow/dags/pipeline_dag.py for tasks to queue
[2026-04-29T13:54:31.285+0000] {logging_mixin.py:188} INFO - [2026-04-29T13:54:31.284+0000] {dagbag.py:545} INFO - Filling up the DagBag from /opt/airflow/dags/pipeline_dag.py
[2026-04-29T13:54:31.321+0000] {processor.py:840} INFO - DAG(s) 'ab_test_medallion_pipeline' retrieved from /opt/airflow/dags/pipeline_dag.py
[2026-04-29T13:54:31.378+0000] {logging_mixin.py:188} INFO - [2026-04-29T13:54:31.378+0000] {dag.py:3096} INFO - Sync 1 DAGs
[2026-04-29T13:54:31.411+0000] {logging_mixin.py:188} INFO - [2026-04-29T13:54:31.411+0000] {dag.py:3954} INFO - Setting next_dagrun for ab_test_medallion_pipeline to 2026-04-29 00:00:00+00:00, run_after=2026-04-30 00:00:00+00:00
[2026-04-29T13:54:31.439+0000] {processor.py:183} INFO - Processing /opt/airflow/dags/pipeline_dag.py took 0.178 seconds
[2026-04-29T13:55:01.740+0000] {processor.py:161} INFO - Started process (PID=2275) to work on /opt/airflow/dags/pipeline_dag.py
[2026-04-29T13:55:01.743+0000] {processor.py:830} INFO - Processing file /opt/airflow/dags/pipeline_dag.py for tasks to queue
[2026-04-29T13:55:01.746+0000] {logging_mixin.py:188} INFO - [2026-04-29T13:55:01.745+0000] {dagbag.py:545} INFO - Filling up the DagBag from /opt/airflow/dags/pipeline_dag.py
[2026-04-29T13:55:01.765+0000] {processor.py:840} INFO - DAG(s) 'ab_test_medallion_pipeline' retrieved from /opt/airflow/dags/pipeline_dag.py
[2026-04-29T13:55:01.814+0000] {logging_mixin.py:188} INFO - [2026-04-29T13:55:01.814+0000] {dag.py:3096} INFO - Sync 1 DAGs
[2026-04-29T13:55:01.850+0000] {logging_mixin.py:188} INFO - [2026-04-29T13:55:01.850+0000] {dag.py:3954} INFO - Setting next_dagrun for ab_test_medallion_pipeline to 2026-04-29 00:00:00+00:00, run_after=2026-04-30 00:00:00+00:00
[2026-04-29T13:55:01.878+0000] {processor.py:183} INFO - Processing /opt/airflow/dags/pipeline_dag.py took 0.155 seconds
[2026-04-29T13:55:32.358+0000] {processor.py:161} INFO - Started process (PID=2280) to work on /opt/airflow/dags/pipeline_dag.py
[2026-04-29T13:55:32.360+0000] {processor.py:830} INFO - Processing file /opt/airflow/dags/pipeline_dag.py for tasks to queue
[2026-04-29T13:55:32.363+0000] {logging_mixin.py:188} INFO - [2026-04-29T13:55:32.362+0000] {dagbag.py:545} INFO - Filling up the DagBag from /opt/airflow/dags/pipeline_dag.py
[2026-04-29T13:55:32.387+0000] {processor.py:840} INFO - DAG(s) 'ab_test_medallion_pipeline' retrieved from /opt/airflow/dags/pipeline_dag.py
[2026-04-29T13:55:32.429+0000] {logging_mixin.py:188} INFO - [2026-04-29T13:55:32.428+0000] {dag.py:3096} INFO - Sync 1 DAGs
[2026-04-29T13:55:32.464+0000] {logging_mixin.py:188} INFO - [2026-04-29T13:55:32.464+0000] {dag.py:3954} INFO - Setting next_dagrun for ab_test_medallion_pipeline to 2026-04-29 00:00:00+00:00, run_after=2026-04-30 00:00:00+00:00
[2026-04-29T13:55:32.504+0000] {processor.py:183} INFO - Processing /opt/airflow/dags/pipeline_dag.py took 0.159 seconds
[2026-04-29T13:56:02.780+0000] {processor.py:161} INFO - Started process (PID=2285) to work on /opt/airflow/dags/pipeline_dag.py
[2026-04-29T13:56:02.784+0000] {processor.py:830} INFO - Processing file /opt/airflow/dags/pipeline_dag.py for tasks to queue
[2026-04-29T13:56:02.787+0000] {logging_mixin.py:188} INFO - [2026-04-29T13:56:02.787+0000] {dagbag.py:545} INFO - Filling up the DagBag from /opt/airflow/dags/pipeline_dag.py
[2026-04-29T13:56:02.807+0000] {processor.py:840} INFO - DAG(s) 'ab_test_medallion_pipeline' retrieved from /opt/airflow/dags/pipeline_dag.py
[2026-04-29T13:56:02.851+0000] {logging_mixin.py:188} INFO - [2026-04-29T13:56:02.850+0000] {dag.py:3096} INFO - Sync 1 DAGs
[2026-04-29T13:56:02.903+0000] {logging_mixin.py:188} INFO - [2026-04-29T13:56:02.903+0000] {dag.py:3954} INFO - Setting next_dagrun for ab_test_medallion_pipeline to 2026-04-29 00:00:00+00:00, run_after=2026-04-30 00:00:00+00:00
[2026-04-29T13:56:02.944+0000] {processor.py:183} INFO - Processing /opt/airflow/dags/pipeline_dag.py took 0.174 seconds
[2026-04-29T13:56:33.402+0000] {processor.py:161} INFO - Started process (PID=2290) to work on /opt/airflow/dags/pipeline_dag.py
[2026-04-29T13:56:33.404+0000] {processor.py:830} INFO - Processing file /opt/airflow/dags/pipeline_dag.py for tasks to queue
[2026-04-29T13:56:33.407+0000] {logging_mixin.py:188} INFO - [2026-04-29T13:56:33.407+0000] {dagbag.py:545} INFO - Filling up the DagBag from /opt/airflow/dags/pipeline_dag.py
[2026-04-29T13:56:33.432+0000] {processor.py:840} INFO - DAG(s) 'ab_test_medallion_pipeline' retrieved from /opt/airflow/dags/pipeline_dag.py
[2026-04-29T13:56:33.474+0000] {logging_mixin.py:188} INFO - [2026-04-29T13:56:33.474+0000] {dag.py:3096} INFO - Sync 1 DAGs
[2026-04-29T13:56:33.523+0000] {logging_mixin.py:188} INFO - [2026-04-29T13:56:33.523+0000] {dag.py:3954} INFO - Setting next_dagrun for ab_test_medallion_pipeline to 2026-04-29 00:00:00+00:00, run_after=2026-04-30 00:00:00+00:00
[2026-04-29T13:56:33.558+0000] {processor.py:183} INFO - Processing /opt/airflow/dags/pipeline_dag.py took 0.171 seconds
[2026-04-29T13:57:03.890+0000] {processor.py:161} INFO - Started process (PID=2295) to work on /opt/airflow/dags/pipeline_dag.py
[2026-04-29T13:57:03.894+0000] {processor.py:830} INFO - Processing file /opt/airflow/dags/pipeline_dag.py for tasks to queue
[2026-04-29T13:57:03.897+0000] {logging_mixin.py:188} INFO - [2026-04-29T13:57:03.897+0000] {dagbag.py:545} INFO - Filling up the DagBag from /opt/airflow/dags/pipeline_dag.py
[2026-04-29T13:57:03.916+0000] {processor.py:840} INFO - DAG(s) 'ab_test_medallion_pipeline' retrieved from /opt/airflow/dags/pipeline_dag.py
[2026-04-29T13:57:03.958+0000] {logging_mixin.py:188} INFO - [2026-04-29T13:57:03.958+0000] {dag.py:3096} INFO - Sync 1 DAGs
[2026-04-29T13:57:03.998+0000] {logging_mixin.py:188} INFO - [2026-04-29T13:57:03.998+0000] {dag.py:3954} INFO - Setting next_dagrun for ab_test_medallion_pipeline to 2026-04-29 00:00:00+00:00, run_after=2026-04-30 00:00:00+00:00
[2026-04-29T13:57:04.026+0000] {processor.py:183} INFO - Processing /opt/airflow/dags/pipeline_dag.py took 0.153 seconds
[2026-04-29T13:57:34.430+0000] {processor.py:161} INFO - Started process (PID=2300) to work on /opt/airflow/dags/pipeline_dag.py
[2026-04-29T13:57:34.431+0000] {processor.py:830} INFO - Processing file /opt/airflow/dags/pipeline_dag.py for tasks to queue
[2026-04-29T13:57:34.434+0000] {logging_mixin.py:188} INFO - [2026-04-29T13:57:34.433+0000] {dagbag.py:545} INFO - Filling up the DagBag from /opt/airflow/dags/pipeline_dag.py
[2026-04-29T13:57:34.453+0000] {processor.py:840} INFO - DAG(s) 'ab_test_medallion_pipeline' retrieved from /opt/airflow/dags/pipeline_dag.py
[2026-04-29T13:57:34.493+0000] {logging_mixin.py:188} INFO - [2026-04-29T13:57:34.493+0000] {dag.py:3096} INFO - Sync 1 DAGs
[2026-04-29T13:57:34.527+0000] {logging_mixin.py:188} INFO - [2026-04-29T13:57:34.527+0000] {dag.py:3954} INFO - Setting next_dagrun for ab_test_medallion_pipeline to 2026-04-29 00:00:00+00:00, run_after=2026-04-30 00:00:00+00:00
[2026-04-29T13:57:34.556+0000] {processor.py:183} INFO - Processing /opt/airflow/dags/pipeline_dag.py took 0.135 seconds
[2026-04-29T13:58:04.994+0000] {processor.py:161} INFO - Started process (PID=2305) to work on /opt/airflow/dags/pipeline_dag.py
[2026-04-29T13:58:04.998+0000] {processor.py:830} INFO - Processing file /opt/airflow/dags/pipeline_dag.py for tasks to queue
[2026-04-29T13:58:05.002+0000] {logging_mixin.py:188} INFO - [2026-04-29T13:58:05.001+0000] {dagbag.py:545} INFO - Filling up the DagBag from /opt/airflow/dags/pipeline_dag.py
[2026-04-29T13:58:05.023+0000] {processor.py:840} INFO - DAG(s) 'ab_test_medallion_pipeline' retrieved from /opt/airflow/dags/pipeline_dag.py
[2026-04-29T13:58:05.067+0000] {logging_mixin.py:188} INFO - [2026-04-29T13:58:05.066+0000] {dag.py:3096} INFO - Sync 1 DAGs
[2026-04-29T13:58:05.103+0000] {logging_mixin.py:188} INFO - [2026-04-29T13:58:05.102+0000] {dag.py:3954} INFO - Setting next_dagrun for ab_test_medallion_pipeline to 2026-04-29 00:00:00+00:00, run_after=2026-04-30 00:00:00+00:00
[2026-04-29T13:58:05.133+0000] {processor.py:183} INFO - Processing /opt/airflow/dags/pipeline_dag.py took 0.157 seconds
[2026-04-29T13:58:35.524+0000] {processor.py:161} INFO - Started process (PID=2310) to work on /opt/airflow/dags/pipeline_dag.py
[2026-04-29T13:58:35.526+0000] {processor.py:830} INFO - Processing file /opt/airflow/dags/pipeline_dag.py for tasks to queue
[2026-04-29T13:58:35.529+0000] {logging_mixin.py:188} INFO - [2026-04-29T13:58:35.528+0000] {dagbag.py:545} INFO - Filling up the DagBag from /opt/airflow/dags/pipeline_dag.py
[2026-04-29T13:58:35.558+0000] {processor.py:840} INFO - DAG(s) 'ab_test_medallion_pipeline' retrieved from /opt/airflow/dags/pipeline_dag.py
[2026-04-29T13:58:35.625+0000] {logging_mixin.py:188} INFO - [2026-04-29T13:58:35.625+0000] {dag.py:3096} INFO - Sync 1 DAGs
[2026-04-29T13:58:35.695+0000] {logging_mixin.py:188} INFO - [2026-04-29T13:58:35.694+0000] {dag.py:3954} INFO - Setting next_dagrun for ab_test_medallion_pipeline to 2026-04-29 00:00:00+00:00, run_after=2026-04-30 00:00:00+00:00
[2026-04-29T13:58:35.746+0000] {processor.py:183} INFO - Processing /opt/airflow/dags/pipeline_dag.py took 0.239 seconds
[2026-04-29T13:59:05.909+0000] {processor.py:161} INFO - Started process (PID=2315) to work on /opt/airflow/dags/pipeline_dag.py
[2026-04-29T13:59:05.913+0000] {processor.py:830} INFO - Processing file /opt/airflow/dags/pipeline_dag.py for tasks to queue
[2026-04-29T13:59:05.920+0000] {logging_mixin.py:188} INFO - [2026-04-29T13:59:05.919+0000] {dagbag.py:545} INFO - Filling up the DagBag from /opt/airflow/dags/pipeline_dag.py
[2026-04-29T13:59:05.945+0000] {processor.py:840} INFO - DAG(s) 'ab_test_medallion_pipeline' retrieved from /opt/airflow/dags/pipeline_dag.py
[2026-04-29T13:59:05.996+0000] {logging_mixin.py:188} INFO - [2026-04-29T13:59:05.995+0000] {dag.py:3096} INFO - Sync 1 DAGs
[2026-04-29T13:59:06.035+0000] {logging_mixin.py:188} INFO - [2026-04-29T13:59:06.034+0000] {dag.py:3954} INFO - Setting next_dagrun for ab_test_medallion_pipeline to 2026-04-29 00:00:00+00:00, run_after=2026-04-30 00:00:00+00:00
[2026-04-29T13:59:06.077+0000] {processor.py:183} INFO - Processing /opt/airflow/dags/pipeline_dag.py took 0.182 seconds
[2026-04-29T13:59:36.394+0000] {processor.py:161} INFO - Started process (PID=2320) to work on /opt/airflow/dags/pipeline_dag.py
[2026-04-29T13:59:36.395+0000] {processor.py:830} INFO - Processing file /opt/airflow/dags/pipeline_dag.py for tasks to queue
[2026-04-29T13:59:36.399+0000] {logging_mixin.py:188} INFO - [2026-04-29T13:59:36.398+0000] {dagbag.py:545} INFO - Filling up the DagBag from /opt/airflow/dags/pipeline_dag.py
[2026-04-29T13:59:36.426+0000] {processor.py:840} INFO - DAG(s) 'ab_test_medallion_pipeline' retrieved from /opt/airflow/dags/pipeline_dag.py
[2026-04-29T13:59:36.507+0000] {logging_mixin.py:188} INFO - [2026-04-29T13:59:36.507+0000] {dag.py:3096} INFO - Sync 1 DAGs
[2026-04-29T13:59:36.606+0000] {logging_mixin.py:188} INFO - [2026-04-29T13:59:36.606+0000] {dag.py:3954} INFO - Setting next_dagrun for ab_test_medallion_pipeline to 2026-04-29 00:00:00+00:00, run_after=2026-04-30 00:00:00+00:00
[2026-04-29T13:59:36.670+0000] {processor.py:183} INFO - Processing /opt/airflow/dags/pipeline_dag.py took 0.287 seconds
[2026-04-29T14:00:06.717+0000] {processor.py:161} INFO - Started process (PID=2325) to work on /opt/airflow/dags/pipeline_dag.py
[2026-04-29T14:00:06.721+0000] {processor.py:830} INFO - Processing file /opt/airflow/dags/pipeline_dag.py for tasks to queue
[2026-04-29T14:00:06.725+0000] {logging_mixin.py:188} INFO - [2026-04-29T14:00:06.724+0000] {dagbag.py:545} INFO - Filling up the DagBag from /opt/airflow/dags/pipeline_dag.py
[2026-04-29T14:00:06.748+0000] {processor.py:840} INFO - DAG(s) 'ab_test_medallion_pipeline' retrieved from /opt/airflow/dags/pipeline_dag.py
[2026-04-29T14:00:06.802+0000] {logging_mixin.py:188} INFO - [2026-04-29T14:00:06.801+0000] {dag.py:3096} INFO - Sync 1 DAGs
[2026-04-29T14:00:06.843+0000] {logging_mixin.py:188} INFO - [2026-04-29T14:00:06.843+0000] {dag.py:3954} INFO - Setting next_dagrun for ab_test_medallion_pipeline to 2026-04-29 00:00:00+00:00, run_after=2026-04-30 00:00:00+00:00
[2026-04-29T14:00:06.876+0000] {processor.py:183} INFO - Processing /opt/airflow/dags/pipeline_dag.py took 0.170 seconds
[2026-04-29T14:00:37.043+0000] {processor.py:161} INFO - Started process (PID=2330) to work on /opt/airflow/dags/pipeline_dag.py
[2026-04-29T14:00:37.045+0000] {processor.py:830} INFO - Processing file /opt/airflow/dags/pipeline_dag.py for tasks to queue
[2026-04-29T14:00:37.051+0000] {logging_mixin.py:188} INFO - [2026-04-29T14:00:37.050+0000] {dagbag.py:545} INFO - Filling up the DagBag from /opt/airflow/dags/pipeline_dag.py
[2026-04-29T14:00:37.086+0000] {processor.py:840} INFO - DAG(s) 'ab_test_medallion_pipeline' retrieved from /opt/airflow/dags/pipeline_dag.py
[2026-04-29T14:00:37.168+0000] {logging_mixin.py:188} INFO - [2026-04-29T14:00:37.168+0000] {dag.py:3096} INFO - Sync 1 DAGs
[2026-04-29T14:00:37.216+0000] {logging_mixin.py:188} INFO - [2026-04-29T14:00:37.216+0000] {dag.py:3954} INFO - Setting next_dagrun for ab_test_medallion_pipeline to 2026-04-29 00:00:00+00:00, run_after=2026-04-30 00:00:00+00:00
[2026-04-29T14:00:37.259+0000] {processor.py:183} INFO - Processing /opt/airflow/dags/pipeline_dag.py took 0.235 seconds
[2026-04-29T14:01:07.606+0000] {processor.py:161} INFO - Started process (PID=2335) to work on /opt/airflow/dags/pipeline_dag.py
[2026-04-29T14:01:07.609+0000] {processor.py:830} INFO - Processing file /opt/airflow/dags/pipeline_dag.py for tasks to queue
[2026-04-29T14:01:07.617+0000] {logging_mixin.py:188} INFO - [2026-04-29T14:01:07.616+0000] {dagbag.py:545} INFO - Filling up the DagBag from /opt/airflow/dags/pipeline_dag.py
[2026-04-29T14:01:07.707+0000] {processor.py:840} INFO - DAG(s) 'ab_test_medallion_pipeline' retrieved from /opt/airflow/dags/pipeline_dag.py
[2026-04-29T14:01:07.780+0000] {logging_mixin.py:188} INFO - [2026-04-29T14:01:07.780+0000] {dag.py:3096} INFO - Sync 1 DAGs
[2026-04-29T14:01:07.860+0000] {logging_mixin.py:188} INFO - [2026-04-29T14:01:07.859+0000] {dag.py:3954} INFO - Setting next_dagrun for ab_test_medallion_pipeline to 2026-04-29 00:00:00+00:00, run_after=2026-04-30 00:00:00+00:00
[2026-04-29T14:01:07.951+0000] {processor.py:183} INFO - Processing /opt/airflow/dags/pipeline_dag.py took 0.395 seconds
[2026-04-29T14:01:38.322+0000] {processor.py:161} INFO - Started process (PID=2340) to work on /opt/airflow/dags/pipeline_dag.py
[2026-04-29T14:01:38.323+0000] {processor.py:830} INFO - Processing file /opt/airflow/dags/pipeline_dag.py for tasks to queue
[2026-04-29T14:01:38.328+0000] {logging_mixin.py:188} INFO - [2026-04-29T14:01:38.327+0000] {dagbag.py:545} INFO - Filling up the DagBag from /opt/airflow/dags/pipeline_dag.py
[2026-04-29T14:01:38.361+0000] {processor.py:840} INFO - DAG(s) 'ab_test_medallion_pipeline' retrieved from /opt/airflow/dags/pipeline_dag.py
[2026-04-29T14:01:38.427+0000] {logging_mixin.py:188} INFO - [2026-04-29T14:01:38.427+0000] {dag.py:3096} INFO - Sync 1 DAGs
[2026-04-29T14:01:38.506+0000] {logging_mixin.py:188} INFO - [2026-04-29T14:01:38.506+0000] {dag.py:3954} INFO - Setting next_dagrun for ab_test_medallion_pipeline to 2026-04-29 00:00:00+00:00, run_after=2026-04-30 00:00:00+00:00
[2026-04-29T14:01:38.611+0000] {processor.py:183} INFO - Processing /opt/airflow/dags/pipeline_dag.py took 0.304 seconds
[2026-04-29T14:02:08.763+0000] {processor.py:161} INFO - Started process (PID=2345) to work on /opt/airflow/dags/pipeline_dag.py
[2026-04-29T14:02:08.767+0000] {processor.py:830} INFO - Processing file /opt/airflow/dags/pipeline_dag.py for tasks to queue
[2026-04-29T14:02:08.770+0000] {logging_mixin.py:188} INFO - [2026-04-29T14:02:08.769+0000] {dagbag.py:545} INFO - Filling up the DagBag from /opt/airflow/dags/pipeline_dag.py
[2026-04-29T14:02:08.790+0000] {processor.py:840} INFO - DAG(s) 'ab_test_medallion_pipeline' retrieved from /opt/airflow/dags/pipeline_dag.py
[2026-04-29T14:02:08.836+0000] {logging_mixin.py:188} INFO - [2026-04-29T14:02:08.836+0000] {dag.py:3096} INFO - Sync 1 DAGs
[2026-04-29T14:02:08.878+0000] {logging_mixin.py:188} INFO - [2026-04-29T14:02:08.878+0000] {dag.py:3954} INFO - Setting next_dagrun for ab_test_medallion_pipeline to 2026-04-29 00:00:00+00:00, run_after=2026-04-30 00:00:00+00:00
[2026-04-29T14:02:08.910+0000] {processor.py:183} INFO - Processing /opt/airflow/dags/pipeline_dag.py took 0.167 seconds
[2026-04-29T14:02:39.084+0000] {processor.py:161} INFO - Started process (PID=2350) to work on /opt/airflow/dags/pipeline_dag.py
[2026-04-29T14:02:39.085+0000] {processor.py:830} INFO - Processing file /opt/airflow/dags/pipeline_dag.py for tasks to queue
[2026-04-29T14:02:39.088+0000] {logging_mixin.py:188} INFO - [2026-04-29T14:02:39.088+0000] {dagbag.py:545} INFO - Filling up the DagBag from /opt/airflow/dags/pipeline_dag.py
[2026-04-29T14:02:39.118+0000] {processor.py:840} INFO - DAG(s) 'ab_test_medallion_pipeline' retrieved from /opt/airflow/dags/pipeline_dag.py
[2026-04-29T14:02:39.183+0000] {logging_mixin.py:188} INFO - [2026-04-29T14:02:39.182+0000] {dag.py:3096} INFO - Sync 1 DAGs
[2026-04-29T14:02:39.240+0000] {logging_mixin.py:188} INFO - [2026-04-29T14:02:39.239+0000] {dag.py:3954} INFO - Setting next_dagrun for ab_test_medallion_pipeline to 2026-04-29 00:00:00+00:00, run_after=2026-04-30 00:00:00+00:00
[2026-04-29T14:02:39.278+0000] {processor.py:183} INFO - Processing /opt/airflow/dags/pipeline_dag.py took 0.206 seconds
[2026-04-29T14:03:09.687+0000] {processor.py:161} INFO - Started process (PID=2355) to work on /opt/airflow/dags/pipeline_dag.py
[2026-04-29T14:03:09.690+0000] {processor.py:830} INFO - Processing file /opt/airflow/dags/pipeline_dag.py for tasks to queue
[2026-04-29T14:03:09.694+0000] {logging_mixin.py:188} INFO - [2026-04-29T14:03:09.694+0000] {dagbag.py:545} INFO - Filling up the DagBag from /opt/airflow/dags/pipeline_dag.py
[2026-04-29T14:03:09.723+0000] {processor.py:840} INFO - DAG(s) 'ab_test_medallion_pipeline' retrieved from /opt/airflow/dags/pipeline_dag.py
[2026-04-29T14:03:09.797+0000] {logging_mixin.py:188} INFO - [2026-04-29T14:03:09.796+0000] {dag.py:3096} INFO - Sync 1 DAGs
[2026-04-29T14:03:09.835+0000] {logging_mixin.py:188} INFO - [2026-04-29T14:03:09.835+0000] {dag.py:3954} INFO - Setting next_dagrun for ab_test_medallion_pipeline to 2026-04-29 00:00:00+00:00, run_after=2026-04-30 00:00:00+00:00
[2026-04-29T14:03:09.875+0000] {processor.py:183} INFO - Processing /opt/airflow/dags/pipeline_dag.py took 0.206 seconds
[2026-04-29T14:03:39.996+0000] {processor.py:161} INFO - Started process (PID=2360) to work on /opt/airflow/dags/pipeline_dag.py
[2026-04-29T14:03:40.001+0000] {processor.py:830} INFO - Processing file /opt/airflow/dags/pipeline_dag.py for tasks to queue
[2026-04-29T14:03:40.007+0000] {logging_mixin.py:188} INFO - [2026-04-29T14:03:40.007+0000] {dagbag.py:545} INFO - Filling up the DagBag from /opt/airflow/dags/pipeline_dag.py
[2026-04-29T14:03:40.041+0000] {processor.py:840} INFO - DAG(s) 'ab_test_medallion_pipeline' retrieved from /opt/airflow/dags/pipeline_dag.py
[2026-04-29T14:03:40.122+0000] {logging_mixin.py:188} INFO - [2026-04-29T14:03:40.121+0000] {dag.py:3096} INFO - Sync 1 DAGs
[2026-04-29T14:03:40.241+0000] {logging_mixin.py:188} INFO - [2026-04-29T14:03:40.240+0000] {dag.py:3954} INFO - Setting next_dagrun for ab_test_medallion_pipeline to 2026-04-29 00:00:00+00:00, run_after=2026-04-30 00:00:00+00:00
[2026-04-29T14:03:40.301+0000] {processor.py:183} INFO - Processing /opt/airflow/dags/pipeline_dag.py took 0.321 seconds
[2026-04-29T14:04:10.548+0000] {processor.py:161} INFO - Started process (PID=2365) to work on /opt/airflow/dags/pipeline_dag.py
[2026-04-29T14:04:10.550+0000] {processor.py:830} INFO - Processing file /opt/airflow/dags/pipeline_dag.py for tasks to queue
[2026-04-29T14:04:10.555+0000] {logging_mixin.py:188} INFO - [2026-04-29T14:04:10.553+0000] {dagbag.py:545} INFO - Filling up the DagBag from /opt/airflow/dags/pipeline_dag.py
[2026-04-29T14:04:10.581+0000] {processor.py:840} INFO - DAG(s) 'ab_test_medallion_pipeline' retrieved from /opt/airflow/dags/pipeline_dag.py
[2026-04-29T14:04:10.655+0000] {logging_mixin.py:188} INFO - [2026-04-29T14:04:10.654+0000] {dag.py:3096} INFO - Sync 1 DAGs
[2026-04-29T14:04:10.694+0000] {logging_mixin.py:188} INFO - [2026-04-29T14:04:10.694+0000] {dag.py:3954} INFO - Setting next_dagrun for ab_test_medallion_pipeline to 2026-04-29 00:00:00+00:00, run_after=2026-04-30 00:00:00+00:00
[2026-04-29T14:04:10.731+0000] {processor.py:183} INFO - Processing /opt/airflow/dags/pipeline_dag.py took 0.199 seconds
[2026-04-29T14:04:40.996+0000] {processor.py:161} INFO - Started process (PID=2370) to work on /opt/airflow/dags/pipeline_dag.py
[2026-04-29T14:04:41.001+0000] {processor.py:830} INFO - Processing file /opt/airflow/dags/pipeline_dag.py for tasks to queue
[2026-04-29T14:04:41.007+0000] {logging_mixin.py:188} INFO - [2026-04-29T14:04:41.004+0000] {dagbag.py:545} INFO - Filling up the DagBag from /opt/airflow/dags/pipeline_dag.py
[2026-04-29T14:04:41.038+0000] {processor.py:840} INFO - DAG(s) 'ab_test_medallion_pipeline' retrieved from /opt/airflow/dags/pipeline_dag.py
[2026-04-29T14:04:41.095+0000] {logging_mixin.py:188} INFO - [2026-04-29T14:04:41.095+0000] {dag.py:3096} INFO - Sync 1 DAGs
[2026-04-29T14:04:41.151+0000] {logging_mixin.py:188} INFO - [2026-04-29T14:04:41.150+0000] {dag.py:3954} INFO - Setting next_dagrun for ab_test_medallion_pipeline to 2026-04-29 00:00:00+00:00, run_after=2026-04-30 00:00:00+00:00
[2026-04-29T14:04:41.189+0000] {processor.py:183} INFO - Processing /opt/airflow/dags/pipeline_dag.py took 0.209 seconds
[2026-04-29T14:05:11.374+0000] {processor.py:161} INFO - Started process (PID=2375) to work on /opt/airflow/dags/pipeline_dag.py
[2026-04-29T14:05:11.378+0000] {processor.py:830} INFO - Processing file /opt/airflow/dags/pipeline_dag.py for tasks to queue
[2026-04-29T14:05:11.381+0000] {logging_mixin.py:188} INFO - [2026-04-29T14:05:11.381+0000] {dagbag.py:545} INFO - Filling up the DagBag from /opt/airflow/dags/pipeline_dag.py
[2026-04-29T14:05:11.410+0000] {processor.py:840} INFO - DAG(s) 'ab_test_medallion_pipeline' retrieved from /opt/airflow/dags/pipeline_dag.py
[2026-04-29T14:05:11.472+0000] {logging_mixin.py:188} INFO - [2026-04-29T14:05:11.472+0000] {dag.py:3096} INFO - Sync 1 DAGs
[2026-04-29T14:05:11.515+0000] {logging_mixin.py:188} INFO - [2026-04-29T14:05:11.515+0000] {dag.py:3954} INFO - Setting next_dagrun for ab_test_medallion_pipeline to 2026-04-29 00:00:00+00:00, run_after=2026-04-30 00:00:00+00:00
[2026-04-29T14:05:11.552+0000] {processor.py:183} INFO - Processing /opt/airflow/dags/pipeline_dag.py took 0.198 seconds
[2026-04-29T14:05:41.846+0000] {processor.py:161} INFO - Started process (PID=2380) to work on /opt/airflow/dags/pipeline_dag.py
[2026-04-29T14:05:41.849+0000] {processor.py:830} INFO - Processing file /opt/airflow/dags/pipeline_dag.py for tasks to queue
[2026-04-29T14:05:41.854+0000] {logging_mixin.py:188} INFO - [2026-04-29T14:05:41.853+0000] {dagbag.py:545} INFO - Filling up the DagBag from /opt/airflow/dags/pipeline_dag.py
[2026-04-29T14:05:41.897+0000] {processor.py:840} INFO - DAG(s) 'ab_test_medallion_pipeline' retrieved from /opt/airflow/dags/pipeline_dag.py
[2026-04-29T14:05:41.985+0000] {logging_mixin.py:188} INFO - [2026-04-29T14:05:41.985+0000] {dag.py:3096} INFO - Sync 1 DAGs
[2026-04-29T14:05:42.057+0000] {logging_mixin.py:188} INFO - [2026-04-29T14:05:42.056+0000] {dag.py:3954} INFO - Setting next_dagrun for ab_test_medallion_pipeline to 2026-04-29 00:00:00+00:00, run_after=2026-04-30 00:00:00+00:00
[2026-04-29T14:05:42.113+0000] {processor.py:183} INFO - Processing /opt/airflow/dags/pipeline_dag.py took 0.291 seconds
[2026-04-29T14:06:12.205+0000] {processor.py:161} INFO - Started process (PID=2385) to work on /opt/airflow/dags/pipeline_dag.py
[2026-04-29T14:06:12.210+0000] {processor.py:830} INFO - Processing file /opt/airflow/dags/pipeline_dag.py for tasks to queue
[2026-04-29T14:06:12.213+0000] {logging_mixin.py:188} INFO - [2026-04-29T14:06:12.212+0000] {dagbag.py:545} INFO - Filling up the DagBag from /opt/airflow/dags/pipeline_dag.py
[2026-04-29T14:06:12.236+0000] {processor.py:840} INFO - DAG(s) 'ab_test_medallion_pipeline' retrieved from /opt/airflow/dags/pipeline_dag.py
[2026-04-29T14:06:12.287+0000] {logging_mixin.py:188} INFO - [2026-04-29T14:06:12.287+0000] {dag.py:3096} INFO - Sync 1 DAGs
[2026-04-29T14:06:12.333+0000] {logging_mixin.py:188} INFO - [2026-04-29T14:06:12.332+0000] {dag.py:3954} INFO - Setting next_dagrun for ab_test_medallion_pipeline to 2026-04-29 00:00:00+00:00, run_after=2026-04-30 00:00:00+00:00
[2026-04-29T14:06:12.377+0000] {processor.py:183} INFO - Processing /opt/airflow/dags/pipeline_dag.py took 0.184 seconds
[2026-04-29T14:06:42.534+0000] {processor.py:161} INFO - Started process (PID=2390) to work on /opt/airflow/dags/pipeline_dag.py
[2026-04-29T14:06:42.537+0000] {processor.py:830} INFO - Processing file /opt/airflow/dags/pipeline_dag.py for tasks to queue
[2026-04-29T14:06:42.542+0000] {logging_mixin.py:188} INFO - [2026-04-29T14:06:42.541+0000] {dagbag.py:545} INFO - Filling up the DagBag from /opt/airflow/dags/pipeline_dag.py
[2026-04-29T14:06:42.577+0000] {processor.py:840} INFO - DAG(s) 'ab_test_medallion_pipeline' retrieved from /opt/airflow/dags/pipeline_dag.py
[2026-04-29T14:06:42.656+0000] {logging_mixin.py:188} INFO - [2026-04-29T14:06:42.655+0000] {dag.py:3096} INFO - Sync 1 DAGs
[2026-04-29T14:06:42.735+0000] {logging_mixin.py:188} INFO - [2026-04-29T14:06:42.735+0000] {dag.py:3954} INFO - Setting next_dagrun for ab_test_medallion_pipeline to 2026-04-29 00:00:00+00:00, run_after=2026-04-30 00:00:00+00:00
[2026-04-29T14:06:42.796+0000] {processor.py:183} INFO - Processing /opt/airflow/dags/pipeline_dag.py took 0.282 seconds
[2026-04-29T14:07:13.016+0000] {processor.py:161} INFO - Started process (PID=2395) to work on /opt/airflow/dags/pipeline_dag.py
[2026-04-29T14:07:13.017+0000] {processor.py:830} INFO - Processing file /opt/airflow/dags/pipeline_dag.py for tasks to queue
[2026-04-29T14:07:13.021+0000] {logging_mixin.py:188} INFO - [2026-04-29T14:07:13.020+0000] {dagbag.py:545} INFO - Filling up the DagBag from /opt/airflow/dags/pipeline_dag.py
[2026-04-29T14:07:13.049+0000] {processor.py:840} INFO - DAG(s) 'ab_test_medallion_pipeline' retrieved from /opt/airflow/dags/pipeline_dag.py
[2026-04-29T14:07:13.106+0000] {logging_mixin.py:188} INFO - [2026-04-29T14:07:13.105+0000] {dag.py:3096} INFO - Sync 1 DAGs
[2026-04-29T14:07:13.147+0000] {logging_mixin.py:188} INFO - [2026-04-29T14:07:13.146+0000] {dag.py:3954} INFO - Setting next_dagrun for ab_test_medallion_pipeline to 2026-04-29 00:00:00+00:00, run_after=2026-04-30 00:00:00+00:00
[2026-04-29T14:07:13.189+0000] {processor.py:183} INFO - Processing /opt/airflow/dags/pipeline_dag.py took 0.189 seconds
[2026-04-29T14:07:43.465+0000] {processor.py:161} INFO - Started process (PID=2400) to work on /opt/airflow/dags/pipeline_dag.py
[2026-04-29T14:07:43.468+0000] {processor.py:830} INFO - Processing file /opt/airflow/dags/pipeline_dag.py for tasks to queue
[2026-04-29T14:07:43.477+0000] {logging_mixin.py:188} INFO - [2026-04-29T14:07:43.476+0000] {dagbag.py:545} INFO - Filling up the DagBag from /opt/airflow/dags/pipeline_dag.py
[2026-04-29T14:07:43.520+0000] {processor.py:840} INFO - DAG(s) 'ab_test_medallion_pipeline' retrieved from /opt/airflow/dags/pipeline_dag.py
[2026-04-29T14:07:43.631+0000] {logging_mixin.py:188} INFO - [2026-04-29T14:07:43.630+0000] {dag.py:3096} INFO - Sync 1 DAGs
[2026-04-29T14:07:43.768+0000] {logging_mixin.py:188} INFO - [2026-04-29T14:07:43.767+0000] {dag.py:3954} INFO - Setting next_dagrun for ab_test_medallion_pipeline to 2026-04-29 00:00:00+00:00, run_after=2026-04-30 00:00:00+00:00
[2026-04-29T14:07:43.833+0000] {processor.py:183} INFO - Processing /opt/airflow/dags/pipeline_dag.py took 0.397 seconds
[2026-04-29T14:08:14.212+0000] {processor.py:161} INFO - Started process (PID=2405) to work on /opt/airflow/dags/pipeline_dag.py
[2026-04-29T14:08:14.214+0000] {processor.py:830} INFO - Processing file /opt/airflow/dags/pipeline_dag.py for tasks to queue
[2026-04-29T14:08:14.219+0000] {logging_mixin.py:188} INFO - [2026-04-29T14:08:14.218+0000] {dagbag.py:545} INFO - Filling up the DagBag from /opt/airflow/dags/pipeline_dag.py
[2026-04-29T14:08:14.254+0000] {processor.py:840} INFO - DAG(s) 'ab_test_medallion_pipeline' retrieved from /opt/airflow/dags/pipeline_dag.py
[2026-04-29T14:08:14.337+0000] {logging_mixin.py:188} INFO - [2026-04-29T14:08:14.336+0000] {dag.py:3096} INFO - Sync 1 DAGs
[2026-04-29T14:08:14.409+0000] {logging_mixin.py:188} INFO - [2026-04-29T14:08:14.408+0000] {dag.py:3954} INFO - Setting next_dagrun for ab_test_medallion_pipeline to 2026-04-29 00:00:00+00:00, run_after=2026-04-30 00:00:00+00:00
[2026-04-29T14:08:14.461+0000] {processor.py:183} INFO - Processing /opt/airflow/dags/pipeline_dag.py took 0.266 seconds
[2026-04-29T14:08:44.681+0000] {processor.py:161} INFO - Started process (PID=2410) to work on /opt/airflow/dags/pipeline_dag.py
[2026-04-29T14:08:44.683+0000] {processor.py:830} INFO - Processing file /opt/airflow/dags/pipeline_dag.py for tasks to queue
[2026-04-29T14:08:44.701+0000] {logging_mixin.py:188} INFO - [2026-04-29T14:08:44.688+0000] {dagbag.py:545} INFO - Filling up the DagBag from /opt/airflow/dags/pipeline_dag.py
[2026-04-29T14:08:44.813+0000] {processor.py:840} INFO - DAG(s) 'ab_test_medallion_pipeline' retrieved from /opt/airflow/dags/pipeline_dag.py
[2026-04-29T14:08:45.068+0000] {logging_mixin.py:188} INFO - [2026-04-29T14:08:45.068+0000] {dag.py:3096} INFO - Sync 1 DAGs
[2026-04-29T14:08:45.325+0000] {logging_mixin.py:188} INFO - [2026-04-29T14:08:45.324+0000] {dag.py:3954} INFO - Setting next_dagrun for ab_test_medallion_pipeline to 2026-04-29 00:00:00+00:00, run_after=2026-04-30 00:00:00+00:00
[2026-04-29T14:08:45.444+0000] {processor.py:183} INFO - Processing /opt/airflow/dags/pipeline_dag.py took 0.815 seconds
[2026-04-29T14:09:15.930+0000] {processor.py:161} INFO - Started process (PID=2415) to work on /opt/airflow/dags/pipeline_dag.py
[2026-04-29T14:09:15.933+0000] {processor.py:830} INFO - Processing file /opt/airflow/dags/pipeline_dag.py for tasks to queue
[2026-04-29T14:09:15.937+0000] {logging_mixin.py:188} INFO - [2026-04-29T14:09:15.936+0000] {dagbag.py:545} INFO - Filling up the DagBag from /opt/airflow/dags/pipeline_dag.py
[2026-04-29T14:09:15.978+0000] {processor.py:840} INFO - DAG(s) 'ab_test_medallion_pipeline' retrieved from /opt/airflow/dags/pipeline_dag.py
[2026-04-29T14:09:16.051+0000] {logging_mixin.py:188} INFO - [2026-04-29T14:09:16.051+0000] {dag.py:3096} INFO - Sync 1 DAGs
[2026-04-29T14:09:16.090+0000] {logging_mixin.py:188} INFO - [2026-04-29T14:09:16.089+0000] {dag.py:3954} INFO - Setting next_dagrun for ab_test_medallion_pipeline to 2026-04-29 00:00:00+00:00, run_after=2026-04-30 00:00:00+00:00
[2026-04-29T14:09:16.129+0000] {processor.py:183} INFO - Processing /opt/airflow/dags/pipeline_dag.py took 0.215 seconds
[2026-04-29T14:09:46.502+0000] {processor.py:161} INFO - Started process (PID=2420) to work on /opt/airflow/dags/pipeline_dag.py
[2026-04-29T14:09:46.505+0000] {processor.py:830} INFO - Processing file /opt/airflow/dags/pipeline_dag.py for tasks to queue
[2026-04-29T14:09:46.509+0000] {logging_mixin.py:188} INFO - [2026-04-29T14:09:46.508+0000] {dagbag.py:545} INFO - Filling up the DagBag from /opt/airflow/dags/pipeline_dag.py
[2026-04-29T14:09:46.534+0000] {processor.py:840} INFO - DAG(s) 'ab_test_medallion_pipeline' retrieved from /opt/airflow/dags/pipeline_dag.py
[2026-04-29T14:09:46.622+0000] {logging_mixin.py:188} INFO - [2026-04-29T14:09:46.622+0000] {dag.py:3096} INFO - Sync 1 DAGs
[2026-04-29T14:09:46.686+0000] {logging_mixin.py:188} INFO - [2026-04-29T14:09:46.686+0000] {dag.py:3954} INFO - Setting next_dagrun for ab_test_medallion_pipeline to 2026-04-29 00:00:00+00:00, run_after=2026-04-30 00:00:00+00:00
[2026-04-29T14:09:46.724+0000] {processor.py:183} INFO - Processing /opt/airflow/dags/pipeline_dag.py took 0.232 seconds
[2026-04-29T14:10:16.906+0000] {processor.py:161} INFO - Started process (PID=2425) to work on /opt/airflow/dags/pipeline_dag.py
[2026-04-29T14:10:16.908+0000] {processor.py:830} INFO - Processing file /opt/airflow/dags/pipeline_dag.py for tasks to queue
[2026-04-29T14:10:16.912+0000] {logging_mixin.py:188} INFO - [2026-04-29T14:10:16.911+0000] {dagbag.py:545} INFO - Filling up the DagBag from /opt/airflow/dags/pipeline_dag.py
[2026-04-29T14:10:16.949+0000] {processor.py:840} INFO - DAG(s) 'ab_test_medallion_pipeline' retrieved from /opt/airflow/dags/pipeline_dag.py
[2026-04-29T14:10:17.098+0000] {logging_mixin.py:188} INFO - [2026-04-29T14:10:17.098+0000] {dag.py:3096} INFO - Sync 1 DAGs
[2026-04-29T14:10:17.156+0000] {logging_mixin.py:188} INFO - [2026-04-29T14:10:17.156+0000] {dag.py:3954} INFO - Setting next_dagrun for ab_test_medallion_pipeline to 2026-04-29 00:00:00+00:00, run_after=2026-04-30 00:00:00+00:00
[2026-04-29T14:10:17.192+0000] {processor.py:183} INFO - Processing /opt/airflow/dags/pipeline_dag.py took 0.306 seconds
[2026-04-29T14:10:47.465+0000] {processor.py:161} INFO - Started process (PID=2430) to work on /opt/airflow/dags/pipeline_dag.py
[2026-04-29T14:10:47.468+0000] {processor.py:830} INFO - Processing file /opt/airflow/dags/pipeline_dag.py for tasks to queue
[2026-04-29T14:10:47.477+0000] {logging_mixin.py:188} INFO - [2026-04-29T14:10:47.476+0000] {dagbag.py:545} INFO - Filling up the DagBag from /opt/airflow/dags/pipeline_dag.py
[2026-04-29T14:10:47.498+0000] {processor.py:840} INFO - DAG(s) 'ab_test_medallion_pipeline' retrieved from /opt/airflow/dags/pipeline_dag.py
[2026-04-29T14:10:47.547+0000] {logging_mixin.py:188} INFO - [2026-04-29T14:10:47.546+0000] {dag.py:3096} INFO - Sync 1 DAGs
[2026-04-29T14:10:47.587+0000] {logging_mixin.py:188} INFO - [2026-04-29T14:10:47.587+0000] {dag.py:3954} INFO - Setting next_dagrun for ab_test_medallion_pipeline to 2026-04-29 00:00:00+00:00, run_after=2026-04-30 00:00:00+00:00
[2026-04-29T14:10:47.617+0000] {processor.py:183} INFO - Processing /opt/airflow/dags/pipeline_dag.py took 0.168 seconds
[2026-04-29T14:11:17.930+0000] {processor.py:161} INFO - Started process (PID=2435) to work on /opt/airflow/dags/pipeline_dag.py
[2026-04-29T14:11:17.931+0000] {processor.py:830} INFO - Processing file /opt/airflow/dags/pipeline_dag.py for tasks to queue
[2026-04-29T14:11:17.935+0000] {logging_mixin.py:188} INFO - [2026-04-29T14:11:17.934+0000] {dagbag.py:545} INFO - Filling up the DagBag from /opt/airflow/dags/pipeline_dag.py
[2026-04-29T14:11:17.956+0000] {processor.py:840} INFO - DAG(s) 'ab_test_medallion_pipeline' retrieved from /opt/airflow/dags/pipeline_dag.py
[2026-04-29T14:11:18.006+0000] {logging_mixin.py:188} INFO - [2026-04-29T14:11:18.005+0000] {dag.py:3096} INFO - Sync 1 DAGs
[2026-04-29T14:11:18.050+0000] {logging_mixin.py:188} INFO - [2026-04-29T14:11:18.049+0000] {dag.py:3954} INFO - Setting next_dagrun for ab_test_medallion_pipeline to 2026-04-29 00:00:00+00:00, run_after=2026-04-30 00:00:00+00:00
[2026-04-29T14:11:18.081+0000] {processor.py:183} INFO - Processing /opt/airflow/dags/pipeline_dag.py took 0.162 seconds
[2026-04-29T14:11:48.302+0000] {processor.py:161} INFO - Started process (PID=2440) to work on /opt/airflow/dags/pipeline_dag.py
[2026-04-29T14:11:48.306+0000] {processor.py:830} INFO - Processing file /opt/airflow/dags/pipeline_dag.py for tasks to queue
[2026-04-29T14:11:48.310+0000] {logging_mixin.py:188} INFO - [2026-04-29T14:11:48.309+0000] {dagbag.py:545} INFO - Filling up the DagBag from /opt/airflow/dags/pipeline_dag.py
[2026-04-29T14:11:48.332+0000] {processor.py:840} INFO - DAG(s) 'ab_test_medallion_pipeline' retrieved from /opt/airflow/dags/pipeline_dag.py
[2026-04-29T14:11:48.380+0000] {logging_mixin.py:188} INFO - [2026-04-29T14:11:48.380+0000] {dag.py:3096} INFO - Sync 1 DAGs
[2026-04-29T14:11:48.417+0000] {logging_mixin.py:188} INFO - [2026-04-29T14:11:48.417+0000] {dag.py:3954} INFO - Setting next_dagrun for ab_test_medallion_pipeline to 2026-04-29 00:00:00+00:00, run_after=2026-04-30 00:00:00+00:00
[2026-04-29T14:11:48.455+0000] {processor.py:183} INFO - Processing /opt/airflow/dags/pipeline_dag.py took 0.164 seconds
[2026-04-29T14:12:18.785+0000] {processor.py:161} INFO - Started process (PID=2445) to work on /opt/airflow/dags/pipeline_dag.py
[2026-04-29T14:12:18.792+0000] {processor.py:830} INFO - Processing file /opt/airflow/dags/pipeline_dag.py for tasks to queue
[2026-04-29T14:12:18.797+0000] {logging_mixin.py:188} INFO - [2026-04-29T14:12:18.796+0000] {dagbag.py:545} INFO - Filling up the DagBag from /opt/airflow/dags/pipeline_dag.py
[2026-04-29T14:12:18.857+0000] {processor.py:840} INFO - DAG(s) 'ab_test_medallion_pipeline' retrieved from /opt/airflow/dags/pipeline_dag.py
[2026-04-29T14:12:18.954+0000] {logging_mixin.py:188} INFO - [2026-04-29T14:12:18.953+0000] {dag.py:3096} INFO - Sync 1 DAGs
[2026-04-29T14:12:19.043+0000] {logging_mixin.py:188} INFO - [2026-04-29T14:12:19.042+0000] {dag.py:3954} INFO - Setting next_dagrun for ab_test_medallion_pipeline to 2026-04-29 00:00:00+00:00, run_after=2026-04-30 00:00:00+00:00
[2026-04-29T14:12:19.111+0000] {processor.py:183} INFO - Processing /opt/airflow/dags/pipeline_dag.py took 0.355 seconds
[2026-04-29T14:12:49.508+0000] {processor.py:161} INFO - Started process (PID=2450) to work on /opt/airflow/dags/pipeline_dag.py
[2026-04-29T14:12:49.511+0000] {processor.py:830} INFO - Processing file /opt/airflow/dags/pipeline_dag.py for tasks to queue
[2026-04-29T14:12:49.520+0000] {logging_mixin.py:188} INFO - [2026-04-29T14:12:49.519+0000] {dagbag.py:545} INFO - Filling up the DagBag from /opt/airflow/dags/pipeline_dag.py
[2026-04-29T14:12:49.563+0000] {processor.py:840} INFO - DAG(s) 'ab_test_medallion_pipeline' retrieved from /opt/airflow/dags/pipeline_dag.py
[2026-04-29T14:12:49.675+0000] {logging_mixin.py:188} INFO - [2026-04-29T14:12:49.674+0000] {dag.py:3096} INFO - Sync 1 DAGs
[2026-04-29T14:12:49.782+0000] {logging_mixin.py:188} INFO - [2026-04-29T14:12:49.782+0000] {dag.py:3954} INFO - Setting next_dagrun for ab_test_medallion_pipeline to 2026-04-29 00:00:00+00:00, run_after=2026-04-30 00:00:00+00:00
[2026-04-29T14:12:49.877+0000] {processor.py:183} INFO - Processing /opt/airflow/dags/pipeline_dag.py took 0.395 seconds
[2026-04-29T14:13:20.274+0000] {processor.py:161} INFO - Started process (PID=2455) to work on /opt/airflow/dags/pipeline_dag.py
[2026-04-29T14:13:20.278+0000] {processor.py:830} INFO - Processing file /opt/airflow/dags/pipeline_dag.py for tasks to queue
[2026-04-29T14:13:20.281+0000] {logging_mixin.py:188} INFO - [2026-04-29T14:13:20.281+0000] {dagbag.py:545} INFO - Filling up the DagBag from /opt/airflow/dags/pipeline_dag.py
[2026-04-29T14:13:20.305+0000] {processor.py:840} INFO - DAG(s) 'ab_test_medallion_pipeline' retrieved from /opt/airflow/dags/pipeline_dag.py
[2026-04-29T14:13:20.353+0000] {logging_mixin.py:188} INFO - [2026-04-29T14:13:20.353+0000] {dag.py:3096} INFO - Sync 1 DAGs
[2026-04-29T14:13:20.391+0000] {logging_mixin.py:188} INFO - [2026-04-29T14:13:20.391+0000] {dag.py:3954} INFO - Setting next_dagrun for ab_test_medallion_pipeline to 2026-04-29 00:00:00+00:00, run_after=2026-04-30 00:00:00+00:00
[2026-04-29T14:13:20.425+0000] {processor.py:183} INFO - Processing /opt/airflow/dags/pipeline_dag.py took 0.169 seconds
[2026-04-29T14:13:50.661+0000] {processor.py:161} INFO - Started process (PID=2460) to work on /opt/airflow/dags/pipeline_dag.py
[2026-04-29T14:13:50.663+0000] {processor.py:830} INFO - Processing file /opt/airflow/dags/pipeline_dag.py for tasks to queue
[2026-04-29T14:13:50.667+0000] {logging_mixin.py:188} INFO - [2026-04-29T14:13:50.666+0000] {dagbag.py:545} INFO - Filling up the DagBag from /opt/airflow/dags/pipeline_dag.py
[2026-04-29T14:13:50.686+0000] {processor.py:840} INFO - DAG(s) 'ab_test_medallion_pipeline' retrieved from /opt/airflow/dags/pipeline_dag.py
[2026-04-29T14:13:50.740+0000] {logging_mixin.py:188} INFO - [2026-04-29T14:13:50.740+0000] {dag.py:3096} INFO - Sync 1 DAGs
[2026-04-29T14:13:50.778+0000] {logging_mixin.py:188} INFO - [2026-04-29T14:13:50.778+0000] {dag.py:3954} INFO - Setting next_dagrun for ab_test_medallion_pipeline to 2026-04-29 00:00:00+00:00, run_after=2026-04-30 00:00:00+00:00
[2026-04-29T14:13:50.808+0000] {processor.py:183} INFO - Processing /opt/airflow/dags/pipeline_dag.py took 0.156 seconds
[2026-04-29T14:14:21.276+0000] {processor.py:161} INFO - Started process (PID=2465) to work on /opt/airflow/dags/pipeline_dag.py
[2026-04-29T14:14:21.278+0000] {processor.py:830} INFO - Processing file /opt/airflow/dags/pipeline_dag.py for tasks to queue
[2026-04-29T14:14:21.286+0000] {logging_mixin.py:188} INFO - [2026-04-29T14:14:21.285+0000] {dagbag.py:545} INFO - Filling up the DagBag from /opt/airflow/dags/pipeline_dag.py
[2026-04-29T14:14:21.329+0000] {processor.py:840} INFO - DAG(s) 'ab_test_medallion_pipeline' retrieved from /opt/airflow/dags/pipeline_dag.py
[2026-04-29T14:14:21.417+0000] {logging_mixin.py:188} INFO - [2026-04-29T14:14:21.417+0000] {dag.py:3096} INFO - Sync 1 DAGs
[2026-04-29T14:14:21.469+0000] {logging_mixin.py:188} INFO - [2026-04-29T14:14:21.469+0000] {dag.py:3954} INFO - Setting next_dagrun for ab_test_medallion_pipeline to 2026-04-29 00:00:00+00:00, run_after=2026-04-30 00:00:00+00:00
[2026-04-29T14:14:21.503+0000] {processor.py:183} INFO - Processing /opt/airflow/dags/pipeline_dag.py took 0.245 seconds
[2026-04-29T14:14:51.633+0000] {processor.py:161} INFO - Started process (PID=2470) to work on /opt/airflow/dags/pipeline_dag.py
[2026-04-29T14:14:51.636+0000] {processor.py:830} INFO - Processing file /opt/airflow/dags/pipeline_dag.py for tasks to queue
[2026-04-29T14:14:51.640+0000] {logging_mixin.py:188} INFO - [2026-04-29T14:14:51.639+0000] {dagbag.py:545} INFO - Filling up the DagBag from /opt/airflow/dags/pipeline_dag.py
[2026-04-29T14:14:51.671+0000] {processor.py:840} INFO - DAG(s) 'ab_test_medallion_pipeline' retrieved from /opt/airflow/dags/pipeline_dag.py
[2026-04-29T14:14:51.740+0000] {logging_mixin.py:188} INFO - [2026-04-29T14:14:51.740+0000] {dag.py:3096} INFO - Sync 1 DAGs
[2026-04-29T14:14:51.794+0000] {logging_mixin.py:188} INFO - [2026-04-29T14:14:51.793+0000] {dag.py:3954} INFO - Setting next_dagrun for ab_test_medallion_pipeline to 2026-04-29 00:00:00+00:00, run_after=2026-04-30 00:00:00+00:00
[2026-04-29T14:14:51.831+0000] {processor.py:183} INFO - Processing /opt/airflow/dags/pipeline_dag.py took 0.215 seconds
[2026-04-29T14:15:22.262+0000] {processor.py:161} INFO - Started process (PID=2475) to work on /opt/airflow/dags/pipeline_dag.py
[2026-04-29T14:15:22.264+0000] {processor.py:830} INFO - Processing file /opt/airflow/dags/pipeline_dag.py for tasks to queue
[2026-04-29T14:15:22.267+0000] {logging_mixin.py:188} INFO - [2026-04-29T14:15:22.267+0000] {dagbag.py:545} INFO - Filling up the DagBag from /opt/airflow/dags/pipeline_dag.py
[2026-04-29T14:15:22.285+0000] {processor.py:840} INFO - DAG(s) 'ab_test_medallion_pipeline' retrieved from /opt/airflow/dags/pipeline_dag.py
[2026-04-29T14:15:22.327+0000] {logging_mixin.py:188} INFO - [2026-04-29T14:15:22.327+0000] {dag.py:3096} INFO - Sync 1 DAGs
[2026-04-29T14:15:22.366+0000] {logging_mixin.py:188} INFO - [2026-04-29T14:15:22.366+0000] {dag.py:3954} INFO - Setting next_dagrun for ab_test_medallion_pipeline to 2026-04-29 00:00:00+00:00, run_after=2026-04-30 00:00:00+00:00
[2026-04-29T14:15:22.399+0000] {processor.py:183} INFO - Processing /opt/airflow/dags/pipeline_dag.py took 0.147 seconds
[2026-04-29T14:15:52.660+0000] {processor.py:161} INFO - Started process (PID=2480) to work on /opt/airflow/dags/pipeline_dag.py
[2026-04-29T14:15:52.663+0000] {processor.py:830} INFO - Processing file /opt/airflow/dags/pipeline_dag.py for tasks to queue
[2026-04-29T14:15:52.668+0000] {logging_mixin.py:188} INFO - [2026-04-29T14:15:52.667+0000] {dagbag.py:545} INFO - Filling up the DagBag from /opt/airflow/dags/pipeline_dag.py
[2026-04-29T14:15:52.700+0000] {processor.py:840} INFO - DAG(s) 'ab_test_medallion_pipeline' retrieved from /opt/airflow/dags/pipeline_dag.py
[2026-04-29T14:15:52.770+0000] {logging_mixin.py:188} INFO - [2026-04-29T14:15:52.770+0000] {dag.py:3096} INFO - Sync 1 DAGs
[2026-04-29T14:15:52.848+0000] {logging_mixin.py:188} INFO - [2026-04-29T14:15:52.847+0000] {dag.py:3954} INFO - Setting next_dagrun for ab_test_medallion_pipeline to 2026-04-29 00:00:00+00:00, run_after=2026-04-30 00:00:00+00:00
[2026-04-29T14:15:52.890+0000] {processor.py:183} INFO - Processing /opt/airflow/dags/pipeline_dag.py took 0.243 seconds
[2026-04-29T14:16:23.114+0000] {processor.py:161} INFO - Started process (PID=2485) to work on /opt/airflow/dags/pipeline_dag.py
[2026-04-29T14:16:23.118+0000] {processor.py:830} INFO - Processing file /opt/airflow/dags/pipeline_dag.py for tasks to queue
[2026-04-29T14:16:23.121+0000] {logging_mixin.py:188} INFO - [2026-04-29T14:16:23.121+0000] {dagbag.py:545} INFO - Filling up the DagBag from /opt/airflow/dags/pipeline_dag.py
[2026-04-29T14:16:23.142+0000] {processor.py:840} INFO - DAG(s) 'ab_test_medallion_pipeline' retrieved from /opt/airflow/dags/pipeline_dag.py
[2026-04-29T14:16:23.188+0000] {logging_mixin.py:188} INFO - [2026-04-29T14:16:23.188+0000] {dag.py:3096} INFO - Sync 1 DAGs
[2026-04-29T14:16:23.233+0000] {logging_mixin.py:188} INFO - [2026-04-29T14:16:23.232+0000] {dag.py:3954} INFO - Setting next_dagrun for ab_test_medallion_pipeline to 2026-04-29 00:00:00+00:00, run_after=2026-04-30 00:00:00+00:00
[2026-04-29T14:16:23.270+0000] {processor.py:183} INFO - Processing /opt/airflow/dags/pipeline_dag.py took 0.168 seconds
[2026-04-29T14:16:53.590+0000] {processor.py:161} INFO - Started process (PID=2490) to work on /opt/airflow/dags/pipeline_dag.py
[2026-04-29T14:16:53.593+0000] {processor.py:830} INFO - Processing file /opt/airflow/dags/pipeline_dag.py for tasks to queue
[2026-04-29T14:16:53.597+0000] {logging_mixin.py:188} INFO - [2026-04-29T14:16:53.597+0000] {dagbag.py:545} INFO - Filling up the DagBag from /opt/airflow/dags/pipeline_dag.py
[2026-04-29T14:16:53.628+0000] {processor.py:840} INFO - DAG(s) 'ab_test_medallion_pipeline' retrieved from /opt/airflow/dags/pipeline_dag.py
[2026-04-29T14:16:53.717+0000] {logging_mixin.py:188} INFO - [2026-04-29T14:16:53.717+0000] {dag.py:3096} INFO - Sync 1 DAGs
[2026-04-29T14:16:53.799+0000] {logging_mixin.py:188} INFO - [2026-04-29T14:16:53.798+0000] {dag.py:3954} INFO - Setting next_dagrun for ab_test_medallion_pipeline to 2026-04-29 00:00:00+00:00, run_after=2026-04-30 00:00:00+00:00
[2026-04-29T14:16:53.836+0000] {processor.py:183} INFO - Processing /opt/airflow/dags/pipeline_dag.py took 0.258 seconds
[2026-04-29T14:17:23.949+0000] {processor.py:161} INFO - Started process (PID=2495) to work on /opt/airflow/dags/pipeline_dag.py
[2026-04-29T14:17:23.953+0000] {processor.py:830} INFO - Processing file /opt/airflow/dags/pipeline_dag.py for tasks to queue
[2026-04-29T14:17:23.960+0000] {logging_mixin.py:188} INFO - [2026-04-29T14:17:23.959+0000] {dagbag.py:545} INFO - Filling up the DagBag from /opt/airflow/dags/pipeline_dag.py
[2026-04-29T14:17:24.012+0000] {processor.py:840} INFO - DAG(s) 'ab_test_medallion_pipeline' retrieved from /opt/airflow/dags/pipeline_dag.py
[2026-04-29T14:17:24.189+0000] {logging_mixin.py:188} INFO - [2026-04-29T14:17:24.188+0000] {dag.py:3096} INFO - Sync 1 DAGs
[2026-04-29T14:17:24.293+0000] {logging_mixin.py:188} INFO - [2026-04-29T14:17:24.293+0000] {dag.py:3954} INFO - Setting next_dagrun for ab_test_medallion_pipeline to 2026-04-29 00:00:00+00:00, run_after=2026-04-30 00:00:00+00:00
[2026-04-29T14:17:24.369+0000] {processor.py:183} INFO - Processing /opt/airflow/dags/pipeline_dag.py took 0.457 seconds
[2026-04-29T14:17:54.525+0000] {processor.py:161} INFO - Started process (PID=2500) to work on /opt/airflow/dags/pipeline_dag.py
[2026-04-29T14:17:54.527+0000] {processor.py:830} INFO - Processing file /opt/airflow/dags/pipeline_dag.py for tasks to queue
[2026-04-29T14:17:54.532+0000] {logging_mixin.py:188} INFO - [2026-04-29T14:17:54.532+0000] {dagbag.py:545} INFO - Filling up the DagBag from /opt/airflow/dags/pipeline_dag.py
[2026-04-29T14:17:54.567+0000] {processor.py:840} INFO - DAG(s) 'ab_test_medallion_pipeline' retrieved from /opt/airflow/dags/pipeline_dag.py
[2026-04-29T14:17:54.649+0000] {logging_mixin.py:188} INFO - [2026-04-29T14:17:54.649+0000] {dag.py:3096} INFO - Sync 1 DAGs
[2026-04-29T14:17:54.692+0000] {logging_mixin.py:188} INFO - [2026-04-29T14:17:54.692+0000] {dag.py:3954} INFO - Setting next_dagrun for ab_test_medallion_pipeline to 2026-04-29 00:00:00+00:00, run_after=2026-04-30 00:00:00+00:00
[2026-04-29T14:17:54.726+0000] {processor.py:183} INFO - Processing /opt/airflow/dags/pipeline_dag.py took 0.218 seconds
[2026-04-29T14:18:25.097+0000] {processor.py:161} INFO - Started process (PID=2505) to work on /opt/airflow/dags/pipeline_dag.py
[2026-04-29T14:18:25.099+0000] {processor.py:830} INFO - Processing file /opt/airflow/dags/pipeline_dag.py for tasks to queue
[2026-04-29T14:18:25.102+0000] {logging_mixin.py:188} INFO - [2026-04-29T14:18:25.102+0000] {dagbag.py:545} INFO - Filling up the DagBag from /opt/airflow/dags/pipeline_dag.py
[2026-04-29T14:18:25.137+0000] {processor.py:840} INFO - DAG(s) 'ab_test_medallion_pipeline' retrieved from /opt/airflow/dags/pipeline_dag.py
[2026-04-29T14:18:25.193+0000] {logging_mixin.py:188} INFO - [2026-04-29T14:18:25.192+0000] {dag.py:3096} INFO - Sync 1 DAGs
[2026-04-29T14:18:25.237+0000] {logging_mixin.py:188} INFO - [2026-04-29T14:18:25.236+0000] {dag.py:3954} INFO - Setting next_dagrun for ab_test_medallion_pipeline to 2026-04-29 00:00:00+00:00, run_after=2026-04-30 00:00:00+00:00
[2026-04-29T14:18:25.270+0000] {processor.py:183} INFO - Processing /opt/airflow/dags/pipeline_dag.py took 0.186 seconds
[2026-04-29T14:18:55.478+0000] {processor.py:161} INFO - Started process (PID=2510) to work on /opt/airflow/dags/pipeline_dag.py
[2026-04-29T14:18:55.480+0000] {processor.py:830} INFO - Processing file /opt/airflow/dags/pipeline_dag.py for tasks to queue
[2026-04-29T14:18:55.483+0000] {logging_mixin.py:188} INFO - [2026-04-29T14:18:55.482+0000] {dagbag.py:545} INFO - Filling up the DagBag from /opt/airflow/dags/pipeline_dag.py
[2026-04-29T14:18:55.506+0000] {processor.py:840} INFO - DAG(s) 'ab_test_medallion_pipeline' retrieved from /opt/airflow/dags/pipeline_dag.py
[2026-04-29T14:18:55.561+0000] {logging_mixin.py:188} INFO - [2026-04-29T14:18:55.561+0000] {dag.py:3096} INFO - Sync 1 DAGs
[2026-04-29T14:18:55.606+0000] {logging_mixin.py:188} INFO - [2026-04-29T14:18:55.605+0000] {dag.py:3954} INFO - Setting next_dagrun for ab_test_medallion_pipeline to 2026-04-29 00:00:00+00:00, run_after=2026-04-30 00:00:00+00:00
[2026-04-29T14:18:55.642+0000] {processor.py:183} INFO - Processing /opt/airflow/dags/pipeline_dag.py took 0.179 seconds
[2026-04-29T14:19:25.962+0000] {processor.py:161} INFO - Started process (PID=2515) to work on /opt/airflow/dags/pipeline_dag.py
[2026-04-29T14:19:25.964+0000] {processor.py:830} INFO - Processing file /opt/airflow/dags/pipeline_dag.py for tasks to queue
[2026-04-29T14:19:25.966+0000] {logging_mixin.py:188} INFO - [2026-04-29T14:19:25.966+0000] {dagbag.py:545} INFO - Filling up the DagBag from /opt/airflow/dags/pipeline_dag.py
[2026-04-29T14:19:25.988+0000] {processor.py:840} INFO - DAG(s) 'ab_test_medallion_pipeline' retrieved from /opt/airflow/dags/pipeline_dag.py
[2026-04-29T14:19:26.038+0000] {logging_mixin.py:188} INFO - [2026-04-29T14:19:26.038+0000] {dag.py:3096} INFO - Sync 1 DAGs
[2026-04-29T14:19:26.082+0000] {logging_mixin.py:188} INFO - [2026-04-29T14:19:26.082+0000] {dag.py:3954} INFO - Setting next_dagrun for ab_test_medallion_pipeline to 2026-04-29 00:00:00+00:00, run_after=2026-04-30 00:00:00+00:00
[2026-04-29T14:19:26.113+0000] {processor.py:183} INFO - Processing /opt/airflow/dags/pipeline_dag.py took 0.163 seconds
[2026-04-29T14:19:56.315+0000] {processor.py:161} INFO - Started process (PID=2520) to work on /opt/airflow/dags/pipeline_dag.py
[2026-04-29T14:19:56.317+0000] {processor.py:830} INFO - Processing file /opt/airflow/dags/pipeline_dag.py for tasks to queue
[2026-04-29T14:19:56.320+0000] {logging_mixin.py:188} INFO - [2026-04-29T14:19:56.320+0000] {dagbag.py:545} INFO - Filling up the DagBag from /opt/airflow/dags/pipeline_dag.py
[2026-04-29T14:19:56.342+0000] {processor.py:840} INFO - DAG(s) 'ab_test_medallion_pipeline' retrieved from /opt/airflow/dags/pipeline_dag.py
[2026-04-29T14:19:56.403+0000] {logging_mixin.py:188} INFO - [2026-04-29T14:19:56.403+0000] {dag.py:3096} INFO - Sync 1 DAGs
[2026-04-29T14:19:56.448+0000] {logging_mixin.py:188} INFO - [2026-04-29T14:19:56.448+0000] {dag.py:3954} INFO - Setting next_dagrun for ab_test_medallion_pipeline to 2026-04-29 00:00:00+00:00, run_after=2026-04-30 00:00:00+00:00
[2026-04-29T14:19:56.483+0000] {processor.py:183} INFO - Processing /opt/airflow/dags/pipeline_dag.py took 0.179 seconds
[2026-04-29T14:20:26.742+0000] {processor.py:161} INFO - Started process (PID=2525) to work on /opt/airflow/dags/pipeline_dag.py
[2026-04-29T14:20:26.744+0000] {processor.py:830} INFO - Processing file /opt/airflow/dags/pipeline_dag.py for tasks to queue
[2026-04-29T14:20:26.748+0000] {logging_mixin.py:188} INFO - [2026-04-29T14:20:26.748+0000] {dagbag.py:545} INFO - Filling up the DagBag from /opt/airflow/dags/pipeline_dag.py
[2026-04-29T14:20:26.776+0000] {processor.py:840} INFO - DAG(s) 'ab_test_medallion_pipeline' retrieved from /opt/airflow/dags/pipeline_dag.py
[2026-04-29T14:20:26.835+0000] {logging_mixin.py:188} INFO - [2026-04-29T14:20:26.834+0000] {dag.py:3096} INFO - Sync 1 DAGs
[2026-04-29T14:20:26.882+0000] {logging_mixin.py:188} INFO - [2026-04-29T14:20:26.882+0000] {dag.py:3954} INFO - Setting next_dagrun for ab_test_medallion_pipeline to 2026-04-29 00:00:00+00:00, run_after=2026-04-30 00:00:00+00:00
[2026-04-29T14:20:26.917+0000] {processor.py:183} INFO - Processing /opt/airflow/dags/pipeline_dag.py took 0.186 seconds
[2026-04-29T14:20:57.098+0000] {processor.py:161} INFO - Started process (PID=2530) to work on /opt/airflow/dags/pipeline_dag.py
[2026-04-29T14:20:57.101+0000] {processor.py:830} INFO - Processing file /opt/airflow/dags/pipeline_dag.py for tasks to queue
[2026-04-29T14:20:57.106+0000] {logging_mixin.py:188} INFO - [2026-04-29T14:20:57.105+0000] {dagbag.py:545} INFO - Filling up the DagBag from /opt/airflow/dags/pipeline_dag.py
[2026-04-29T14:20:57.133+0000] {processor.py:840} INFO - DAG(s) 'ab_test_medallion_pipeline' retrieved from /opt/airflow/dags/pipeline_dag.py
[2026-04-29T14:20:57.190+0000] {logging_mixin.py:188} INFO - [2026-04-29T14:20:57.189+0000] {dag.py:3096} INFO - Sync 1 DAGs
[2026-04-29T14:20:57.228+0000] {logging_mixin.py:188} INFO - [2026-04-29T14:20:57.228+0000] {dag.py:3954} INFO - Setting next_dagrun for ab_test_medallion_pipeline to 2026-04-29 00:00:00+00:00, run_after=2026-04-30 00:00:00+00:00
[2026-04-29T14:20:57.266+0000] {processor.py:183} INFO - Processing /opt/airflow/dags/pipeline_dag.py took 0.185 seconds
[2026-04-29T14:21:27.578+0000] {processor.py:161} INFO - Started process (PID=2535) to work on /opt/airflow/dags/pipeline_dag.py
[2026-04-29T14:21:27.580+0000] {processor.py:830} INFO - Processing file /opt/airflow/dags/pipeline_dag.py for tasks to queue
[2026-04-29T14:21:27.585+0000] {logging_mixin.py:188} INFO - [2026-04-29T14:21:27.584+0000] {dagbag.py:545} INFO - Filling up the DagBag from /opt/airflow/dags/pipeline_dag.py
[2026-04-29T14:21:27.611+0000] {processor.py:840} INFO - DAG(s) 'ab_test_medallion_pipeline' retrieved from /opt/airflow/dags/pipeline_dag.py
[2026-04-29T14:21:27.668+0000] {logging_mixin.py:188} INFO - [2026-04-29T14:21:27.668+0000] {dag.py:3096} INFO - Sync 1 DAGs
[2026-04-29T14:21:27.705+0000] {logging_mixin.py:188} INFO - [2026-04-29T14:21:27.705+0000] {dag.py:3954} INFO - Setting next_dagrun for ab_test_medallion_pipeline to 2026-04-29 00:00:00+00:00, run_after=2026-04-30 00:00:00+00:00
[2026-04-29T14:21:27.734+0000] {processor.py:183} INFO - Processing /opt/airflow/dags/pipeline_dag.py took 0.169 seconds
[2026-04-29T14:21:57.990+0000] {processor.py:161} INFO - Started process (PID=2540) to work on /opt/airflow/dags/pipeline_dag.py
[2026-04-29T14:21:57.992+0000] {processor.py:830} INFO - Processing file /opt/airflow/dags/pipeline_dag.py for tasks to queue
[2026-04-29T14:21:57.996+0000] {logging_mixin.py:188} INFO - [2026-04-29T14:21:57.996+0000] {dagbag.py:545} INFO - Filling up the DagBag from /opt/airflow/dags/pipeline_dag.py
[2026-04-29T14:21:58.020+0000] {processor.py:840} INFO - DAG(s) 'ab_test_medallion_pipeline' retrieved from /opt/airflow/dags/pipeline_dag.py
[2026-04-29T14:21:58.069+0000] {logging_mixin.py:188} INFO - [2026-04-29T14:21:58.068+0000] {dag.py:3096} INFO - Sync 1 DAGs
[2026-04-29T14:21:58.109+0000] {logging_mixin.py:188} INFO - [2026-04-29T14:21:58.109+0000] {dag.py:3954} INFO - Setting next_dagrun for ab_test_medallion_pipeline to 2026-04-29 00:00:00+00:00, run_after=2026-04-30 00:00:00+00:00
[2026-04-29T14:21:58.142+0000] {processor.py:183} INFO - Processing /opt/airflow/dags/pipeline_dag.py took 0.164 seconds
[2026-04-29T14:22:28.402+0000] {processor.py:161} INFO - Started process (PID=2545) to work on /opt/airflow/dags/pipeline_dag.py
[2026-04-29T14:22:28.404+0000] {processor.py:830} INFO - Processing file /opt/airflow/dags/pipeline_dag.py for tasks to queue
[2026-04-29T14:22:28.408+0000] {logging_mixin.py:188} INFO - [2026-04-29T14:22:28.407+0000] {dagbag.py:545} INFO - Filling up the DagBag from /opt/airflow/dags/pipeline_dag.py
[2026-04-29T14:22:28.433+0000] {processor.py:840} INFO - DAG(s) 'ab_test_medallion_pipeline' retrieved from /opt/airflow/dags/pipeline_dag.py
[2026-04-29T14:22:28.490+0000] {logging_mixin.py:188} INFO - [2026-04-29T14:22:28.489+0000] {dag.py:3096} INFO - Sync 1 DAGs
[2026-04-29T14:22:28.524+0000] {logging_mixin.py:188} INFO - [2026-04-29T14:22:28.523+0000] {dag.py:3954} INFO - Setting next_dagrun for ab_test_medallion_pipeline to 2026-04-29 00:00:00+00:00, run_after=2026-04-30 00:00:00+00:00
[2026-04-29T14:22:28.561+0000] {processor.py:183} INFO - Processing /opt/airflow/dags/pipeline_dag.py took 0.172 seconds
[2026-04-29T14:22:58.832+0000] {processor.py:161} INFO - Started process (PID=2550) to work on /opt/airflow/dags/pipeline_dag.py
[2026-04-29T14:22:58.833+0000] {processor.py:830} INFO - Processing file /opt/airflow/dags/pipeline_dag.py for tasks to queue
[2026-04-29T14:22:58.836+0000] {logging_mixin.py:188} INFO - [2026-04-29T14:22:58.836+0000] {dagbag.py:545} INFO - Filling up the DagBag from /opt/airflow/dags/pipeline_dag.py
[2026-04-29T14:22:58.860+0000] {processor.py:840} INFO - DAG(s) 'ab_test_medallion_pipeline' retrieved from /opt/airflow/dags/pipeline_dag.py
[2026-04-29T14:22:58.906+0000] {logging_mixin.py:188} INFO - [2026-04-29T14:22:58.906+0000] {dag.py:3096} INFO - Sync 1 DAGs
[2026-04-29T14:22:58.949+0000] {logging_mixin.py:188} INFO - [2026-04-29T14:22:58.949+0000] {dag.py:3954} INFO - Setting next_dagrun for ab_test_medallion_pipeline to 2026-04-29 00:00:00+00:00, run_after=2026-04-30 00:00:00+00:00
[2026-04-29T14:22:58.982+0000] {processor.py:183} INFO - Processing /opt/airflow/dags/pipeline_dag.py took 0.162 seconds
[2026-04-29T14:23:29.261+0000] {processor.py:161} INFO - Started process (PID=2555) to work on /opt/airflow/dags/pipeline_dag.py
[2026-04-29T14:23:29.264+0000] {processor.py:830} INFO - Processing file /opt/airflow/dags/pipeline_dag.py for tasks to queue
[2026-04-29T14:23:29.269+0000] {logging_mixin.py:188} INFO - [2026-04-29T14:23:29.268+0000] {dagbag.py:545} INFO - Filling up the DagBag from /opt/airflow/dags/pipeline_dag.py
[2026-04-29T14:23:29.303+0000] {processor.py:840} INFO - DAG(s) 'ab_test_medallion_pipeline' retrieved from /opt/airflow/dags/pipeline_dag.py
[2026-04-29T14:23:29.384+0000] {logging_mixin.py:188} INFO - [2026-04-29T14:23:29.384+0000] {dag.py:3096} INFO - Sync 1 DAGs
[2026-04-29T14:23:29.465+0000] {logging_mixin.py:188} INFO - [2026-04-29T14:23:29.464+0000] {dag.py:3954} INFO - Setting next_dagrun for ab_test_medallion_pipeline to 2026-04-29 00:00:00+00:00, run_after=2026-04-30 00:00:00+00:00
[2026-04-29T14:23:29.517+0000] {processor.py:183} INFO - Processing /opt/airflow/dags/pipeline_dag.py took 0.279 seconds
[2026-04-29T14:23:59.698+0000] {processor.py:161} INFO - Started process (PID=2560) to work on /opt/airflow/dags/pipeline_dag.py
[2026-04-29T14:23:59.700+0000] {processor.py:830} INFO - Processing file /opt/airflow/dags/pipeline_dag.py for tasks to queue
[2026-04-29T14:23:59.706+0000] {logging_mixin.py:188} INFO - [2026-04-29T14:23:59.705+0000] {dagbag.py:545} INFO - Filling up the DagBag from /opt/airflow/dags/pipeline_dag.py
[2026-04-29T14:23:59.744+0000] {processor.py:840} INFO - DAG(s) 'ab_test_medallion_pipeline' retrieved from /opt/airflow/dags/pipeline_dag.py
[2026-04-29T14:23:59.827+0000] {logging_mixin.py:188} INFO - [2026-04-29T14:23:59.827+0000] {dag.py:3096} INFO - Sync 1 DAGs
[2026-04-29T14:23:59.896+0000] {logging_mixin.py:188} INFO - [2026-04-29T14:23:59.895+0000] {dag.py:3954} INFO - Setting next_dagrun for ab_test_medallion_pipeline to 2026-04-29 00:00:00+00:00, run_after=2026-04-30 00:00:00+00:00
[2026-04-29T14:23:59.945+0000] {processor.py:183} INFO - Processing /opt/airflow/dags/pipeline_dag.py took 0.269 seconds
[2026-04-29T14:24:30.274+0000] {processor.py:161} INFO - Started process (PID=2565) to work on /opt/airflow/dags/pipeline_dag.py
[2026-04-29T14:24:30.277+0000] {processor.py:830} INFO - Processing file /opt/airflow/dags/pipeline_dag.py for tasks to queue
[2026-04-29T14:24:30.282+0000] {logging_mixin.py:188} INFO - [2026-04-29T14:24:30.281+0000] {dagbag.py:545} INFO - Filling up the DagBag from /opt/airflow/dags/pipeline_dag.py
[2026-04-29T14:24:30.334+0000] {processor.py:840} INFO - DAG(s) 'ab_test_medallion_pipeline' retrieved from /opt/airflow/dags/pipeline_dag.py
[2026-04-29T14:24:30.456+0000] {logging_mixin.py:188} INFO - [2026-04-29T14:24:30.456+0000] {dag.py:3096} INFO - Sync 1 DAGs
[2026-04-29T14:24:30.571+0000] {logging_mixin.py:188} INFO - [2026-04-29T14:24:30.570+0000] {dag.py:3954} INFO - Setting next_dagrun for ab_test_medallion_pipeline to 2026-04-29 00:00:00+00:00, run_after=2026-04-30 00:00:00+00:00
[2026-04-29T14:24:30.618+0000] {processor.py:183} INFO - Processing /opt/airflow/dags/pipeline_dag.py took 0.367 seconds
[2026-04-29T14:25:00.980+0000] {processor.py:161} INFO - Started process (PID=2570) to work on /opt/airflow/dags/pipeline_dag.py
[2026-04-29T14:25:00.981+0000] {processor.py:830} INFO - Processing file /opt/airflow/dags/pipeline_dag.py for tasks to queue
[2026-04-29T14:25:00.984+0000] {logging_mixin.py:188} INFO - [2026-04-29T14:25:00.983+0000] {dagbag.py:545} INFO - Filling up the DagBag from /opt/airflow/dags/pipeline_dag.py
[2026-04-29T14:25:01.015+0000] {processor.py:840} INFO - DAG(s) 'ab_test_medallion_pipeline' retrieved from /opt/airflow/dags/pipeline_dag.py
[2026-04-29T14:25:01.096+0000] {logging_mixin.py:188} INFO - [2026-04-29T14:25:01.095+0000] {dag.py:3096} INFO - Sync 1 DAGs
[2026-04-29T14:25:01.164+0000] {logging_mixin.py:188} INFO - [2026-04-29T14:25:01.163+0000] {dag.py:3954} INFO - Setting next_dagrun for ab_test_medallion_pipeline to 2026-04-29 00:00:00+00:00, run_after=2026-04-30 00:00:00+00:00
[2026-04-29T14:25:01.196+0000] {processor.py:183} INFO - Processing /opt/airflow/dags/pipeline_dag.py took 0.229 seconds
[2026-04-29T14:25:31.291+0000] {processor.py:161} INFO - Started process (PID=2575) to work on /opt/airflow/dags/pipeline_dag.py
[2026-04-29T14:25:31.295+0000] {processor.py:830} INFO - Processing file /opt/airflow/dags/pipeline_dag.py for tasks to queue
[2026-04-29T14:25:31.299+0000] {logging_mixin.py:188} INFO - [2026-04-29T14:25:31.299+0000] {dagbag.py:545} INFO - Filling up the DagBag from /opt/airflow/dags/pipeline_dag.py
[2026-04-29T14:25:31.321+0000] {processor.py:840} INFO - DAG(s) 'ab_test_medallion_pipeline' retrieved from /opt/airflow/dags/pipeline_dag.py
[2026-04-29T14:25:31.373+0000] {logging_mixin.py:188} INFO - [2026-04-29T14:25:31.372+0000] {dag.py:3096} INFO - Sync 1 DAGs
[2026-04-29T14:25:31.414+0000] {logging_mixin.py:188} INFO - [2026-04-29T14:25:31.414+0000] {dag.py:3954} INFO - Setting next_dagrun for ab_test_medallion_pipeline to 2026-04-29 00:00:00+00:00, run_after=2026-04-30 00:00:00+00:00
[2026-04-29T14:25:31.458+0000] {processor.py:183} INFO - Processing /opt/airflow/dags/pipeline_dag.py took 0.177 seconds
[2026-04-29T14:26:01.638+0000] {processor.py:161} INFO - Started process (PID=2580) to work on /opt/airflow/dags/pipeline_dag.py
[2026-04-29T14:26:01.643+0000] {processor.py:830} INFO - Processing file /opt/airflow/dags/pipeline_dag.py for tasks to queue
[2026-04-29T14:26:01.648+0000] {logging_mixin.py:188} INFO - [2026-04-29T14:26:01.647+0000] {dagbag.py:545} INFO - Filling up the DagBag from /opt/airflow/dags/pipeline_dag.py
[2026-04-29T14:26:01.668+0000] {processor.py:840} INFO - DAG(s) 'ab_test_medallion_pipeline' retrieved from /opt/airflow/dags/pipeline_dag.py
[2026-04-29T14:26:01.713+0000] {logging_mixin.py:188} INFO - [2026-04-29T14:26:01.713+0000] {dag.py:3096} INFO - Sync 1 DAGs
[2026-04-29T14:26:01.753+0000] {logging_mixin.py:188} INFO - [2026-04-29T14:26:01.752+0000] {dag.py:3954} INFO - Setting next_dagrun for ab_test_medallion_pipeline to 2026-04-29 00:00:00+00:00, run_after=2026-04-30 00:00:00+00:00
[2026-04-29T14:26:01.783+0000] {processor.py:183} INFO - Processing /opt/airflow/dags/pipeline_dag.py took 0.159 seconds
[2026-04-29T14:26:32.261+0000] {processor.py:161} INFO - Started process (PID=2585) to work on /opt/airflow/dags/pipeline_dag.py
[2026-04-29T14:26:32.262+0000] {processor.py:830} INFO - Processing file /opt/airflow/dags/pipeline_dag.py for tasks to queue
[2026-04-29T14:26:32.265+0000] {logging_mixin.py:188} INFO - [2026-04-29T14:26:32.264+0000] {dagbag.py:545} INFO - Filling up the DagBag from /opt/airflow/dags/pipeline_dag.py
[2026-04-29T14:26:32.285+0000] {processor.py:840} INFO - DAG(s) 'ab_test_medallion_pipeline' retrieved from /opt/airflow/dags/pipeline_dag.py
[2026-04-29T14:26:32.332+0000] {logging_mixin.py:188} INFO - [2026-04-29T14:26:32.332+0000] {dag.py:3096} INFO - Sync 1 DAGs
[2026-04-29T14:26:32.370+0000] {logging_mixin.py:188} INFO - [2026-04-29T14:26:32.370+0000] {dag.py:3954} INFO - Setting next_dagrun for ab_test_medallion_pipeline to 2026-04-29 00:00:00+00:00, run_after=2026-04-30 00:00:00+00:00
[2026-04-29T14:26:32.396+0000] {processor.py:183} INFO - Processing /opt/airflow/dags/pipeline_dag.py took 0.145 seconds
[2026-04-29T14:27:02.640+0000] {processor.py:161} INFO - Started process (PID=2590) to work on /opt/airflow/dags/pipeline_dag.py
[2026-04-29T14:27:02.644+0000] {processor.py:830} INFO - Processing file /opt/airflow/dags/pipeline_dag.py for tasks to queue
[2026-04-29T14:27:02.648+0000] {logging_mixin.py:188} INFO - [2026-04-29T14:27:02.647+0000] {dagbag.py:545} INFO - Filling up the DagBag from /opt/airflow/dags/pipeline_dag.py
[2026-04-29T14:27:02.672+0000] {processor.py:840} INFO - DAG(s) 'ab_test_medallion_pipeline' retrieved from /opt/airflow/dags/pipeline_dag.py
[2026-04-29T14:27:02.726+0000] {logging_mixin.py:188} INFO - [2026-04-29T14:27:02.725+0000] {dag.py:3096} INFO - Sync 1 DAGs
[2026-04-29T14:27:02.761+0000] {logging_mixin.py:188} INFO - [2026-04-29T14:27:02.760+0000] {dag.py:3954} INFO - Setting next_dagrun for ab_test_medallion_pipeline to 2026-04-29 00:00:00+00:00, run_after=2026-04-30 00:00:00+00:00
[2026-04-29T14:27:02.790+0000] {processor.py:183} INFO - Processing /opt/airflow/dags/pipeline_dag.py took 0.162 seconds
[2026-04-29T14:27:33.115+0000] {processor.py:161} INFO - Started process (PID=2595) to work on /opt/airflow/dags/pipeline_dag.py
[2026-04-29T14:27:33.117+0000] {processor.py:830} INFO - Processing file /opt/airflow/dags/pipeline_dag.py for tasks to queue
[2026-04-29T14:27:33.121+0000] {logging_mixin.py:188} INFO - [2026-04-29T14:27:33.121+0000] {dagbag.py:545} INFO - Filling up the DagBag from /opt/airflow/dags/pipeline_dag.py
[2026-04-29T14:27:33.143+0000] {processor.py:840} INFO - DAG(s) 'ab_test_medallion_pipeline' retrieved from /opt/airflow/dags/pipeline_dag.py
[2026-04-29T14:27:33.185+0000] {logging_mixin.py:188} INFO - [2026-04-29T14:27:33.184+0000] {dag.py:3096} INFO - Sync 1 DAGs
[2026-04-29T14:27:33.220+0000] {logging_mixin.py:188} INFO - [2026-04-29T14:27:33.219+0000] {dag.py:3954} INFO - Setting next_dagrun for ab_test_medallion_pipeline to 2026-04-29 00:00:00+00:00, run_after=2026-04-30 00:00:00+00:00
[2026-04-29T14:27:33.250+0000] {processor.py:183} INFO - Processing /opt/airflow/dags/pipeline_dag.py took 0.154 seconds
[2026-04-29T14:28:03.664+0000] {processor.py:161} INFO - Started process (PID=2600) to work on /opt/airflow/dags/pipeline_dag.py
[2026-04-29T14:28:03.666+0000] {processor.py:830} INFO - Processing file /opt/airflow/dags/pipeline_dag.py for tasks to queue
[2026-04-29T14:28:03.669+0000] {logging_mixin.py:188} INFO - [2026-04-29T14:28:03.668+0000] {dagbag.py:545} INFO - Filling up the DagBag from /opt/airflow/dags/pipeline_dag.py
[2026-04-29T14:28:03.688+0000] {processor.py:840} INFO - DAG(s) 'ab_test_medallion_pipeline' retrieved from /opt/airflow/dags/pipeline_dag.py
[2026-04-29T14:28:03.731+0000] {logging_mixin.py:188} INFO - [2026-04-29T14:28:03.730+0000] {dag.py:3096} INFO - Sync 1 DAGs
[2026-04-29T14:28:03.765+0000] {logging_mixin.py:188} INFO - [2026-04-29T14:28:03.765+0000] {dag.py:3954} INFO - Setting next_dagrun for ab_test_medallion_pipeline to 2026-04-29 00:00:00+00:00, run_after=2026-04-30 00:00:00+00:00
[2026-04-29T14:28:03.792+0000] {processor.py:183} INFO - Processing /opt/airflow/dags/pipeline_dag.py took 0.144 seconds
[2026-04-29T14:28:34.073+0000] {processor.py:161} INFO - Started process (PID=2605) to work on /opt/airflow/dags/pipeline_dag.py
[2026-04-29T14:28:34.075+0000] {processor.py:830} INFO - Processing file /opt/airflow/dags/pipeline_dag.py for tasks to queue
[2026-04-29T14:28:34.079+0000] {logging_mixin.py:188} INFO - [2026-04-29T14:28:34.078+0000] {dagbag.py:545} INFO - Filling up the DagBag from /opt/airflow/dags/pipeline_dag.py
[2026-04-29T14:28:34.099+0000] {processor.py:840} INFO - DAG(s) 'ab_test_medallion_pipeline' retrieved from /opt/airflow/dags/pipeline_dag.py
[2026-04-29T14:28:34.142+0000] {logging_mixin.py:188} INFO - [2026-04-29T14:28:34.142+0000] {dag.py:3096} INFO - Sync 1 DAGs
[2026-04-29T14:28:34.181+0000] {logging_mixin.py:188} INFO - [2026-04-29T14:28:34.181+0000] {dag.py:3954} INFO - Setting next_dagrun for ab_test_medallion_pipeline to 2026-04-29 00:00:00+00:00, run_after=2026-04-30 00:00:00+00:00
[2026-04-29T14:28:34.213+0000] {processor.py:183} INFO - Processing /opt/airflow/dags/pipeline_dag.py took 0.155 seconds
[2026-04-29T14:29:04.587+0000] {processor.py:161} INFO - Started process (PID=2610) to work on /opt/airflow/dags/pipeline_dag.py
[2026-04-29T14:29:04.589+0000] {processor.py:830} INFO - Processing file /opt/airflow/dags/pipeline_dag.py for tasks to queue
[2026-04-29T14:29:04.593+0000] {logging_mixin.py:188} INFO - [2026-04-29T14:29:04.592+0000] {dagbag.py:545} INFO - Filling up the DagBag from /opt/airflow/dags/pipeline_dag.py
[2026-04-29T14:29:04.619+0000] {processor.py:840} INFO - DAG(s) 'ab_test_medallion_pipeline' retrieved from /opt/airflow/dags/pipeline_dag.py
[2026-04-29T14:29:04.676+0000] {logging_mixin.py:188} INFO - [2026-04-29T14:29:04.676+0000] {dag.py:3096} INFO - Sync 1 DAGs
[2026-04-29T14:29:04.724+0000] {logging_mixin.py:188} INFO - [2026-04-29T14:29:04.723+0000] {dag.py:3954} INFO - Setting next_dagrun for ab_test_medallion_pipeline to 2026-04-29 00:00:00+00:00, run_after=2026-04-30 00:00:00+00:00
[2026-04-29T14:29:04.771+0000] {processor.py:183} INFO - Processing /opt/airflow/dags/pipeline_dag.py took 0.193 seconds
[2026-04-29T14:29:35.043+0000] {processor.py:161} INFO - Started process (PID=2615) to work on /opt/airflow/dags/pipeline_dag.py
[2026-04-29T14:29:35.045+0000] {processor.py:830} INFO - Processing file /opt/airflow/dags/pipeline_dag.py for tasks to queue
[2026-04-29T14:29:35.050+0000] {logging_mixin.py:188} INFO - [2026-04-29T14:29:35.050+0000] {dagbag.py:545} INFO - Filling up the DagBag from /opt/airflow/dags/pipeline_dag.py
[2026-04-29T14:29:35.073+0000] {processor.py:840} INFO - DAG(s) 'ab_test_medallion_pipeline' retrieved from /opt/airflow/dags/pipeline_dag.py
[2026-04-29T14:29:35.117+0000] {logging_mixin.py:188} INFO - [2026-04-29T14:29:35.117+0000] {dag.py:3096} INFO - Sync 1 DAGs
[2026-04-29T14:29:35.153+0000] {logging_mixin.py:188} INFO - [2026-04-29T14:29:35.152+0000] {dag.py:3954} INFO - Setting next_dagrun for ab_test_medallion_pipeline to 2026-04-29 00:00:00+00:00, run_after=2026-04-30 00:00:00+00:00
[2026-04-29T14:29:35.181+0000] {processor.py:183} INFO - Processing /opt/airflow/dags/pipeline_dag.py took 0.155 seconds
[2026-04-29T14:30:05.542+0000] {processor.py:161} INFO - Started process (PID=2620) to work on /opt/airflow/dags/pipeline_dag.py
[2026-04-29T14:30:05.546+0000] {processor.py:830} INFO - Processing file /opt/airflow/dags/pipeline_dag.py for tasks to queue
[2026-04-29T14:30:05.550+0000] {logging_mixin.py:188} INFO - [2026-04-29T14:30:05.550+0000] {dagbag.py:545} INFO - Filling up the DagBag from /opt/airflow/dags/pipeline_dag.py
[2026-04-29T14:30:05.572+0000] {processor.py:840} INFO - DAG(s) 'ab_test_medallion_pipeline' retrieved from /opt/airflow/dags/pipeline_dag.py
[2026-04-29T14:30:05.614+0000] {logging_mixin.py:188} INFO - [2026-04-29T14:30:05.614+0000] {dag.py:3096} INFO - Sync 1 DAGs
[2026-04-29T14:30:05.650+0000] {logging_mixin.py:188} INFO - [2026-04-29T14:30:05.650+0000] {dag.py:3954} INFO - Setting next_dagrun for ab_test_medallion_pipeline to 2026-04-29 00:00:00+00:00, run_after=2026-04-30 00:00:00+00:00
[2026-04-29T14:30:05.678+0000] {processor.py:183} INFO - Processing /opt/airflow/dags/pipeline_dag.py took 0.150 seconds
[2026-04-29T14:30:36.017+0000] {processor.py:161} INFO - Started process (PID=2625) to work on /opt/airflow/dags/pipeline_dag.py
[2026-04-29T14:30:36.018+0000] {processor.py:830} INFO - Processing file /opt/airflow/dags/pipeline_dag.py for tasks to queue
[2026-04-29T14:30:36.022+0000] {logging_mixin.py:188} INFO - [2026-04-29T14:30:36.021+0000] {dagbag.py:545} INFO - Filling up the DagBag from /opt/airflow/dags/pipeline_dag.py
[2026-04-29T14:30:36.042+0000] {processor.py:840} INFO - DAG(s) 'ab_test_medallion_pipeline' retrieved from /opt/airflow/dags/pipeline_dag.py
[2026-04-29T14:30:36.086+0000] {logging_mixin.py:188} INFO - [2026-04-29T14:30:36.086+0000] {dag.py:3096} INFO - Sync 1 DAGs
[2026-04-29T14:30:36.132+0000] {logging_mixin.py:188} INFO - [2026-04-29T14:30:36.132+0000] {dag.py:3954} INFO - Setting next_dagrun for ab_test_medallion_pipeline to 2026-04-29 00:00:00+00:00, run_after=2026-04-30 00:00:00+00:00
[2026-04-29T14:30:36.163+0000] {processor.py:183} INFO - Processing /opt/airflow/dags/pipeline_dag.py took 0.156 seconds
[2026-04-29T14:31:06.512+0000] {processor.py:161} INFO - Started process (PID=2630) to work on /opt/airflow/dags/pipeline_dag.py
[2026-04-29T14:31:06.515+0000] {processor.py:830} INFO - Processing file /opt/airflow/dags/pipeline_dag.py for tasks to queue
[2026-04-29T14:31:06.519+0000] {logging_mixin.py:188} INFO - [2026-04-29T14:31:06.519+0000] {dagbag.py:545} INFO - Filling up the DagBag from /opt/airflow/dags/pipeline_dag.py
[2026-04-29T14:31:06.544+0000] {processor.py:840} INFO - DAG(s) 'ab_test_medallion_pipeline' retrieved from /opt/airflow/dags/pipeline_dag.py
[2026-04-29T14:31:06.590+0000] {logging_mixin.py:188} INFO - [2026-04-29T14:31:06.589+0000] {dag.py:3096} INFO - Sync 1 DAGs
[2026-04-29T14:31:06.634+0000] {logging_mixin.py:188} INFO - [2026-04-29T14:31:06.633+0000] {dag.py:3954} INFO - Setting next_dagrun for ab_test_medallion_pipeline to 2026-04-29 00:00:00+00:00, run_after=2026-04-30 00:00:00+00:00
[2026-04-29T14:31:06.665+0000] {processor.py:183} INFO - Processing /opt/airflow/dags/pipeline_dag.py took 0.169 seconds
[2026-04-29T14:31:36.962+0000] {processor.py:161} INFO - Started process (PID=2635) to work on /opt/airflow/dags/pipeline_dag.py
[2026-04-29T14:31:36.964+0000] {processor.py:830} INFO - Processing file /opt/airflow/dags/pipeline_dag.py for tasks to queue
[2026-04-29T14:31:36.971+0000] {logging_mixin.py:188} INFO - [2026-04-29T14:31:36.970+0000] {dagbag.py:545} INFO - Filling up the DagBag from /opt/airflow/dags/pipeline_dag.py
[2026-04-29T14:31:37.001+0000] {processor.py:840} INFO - DAG(s) 'ab_test_medallion_pipeline' retrieved from /opt/airflow/dags/pipeline_dag.py
[2026-04-29T14:31:37.054+0000] {logging_mixin.py:188} INFO - [2026-04-29T14:31:37.053+0000] {dag.py:3096} INFO - Sync 1 DAGs
[2026-04-29T14:31:37.094+0000] {logging_mixin.py:188} INFO - [2026-04-29T14:31:37.093+0000] {dag.py:3954} INFO - Setting next_dagrun for ab_test_medallion_pipeline to 2026-04-29 00:00:00+00:00, run_after=2026-04-30 00:00:00+00:00
[2026-04-29T14:31:37.153+0000] {processor.py:183} INFO - Processing /opt/airflow/dags/pipeline_dag.py took 0.217 seconds
[2026-04-29T14:32:07.409+0000] {processor.py:161} INFO - Started process (PID=2640) to work on /opt/airflow/dags/pipeline_dag.py
[2026-04-29T14:32:07.413+0000] {processor.py:830} INFO - Processing file /opt/airflow/dags/pipeline_dag.py for tasks to queue
[2026-04-29T14:32:07.416+0000] {logging_mixin.py:188} INFO - [2026-04-29T14:32:07.416+0000] {dagbag.py:545} INFO - Filling up the DagBag from /opt/airflow/dags/pipeline_dag.py
[2026-04-29T14:32:07.437+0000] {processor.py:840} INFO - DAG(s) 'ab_test_medallion_pipeline' retrieved from /opt/airflow/dags/pipeline_dag.py
[2026-04-29T14:32:07.486+0000] {logging_mixin.py:188} INFO - [2026-04-29T14:32:07.485+0000] {dag.py:3096} INFO - Sync 1 DAGs
[2026-04-29T14:32:07.524+0000] {logging_mixin.py:188} INFO - [2026-04-29T14:32:07.524+0000] {dag.py:3954} INFO - Setting next_dagrun for ab_test_medallion_pipeline to 2026-04-29 00:00:00+00:00, run_after=2026-04-30 00:00:00+00:00
[2026-04-29T14:32:07.558+0000] {processor.py:183} INFO - Processing /opt/airflow/dags/pipeline_dag.py took 0.160 seconds
[2026-04-29T14:32:37.859+0000] {processor.py:161} INFO - Started process (PID=2645) to work on /opt/airflow/dags/pipeline_dag.py
[2026-04-29T14:32:37.861+0000] {processor.py:830} INFO - Processing file /opt/airflow/dags/pipeline_dag.py for tasks to queue
[2026-04-29T14:32:37.874+0000] {logging_mixin.py:188} INFO - [2026-04-29T14:32:37.872+0000] {dagbag.py:545} INFO - Filling up the DagBag from /opt/airflow/dags/pipeline_dag.py
[2026-04-29T14:32:37.901+0000] {processor.py:840} INFO - DAG(s) 'ab_test_medallion_pipeline' retrieved from /opt/airflow/dags/pipeline_dag.py
[2026-04-29T14:32:37.957+0000] {logging_mixin.py:188} INFO - [2026-04-29T14:32:37.957+0000] {dag.py:3096} INFO - Sync 1 DAGs
[2026-04-29T14:32:37.998+0000] {logging_mixin.py:188} INFO - [2026-04-29T14:32:37.998+0000] {dag.py:3954} INFO - Setting next_dagrun for ab_test_medallion_pipeline to 2026-04-29 00:00:00+00:00, run_after=2026-04-30 00:00:00+00:00
[2026-04-29T14:32:38.032+0000] {processor.py:183} INFO - Processing /opt/airflow/dags/pipeline_dag.py took 0.192 seconds
[2026-04-29T14:33:08.230+0000] {processor.py:161} INFO - Started process (PID=2650) to work on /opt/airflow/dags/pipeline_dag.py
[2026-04-29T14:33:08.232+0000] {processor.py:830} INFO - Processing file /opt/airflow/dags/pipeline_dag.py for tasks to queue
[2026-04-29T14:33:08.236+0000] {logging_mixin.py:188} INFO - [2026-04-29T14:33:08.235+0000] {dagbag.py:545} INFO - Filling up the DagBag from /opt/airflow/dags/pipeline_dag.py
[2026-04-29T14:33:08.257+0000] {processor.py:840} INFO - DAG(s) 'ab_test_medallion_pipeline' retrieved from /opt/airflow/dags/pipeline_dag.py
[2026-04-29T14:33:08.329+0000] {logging_mixin.py:188} INFO - [2026-04-29T14:33:08.328+0000] {dag.py:3096} INFO - Sync 1 DAGs
[2026-04-29T14:33:08.372+0000] {logging_mixin.py:188} INFO - [2026-04-29T14:33:08.371+0000] {dag.py:3954} INFO - Setting next_dagrun for ab_test_medallion_pipeline to 2026-04-29 00:00:00+00:00, run_after=2026-04-30 00:00:00+00:00
[2026-04-29T14:33:08.407+0000] {processor.py:183} INFO - Processing /opt/airflow/dags/pipeline_dag.py took 0.188 seconds
[2026-04-29T14:33:38.699+0000] {processor.py:161} INFO - Started process (PID=2655) to work on /opt/airflow/dags/pipeline_dag.py
[2026-04-29T14:33:38.700+0000] {processor.py:830} INFO - Processing file /opt/airflow/dags/pipeline_dag.py for tasks to queue
[2026-04-29T14:33:38.705+0000] {logging_mixin.py:188} INFO - [2026-04-29T14:33:38.704+0000] {dagbag.py:545} INFO - Filling up the DagBag from /opt/airflow/dags/pipeline_dag.py
[2026-04-29T14:33:38.730+0000] {processor.py:840} INFO - DAG(s) 'ab_test_medallion_pipeline' retrieved from /opt/airflow/dags/pipeline_dag.py
[2026-04-29T14:33:38.838+0000] {logging_mixin.py:188} INFO - [2026-04-29T14:33:38.837+0000] {dag.py:3096} INFO - Sync 1 DAGs
[2026-04-29T14:33:38.897+0000] {logging_mixin.py:188} INFO - [2026-04-29T14:33:38.896+0000] {dag.py:3954} INFO - Setting next_dagrun for ab_test_medallion_pipeline to 2026-04-29 00:00:00+00:00, run_after=2026-04-30 00:00:00+00:00
[2026-04-29T14:33:38.934+0000] {processor.py:183} INFO - Processing /opt/airflow/dags/pipeline_dag.py took 0.248 seconds
[2026-04-29T14:34:09.126+0000] {processor.py:161} INFO - Started process (PID=2660) to work on /opt/airflow/dags/pipeline_dag.py
[2026-04-29T14:34:09.130+0000] {processor.py:830} INFO - Processing file /opt/airflow/dags/pipeline_dag.py for tasks to queue
[2026-04-29T14:34:09.134+0000] {logging_mixin.py:188} INFO - [2026-04-29T14:34:09.133+0000] {dagbag.py:545} INFO - Filling up the DagBag from /opt/airflow/dags/pipeline_dag.py
[2026-04-29T14:34:09.156+0000] {processor.py:840} INFO - DAG(s) 'ab_test_medallion_pipeline' retrieved from /opt/airflow/dags/pipeline_dag.py
[2026-04-29T14:34:09.204+0000] {logging_mixin.py:188} INFO - [2026-04-29T14:34:09.203+0000] {dag.py:3096} INFO - Sync 1 DAGs
[2026-04-29T14:34:09.248+0000] {logging_mixin.py:188} INFO - [2026-04-29T14:34:09.248+0000] {dag.py:3954} INFO - Setting next_dagrun for ab_test_medallion_pipeline to 2026-04-29 00:00:00+00:00, run_after=2026-04-30 00:00:00+00:00
[2026-04-29T14:34:09.284+0000] {processor.py:183} INFO - Processing /opt/airflow/dags/pipeline_dag.py took 0.172 seconds
[2026-04-29T14:34:39.576+0000] {processor.py:161} INFO - Started process (PID=2665) to work on /opt/airflow/dags/pipeline_dag.py
[2026-04-29T14:34:39.580+0000] {processor.py:830} INFO - Processing file /opt/airflow/dags/pipeline_dag.py for tasks to queue
[2026-04-29T14:34:39.583+0000] {logging_mixin.py:188} INFO - [2026-04-29T14:34:39.582+0000] {dagbag.py:545} INFO - Filling up the DagBag from /opt/airflow/dags/pipeline_dag.py
[2026-04-29T14:34:39.605+0000] {processor.py:840} INFO - DAG(s) 'ab_test_medallion_pipeline' retrieved from /opt/airflow/dags/pipeline_dag.py
[2026-04-29T14:34:39.656+0000] {logging_mixin.py:188} INFO - [2026-04-29T14:34:39.655+0000] {dag.py:3096} INFO - Sync 1 DAGs
[2026-04-29T14:34:39.698+0000] {logging_mixin.py:188} INFO - [2026-04-29T14:34:39.698+0000] {dag.py:3954} INFO - Setting next_dagrun for ab_test_medallion_pipeline to 2026-04-29 00:00:00+00:00, run_after=2026-04-30 00:00:00+00:00
[2026-04-29T14:34:39.734+0000] {processor.py:183} INFO - Processing /opt/airflow/dags/pipeline_dag.py took 0.174 seconds
[2026-04-29T14:35:09.971+0000] {processor.py:161} INFO - Started process (PID=2670) to work on /opt/airflow/dags/pipeline_dag.py
[2026-04-29T14:35:09.975+0000] {processor.py:830} INFO - Processing file /opt/airflow/dags/pipeline_dag.py for tasks to queue
[2026-04-29T14:35:09.982+0000] {logging_mixin.py:188} INFO - [2026-04-29T14:35:09.981+0000] {dagbag.py:545} INFO - Filling up the DagBag from /opt/airflow/dags/pipeline_dag.py
[2026-04-29T14:35:10.003+0000] {processor.py:840} INFO - DAG(s) 'ab_test_medallion_pipeline' retrieved from /opt/airflow/dags/pipeline_dag.py
[2026-04-29T14:35:10.050+0000] {logging_mixin.py:188} INFO - [2026-04-29T14:35:10.050+0000] {dag.py:3096} INFO - Sync 1 DAGs
[2026-04-29T14:35:10.092+0000] {logging_mixin.py:188} INFO - [2026-04-29T14:35:10.092+0000] {dag.py:3954} INFO - Setting next_dagrun for ab_test_medallion_pipeline to 2026-04-29 00:00:00+00:00, run_after=2026-04-30 00:00:00+00:00
[2026-04-29T14:35:10.122+0000] {processor.py:183} INFO - Processing /opt/airflow/dags/pipeline_dag.py took 0.168 seconds
[2026-04-29T14:35:40.349+0000] {processor.py:161} INFO - Started process (PID=2675) to work on /opt/airflow/dags/pipeline_dag.py
[2026-04-29T14:35:40.351+0000] {processor.py:830} INFO - Processing file /opt/airflow/dags/pipeline_dag.py for tasks to queue
[2026-04-29T14:35:40.355+0000] {logging_mixin.py:188} INFO - [2026-04-29T14:35:40.354+0000] {dagbag.py:545} INFO - Filling up the DagBag from /opt/airflow/dags/pipeline_dag.py
[2026-04-29T14:35:40.377+0000] {processor.py:840} INFO - DAG(s) 'ab_test_medallion_pipeline' retrieved from /opt/airflow/dags/pipeline_dag.py
[2026-04-29T14:35:40.429+0000] {logging_mixin.py:188} INFO - [2026-04-29T14:35:40.429+0000] {dag.py:3096} INFO - Sync 1 DAGs
[2026-04-29T14:35:40.474+0000] {logging_mixin.py:188} INFO - [2026-04-29T14:35:40.474+0000] {dag.py:3954} INFO - Setting next_dagrun for ab_test_medallion_pipeline to 2026-04-29 00:00:00+00:00, run_after=2026-04-30 00:00:00+00:00
[2026-04-29T14:35:40.503+0000] {processor.py:183} INFO - Processing /opt/airflow/dags/pipeline_dag.py took 0.170 seconds
[2026-04-29T14:36:10.908+0000] {processor.py:161} INFO - Started process (PID=2680) to work on /opt/airflow/dags/pipeline_dag.py
[2026-04-29T14:36:10.911+0000] {processor.py:830} INFO - Processing file /opt/airflow/dags/pipeline_dag.py for tasks to queue
[2026-04-29T14:36:10.914+0000] {logging_mixin.py:188} INFO - [2026-04-29T14:36:10.913+0000] {dagbag.py:545} INFO - Filling up the DagBag from /opt/airflow/dags/pipeline_dag.py
[2026-04-29T14:36:10.933+0000] {processor.py:840} INFO - DAG(s) 'ab_test_medallion_pipeline' retrieved from /opt/airflow/dags/pipeline_dag.py
[2026-04-29T14:36:10.977+0000] {logging_mixin.py:188} INFO - [2026-04-29T14:36:10.977+0000] {dag.py:3096} INFO - Sync 1 DAGs
[2026-04-29T14:36:11.020+0000] {logging_mixin.py:188} INFO - [2026-04-29T14:36:11.020+0000] {dag.py:3954} INFO - Setting next_dagrun for ab_test_medallion_pipeline to 2026-04-29 00:00:00+00:00, run_after=2026-04-30 00:00:00+00:00
[2026-04-29T14:36:11.056+0000] {processor.py:183} INFO - Processing /opt/airflow/dags/pipeline_dag.py took 0.159 seconds
[2026-04-29T14:36:41.355+0000] {processor.py:161} INFO - Started process (PID=2685) to work on /opt/airflow/dags/pipeline_dag.py
[2026-04-29T14:36:41.364+0000] {processor.py:830} INFO - Processing file /opt/airflow/dags/pipeline_dag.py for tasks to queue
[2026-04-29T14:36:41.368+0000] {logging_mixin.py:188} INFO - [2026-04-29T14:36:41.367+0000] {dagbag.py:545} INFO - Filling up the DagBag from /opt/airflow/dags/pipeline_dag.py
[2026-04-29T14:36:41.412+0000] {processor.py:840} INFO - DAG(s) 'ab_test_medallion_pipeline' retrieved from /opt/airflow/dags/pipeline_dag.py
[2026-04-29T14:36:41.627+0000] {logging_mixin.py:188} INFO - [2026-04-29T14:36:41.626+0000] {dag.py:3096} INFO - Sync 1 DAGs
[2026-04-29T14:36:41.781+0000] {logging_mixin.py:188} INFO - [2026-04-29T14:36:41.781+0000] {dag.py:3954} INFO - Setting next_dagrun for ab_test_medallion_pipeline to 2026-04-29 00:00:00+00:00, run_after=2026-04-30 00:00:00+00:00
[2026-04-29T14:36:41.877+0000] {processor.py:183} INFO - Processing /opt/airflow/dags/pipeline_dag.py took 0.556 seconds
[2026-04-29T14:37:12.269+0000] {processor.py:161} INFO - Started process (PID=2690) to work on /opt/airflow/dags/pipeline_dag.py
[2026-04-29T14:37:12.274+0000] {processor.py:830} INFO - Processing file /opt/airflow/dags/pipeline_dag.py for tasks to queue
[2026-04-29T14:37:12.277+0000] {logging_mixin.py:188} INFO - [2026-04-29T14:37:12.277+0000] {dagbag.py:545} INFO - Filling up the DagBag from /opt/airflow/dags/pipeline_dag.py
[2026-04-29T14:37:12.303+0000] {processor.py:840} INFO - DAG(s) 'ab_test_medallion_pipeline' retrieved from /opt/airflow/dags/pipeline_dag.py
[2026-04-29T14:37:12.361+0000] {logging_mixin.py:188} INFO - [2026-04-29T14:37:12.360+0000] {dag.py:3096} INFO - Sync 1 DAGs
[2026-04-29T14:37:12.420+0000] {logging_mixin.py:188} INFO - [2026-04-29T14:37:12.419+0000] {dag.py:3954} INFO - Setting next_dagrun for ab_test_medallion_pipeline to 2026-04-29 00:00:00+00:00, run_after=2026-04-30 00:00:00+00:00
[2026-04-29T14:37:12.499+0000] {processor.py:183} INFO - Processing /opt/airflow/dags/pipeline_dag.py took 0.247 seconds
[2026-04-29T14:37:42.591+0000] {processor.py:161} INFO - Started process (PID=2695) to work on /opt/airflow/dags/pipeline_dag.py
[2026-04-29T14:37:42.594+0000] {processor.py:830} INFO - Processing file /opt/airflow/dags/pipeline_dag.py for tasks to queue
[2026-04-29T14:37:42.604+0000] {logging_mixin.py:188} INFO - [2026-04-29T14:37:42.603+0000] {dagbag.py:545} INFO - Filling up the DagBag from /opt/airflow/dags/pipeline_dag.py
[2026-04-29T14:37:42.651+0000] {processor.py:840} INFO - DAG(s) 'ab_test_medallion_pipeline' retrieved from /opt/airflow/dags/pipeline_dag.py
[2026-04-29T14:37:42.776+0000] {logging_mixin.py:188} INFO - [2026-04-29T14:37:42.776+0000] {dag.py:3096} INFO - Sync 1 DAGs
[2026-04-29T14:37:42.880+0000] {logging_mixin.py:188} INFO - [2026-04-29T14:37:42.879+0000] {dag.py:3954} INFO - Setting next_dagrun for ab_test_medallion_pipeline to 2026-04-29 00:00:00+00:00, run_after=2026-04-30 00:00:00+00:00
[2026-04-29T14:37:42.930+0000] {processor.py:183} INFO - Processing /opt/airflow/dags/pipeline_dag.py took 0.362 seconds
[2026-04-29T14:38:13.354+0000] {processor.py:161} INFO - Started process (PID=2700) to work on /opt/airflow/dags/pipeline_dag.py
[2026-04-29T14:38:13.358+0000] {processor.py:830} INFO - Processing file /opt/airflow/dags/pipeline_dag.py for tasks to queue
[2026-04-29T14:38:13.407+0000] {logging_mixin.py:188} INFO - [2026-04-29T14:38:13.399+0000] {dagbag.py:545} INFO - Filling up the DagBag from /opt/airflow/dags/pipeline_dag.py
[2026-04-29T14:38:13.527+0000] {processor.py:840} INFO - DAG(s) 'ab_test_medallion_pipeline' retrieved from /opt/airflow/dags/pipeline_dag.py
[2026-04-29T14:38:13.774+0000] {logging_mixin.py:188} INFO - [2026-04-29T14:38:13.773+0000] {dag.py:3096} INFO - Sync 1 DAGs
[2026-04-29T14:38:14.111+0000] {logging_mixin.py:188} INFO - [2026-04-29T14:38:14.110+0000] {dag.py:3954} INFO - Setting next_dagrun for ab_test_medallion_pipeline to 2026-04-29 00:00:00+00:00, run_after=2026-04-30 00:00:00+00:00
[2026-04-29T14:38:14.234+0000] {processor.py:183} INFO - Processing /opt/airflow/dags/pipeline_dag.py took 0.925 seconds
[2026-04-29T14:38:45.001+0000] {processor.py:161} INFO - Started process (PID=2705) to work on /opt/airflow/dags/pipeline_dag.py
[2026-04-29T14:38:45.009+0000] {processor.py:830} INFO - Processing file /opt/airflow/dags/pipeline_dag.py for tasks to queue
[2026-04-29T14:38:45.034+0000] {logging_mixin.py:188} INFO - [2026-04-29T14:38:45.018+0000] {dagbag.py:545} INFO - Filling up the DagBag from /opt/airflow/dags/pipeline_dag.py
[2026-04-29T14:38:45.270+0000] {processor.py:840} INFO - DAG(s) 'ab_test_medallion_pipeline' retrieved from /opt/airflow/dags/pipeline_dag.py
[2026-04-29T14:38:45.818+0000] {logging_mixin.py:188} INFO - [2026-04-29T14:38:45.814+0000] {dag.py:3096} INFO - Sync 1 DAGs
[2026-04-29T14:38:46.075+0000] {logging_mixin.py:188} INFO - [2026-04-29T14:38:46.074+0000] {dag.py:3954} INFO - Setting next_dagrun for ab_test_medallion_pipeline to 2026-04-29 00:00:00+00:00, run_after=2026-04-30 00:00:00+00:00
[2026-04-29T14:38:46.301+0000] {processor.py:183} INFO - Processing /opt/airflow/dags/pipeline_dag.py took 1.473 seconds
[2026-04-29T14:39:16.581+0000] {processor.py:161} INFO - Started process (PID=2710) to work on /opt/airflow/dags/pipeline_dag.py
[2026-04-29T14:39:16.592+0000] {processor.py:830} INFO - Processing file /opt/airflow/dags/pipeline_dag.py for tasks to queue
[2026-04-29T14:39:16.617+0000] {logging_mixin.py:188} INFO - [2026-04-29T14:39:16.615+0000] {dagbag.py:545} INFO - Filling up the DagBag from /opt/airflow/dags/pipeline_dag.py
[2026-04-29T14:39:16.689+0000] {processor.py:840} INFO - DAG(s) 'ab_test_medallion_pipeline' retrieved from /opt/airflow/dags/pipeline_dag.py
[2026-04-29T14:39:16.918+0000] {logging_mixin.py:188} INFO - [2026-04-29T14:39:16.918+0000] {dag.py:3096} INFO - Sync 1 DAGs
[2026-04-29T14:39:17.088+0000] {logging_mixin.py:188} INFO - [2026-04-29T14:39:17.088+0000] {dag.py:3954} INFO - Setting next_dagrun for ab_test_medallion_pipeline to 2026-04-29 00:00:00+00:00, run_after=2026-04-30 00:00:00+00:00
[2026-04-29T14:39:17.151+0000] {processor.py:183} INFO - Processing /opt/airflow/dags/pipeline_dag.py took 0.635 seconds
[2026-04-29T14:39:47.934+0000] {processor.py:161} INFO - Started process (PID=2715) to work on /opt/airflow/dags/pipeline_dag.py
[2026-04-29T14:39:47.951+0000] {processor.py:830} INFO - Processing file /opt/airflow/dags/pipeline_dag.py for tasks to queue
[2026-04-29T14:39:47.990+0000] {logging_mixin.py:188} INFO - [2026-04-29T14:39:47.989+0000] {dagbag.py:545} INFO - Filling up the DagBag from /opt/airflow/dags/pipeline_dag.py
[2026-04-29T14:39:48.084+0000] {processor.py:840} INFO - DAG(s) 'ab_test_medallion_pipeline' retrieved from /opt/airflow/dags/pipeline_dag.py
[2026-04-29T14:39:48.257+0000] {logging_mixin.py:188} INFO - [2026-04-29T14:39:48.256+0000] {dag.py:3096} INFO - Sync 1 DAGs
[2026-04-29T14:39:48.447+0000] {logging_mixin.py:188} INFO - [2026-04-29T14:39:48.446+0000] {dag.py:3954} INFO - Setting next_dagrun for ab_test_medallion_pipeline to 2026-04-29 00:00:00+00:00, run_after=2026-04-30 00:00:00+00:00
[2026-04-29T14:39:48.643+0000] {processor.py:183} INFO - Processing /opt/airflow/dags/pipeline_dag.py took 0.835 seconds
[2026-04-29T14:40:19.118+0000] {processor.py:161} INFO - Started process (PID=2720) to work on /opt/airflow/dags/pipeline_dag.py
[2026-04-29T14:40:19.153+0000] {processor.py:830} INFO - Processing file /opt/airflow/dags/pipeline_dag.py for tasks to queue
[2026-04-29T14:40:19.168+0000] {logging_mixin.py:188} INFO - [2026-04-29T14:40:19.157+0000] {dagbag.py:545} INFO - Filling up the DagBag from /opt/airflow/dags/pipeline_dag.py
[2026-04-29T14:40:19.243+0000] {processor.py:840} INFO - DAG(s) 'ab_test_medallion_pipeline' retrieved from /opt/airflow/dags/pipeline_dag.py
[2026-04-29T14:40:19.433+0000] {logging_mixin.py:188} INFO - [2026-04-29T14:40:19.432+0000] {dag.py:3096} INFO - Sync 1 DAGs
[2026-04-29T14:40:19.548+0000] {logging_mixin.py:188} INFO - [2026-04-29T14:40:19.547+0000] {dag.py:3954} INFO - Setting next_dagrun for ab_test_medallion_pipeline to 2026-04-29 00:00:00+00:00, run_after=2026-04-30 00:00:00+00:00
[2026-04-29T14:40:19.637+0000] {processor.py:183} INFO - Processing /opt/airflow/dags/pipeline_dag.py took 0.577 seconds
[2026-04-29T14:40:50.441+0000] {processor.py:161} INFO - Started process (PID=2725) to work on /opt/airflow/dags/pipeline_dag.py
[2026-04-29T14:40:50.443+0000] {processor.py:830} INFO - Processing file /opt/airflow/dags/pipeline_dag.py for tasks to queue
[2026-04-29T14:40:50.463+0000] {logging_mixin.py:188} INFO - [2026-04-29T14:40:50.457+0000] {dagbag.py:545} INFO - Filling up the DagBag from /opt/airflow/dags/pipeline_dag.py
[2026-04-29T14:40:50.534+0000] {processor.py:840} INFO - DAG(s) 'ab_test_medallion_pipeline' retrieved from /opt/airflow/dags/pipeline_dag.py
[2026-04-29T14:40:50.624+0000] {logging_mixin.py:188} INFO - [2026-04-29T14:40:50.623+0000] {dag.py:3096} INFO - Sync 1 DAGs
[2026-04-29T14:40:50.708+0000] {logging_mixin.py:188} INFO - [2026-04-29T14:40:50.705+0000] {dag.py:3954} INFO - Setting next_dagrun for ab_test_medallion_pipeline to 2026-04-29 00:00:00+00:00, run_after=2026-04-30 00:00:00+00:00
[2026-04-29T14:40:50.767+0000] {processor.py:183} INFO - Processing /opt/airflow/dags/pipeline_dag.py took 0.363 seconds
[2026-04-29T14:41:21.067+0000] {processor.py:161} INFO - Started process (PID=2730) to work on /opt/airflow/dags/pipeline_dag.py
[2026-04-29T14:41:21.073+0000] {processor.py:830} INFO - Processing file /opt/airflow/dags/pipeline_dag.py for tasks to queue
[2026-04-29T14:41:21.082+0000] {logging_mixin.py:188} INFO - [2026-04-29T14:41:21.080+0000] {dagbag.py:545} INFO - Filling up the DagBag from /opt/airflow/dags/pipeline_dag.py
[2026-04-29T14:41:21.138+0000] {processor.py:840} INFO - DAG(s) 'ab_test_medallion_pipeline' retrieved from /opt/airflow/dags/pipeline_dag.py
[2026-04-29T14:41:21.277+0000] {logging_mixin.py:188} INFO - [2026-04-29T14:41:21.276+0000] {dag.py:3096} INFO - Sync 1 DAGs
[2026-04-29T14:41:21.395+0000] {logging_mixin.py:188} INFO - [2026-04-29T14:41:21.394+0000] {dag.py:3954} INFO - Setting next_dagrun for ab_test_medallion_pipeline to 2026-04-29 00:00:00+00:00, run_after=2026-04-30 00:00:00+00:00
[2026-04-29T14:41:21.488+0000] {processor.py:183} INFO - Processing /opt/airflow/dags/pipeline_dag.py took 0.447 seconds
[2026-04-29T14:41:52.036+0000] {processor.py:161} INFO - Started process (PID=2735) to work on /opt/airflow/dags/pipeline_dag.py
[2026-04-29T14:41:52.044+0000] {processor.py:830} INFO - Processing file /opt/airflow/dags/pipeline_dag.py for tasks to queue
[2026-04-29T14:41:52.053+0000] {logging_mixin.py:188} INFO - [2026-04-29T14:41:52.052+0000] {dagbag.py:545} INFO - Filling up the DagBag from /opt/airflow/dags/pipeline_dag.py
[2026-04-29T14:41:52.102+0000] {processor.py:840} INFO - DAG(s) 'ab_test_medallion_pipeline' retrieved from /opt/airflow/dags/pipeline_dag.py
[2026-04-29T14:41:52.283+0000] {logging_mixin.py:188} INFO - [2026-04-29T14:41:52.282+0000] {dag.py:3096} INFO - Sync 1 DAGs
[2026-04-29T14:41:52.419+0000] {logging_mixin.py:188} INFO - [2026-04-29T14:41:52.419+0000] {dag.py:3954} INFO - Setting next_dagrun for ab_test_medallion_pipeline to 2026-04-29 00:00:00+00:00, run_after=2026-04-30 00:00:00+00:00
[2026-04-29T14:41:52.519+0000] {processor.py:183} INFO - Processing /opt/airflow/dags/pipeline_dag.py took 0.533 seconds
[2026-04-29T14:42:23.040+0000] {processor.py:161} INFO - Started process (PID=2740) to work on /opt/airflow/dags/pipeline_dag.py
[2026-04-29T14:42:23.068+0000] {processor.py:830} INFO - Processing file /opt/airflow/dags/pipeline_dag.py for tasks to queue
[2026-04-29T14:42:23.091+0000] {logging_mixin.py:188} INFO - [2026-04-29T14:42:23.088+0000] {dagbag.py:545} INFO - Filling up the DagBag from /opt/airflow/dags/pipeline_dag.py
[2026-04-29T14:42:23.399+0000] {processor.py:840} INFO - DAG(s) 'ab_test_medallion_pipeline' retrieved from /opt/airflow/dags/pipeline_dag.py
[2026-04-29T14:42:23.693+0000] {logging_mixin.py:188} INFO - [2026-04-29T14:42:23.692+0000] {dag.py:3096} INFO - Sync 1 DAGs
[2026-04-29T14:42:23.976+0000] {logging_mixin.py:188} INFO - [2026-04-29T14:42:23.974+0000] {dag.py:3954} INFO - Setting next_dagrun for ab_test_medallion_pipeline to 2026-04-29 00:00:00+00:00, run_after=2026-04-30 00:00:00+00:00
[2026-04-29T14:42:24.142+0000] {processor.py:183} INFO - Processing /opt/airflow/dags/pipeline_dag.py took 1.214 seconds
[2026-04-29T14:42:54.530+0000] {processor.py:161} INFO - Started process (PID=2745) to work on /opt/airflow/dags/pipeline_dag.py
[2026-04-29T14:42:54.533+0000] {processor.py:830} INFO - Processing file /opt/airflow/dags/pipeline_dag.py for tasks to queue
[2026-04-29T14:42:54.542+0000] {logging_mixin.py:188} INFO - [2026-04-29T14:42:54.539+0000] {dagbag.py:545} INFO - Filling up the DagBag from /opt/airflow/dags/pipeline_dag.py
[2026-04-29T14:42:54.620+0000] {processor.py:840} INFO - DAG(s) 'ab_test_medallion_pipeline' retrieved from /opt/airflow/dags/pipeline_dag.py
[2026-04-29T14:42:54.687+0000] {logging_mixin.py:188} INFO - [2026-04-29T14:42:54.686+0000] {dag.py:3096} INFO - Sync 1 DAGs
[2026-04-29T14:42:54.732+0000] {logging_mixin.py:188} INFO - [2026-04-29T14:42:54.732+0000] {dag.py:3954} INFO - Setting next_dagrun for ab_test_medallion_pipeline to 2026-04-29 00:00:00+00:00, run_after=2026-04-30 00:00:00+00:00
[2026-04-29T14:42:54.774+0000] {processor.py:183} INFO - Processing /opt/airflow/dags/pipeline_dag.py took 0.264 seconds
[2026-04-29T14:43:25.033+0000] {processor.py:161} INFO - Started process (PID=2750) to work on /opt/airflow/dags/pipeline_dag.py
[2026-04-29T14:43:25.035+0000] {processor.py:830} INFO - Processing file /opt/airflow/dags/pipeline_dag.py for tasks to queue
[2026-04-29T14:43:25.039+0000] {logging_mixin.py:188} INFO - [2026-04-29T14:43:25.038+0000] {dagbag.py:545} INFO - Filling up the DagBag from /opt/airflow/dags/pipeline_dag.py
[2026-04-29T14:43:25.083+0000] {processor.py:840} INFO - DAG(s) 'ab_test_medallion_pipeline' retrieved from /opt/airflow/dags/pipeline_dag.py
[2026-04-29T14:43:25.132+0000] {logging_mixin.py:188} INFO - [2026-04-29T14:43:25.132+0000] {dag.py:3096} INFO - Sync 1 DAGs
[2026-04-29T14:43:25.216+0000] {logging_mixin.py:188} INFO - [2026-04-29T14:43:25.215+0000] {dag.py:3954} INFO - Setting next_dagrun for ab_test_medallion_pipeline to 2026-04-29 00:00:00+00:00, run_after=2026-04-30 00:00:00+00:00
[2026-04-29T14:43:25.274+0000] {processor.py:183} INFO - Processing /opt/airflow/dags/pipeline_dag.py took 0.266 seconds
[2026-04-29T14:43:55.638+0000] {processor.py:161} INFO - Started process (PID=2755) to work on /opt/airflow/dags/pipeline_dag.py
[2026-04-29T14:43:55.640+0000] {processor.py:830} INFO - Processing file /opt/airflow/dags/pipeline_dag.py for tasks to queue
[2026-04-29T14:43:55.645+0000] {logging_mixin.py:188} INFO - [2026-04-29T14:43:55.644+0000] {dagbag.py:545} INFO - Filling up the DagBag from /opt/airflow/dags/pipeline_dag.py
[2026-04-29T14:43:55.680+0000] {processor.py:840} INFO - DAG(s) 'ab_test_medallion_pipeline' retrieved from /opt/airflow/dags/pipeline_dag.py
[2026-04-29T14:43:55.755+0000] {logging_mixin.py:188} INFO - [2026-04-29T14:43:55.755+0000] {dag.py:3096} INFO - Sync 1 DAGs
[2026-04-29T14:43:55.820+0000] {logging_mixin.py:188} INFO - [2026-04-29T14:43:55.820+0000] {dag.py:3954} INFO - Setting next_dagrun for ab_test_medallion_pipeline to 2026-04-29 00:00:00+00:00, run_after=2026-04-30 00:00:00+00:00
[2026-04-29T14:43:55.871+0000] {processor.py:183} INFO - Processing /opt/airflow/dags/pipeline_dag.py took 0.247 seconds
[2026-04-29T14:44:25.987+0000] {processor.py:161} INFO - Started process (PID=2760) to work on /opt/airflow/dags/pipeline_dag.py
[2026-04-29T14:44:25.989+0000] {processor.py:830} INFO - Processing file /opt/airflow/dags/pipeline_dag.py for tasks to queue
[2026-04-29T14:44:25.995+0000] {logging_mixin.py:188} INFO - [2026-04-29T14:44:25.994+0000] {dagbag.py:545} INFO - Filling up the DagBag from /opt/airflow/dags/pipeline_dag.py
[2026-04-29T14:44:26.028+0000] {processor.py:840} INFO - DAG(s) 'ab_test_medallion_pipeline' retrieved from /opt/airflow/dags/pipeline_dag.py
[2026-04-29T14:44:26.115+0000] {logging_mixin.py:188} INFO - [2026-04-29T14:44:26.114+0000] {dag.py:3096} INFO - Sync 1 DAGs
[2026-04-29T14:44:26.195+0000] {logging_mixin.py:188} INFO - [2026-04-29T14:44:26.195+0000] {dag.py:3954} INFO - Setting next_dagrun for ab_test_medallion_pipeline to 2026-04-29 00:00:00+00:00, run_after=2026-04-30 00:00:00+00:00
[2026-04-29T14:44:26.235+0000] {processor.py:183} INFO - Processing /opt/airflow/dags/pipeline_dag.py took 0.259 seconds
[2026-04-29T14:44:56.561+0000] {processor.py:161} INFO - Started process (PID=2765) to work on /opt/airflow/dags/pipeline_dag.py
[2026-04-29T14:44:56.563+0000] {processor.py:830} INFO - Processing file /opt/airflow/dags/pipeline_dag.py for tasks to queue
[2026-04-29T14:44:56.568+0000] {logging_mixin.py:188} INFO - [2026-04-29T14:44:56.568+0000] {dagbag.py:545} INFO - Filling up the DagBag from /opt/airflow/dags/pipeline_dag.py
[2026-04-29T14:44:56.613+0000] {processor.py:840} INFO - DAG(s) 'ab_test_medallion_pipeline' retrieved from /opt/airflow/dags/pipeline_dag.py
[2026-04-29T14:44:56.688+0000] {logging_mixin.py:188} INFO - [2026-04-29T14:44:56.687+0000] {dag.py:3096} INFO - Sync 1 DAGs
[2026-04-29T14:44:56.741+0000] {logging_mixin.py:188} INFO - [2026-04-29T14:44:56.740+0000] {dag.py:3954} INFO - Setting next_dagrun for ab_test_medallion_pipeline to 2026-04-29 00:00:00+00:00, run_after=2026-04-30 00:00:00+00:00
[2026-04-29T14:44:56.778+0000] {processor.py:183} INFO - Processing /opt/airflow/dags/pipeline_dag.py took 0.232 seconds
[2026-04-29T14:45:26.913+0000] {processor.py:161} INFO - Started process (PID=2770) to work on /opt/airflow/dags/pipeline_dag.py
[2026-04-29T14:45:26.916+0000] {processor.py:830} INFO - Processing file /opt/airflow/dags/pipeline_dag.py for tasks to queue
[2026-04-29T14:45:26.920+0000] {logging_mixin.py:188} INFO - [2026-04-29T14:45:26.920+0000] {dagbag.py:545} INFO - Filling up the DagBag from /opt/airflow/dags/pipeline_dag.py
[2026-04-29T14:45:26.951+0000] {processor.py:840} INFO - DAG(s) 'ab_test_medallion_pipeline' retrieved from /opt/airflow/dags/pipeline_dag.py
[2026-04-29T14:45:27.046+0000] {logging_mixin.py:188} INFO - [2026-04-29T14:45:27.046+0000] {dag.py:3096} INFO - Sync 1 DAGs
[2026-04-29T14:45:27.132+0000] {logging_mixin.py:188} INFO - [2026-04-29T14:45:27.132+0000] {dag.py:3954} INFO - Setting next_dagrun for ab_test_medallion_pipeline to 2026-04-29 00:00:00+00:00, run_after=2026-04-30 00:00:00+00:00
[2026-04-29T14:45:27.181+0000] {processor.py:183} INFO - Processing /opt/airflow/dags/pipeline_dag.py took 0.285 seconds
[2026-04-29T14:45:57.621+0000] {processor.py:161} INFO - Started process (PID=2775) to work on /opt/airflow/dags/pipeline_dag.py
[2026-04-29T14:45:57.642+0000] {processor.py:830} INFO - Processing file /opt/airflow/dags/pipeline_dag.py for tasks to queue
[2026-04-29T14:45:57.658+0000] {logging_mixin.py:188} INFO - [2026-04-29T14:45:57.648+0000] {dagbag.py:545} INFO - Filling up the DagBag from /opt/airflow/dags/pipeline_dag.py
[2026-04-29T14:45:57.748+0000] {processor.py:840} INFO - DAG(s) 'ab_test_medallion_pipeline' retrieved from /opt/airflow/dags/pipeline_dag.py
[2026-04-29T14:45:57.973+0000] {logging_mixin.py:188} INFO - [2026-04-29T14:45:57.973+0000] {dag.py:3096} INFO - Sync 1 DAGs
[2026-04-29T14:45:58.101+0000] {logging_mixin.py:188} INFO - [2026-04-29T14:45:58.101+0000] {dag.py:3954} INFO - Setting next_dagrun for ab_test_medallion_pipeline to 2026-04-29 00:00:00+00:00, run_after=2026-04-30 00:00:00+00:00
[2026-04-29T14:45:58.226+0000] {processor.py:183} INFO - Processing /opt/airflow/dags/pipeline_dag.py took 0.644 seconds
[2026-04-29T14:46:28.650+0000] {processor.py:161} INFO - Started process (PID=2780) to work on /opt/airflow/dags/pipeline_dag.py
[2026-04-29T14:46:28.653+0000] {processor.py:830} INFO - Processing file /opt/airflow/dags/pipeline_dag.py for tasks to queue
[2026-04-29T14:46:28.656+0000] {logging_mixin.py:188} INFO - [2026-04-29T14:46:28.656+0000] {dagbag.py:545} INFO - Filling up the DagBag from /opt/airflow/dags/pipeline_dag.py
[2026-04-29T14:46:28.691+0000] {processor.py:840} INFO - DAG(s) 'ab_test_medallion_pipeline' retrieved from /opt/airflow/dags/pipeline_dag.py
[2026-04-29T14:46:28.780+0000] {logging_mixin.py:188} INFO - [2026-04-29T14:46:28.779+0000] {dag.py:3096} INFO - Sync 1 DAGs
[2026-04-29T14:46:28.842+0000] {logging_mixin.py:188} INFO - [2026-04-29T14:46:28.842+0000] {dag.py:3954} INFO - Setting next_dagrun for ab_test_medallion_pipeline to 2026-04-29 00:00:00+00:00, run_after=2026-04-30 00:00:00+00:00
[2026-04-29T14:46:28.886+0000] {processor.py:183} INFO - Processing /opt/airflow/dags/pipeline_dag.py took 0.249 seconds
[2026-04-29T14:46:59.239+0000] {processor.py:161} INFO - Started process (PID=2785) to work on /opt/airflow/dags/pipeline_dag.py
[2026-04-29T14:46:59.242+0000] {processor.py:830} INFO - Processing file /opt/airflow/dags/pipeline_dag.py for tasks to queue
[2026-04-29T14:46:59.251+0000] {logging_mixin.py:188} INFO - [2026-04-29T14:46:59.250+0000] {dagbag.py:545} INFO - Filling up the DagBag from /opt/airflow/dags/pipeline_dag.py
[2026-04-29T14:46:59.293+0000] {processor.py:840} INFO - DAG(s) 'ab_test_medallion_pipeline' retrieved from /opt/airflow/dags/pipeline_dag.py
[2026-04-29T14:46:59.371+0000] {logging_mixin.py:188} INFO - [2026-04-29T14:46:59.371+0000] {dag.py:3096} INFO - Sync 1 DAGs
[2026-04-29T14:46:59.468+0000] {logging_mixin.py:188} INFO - [2026-04-29T14:46:59.467+0000] {dag.py:3954} INFO - Setting next_dagrun for ab_test_medallion_pipeline to 2026-04-29 00:00:00+00:00, run_after=2026-04-30 00:00:00+00:00
[2026-04-29T14:46:59.549+0000] {processor.py:183} INFO - Processing /opt/airflow/dags/pipeline_dag.py took 0.344 seconds
[2026-04-29T14:47:29.928+0000] {processor.py:161} INFO - Started process (PID=2790) to work on /opt/airflow/dags/pipeline_dag.py
[2026-04-29T14:47:29.933+0000] {processor.py:830} INFO - Processing file /opt/airflow/dags/pipeline_dag.py for tasks to queue
[2026-04-29T14:47:29.941+0000] {logging_mixin.py:188} INFO - [2026-04-29T14:47:29.940+0000] {dagbag.py:545} INFO - Filling up the DagBag from /opt/airflow/dags/pipeline_dag.py
[2026-04-29T14:47:29.978+0000] {processor.py:840} INFO - DAG(s) 'ab_test_medallion_pipeline' retrieved from /opt/airflow/dags/pipeline_dag.py
[2026-04-29T14:47:30.080+0000] {logging_mixin.py:188} INFO - [2026-04-29T14:47:30.079+0000] {dag.py:3096} INFO - Sync 1 DAGs
[2026-04-29T14:47:30.131+0000] {logging_mixin.py:188} INFO - [2026-04-29T14:47:30.130+0000] {dag.py:3954} INFO - Setting next_dagrun for ab_test_medallion_pipeline to 2026-04-29 00:00:00+00:00, run_after=2026-04-30 00:00:00+00:00
[2026-04-29T14:47:30.179+0000] {processor.py:183} INFO - Processing /opt/airflow/dags/pipeline_dag.py took 0.275 seconds
[2026-04-29T14:48:00.508+0000] {processor.py:161} INFO - Started process (PID=2795) to work on /opt/airflow/dags/pipeline_dag.py
[2026-04-29T14:48:00.509+0000] {processor.py:830} INFO - Processing file /opt/airflow/dags/pipeline_dag.py for tasks to queue
[2026-04-29T14:48:00.512+0000] {logging_mixin.py:188} INFO - [2026-04-29T14:48:00.512+0000] {dagbag.py:545} INFO - Filling up the DagBag from /opt/airflow/dags/pipeline_dag.py
[2026-04-29T14:48:00.572+0000] {processor.py:840} INFO - DAG(s) 'ab_test_medallion_pipeline' retrieved from /opt/airflow/dags/pipeline_dag.py
[2026-04-29T14:48:00.648+0000] {logging_mixin.py:188} INFO - [2026-04-29T14:48:00.647+0000] {dag.py:3096} INFO - Sync 1 DAGs
[2026-04-29T14:48:00.708+0000] {logging_mixin.py:188} INFO - [2026-04-29T14:48:00.707+0000] {dag.py:3954} INFO - Setting next_dagrun for ab_test_medallion_pipeline to 2026-04-29 00:00:00+00:00, run_after=2026-04-30 00:00:00+00:00
[2026-04-29T14:48:00.750+0000] {processor.py:183} INFO - Processing /opt/airflow/dags/pipeline_dag.py took 0.255 seconds
[2026-04-29T14:48:31.095+0000] {processor.py:161} INFO - Started process (PID=2800) to work on /opt/airflow/dags/pipeline_dag.py
[2026-04-29T14:48:31.098+0000] {processor.py:830} INFO - Processing file /opt/airflow/dags/pipeline_dag.py for tasks to queue
[2026-04-29T14:48:31.101+0000] {logging_mixin.py:188} INFO - [2026-04-29T14:48:31.100+0000] {dagbag.py:545} INFO - Filling up the DagBag from /opt/airflow/dags/pipeline_dag.py
[2026-04-29T14:48:31.128+0000] {processor.py:840} INFO - DAG(s) 'ab_test_medallion_pipeline' retrieved from /opt/airflow/dags/pipeline_dag.py
[2026-04-29T14:48:31.235+0000] {logging_mixin.py:188} INFO - [2026-04-29T14:48:31.234+0000] {dag.py:3096} INFO - Sync 1 DAGs
[2026-04-29T14:48:31.284+0000] {logging_mixin.py:188} INFO - [2026-04-29T14:48:31.284+0000] {dag.py:3954} INFO - Setting next_dagrun for ab_test_medallion_pipeline to 2026-04-29 00:00:00+00:00, run_after=2026-04-30 00:00:00+00:00
[2026-04-29T14:48:31.406+0000] {processor.py:183} INFO - Processing /opt/airflow/dags/pipeline_dag.py took 0.326 seconds
[2026-04-29T14:49:01.801+0000] {processor.py:161} INFO - Started process (PID=2805) to work on /opt/airflow/dags/pipeline_dag.py
[2026-04-29T14:49:01.802+0000] {processor.py:830} INFO - Processing file /opt/airflow/dags/pipeline_dag.py for tasks to queue
[2026-04-29T14:49:01.808+0000] {logging_mixin.py:188} INFO - [2026-04-29T14:49:01.806+0000] {dagbag.py:545} INFO - Filling up the DagBag from /opt/airflow/dags/pipeline_dag.py
[2026-04-29T14:49:01.860+0000] {processor.py:840} INFO - DAG(s) 'ab_test_medallion_pipeline' retrieved from /opt/airflow/dags/pipeline_dag.py
[2026-04-29T14:49:02.002+0000] {logging_mixin.py:188} INFO - [2026-04-29T14:49:02.002+0000] {dag.py:3096} INFO - Sync 1 DAGs
[2026-04-29T14:49:02.097+0000] {logging_mixin.py:188} INFO - [2026-04-29T14:49:02.097+0000] {dag.py:3954} INFO - Setting next_dagrun for ab_test_medallion_pipeline to 2026-04-29 00:00:00+00:00, run_after=2026-04-30 00:00:00+00:00
[2026-04-29T14:49:02.152+0000] {processor.py:183} INFO - Processing /opt/airflow/dags/pipeline_dag.py took 0.367 seconds
[2026-04-29T14:49:32.497+0000] {processor.py:161} INFO - Started process (PID=2810) to work on /opt/airflow/dags/pipeline_dag.py
[2026-04-29T14:49:32.501+0000] {processor.py:830} INFO - Processing file /opt/airflow/dags/pipeline_dag.py for tasks to queue
[2026-04-29T14:49:32.507+0000] {logging_mixin.py:188} INFO - [2026-04-29T14:49:32.504+0000] {dagbag.py:545} INFO - Filling up the DagBag from /opt/airflow/dags/pipeline_dag.py
[2026-04-29T14:49:32.548+0000] {processor.py:840} INFO - DAG(s) 'ab_test_medallion_pipeline' retrieved from /opt/airflow/dags/pipeline_dag.py
[2026-04-29T14:49:32.643+0000] {logging_mixin.py:188} INFO - [2026-04-29T14:49:32.643+0000] {dag.py:3096} INFO - Sync 1 DAGs
[2026-04-29T14:49:32.701+0000] {logging_mixin.py:188} INFO - [2026-04-29T14:49:32.700+0000] {dag.py:3954} INFO - Setting next_dagrun for ab_test_medallion_pipeline to 2026-04-29 00:00:00+00:00, run_after=2026-04-30 00:00:00+00:00
[2026-04-29T14:49:32.734+0000] {processor.py:183} INFO - Processing /opt/airflow/dags/pipeline_dag.py took 0.251 seconds
[2026-04-29T14:50:02.797+0000] {processor.py:161} INFO - Started process (PID=2815) to work on /opt/airflow/dags/pipeline_dag.py
[2026-04-29T14:50:02.800+0000] {processor.py:830} INFO - Processing file /opt/airflow/dags/pipeline_dag.py for tasks to queue
[2026-04-29T14:50:02.804+0000] {logging_mixin.py:188} INFO - [2026-04-29T14:50:02.803+0000] {dagbag.py:545} INFO - Filling up the DagBag from /opt/airflow/dags/pipeline_dag.py
[2026-04-29T14:50:02.835+0000] {processor.py:840} INFO - DAG(s) 'ab_test_medallion_pipeline' retrieved from /opt/airflow/dags/pipeline_dag.py
[2026-04-29T14:50:02.960+0000] {logging_mixin.py:188} INFO - [2026-04-29T14:50:02.959+0000] {dag.py:3096} INFO - Sync 1 DAGs
[2026-04-29T14:50:03.055+0000] {logging_mixin.py:188} INFO - [2026-04-29T14:50:03.053+0000] {dag.py:3954} INFO - Setting next_dagrun for ab_test_medallion_pipeline to 2026-04-29 00:00:00+00:00, run_after=2026-04-30 00:00:00+00:00
[2026-04-29T14:50:03.113+0000] {processor.py:183} INFO - Processing /opt/airflow/dags/pipeline_dag.py took 0.326 seconds
[2026-04-29T14:50:33.463+0000] {processor.py:161} INFO - Started process (PID=2820) to work on /opt/airflow/dags/pipeline_dag.py
[2026-04-29T14:50:33.465+0000] {processor.py:830} INFO - Processing file /opt/airflow/dags/pipeline_dag.py for tasks to queue
[2026-04-29T14:50:33.470+0000] {logging_mixin.py:188} INFO - [2026-04-29T14:50:33.469+0000] {dagbag.py:545} INFO - Filling up the DagBag from /opt/airflow/dags/pipeline_dag.py
[2026-04-29T14:50:33.543+0000] {processor.py:840} INFO - DAG(s) 'ab_test_medallion_pipeline' retrieved from /opt/airflow/dags/pipeline_dag.py
[2026-04-29T14:50:33.621+0000] {logging_mixin.py:188} INFO - [2026-04-29T14:50:33.621+0000] {dag.py:3096} INFO - Sync 1 DAGs
[2026-04-29T14:50:33.839+0000] {logging_mixin.py:188} INFO - [2026-04-29T14:50:33.838+0000] {dag.py:3954} INFO - Setting next_dagrun for ab_test_medallion_pipeline to 2026-04-29 00:00:00+00:00, run_after=2026-04-30 00:00:00+00:00
[2026-04-29T14:50:34.078+0000] {processor.py:183} INFO - Processing /opt/airflow/dags/pipeline_dag.py took 0.630 seconds
[2026-04-29T14:51:04.649+0000] {processor.py:161} INFO - Started process (PID=2825) to work on /opt/airflow/dags/pipeline_dag.py
[2026-04-29T14:51:04.656+0000] {processor.py:830} INFO - Processing file /opt/airflow/dags/pipeline_dag.py for tasks to queue
[2026-04-29T14:51:04.665+0000] {logging_mixin.py:188} INFO - [2026-04-29T14:51:04.664+0000] {dagbag.py:545} INFO - Filling up the DagBag from /opt/airflow/dags/pipeline_dag.py
[2026-04-29T14:51:04.712+0000] {processor.py:840} INFO - DAG(s) 'ab_test_medallion_pipeline' retrieved from /opt/airflow/dags/pipeline_dag.py
[2026-04-29T14:51:04.836+0000] {logging_mixin.py:188} INFO - [2026-04-29T14:51:04.836+0000] {dag.py:3096} INFO - Sync 1 DAGs
[2026-04-29T14:51:04.901+0000] {logging_mixin.py:188} INFO - [2026-04-29T14:51:04.901+0000] {dag.py:3954} INFO - Setting next_dagrun for ab_test_medallion_pipeline to 2026-04-29 00:00:00+00:00, run_after=2026-04-30 00:00:00+00:00
[2026-04-29T14:51:04.941+0000] {processor.py:183} INFO - Processing /opt/airflow/dags/pipeline_dag.py took 0.315 seconds
[2026-04-29T14:51:35.197+0000] {processor.py:161} INFO - Started process (PID=2830) to work on /opt/airflow/dags/pipeline_dag.py
[2026-04-29T14:51:35.201+0000] {processor.py:830} INFO - Processing file /opt/airflow/dags/pipeline_dag.py for tasks to queue
[2026-04-29T14:51:35.206+0000] {logging_mixin.py:188} INFO - [2026-04-29T14:51:35.205+0000] {dagbag.py:545} INFO - Filling up the DagBag from /opt/airflow/dags/pipeline_dag.py
[2026-04-29T14:51:35.248+0000] {processor.py:840} INFO - DAG(s) 'ab_test_medallion_pipeline' retrieved from /opt/airflow/dags/pipeline_dag.py
[2026-04-29T14:51:35.370+0000] {logging_mixin.py:188} INFO - [2026-04-29T14:51:35.369+0000] {dag.py:3096} INFO - Sync 1 DAGs
[2026-04-29T14:51:35.519+0000] {logging_mixin.py:188} INFO - [2026-04-29T14:51:35.517+0000] {dag.py:3954} INFO - Setting next_dagrun for ab_test_medallion_pipeline to 2026-04-29 00:00:00+00:00, run_after=2026-04-30 00:00:00+00:00
[2026-04-29T14:51:35.596+0000] {processor.py:183} INFO - Processing /opt/airflow/dags/pipeline_dag.py took 0.420 seconds
[2026-04-29T14:52:06.009+0000] {processor.py:161} INFO - Started process (PID=2835) to work on /opt/airflow/dags/pipeline_dag.py
[2026-04-29T14:52:06.016+0000] {processor.py:830} INFO - Processing file /opt/airflow/dags/pipeline_dag.py for tasks to queue
[2026-04-29T14:52:06.021+0000] {logging_mixin.py:188} INFO - [2026-04-29T14:52:06.020+0000] {dagbag.py:545} INFO - Filling up the DagBag from /opt/airflow/dags/pipeline_dag.py
[2026-04-29T14:52:06.069+0000] {processor.py:840} INFO - DAG(s) 'ab_test_medallion_pipeline' retrieved from /opt/airflow/dags/pipeline_dag.py
[2026-04-29T14:52:06.139+0000] {logging_mixin.py:188} INFO - [2026-04-29T14:52:06.138+0000] {dag.py:3096} INFO - Sync 1 DAGs
[2026-04-29T14:52:06.189+0000] {logging_mixin.py:188} INFO - [2026-04-29T14:52:06.188+0000] {dag.py:3954} INFO - Setting next_dagrun for ab_test_medallion_pipeline to 2026-04-29 00:00:00+00:00, run_after=2026-04-30 00:00:00+00:00
[2026-04-29T14:52:06.308+0000] {processor.py:183} INFO - Processing /opt/airflow/dags/pipeline_dag.py took 0.352 seconds
[2026-04-29T14:52:36.752+0000] {processor.py:161} INFO - Started process (PID=2840) to work on /opt/airflow/dags/pipeline_dag.py
[2026-04-29T14:52:36.759+0000] {processor.py:830} INFO - Processing file /opt/airflow/dags/pipeline_dag.py for tasks to queue
[2026-04-29T14:52:36.775+0000] {logging_mixin.py:188} INFO - [2026-04-29T14:52:36.774+0000] {dagbag.py:545} INFO - Filling up the DagBag from /opt/airflow/dags/pipeline_dag.py
[2026-04-29T14:52:37.131+0000] {processor.py:840} INFO - DAG(s) 'ab_test_medallion_pipeline' retrieved from /opt/airflow/dags/pipeline_dag.py
[2026-04-29T14:52:37.362+0000] {logging_mixin.py:188} INFO - [2026-04-29T14:52:37.362+0000] {dag.py:3096} INFO - Sync 1 DAGs
[2026-04-29T14:52:37.491+0000] {logging_mixin.py:188} INFO - [2026-04-29T14:52:37.490+0000] {dag.py:3954} INFO - Setting next_dagrun for ab_test_medallion_pipeline to 2026-04-29 00:00:00+00:00, run_after=2026-04-30 00:00:00+00:00
[2026-04-29T14:52:37.575+0000] {processor.py:183} INFO - Processing /opt/airflow/dags/pipeline_dag.py took 0.856 seconds
[2026-04-29T14:53:07.697+0000] {processor.py:161} INFO - Started process (PID=2845) to work on /opt/airflow/dags/pipeline_dag.py
[2026-04-29T14:53:07.711+0000] {processor.py:830} INFO - Processing file /opt/airflow/dags/pipeline_dag.py for tasks to queue
[2026-04-29T14:53:07.723+0000] {logging_mixin.py:188} INFO - [2026-04-29T14:53:07.721+0000] {dagbag.py:545} INFO - Filling up the DagBag from /opt/airflow/dags/pipeline_dag.py
[2026-04-29T14:53:07.847+0000] {processor.py:840} INFO - DAG(s) 'ab_test_medallion_pipeline' retrieved from /opt/airflow/dags/pipeline_dag.py
[2026-04-29T14:53:08.131+0000] {logging_mixin.py:188} INFO - [2026-04-29T14:53:08.130+0000] {dag.py:3096} INFO - Sync 1 DAGs
[2026-04-29T14:53:08.219+0000] {logging_mixin.py:188} INFO - [2026-04-29T14:53:08.219+0000] {dag.py:3954} INFO - Setting next_dagrun for ab_test_medallion_pipeline to 2026-04-29 00:00:00+00:00, run_after=2026-04-30 00:00:00+00:00
[2026-04-29T14:53:08.265+0000] {processor.py:183} INFO - Processing /opt/airflow/dags/pipeline_dag.py took 0.584 seconds
[2026-04-29T14:53:38.414+0000] {processor.py:161} INFO - Started process (PID=2850) to work on /opt/airflow/dags/pipeline_dag.py
[2026-04-29T14:53:38.417+0000] {processor.py:830} INFO - Processing file /opt/airflow/dags/pipeline_dag.py for tasks to queue
[2026-04-29T14:53:38.442+0000] {logging_mixin.py:188} INFO - [2026-04-29T14:53:38.438+0000] {dagbag.py:545} INFO - Filling up the DagBag from /opt/airflow/dags/pipeline_dag.py
[2026-04-29T14:53:38.769+0000] {processor.py:840} INFO - DAG(s) 'ab_test_medallion_pipeline' retrieved from /opt/airflow/dags/pipeline_dag.py
[2026-04-29T14:53:38.942+0000] {logging_mixin.py:188} INFO - [2026-04-29T14:53:38.941+0000] {dag.py:3096} INFO - Sync 1 DAGs
[2026-04-29T14:53:39.071+0000] {logging_mixin.py:188} INFO - [2026-04-29T14:53:39.070+0000] {dag.py:3954} INFO - Setting next_dagrun for ab_test_medallion_pipeline to 2026-04-29 00:00:00+00:00, run_after=2026-04-30 00:00:00+00:00
[2026-04-29T14:53:39.153+0000] {processor.py:183} INFO - Processing /opt/airflow/dags/pipeline_dag.py took 0.821 seconds
[2026-04-29T14:54:09.921+0000] {processor.py:161} INFO - Started process (PID=2855) to work on /opt/airflow/dags/pipeline_dag.py
[2026-04-29T14:54:09.932+0000] {processor.py:830} INFO - Processing file /opt/airflow/dags/pipeline_dag.py for tasks to queue
[2026-04-29T14:54:09.959+0000] {logging_mixin.py:188} INFO - [2026-04-29T14:54:09.956+0000] {dagbag.py:545} INFO - Filling up the DagBag from /opt/airflow/dags/pipeline_dag.py
[2026-04-29T14:54:10.030+0000] {processor.py:840} INFO - DAG(s) 'ab_test_medallion_pipeline' retrieved from /opt/airflow/dags/pipeline_dag.py
[2026-04-29T14:54:10.188+0000] {logging_mixin.py:188} INFO - [2026-04-29T14:54:10.188+0000] {dag.py:3096} INFO - Sync 1 DAGs
[2026-04-29T14:54:10.353+0000] {logging_mixin.py:188} INFO - [2026-04-29T14:54:10.352+0000] {dag.py:3954} INFO - Setting next_dagrun for ab_test_medallion_pipeline to 2026-04-29 00:00:00+00:00, run_after=2026-04-30 00:00:00+00:00
[2026-04-29T14:54:10.406+0000] {processor.py:183} INFO - Processing /opt/airflow/dags/pipeline_dag.py took 0.504 seconds
[2026-04-29T14:54:40.730+0000] {processor.py:161} INFO - Started process (PID=2860) to work on /opt/airflow/dags/pipeline_dag.py
[2026-04-29T14:54:40.732+0000] {processor.py:830} INFO - Processing file /opt/airflow/dags/pipeline_dag.py for tasks to queue
[2026-04-29T14:54:40.736+0000] {logging_mixin.py:188} INFO - [2026-04-29T14:54:40.736+0000] {dagbag.py:545} INFO - Filling up the DagBag from /opt/airflow/dags/pipeline_dag.py
[2026-04-29T14:54:40.783+0000] {processor.py:840} INFO - DAG(s) 'ab_test_medallion_pipeline' retrieved from /opt/airflow/dags/pipeline_dag.py
[2026-04-29T14:54:40.905+0000] {logging_mixin.py:188} INFO - [2026-04-29T14:54:40.904+0000] {dag.py:3096} INFO - Sync 1 DAGs
[2026-04-29T14:54:40.987+0000] {logging_mixin.py:188} INFO - [2026-04-29T14:54:40.986+0000] {dag.py:3954} INFO - Setting next_dagrun for ab_test_medallion_pipeline to 2026-04-29 00:00:00+00:00, run_after=2026-04-30 00:00:00+00:00
[2026-04-29T14:54:41.026+0000] {processor.py:183} INFO - Processing /opt/airflow/dags/pipeline_dag.py took 0.319 seconds
[2026-04-29T14:55:11.366+0000] {processor.py:161} INFO - Started process (PID=2865) to work on /opt/airflow/dags/pipeline_dag.py
[2026-04-29T14:55:11.367+0000] {processor.py:830} INFO - Processing file /opt/airflow/dags/pipeline_dag.py for tasks to queue
[2026-04-29T14:55:11.374+0000] {logging_mixin.py:188} INFO - [2026-04-29T14:55:11.373+0000] {dagbag.py:545} INFO - Filling up the DagBag from /opt/airflow/dags/pipeline_dag.py
[2026-04-29T14:55:11.445+0000] {processor.py:840} INFO - DAG(s) 'ab_test_medallion_pipeline' retrieved from /opt/airflow/dags/pipeline_dag.py
[2026-04-29T14:55:11.616+0000] {logging_mixin.py:188} INFO - [2026-04-29T14:55:11.615+0000] {dag.py:3096} INFO - Sync 1 DAGs
[2026-04-29T14:55:11.715+0000] {logging_mixin.py:188} INFO - [2026-04-29T14:55:11.714+0000] {dag.py:3954} INFO - Setting next_dagrun for ab_test_medallion_pipeline to 2026-04-29 00:00:00+00:00, run_after=2026-04-30 00:00:00+00:00
[2026-04-29T14:55:12.107+0000] {processor.py:183} INFO - Processing /opt/airflow/dags/pipeline_dag.py took 0.759 seconds
[2026-04-29T14:55:42.406+0000] {processor.py:161} INFO - Started process (PID=2870) to work on /opt/airflow/dags/pipeline_dag.py
[2026-04-29T14:55:42.421+0000] {processor.py:830} INFO - Processing file /opt/airflow/dags/pipeline_dag.py for tasks to queue
[2026-04-29T14:55:42.436+0000] {logging_mixin.py:188} INFO - [2026-04-29T14:55:42.435+0000] {dagbag.py:545} INFO - Filling up the DagBag from /opt/airflow/dags/pipeline_dag.py
[2026-04-29T14:55:42.505+0000] {processor.py:840} INFO - DAG(s) 'ab_test_medallion_pipeline' retrieved from /opt/airflow/dags/pipeline_dag.py
[2026-04-29T14:55:42.603+0000] {logging_mixin.py:188} INFO - [2026-04-29T14:55:42.603+0000] {dag.py:3096} INFO - Sync 1 DAGs
[2026-04-29T14:55:42.702+0000] {logging_mixin.py:188} INFO - [2026-04-29T14:55:42.702+0000] {dag.py:3954} INFO - Setting next_dagrun for ab_test_medallion_pipeline to 2026-04-29 00:00:00+00:00, run_after=2026-04-30 00:00:00+00:00
[2026-04-29T14:55:42.825+0000] {processor.py:183} INFO - Processing /opt/airflow/dags/pipeline_dag.py took 0.493 seconds
[2026-04-29T14:56:13.223+0000] {processor.py:161} INFO - Started process (PID=2875) to work on /opt/airflow/dags/pipeline_dag.py
[2026-04-29T14:56:13.225+0000] {processor.py:830} INFO - Processing file /opt/airflow/dags/pipeline_dag.py for tasks to queue
[2026-04-29T14:56:13.229+0000] {logging_mixin.py:188} INFO - [2026-04-29T14:56:13.228+0000] {dagbag.py:545} INFO - Filling up the DagBag from /opt/airflow/dags/pipeline_dag.py
[2026-04-29T14:56:13.251+0000] {processor.py:840} INFO - DAG(s) 'ab_test_medallion_pipeline' retrieved from /opt/airflow/dags/pipeline_dag.py
[2026-04-29T14:56:13.328+0000] {logging_mixin.py:188} INFO - [2026-04-29T14:56:13.327+0000] {dag.py:3096} INFO - Sync 1 DAGs
[2026-04-29T14:56:13.387+0000] {logging_mixin.py:188} INFO - [2026-04-29T14:56:13.386+0000] {dag.py:3954} INFO - Setting next_dagrun for ab_test_medallion_pipeline to 2026-04-29 00:00:00+00:00, run_after=2026-04-30 00:00:00+00:00
[2026-04-29T14:56:13.432+0000] {processor.py:183} INFO - Processing /opt/airflow/dags/pipeline_dag.py took 0.222 seconds
[2026-04-29T14:56:43.548+0000] {processor.py:161} INFO - Started process (PID=2880) to work on /opt/airflow/dags/pipeline_dag.py
[2026-04-29T14:56:43.550+0000] {processor.py:830} INFO - Processing file /opt/airflow/dags/pipeline_dag.py for tasks to queue
[2026-04-29T14:56:43.553+0000] {logging_mixin.py:188} INFO - [2026-04-29T14:56:43.552+0000] {dagbag.py:545} INFO - Filling up the DagBag from /opt/airflow/dags/pipeline_dag.py
[2026-04-29T14:56:43.586+0000] {processor.py:840} INFO - DAG(s) 'ab_test_medallion_pipeline' retrieved from /opt/airflow/dags/pipeline_dag.py
[2026-04-29T14:56:43.646+0000] {logging_mixin.py:188} INFO - [2026-04-29T14:56:43.646+0000] {dag.py:3096} INFO - Sync 1 DAGs
[2026-04-29T14:56:43.685+0000] {logging_mixin.py:188} INFO - [2026-04-29T14:56:43.685+0000] {dag.py:3954} INFO - Setting next_dagrun for ab_test_medallion_pipeline to 2026-04-29 00:00:00+00:00, run_after=2026-04-30 00:00:00+00:00
[2026-04-29T14:56:43.772+0000] {processor.py:183} INFO - Processing /opt/airflow/dags/pipeline_dag.py took 0.234 seconds
[2026-04-29T14:57:14.157+0000] {processor.py:161} INFO - Started process (PID=2885) to work on /opt/airflow/dags/pipeline_dag.py
[2026-04-29T14:57:14.159+0000] {processor.py:830} INFO - Processing file /opt/airflow/dags/pipeline_dag.py for tasks to queue
[2026-04-29T14:57:14.163+0000] {logging_mixin.py:188} INFO - [2026-04-29T14:57:14.162+0000] {dagbag.py:545} INFO - Filling up the DagBag from /opt/airflow/dags/pipeline_dag.py
[2026-04-29T14:57:14.185+0000] {processor.py:840} INFO - DAG(s) 'ab_test_medallion_pipeline' retrieved from /opt/airflow/dags/pipeline_dag.py
[2026-04-29T14:57:14.229+0000] {logging_mixin.py:188} INFO - [2026-04-29T14:57:14.229+0000] {dag.py:3096} INFO - Sync 1 DAGs
[2026-04-29T14:57:14.269+0000] {logging_mixin.py:188} INFO - [2026-04-29T14:57:14.268+0000] {dag.py:3954} INFO - Setting next_dagrun for ab_test_medallion_pipeline to 2026-04-29 00:00:00+00:00, run_after=2026-04-30 00:00:00+00:00
[2026-04-29T14:57:14.306+0000] {processor.py:183} INFO - Processing /opt/airflow/dags/pipeline_dag.py took 0.161 seconds
[2026-04-29T14:57:44.486+0000] {processor.py:161} INFO - Started process (PID=2890) to work on /opt/airflow/dags/pipeline_dag.py
[2026-04-29T14:57:44.490+0000] {processor.py:830} INFO - Processing file /opt/airflow/dags/pipeline_dag.py for tasks to queue
[2026-04-29T14:57:44.494+0000] {logging_mixin.py:188} INFO - [2026-04-29T14:57:44.493+0000] {dagbag.py:545} INFO - Filling up the DagBag from /opt/airflow/dags/pipeline_dag.py
[2026-04-29T14:57:44.526+0000] {processor.py:840} INFO - DAG(s) 'ab_test_medallion_pipeline' retrieved from /opt/airflow/dags/pipeline_dag.py
[2026-04-29T14:57:44.615+0000] {logging_mixin.py:188} INFO - [2026-04-29T14:57:44.614+0000] {dag.py:3096} INFO - Sync 1 DAGs
[2026-04-29T14:57:44.687+0000] {logging_mixin.py:188} INFO - [2026-04-29T14:57:44.687+0000] {dag.py:3954} INFO - Setting next_dagrun for ab_test_medallion_pipeline to 2026-04-29 00:00:00+00:00, run_after=2026-04-30 00:00:00+00:00
[2026-04-29T14:57:44.716+0000] {processor.py:183} INFO - Processing /opt/airflow/dags/pipeline_dag.py took 0.259 seconds
[2026-04-29T14:58:15.021+0000] {processor.py:161} INFO - Started process (PID=2895) to work on /opt/airflow/dags/pipeline_dag.py
[2026-04-29T14:58:15.023+0000] {processor.py:830} INFO - Processing file /opt/airflow/dags/pipeline_dag.py for tasks to queue
[2026-04-29T14:58:15.026+0000] {logging_mixin.py:188} INFO - [2026-04-29T14:58:15.025+0000] {dagbag.py:545} INFO - Filling up the DagBag from /opt/airflow/dags/pipeline_dag.py
[2026-04-29T14:58:15.051+0000] {processor.py:840} INFO - DAG(s) 'ab_test_medallion_pipeline' retrieved from /opt/airflow/dags/pipeline_dag.py
[2026-04-29T14:58:15.110+0000] {logging_mixin.py:188} INFO - [2026-04-29T14:58:15.109+0000] {dag.py:3096} INFO - Sync 1 DAGs
[2026-04-29T14:58:15.146+0000] {logging_mixin.py:188} INFO - [2026-04-29T14:58:15.146+0000] {dag.py:3954} INFO - Setting next_dagrun for ab_test_medallion_pipeline to 2026-04-29 00:00:00+00:00, run_after=2026-04-30 00:00:00+00:00
[2026-04-29T14:58:15.180+0000] {processor.py:183} INFO - Processing /opt/airflow/dags/pipeline_dag.py took 0.170 seconds
[2026-04-29T14:58:45.397+0000] {processor.py:161} INFO - Started process (PID=2900) to work on /opt/airflow/dags/pipeline_dag.py
[2026-04-29T14:58:45.399+0000] {processor.py:830} INFO - Processing file /opt/airflow/dags/pipeline_dag.py for tasks to queue
[2026-04-29T14:58:45.413+0000] {logging_mixin.py:188} INFO - [2026-04-29T14:58:45.412+0000] {dagbag.py:545} INFO - Filling up the DagBag from /opt/airflow/dags/pipeline_dag.py
[2026-04-29T14:58:45.493+0000] {processor.py:840} INFO - DAG(s) 'ab_test_medallion_pipeline' retrieved from /opt/airflow/dags/pipeline_dag.py
[2026-04-29T14:58:45.631+0000] {logging_mixin.py:188} INFO - [2026-04-29T14:58:45.630+0000] {dag.py:3096} INFO - Sync 1 DAGs
[2026-04-29T14:58:45.785+0000] {logging_mixin.py:188} INFO - [2026-04-29T14:58:45.784+0000] {dag.py:3954} INFO - Setting next_dagrun for ab_test_medallion_pipeline to 2026-04-29 00:00:00+00:00, run_after=2026-04-30 00:00:00+00:00
[2026-04-29T14:58:45.884+0000] {processor.py:183} INFO - Processing /opt/airflow/dags/pipeline_dag.py took 0.529 seconds
[2026-04-29T14:59:16.234+0000] {processor.py:161} INFO - Started process (PID=2905) to work on /opt/airflow/dags/pipeline_dag.py
[2026-04-29T14:59:16.238+0000] {processor.py:830} INFO - Processing file /opt/airflow/dags/pipeline_dag.py for tasks to queue
[2026-04-29T14:59:16.241+0000] {logging_mixin.py:188} INFO - [2026-04-29T14:59:16.240+0000] {dagbag.py:545} INFO - Filling up the DagBag from /opt/airflow/dags/pipeline_dag.py
[2026-04-29T14:59:16.268+0000] {processor.py:840} INFO - DAG(s) 'ab_test_medallion_pipeline' retrieved from /opt/airflow/dags/pipeline_dag.py
[2026-04-29T14:59:16.323+0000] {logging_mixin.py:188} INFO - [2026-04-29T14:59:16.323+0000] {dag.py:3096} INFO - Sync 1 DAGs
[2026-04-29T14:59:16.372+0000] {logging_mixin.py:188} INFO - [2026-04-29T14:59:16.372+0000] {dag.py:3954} INFO - Setting next_dagrun for ab_test_medallion_pipeline to 2026-04-29 00:00:00+00:00, run_after=2026-04-30 00:00:00+00:00
[2026-04-29T14:59:16.418+0000] {processor.py:183} INFO - Processing /opt/airflow/dags/pipeline_dag.py took 0.197 seconds
[2026-04-29T14:59:46.544+0000] {processor.py:161} INFO - Started process (PID=2910) to work on /opt/airflow/dags/pipeline_dag.py
[2026-04-29T14:59:46.546+0000] {processor.py:830} INFO - Processing file /opt/airflow/dags/pipeline_dag.py for tasks to queue
[2026-04-29T14:59:46.551+0000] {logging_mixin.py:188} INFO - [2026-04-29T14:59:46.551+0000] {dagbag.py:545} INFO - Filling up the DagBag from /opt/airflow/dags/pipeline_dag.py
[2026-04-29T14:59:46.581+0000] {processor.py:840} INFO - DAG(s) 'ab_test_medallion_pipeline' retrieved from /opt/airflow/dags/pipeline_dag.py
[2026-04-29T14:59:46.650+0000] {logging_mixin.py:188} INFO - [2026-04-29T14:59:46.650+0000] {dag.py:3096} INFO - Sync 1 DAGs
[2026-04-29T14:59:46.698+0000] {logging_mixin.py:188} INFO - [2026-04-29T14:59:46.697+0000] {dag.py:3954} INFO - Setting next_dagrun for ab_test_medallion_pipeline to 2026-04-29 00:00:00+00:00, run_after=2026-04-30 00:00:00+00:00
[2026-04-29T14:59:46.772+0000] {processor.py:183} INFO - Processing /opt/airflow/dags/pipeline_dag.py took 0.244 seconds
[2026-04-29T15:00:17.007+0000] {processor.py:161} INFO - Started process (PID=2915) to work on /opt/airflow/dags/pipeline_dag.py
[2026-04-29T15:00:17.012+0000] {processor.py:830} INFO - Processing file /opt/airflow/dags/pipeline_dag.py for tasks to queue
[2026-04-29T15:00:17.018+0000] {logging_mixin.py:188} INFO - [2026-04-29T15:00:17.017+0000] {dagbag.py:545} INFO - Filling up the DagBag from /opt/airflow/dags/pipeline_dag.py
[2026-04-29T15:00:17.050+0000] {processor.py:840} INFO - DAG(s) 'ab_test_medallion_pipeline' retrieved from /opt/airflow/dags/pipeline_dag.py
[2026-04-29T15:00:17.169+0000] {logging_mixin.py:188} INFO - [2026-04-29T15:00:17.169+0000] {dag.py:3096} INFO - Sync 1 DAGs
[2026-04-29T15:00:17.294+0000] {logging_mixin.py:188} INFO - [2026-04-29T15:00:17.294+0000] {dag.py:3954} INFO - Setting next_dagrun for ab_test_medallion_pipeline to 2026-04-29 00:00:00+00:00, run_after=2026-04-30 00:00:00+00:00
[2026-04-29T15:00:17.368+0000] {processor.py:183} INFO - Processing /opt/airflow/dags/pipeline_dag.py took 0.378 seconds
[2026-04-29T15:00:47.693+0000] {processor.py:161} INFO - Started process (PID=2920) to work on /opt/airflow/dags/pipeline_dag.py
[2026-04-29T15:00:47.699+0000] {processor.py:830} INFO - Processing file /opt/airflow/dags/pipeline_dag.py for tasks to queue
[2026-04-29T15:00:47.705+0000] {logging_mixin.py:188} INFO - [2026-04-29T15:00:47.704+0000] {dagbag.py:545} INFO - Filling up the DagBag from /opt/airflow/dags/pipeline_dag.py
[2026-04-29T15:00:47.750+0000] {processor.py:840} INFO - DAG(s) 'ab_test_medallion_pipeline' retrieved from /opt/airflow/dags/pipeline_dag.py
[2026-04-29T15:00:47.859+0000] {logging_mixin.py:188} INFO - [2026-04-29T15:00:47.858+0000] {dag.py:3096} INFO - Sync 1 DAGs
[2026-04-29T15:00:47.909+0000] {logging_mixin.py:188} INFO - [2026-04-29T15:00:47.909+0000] {dag.py:3954} INFO - Setting next_dagrun for ab_test_medallion_pipeline to 2026-04-29 00:00:00+00:00, run_after=2026-04-30 00:00:00+00:00
[2026-04-29T15:00:47.948+0000] {processor.py:183} INFO - Processing /opt/airflow/dags/pipeline_dag.py took 0.273 seconds
[2026-04-29T15:01:18.268+0000] {processor.py:161} INFO - Started process (PID=2925) to work on /opt/airflow/dags/pipeline_dag.py
[2026-04-29T15:01:18.270+0000] {processor.py:830} INFO - Processing file /opt/airflow/dags/pipeline_dag.py for tasks to queue
[2026-04-29T15:01:18.273+0000] {logging_mixin.py:188} INFO - [2026-04-29T15:01:18.273+0000] {dagbag.py:545} INFO - Filling up the DagBag from /opt/airflow/dags/pipeline_dag.py
[2026-04-29T15:01:18.304+0000] {processor.py:840} INFO - DAG(s) 'ab_test_medallion_pipeline' retrieved from /opt/airflow/dags/pipeline_dag.py
[2026-04-29T15:01:18.365+0000] {logging_mixin.py:188} INFO - [2026-04-29T15:01:18.365+0000] {dag.py:3096} INFO - Sync 1 DAGs
[2026-04-29T15:01:18.408+0000] {logging_mixin.py:188} INFO - [2026-04-29T15:01:18.407+0000] {dag.py:3954} INFO - Setting next_dagrun for ab_test_medallion_pipeline to 2026-04-29 00:00:00+00:00, run_after=2026-04-30 00:00:00+00:00
[2026-04-29T15:01:18.449+0000] {processor.py:183} INFO - Processing /opt/airflow/dags/pipeline_dag.py took 0.193 seconds
[2026-04-29T15:01:48.570+0000] {processor.py:161} INFO - Started process (PID=2930) to work on /opt/airflow/dags/pipeline_dag.py
[2026-04-29T15:01:48.573+0000] {processor.py:830} INFO - Processing file /opt/airflow/dags/pipeline_dag.py for tasks to queue
[2026-04-29T15:01:48.578+0000] {logging_mixin.py:188} INFO - [2026-04-29T15:01:48.577+0000] {dagbag.py:545} INFO - Filling up the DagBag from /opt/airflow/dags/pipeline_dag.py
[2026-04-29T15:01:48.609+0000] {processor.py:840} INFO - DAG(s) 'ab_test_medallion_pipeline' retrieved from /opt/airflow/dags/pipeline_dag.py
[2026-04-29T15:01:48.706+0000] {logging_mixin.py:188} INFO - [2026-04-29T15:01:48.705+0000] {dag.py:3096} INFO - Sync 1 DAGs
[2026-04-29T15:01:48.795+0000] {logging_mixin.py:188} INFO - [2026-04-29T15:01:48.794+0000] {dag.py:3954} INFO - Setting next_dagrun for ab_test_medallion_pipeline to 2026-04-29 00:00:00+00:00, run_after=2026-04-30 00:00:00+00:00
[2026-04-29T15:01:48.863+0000] {processor.py:183} INFO - Processing /opt/airflow/dags/pipeline_dag.py took 0.314 seconds
[2026-04-29T15:02:19.063+0000] {processor.py:161} INFO - Started process (PID=2935) to work on /opt/airflow/dags/pipeline_dag.py
[2026-04-29T15:02:19.066+0000] {processor.py:830} INFO - Processing file /opt/airflow/dags/pipeline_dag.py for tasks to queue
[2026-04-29T15:02:19.070+0000] {logging_mixin.py:188} INFO - [2026-04-29T15:02:19.069+0000] {dagbag.py:545} INFO - Filling up the DagBag from /opt/airflow/dags/pipeline_dag.py
[2026-04-29T15:02:19.158+0000] {processor.py:840} INFO - DAG(s) 'ab_test_medallion_pipeline' retrieved from /opt/airflow/dags/pipeline_dag.py
[2026-04-29T15:02:19.325+0000] {logging_mixin.py:188} INFO - [2026-04-29T15:02:19.325+0000] {dag.py:3096} INFO - Sync 1 DAGs
[2026-04-29T15:02:19.400+0000] {logging_mixin.py:188} INFO - [2026-04-29T15:02:19.399+0000] {dag.py:3954} INFO - Setting next_dagrun for ab_test_medallion_pipeline to 2026-04-29 00:00:00+00:00, run_after=2026-04-30 00:00:00+00:00
[2026-04-29T15:02:19.445+0000] {processor.py:183} INFO - Processing /opt/airflow/dags/pipeline_dag.py took 0.397 seconds
[2026-04-29T15:02:49.525+0000] {processor.py:161} INFO - Started process (PID=2940) to work on /opt/airflow/dags/pipeline_dag.py
[2026-04-29T15:02:49.528+0000] {processor.py:830} INFO - Processing file /opt/airflow/dags/pipeline_dag.py for tasks to queue
[2026-04-29T15:02:49.533+0000] {logging_mixin.py:188} INFO - [2026-04-29T15:02:49.533+0000] {dagbag.py:545} INFO - Filling up the DagBag from /opt/airflow/dags/pipeline_dag.py
[2026-04-29T15:02:49.560+0000] {processor.py:840} INFO - DAG(s) 'ab_test_medallion_pipeline' retrieved from /opt/airflow/dags/pipeline_dag.py
[2026-04-29T15:02:49.633+0000] {logging_mixin.py:188} INFO - [2026-04-29T15:02:49.631+0000] {dag.py:3096} INFO - Sync 1 DAGs
[2026-04-29T15:02:49.731+0000] {logging_mixin.py:188} INFO - [2026-04-29T15:02:49.730+0000] {dag.py:3954} INFO - Setting next_dagrun for ab_test_medallion_pipeline to 2026-04-29 00:00:00+00:00, run_after=2026-04-30 00:00:00+00:00
[2026-04-29T15:02:49.780+0000] {processor.py:183} INFO - Processing /opt/airflow/dags/pipeline_dag.py took 0.270 seconds
[2026-04-29T15:03:20.045+0000] {processor.py:161} INFO - Started process (PID=2945) to work on /opt/airflow/dags/pipeline_dag.py
[2026-04-29T15:03:20.046+0000] {processor.py:830} INFO - Processing file /opt/airflow/dags/pipeline_dag.py for tasks to queue
[2026-04-29T15:03:20.050+0000] {logging_mixin.py:188} INFO - [2026-04-29T15:03:20.049+0000] {dagbag.py:545} INFO - Filling up the DagBag from /opt/airflow/dags/pipeline_dag.py
[2026-04-29T15:03:20.081+0000] {processor.py:840} INFO - DAG(s) 'ab_test_medallion_pipeline' retrieved from /opt/airflow/dags/pipeline_dag.py
[2026-04-29T15:03:20.159+0000] {logging_mixin.py:188} INFO - [2026-04-29T15:03:20.158+0000] {dag.py:3096} INFO - Sync 1 DAGs
[2026-04-29T15:03:20.242+0000] {logging_mixin.py:188} INFO - [2026-04-29T15:03:20.242+0000] {dag.py:3954} INFO - Setting next_dagrun for ab_test_medallion_pipeline to 2026-04-29 00:00:00+00:00, run_after=2026-04-30 00:00:00+00:00
[2026-04-29T15:03:20.310+0000] {processor.py:183} INFO - Processing /opt/airflow/dags/pipeline_dag.py took 0.279 seconds
[2026-04-29T15:03:50.401+0000] {processor.py:161} INFO - Started process (PID=2950) to work on /opt/airflow/dags/pipeline_dag.py
[2026-04-29T15:03:50.408+0000] {processor.py:830} INFO - Processing file /opt/airflow/dags/pipeline_dag.py for tasks to queue
[2026-04-29T15:03:50.422+0000] {logging_mixin.py:188} INFO - [2026-04-29T15:03:50.420+0000] {dagbag.py:545} INFO - Filling up the DagBag from /opt/airflow/dags/pipeline_dag.py
[2026-04-29T15:03:50.607+0000] {processor.py:840} INFO - DAG(s) 'ab_test_medallion_pipeline' retrieved from /opt/airflow/dags/pipeline_dag.py
[2026-04-29T15:03:50.770+0000] {logging_mixin.py:188} INFO - [2026-04-29T15:03:50.770+0000] {dag.py:3096} INFO - Sync 1 DAGs
[2026-04-29T15:03:50.857+0000] {logging_mixin.py:188} INFO - [2026-04-29T15:03:50.856+0000] {dag.py:3954} INFO - Setting next_dagrun for ab_test_medallion_pipeline to 2026-04-29 00:00:00+00:00, run_after=2026-04-30 00:00:00+00:00
[2026-04-29T15:03:50.903+0000] {processor.py:183} INFO - Processing /opt/airflow/dags/pipeline_dag.py took 0.438 seconds
[2026-04-29T15:04:21.070+0000] {processor.py:161} INFO - Started process (PID=2955) to work on /opt/airflow/dags/pipeline_dag.py
[2026-04-29T15:04:21.074+0000] {processor.py:830} INFO - Processing file /opt/airflow/dags/pipeline_dag.py for tasks to queue
[2026-04-29T15:04:21.087+0000] {logging_mixin.py:188} INFO - [2026-04-29T15:04:21.086+0000] {dagbag.py:545} INFO - Filling up the DagBag from /opt/airflow/dags/pipeline_dag.py
[2026-04-29T15:04:21.160+0000] {processor.py:840} INFO - DAG(s) 'ab_test_medallion_pipeline' retrieved from /opt/airflow/dags/pipeline_dag.py
[2026-04-29T15:04:21.330+0000] {logging_mixin.py:188} INFO - [2026-04-29T15:04:21.330+0000] {dag.py:3096} INFO - Sync 1 DAGs
[2026-04-29T15:04:21.409+0000] {logging_mixin.py:188} INFO - [2026-04-29T15:04:21.408+0000] {dag.py:3954} INFO - Setting next_dagrun for ab_test_medallion_pipeline to 2026-04-29 00:00:00+00:00, run_after=2026-04-30 00:00:00+00:00
[2026-04-29T15:04:21.479+0000] {processor.py:183} INFO - Processing /opt/airflow/dags/pipeline_dag.py took 0.455 seconds
[2026-04-29T15:04:51.797+0000] {processor.py:161} INFO - Started process (PID=2960) to work on /opt/airflow/dags/pipeline_dag.py
[2026-04-29T15:04:51.913+0000] {processor.py:830} INFO - Processing file /opt/airflow/dags/pipeline_dag.py for tasks to queue
[2026-04-29T15:04:51.918+0000] {logging_mixin.py:188} INFO - [2026-04-29T15:04:51.918+0000] {dagbag.py:545} INFO - Filling up the DagBag from /opt/airflow/dags/pipeline_dag.py
[2026-04-29T15:04:51.955+0000] {processor.py:840} INFO - DAG(s) 'ab_test_medallion_pipeline' retrieved from /opt/airflow/dags/pipeline_dag.py
[2026-04-29T15:04:52.020+0000] {logging_mixin.py:188} INFO - [2026-04-29T15:04:52.019+0000] {dag.py:3096} INFO - Sync 1 DAGs
[2026-04-29T15:04:52.087+0000] {logging_mixin.py:188} INFO - [2026-04-29T15:04:52.086+0000] {dag.py:3954} INFO - Setting next_dagrun for ab_test_medallion_pipeline to 2026-04-29 00:00:00+00:00, run_after=2026-04-30 00:00:00+00:00
[2026-04-29T15:04:52.133+0000] {processor.py:183} INFO - Processing /opt/airflow/dags/pipeline_dag.py took 0.352 seconds
[2026-04-29T15:05:22.451+0000] {processor.py:161} INFO - Started process (PID=2965) to work on /opt/airflow/dags/pipeline_dag.py
[2026-04-29T15:05:22.453+0000] {processor.py:830} INFO - Processing file /opt/airflow/dags/pipeline_dag.py for tasks to queue
[2026-04-29T15:05:22.458+0000] {logging_mixin.py:188} INFO - [2026-04-29T15:05:22.457+0000] {dagbag.py:545} INFO - Filling up the DagBag from /opt/airflow/dags/pipeline_dag.py
[2026-04-29T15:05:22.486+0000] {processor.py:840} INFO - DAG(s) 'ab_test_medallion_pipeline' retrieved from /opt/airflow/dags/pipeline_dag.py
[2026-04-29T15:05:22.563+0000] {logging_mixin.py:188} INFO - [2026-04-29T15:05:22.563+0000] {dag.py:3096} INFO - Sync 1 DAGs
[2026-04-29T15:05:22.612+0000] {logging_mixin.py:188} INFO - [2026-04-29T15:05:22.612+0000] {dag.py:3954} INFO - Setting next_dagrun for ab_test_medallion_pipeline to 2026-04-29 00:00:00+00:00, run_after=2026-04-30 00:00:00+00:00
[2026-04-29T15:05:22.671+0000] {processor.py:183} INFO - Processing /opt/airflow/dags/pipeline_dag.py took 0.238 seconds
[2026-04-29T15:05:52.831+0000] {processor.py:161} INFO - Started process (PID=2970) to work on /opt/airflow/dags/pipeline_dag.py
[2026-04-29T15:05:52.834+0000] {processor.py:830} INFO - Processing file /opt/airflow/dags/pipeline_dag.py for tasks to queue
[2026-04-29T15:05:52.838+0000] {logging_mixin.py:188} INFO - [2026-04-29T15:05:52.837+0000] {dagbag.py:545} INFO - Filling up the DagBag from /opt/airflow/dags/pipeline_dag.py
[2026-04-29T15:05:52.916+0000] {processor.py:840} INFO - DAG(s) 'ab_test_medallion_pipeline' retrieved from /opt/airflow/dags/pipeline_dag.py
[2026-04-29T15:05:53.026+0000] {logging_mixin.py:188} INFO - [2026-04-29T15:05:53.025+0000] {dag.py:3096} INFO - Sync 1 DAGs
[2026-04-29T15:05:53.075+0000] {logging_mixin.py:188} INFO - [2026-04-29T15:05:53.075+0000] {dag.py:3954} INFO - Setting next_dagrun for ab_test_medallion_pipeline to 2026-04-29 00:00:00+00:00, run_after=2026-04-30 00:00:00+00:00
[2026-04-29T15:05:53.112+0000] {processor.py:183} INFO - Processing /opt/airflow/dags/pipeline_dag.py took 0.311 seconds
[2026-04-29T15:06:23.417+0000] {processor.py:161} INFO - Started process (PID=2975) to work on /opt/airflow/dags/pipeline_dag.py
[2026-04-29T15:06:23.420+0000] {processor.py:830} INFO - Processing file /opt/airflow/dags/pipeline_dag.py for tasks to queue
[2026-04-29T15:06:23.424+0000] {logging_mixin.py:188} INFO - [2026-04-29T15:06:23.424+0000] {dagbag.py:545} INFO - Filling up the DagBag from /opt/airflow/dags/pipeline_dag.py
[2026-04-29T15:06:23.446+0000] {processor.py:840} INFO - DAG(s) 'ab_test_medallion_pipeline' retrieved from /opt/airflow/dags/pipeline_dag.py
[2026-04-29T15:06:23.523+0000] {logging_mixin.py:188} INFO - [2026-04-29T15:06:23.522+0000] {dag.py:3096} INFO - Sync 1 DAGs
[2026-04-29T15:06:23.574+0000] {logging_mixin.py:188} INFO - [2026-04-29T15:06:23.574+0000] {dag.py:3954} INFO - Setting next_dagrun for ab_test_medallion_pipeline to 2026-04-29 00:00:00+00:00, run_after=2026-04-30 00:00:00+00:00
[2026-04-29T15:06:23.618+0000] {processor.py:183} INFO - Processing /opt/airflow/dags/pipeline_dag.py took 0.224 seconds
[2026-04-29T15:06:53.975+0000] {processor.py:161} INFO - Started process (PID=2981) to work on /opt/airflow/dags/pipeline_dag.py
[2026-04-29T15:06:53.977+0000] {processor.py:830} INFO - Processing file /opt/airflow/dags/pipeline_dag.py for tasks to queue
[2026-04-29T15:06:53.984+0000] {logging_mixin.py:188} INFO - [2026-04-29T15:06:53.983+0000] {dagbag.py:545} INFO - Filling up the DagBag from /opt/airflow/dags/pipeline_dag.py
[2026-04-29T15:06:54.083+0000] {processor.py:840} INFO - DAG(s) 'ab_test_medallion_pipeline' retrieved from /opt/airflow/dags/pipeline_dag.py
[2026-04-29T15:06:54.262+0000] {logging_mixin.py:188} INFO - [2026-04-29T15:06:54.261+0000] {dag.py:3096} INFO - Sync 1 DAGs
[2026-04-29T15:06:54.390+0000] {logging_mixin.py:188} INFO - [2026-04-29T15:06:54.389+0000] {dag.py:3954} INFO - Setting next_dagrun for ab_test_medallion_pipeline to 2026-04-29 00:00:00+00:00, run_after=2026-04-30 00:00:00+00:00
[2026-04-29T15:06:54.501+0000] {processor.py:183} INFO - Processing /opt/airflow/dags/pipeline_dag.py took 0.610 seconds
[2026-04-29T15:07:24.939+0000] {processor.py:161} INFO - Started process (PID=3041) to work on /opt/airflow/dags/pipeline_dag.py
[2026-04-29T15:07:24.958+0000] {processor.py:830} INFO - Processing file /opt/airflow/dags/pipeline_dag.py for tasks to queue
[2026-04-29T15:07:24.982+0000] {logging_mixin.py:188} INFO - [2026-04-29T15:07:24.980+0000] {dagbag.py:545} INFO - Filling up the DagBag from /opt/airflow/dags/pipeline_dag.py
[2026-04-29T15:07:25.249+0000] {processor.py:840} INFO - DAG(s) 'ab_test_medallion_pipeline' retrieved from /opt/airflow/dags/pipeline_dag.py
[2026-04-29T15:07:25.877+0000] {logging_mixin.py:188} INFO - [2026-04-29T15:07:25.876+0000] {dag.py:3096} INFO - Sync 1 DAGs
[2026-04-29T15:07:26.118+0000] {logging_mixin.py:188} INFO - [2026-04-29T15:07:26.105+0000] {dag.py:3954} INFO - Setting next_dagrun for ab_test_medallion_pipeline to 2026-04-29 00:00:00+00:00, run_after=2026-04-30 00:00:00+00:00
[2026-04-29T15:07:26.348+0000] {processor.py:183} INFO - Processing /opt/airflow/dags/pipeline_dag.py took 1.492 seconds
[2026-04-29T15:07:57.029+0000] {processor.py:161} INFO - Started process (PID=3104) to work on /opt/airflow/dags/pipeline_dag.py
[2026-04-29T15:07:57.050+0000] {processor.py:830} INFO - Processing file /opt/airflow/dags/pipeline_dag.py for tasks to queue
[2026-04-29T15:07:57.066+0000] {logging_mixin.py:188} INFO - [2026-04-29T15:07:57.059+0000] {dagbag.py:545} INFO - Filling up the DagBag from /opt/airflow/dags/pipeline_dag.py
[2026-04-29T15:07:57.205+0000] {processor.py:840} INFO - DAG(s) 'ab_test_medallion_pipeline' retrieved from /opt/airflow/dags/pipeline_dag.py
[2026-04-29T15:07:58.667+0000] {logging_mixin.py:188} INFO - [2026-04-29T15:07:58.649+0000] {dag.py:3096} INFO - Sync 1 DAGs
[2026-04-29T15:07:58.813+0000] {logging_mixin.py:188} INFO - [2026-04-29T15:07:58.808+0000] {dag.py:3954} INFO - Setting next_dagrun for ab_test_medallion_pipeline to 2026-04-29 00:00:00+00:00, run_after=2026-04-30 00:00:00+00:00
[2026-04-29T15:07:59.015+0000] {processor.py:183} INFO - Processing /opt/airflow/dags/pipeline_dag.py took 2.067 seconds
[2026-04-29T15:08:30.281+0000] {processor.py:161} INFO - Started process (PID=3194) to work on /opt/airflow/dags/pipeline_dag.py
[2026-04-29T15:08:30.305+0000] {processor.py:830} INFO - Processing file /opt/airflow/dags/pipeline_dag.py for tasks to queue
[2026-04-29T15:08:30.319+0000] {logging_mixin.py:188} INFO - [2026-04-29T15:08:30.311+0000] {dagbag.py:545} INFO - Filling up the DagBag from /opt/airflow/dags/pipeline_dag.py
[2026-04-29T15:08:30.543+0000] {processor.py:840} INFO - DAG(s) 'ab_test_medallion_pipeline' retrieved from /opt/airflow/dags/pipeline_dag.py
[2026-04-29T15:09:02.049+0000] {processor.py:186} ERROR - Got an exception! Propagating...
Traceback (most recent call last):
  File "/home/airflow/.local/lib/python3.12/site-packages/sqlalchemy/engine/base.py", line 3371, in _wrap_pool_connect
    return fn()
           ^^^^
  File "/home/airflow/.local/lib/python3.12/site-packages/sqlalchemy/pool/base.py", line 327, in connect
    return _ConnectionFairy._checkout(self)
           ^^^^^^^^^^^^^^^^^^^^^^^^^^^^^^^^
  File "/home/airflow/.local/lib/python3.12/site-packages/sqlalchemy/pool/base.py", line 894, in _checkout
    fairy = _ConnectionRecord.checkout(pool)
            ^^^^^^^^^^^^^^^^^^^^^^^^^^^^^^^^
  File "/home/airflow/.local/lib/python3.12/site-packages/sqlalchemy/pool/base.py", line 493, in checkout
    rec = pool._do_get()
          ^^^^^^^^^^^^^^
  File "/home/airflow/.local/lib/python3.12/site-packages/sqlalchemy/pool/impl.py", line 145, in _do_get
    with util.safe_reraise():
  File "/home/airflow/.local/lib/python3.12/site-packages/sqlalchemy/util/langhelpers.py", line 70, in __exit__
    compat.raise_(
  File "/home/airflow/.local/lib/python3.12/site-packages/sqlalchemy/util/compat.py", line 211, in raise_
    raise exception
  File "/home/airflow/.local/lib/python3.12/site-packages/sqlalchemy/pool/impl.py", line 143, in _do_get
    return self._create_connection()
           ^^^^^^^^^^^^^^^^^^^^^^^^^
  File "/home/airflow/.local/lib/python3.12/site-packages/sqlalchemy/pool/base.py", line 273, in _create_connection
    return _ConnectionRecord(self)
           ^^^^^^^^^^^^^^^^^^^^^^^
  File "/home/airflow/.local/lib/python3.12/site-packages/sqlalchemy/pool/base.py", line 388, in __init__
    self.__connect()
  File "/home/airflow/.local/lib/python3.12/site-packages/sqlalchemy/pool/base.py", line 690, in __connect
    with util.safe_reraise():
  File "/home/airflow/.local/lib/python3.12/site-packages/sqlalchemy/util/langhelpers.py", line 70, in __exit__
    compat.raise_(
  File "/home/airflow/.local/lib/python3.12/site-packages/sqlalchemy/util/compat.py", line 211, in raise_
    raise exception
  File "/home/airflow/.local/lib/python3.12/site-packages/sqlalchemy/pool/base.py", line 686, in __connect
    self.dbapi_connection = connection = pool._invoke_creator(self)
                                         ^^^^^^^^^^^^^^^^^^^^^^^^^^
  File "/home/airflow/.local/lib/python3.12/site-packages/sqlalchemy/engine/create.py", line 574, in connect
    return dialect.connect(*cargs, **cparams)
           ^^^^^^^^^^^^^^^^^^^^^^^^^^^^^^^^^^
  File "/home/airflow/.local/lib/python3.12/site-packages/sqlalchemy/engine/default.py", line 598, in connect
    return self.dbapi.connect(*cargs, **cparams)
           ^^^^^^^^^^^^^^^^^^^^^^^^^^^^^^^^^^^^^
  File "/home/airflow/.local/lib/python3.12/site-packages/psycopg2/__init__.py", line 122, in connect
    conn = _connect(dsn, connection_factory=connection_factory, **kwasync)
           ^^^^^^^^^^^^^^^^^^^^^^^^^^^^^^^^^^^^^^^^^^^^^^^^^^^^^^^^^^^^^^^
psycopg2.OperationalError: could not translate host name "postgres" to address: Temporary failure in name resolution


The above exception was the direct cause of the following exception:

Traceback (most recent call last):
  File "/home/airflow/.local/lib/python3.12/site-packages/airflow/dag_processing/processor.py", line 182, in _run_file_processor
    _handle_dag_file_processing()
  File "/home/airflow/.local/lib/python3.12/site-packages/airflow/dag_processing/processor.py", line 163, in _handle_dag_file_processing
    result: tuple[int, int] = dag_file_processor.process_file(
                              ^^^^^^^^^^^^^^^^^^^^^^^^^^^^^^^^
  File "/home/airflow/.local/lib/python3.12/site-packages/airflow/utils/session.py", line 79, in wrapper
    return func(*args, session=session, **kwargs)
           ^^^^^^^^^^^^^^^^^^^^^^^^^^^^^^^^^^^^^^
  File "/home/airflow/.local/lib/python3.12/site-packages/airflow/dag_processing/processor.py", line 859, in process_file
    serialize_errors = DagFileProcessor.save_dag_to_db(
                       ^^^^^^^^^^^^^^^^^^^^^^^^^^^^^^^^
  File "/home/airflow/.local/lib/python3.12/site-packages/airflow/api_internal/internal_api_call.py", line 115, in wrapper
    return func(*args, **kwargs)
           ^^^^^^^^^^^^^^^^^^^^^
  File "/home/airflow/.local/lib/python3.12/site-packages/airflow/utils/session.py", line 79, in wrapper
    return func(*args, session=session, **kwargs)
           ^^^^^^^^^^^^^^^^^^^^^^^^^^^^^^^^^^^^^^
  File "/home/airflow/.local/lib/python3.12/site-packages/airflow/dag_processing/processor.py", line 895, in save_dag_to_db
    import_errors = DagBag._sync_to_db(dags=dags, processor_subdir=dag_directory, session=session)
                    ^^^^^^^^^^^^^^^^^^^^^^^^^^^^^^^^^^^^^^^^^^^^^^^^^^^^^^^^^^^^^^^^^^^^^^^^^^^^^^
  File "/home/airflow/.local/lib/python3.12/site-packages/airflow/utils/session.py", line 76, in wrapper
    return func(*args, **kwargs)
           ^^^^^^^^^^^^^^^^^^^^^
  File "/home/airflow/.local/lib/python3.12/site-packages/airflow/models/dagbag.py", line 664, in _sync_to_db
    for attempt in run_with_db_retries(logger=log):
  File "/home/airflow/.local/lib/python3.12/site-packages/tenacity/__init__.py", line 435, in __iter__
    do = self.iter(retry_state=retry_state)
         ^^^^^^^^^^^^^^^^^^^^^^^^^^^^^^^^^^
  File "/home/airflow/.local/lib/python3.12/site-packages/tenacity/__init__.py", line 368, in iter
    result = action(retry_state)
             ^^^^^^^^^^^^^^^^^^^
  File "/home/airflow/.local/lib/python3.12/site-packages/tenacity/__init__.py", line 410, in exc_check
    raise retry_exc.reraise()
          ^^^^^^^^^^^^^^^^^^^
  File "/home/airflow/.local/lib/python3.12/site-packages/tenacity/__init__.py", line 183, in reraise
    raise self.last_attempt.result()
          ^^^^^^^^^^^^^^^^^^^^^^^^^^
  File "/usr/local/lib/python3.12/concurrent/futures/_base.py", line 449, in result
    return self.__get_result()
           ^^^^^^^^^^^^^^^^^^^
  File "/usr/local/lib/python3.12/concurrent/futures/_base.py", line 401, in __get_result
    raise self._exception
  File "/home/airflow/.local/lib/python3.12/site-packages/airflow/models/dagbag.py", line 677, in _sync_to_db
    _serialize_dag_capturing_errors(dag, session, processor_subdir)
  File "/home/airflow/.local/lib/python3.12/site-packages/airflow/models/dagbag.py", line 642, in _serialize_dag_capturing_errors
    dag_was_updated = SerializedDagModel.write_dag(
                      ^^^^^^^^^^^^^^^^^^^^^^^^^^^^^
  File "/home/airflow/.local/lib/python3.12/site-packages/airflow/utils/session.py", line 76, in wrapper
    return func(*args, **kwargs)
           ^^^^^^^^^^^^^^^^^^^^^
  File "/home/airflow/.local/lib/python3.12/site-packages/airflow/models/serialized_dag.py", line 158, in write_dag
    if session.scalar(
       ^^^^^^^^^^^^^^^
  File "/home/airflow/.local/lib/python3.12/site-packages/sqlalchemy/orm/session.py", line 1747, in scalar
    return self.execute(
           ^^^^^^^^^^^^^
  File "/home/airflow/.local/lib/python3.12/site-packages/sqlalchemy/orm/session.py", line 1716, in execute
    conn = self._connection_for_bind(bind)
           ^^^^^^^^^^^^^^^^^^^^^^^^^^^^^^^
  File "/home/airflow/.local/lib/python3.12/site-packages/sqlalchemy/orm/session.py", line 1555, in _connection_for_bind
    return self._transaction._connection_for_bind(
           ^^^^^^^^^^^^^^^^^^^^^^^^^^^^^^^^^^^^^^^
  File "/home/airflow/.local/lib/python3.12/site-packages/sqlalchemy/orm/session.py", line 750, in _connection_for_bind
    conn = bind.connect()
           ^^^^^^^^^^^^^^
  File "/home/airflow/.local/lib/python3.12/site-packages/sqlalchemy/future/engine.py", line 412, in connect
    return super(Engine, self).connect()
           ^^^^^^^^^^^^^^^^^^^^^^^^^^^^^
  File "/home/airflow/.local/lib/python3.12/site-packages/sqlalchemy/engine/base.py", line 3325, in connect
    return self._connection_cls(self, close_with_result=close_with_result)
           ^^^^^^^^^^^^^^^^^^^^^^^^^^^^^^^^^^^^^^^^^^^^^^^^^^^^^^^^^^^^^^^
  File "/home/airflow/.local/lib/python3.12/site-packages/sqlalchemy/engine/base.py", line 96, in __init__
    else engine.raw_connection()
         ^^^^^^^^^^^^^^^^^^^^^^^
  File "/home/airflow/.local/lib/python3.12/site-packages/sqlalchemy/engine/base.py", line 3404, in raw_connection
    return self._wrap_pool_connect(self.pool.connect, _connection)
           ^^^^^^^^^^^^^^^^^^^^^^^^^^^^^^^^^^^^^^^^^^^^^^^^^^^^^^^
  File "/home/airflow/.local/lib/python3.12/site-packages/sqlalchemy/engine/base.py", line 3374, in _wrap_pool_connect
    Connection._handle_dbapi_exception_noconnection(
  File "/home/airflow/.local/lib/python3.12/site-packages/sqlalchemy/engine/base.py", line 2208, in _handle_dbapi_exception_noconnection
    util.raise_(
  File "/home/airflow/.local/lib/python3.12/site-packages/sqlalchemy/util/compat.py", line 211, in raise_
    raise exception
  File "/home/airflow/.local/lib/python3.12/site-packages/sqlalchemy/engine/base.py", line 3371, in _wrap_pool_connect
    return fn()
           ^^^^
  File "/home/airflow/.local/lib/python3.12/site-packages/sqlalchemy/pool/base.py", line 327, in connect
    return _ConnectionFairy._checkout(self)
           ^^^^^^^^^^^^^^^^^^^^^^^^^^^^^^^^
  File "/home/airflow/.local/lib/python3.12/site-packages/sqlalchemy/pool/base.py", line 894, in _checkout
    fairy = _ConnectionRecord.checkout(pool)
            ^^^^^^^^^^^^^^^^^^^^^^^^^^^^^^^^
  File "/home/airflow/.local/lib/python3.12/site-packages/sqlalchemy/pool/base.py", line 493, in checkout
    rec = pool._do_get()
          ^^^^^^^^^^^^^^
  File "/home/airflow/.local/lib/python3.12/site-packages/sqlalchemy/pool/impl.py", line 145, in _do_get
    with util.safe_reraise():
  File "/home/airflow/.local/lib/python3.12/site-packages/sqlalchemy/util/langhelpers.py", line 70, in __exit__
    compat.raise_(
  File "/home/airflow/.local/lib/python3.12/site-packages/sqlalchemy/util/compat.py", line 211, in raise_
    raise exception
  File "/home/airflow/.local/lib/python3.12/site-packages/sqlalchemy/pool/impl.py", line 143, in _do_get
    return self._create_connection()
           ^^^^^^^^^^^^^^^^^^^^^^^^^
  File "/home/airflow/.local/lib/python3.12/site-packages/sqlalchemy/pool/base.py", line 273, in _create_connection
    return _ConnectionRecord(self)
           ^^^^^^^^^^^^^^^^^^^^^^^
  File "/home/airflow/.local/lib/python3.12/site-packages/sqlalchemy/pool/base.py", line 388, in __init__
    self.__connect()
  File "/home/airflow/.local/lib/python3.12/site-packages/sqlalchemy/pool/base.py", line 690, in __connect
    with util.safe_reraise():
  File "/home/airflow/.local/lib/python3.12/site-packages/sqlalchemy/util/langhelpers.py", line 70, in __exit__
    compat.raise_(
  File "/home/airflow/.local/lib/python3.12/site-packages/sqlalchemy/util/compat.py", line 211, in raise_
    raise exception
  File "/home/airflow/.local/lib/python3.12/site-packages/sqlalchemy/pool/base.py", line 686, in __connect
    self.dbapi_connection = connection = pool._invoke_creator(self)
                                         ^^^^^^^^^^^^^^^^^^^^^^^^^^
  File "/home/airflow/.local/lib/python3.12/site-packages/sqlalchemy/engine/create.py", line 574, in connect
    return dialect.connect(*cargs, **cparams)
           ^^^^^^^^^^^^^^^^^^^^^^^^^^^^^^^^^^
  File "/home/airflow/.local/lib/python3.12/site-packages/sqlalchemy/engine/default.py", line 598, in connect
    return self.dbapi.connect(*cargs, **cparams)
           ^^^^^^^^^^^^^^^^^^^^^^^^^^^^^^^^^^^^^
  File "/home/airflow/.local/lib/python3.12/site-packages/psycopg2/__init__.py", line 122, in connect
    conn = _connect(dsn, connection_factory=connection_factory, **kwasync)
           ^^^^^^^^^^^^^^^^^^^^^^^^^^^^^^^^^^^^^^^^^^^^^^^^^^^^^^^^^^^^^^^
sqlalchemy.exc.OperationalError: (psycopg2.OperationalError) could not translate host name "postgres" to address: Temporary failure in name resolution

(Background on this error at: https://sqlalche.me/e/14/e3q8)
[2026-04-29T15:09:33.704+0000] {processor.py:161} INFO - Started process (PID=3201) to work on /opt/airflow/dags/pipeline_dag.py
[2026-04-29T15:09:33.784+0000] {processor.py:830} INFO - Processing file /opt/airflow/dags/pipeline_dag.py for tasks to queue
[2026-04-29T15:09:33.861+0000] {logging_mixin.py:188} INFO - [2026-04-29T15:09:33.836+0000] {dagbag.py:545} INFO - Filling up the DagBag from /opt/airflow/dags/pipeline_dag.py
[2026-04-29T15:09:35.975+0000] {processor.py:840} INFO - DAG(s) 'ab_test_medallion_pipeline' retrieved from /opt/airflow/dags/pipeline_dag.py
[2026-04-29T15:10:08.006+0000] {processor.py:186} ERROR - Got an exception! Propagating...
Traceback (most recent call last):
  File "/home/airflow/.local/lib/python3.12/site-packages/sqlalchemy/engine/base.py", line 3371, in _wrap_pool_connect
    return fn()
           ^^^^
  File "/home/airflow/.local/lib/python3.12/site-packages/sqlalchemy/pool/base.py", line 327, in connect
    return _ConnectionFairy._checkout(self)
           ^^^^^^^^^^^^^^^^^^^^^^^^^^^^^^^^
  File "/home/airflow/.local/lib/python3.12/site-packages/sqlalchemy/pool/base.py", line 894, in _checkout
    fairy = _ConnectionRecord.checkout(pool)
            ^^^^^^^^^^^^^^^^^^^^^^^^^^^^^^^^
  File "/home/airflow/.local/lib/python3.12/site-packages/sqlalchemy/pool/base.py", line 493, in checkout
    rec = pool._do_get()
          ^^^^^^^^^^^^^^
  File "/home/airflow/.local/lib/python3.12/site-packages/sqlalchemy/pool/impl.py", line 145, in _do_get
    with util.safe_reraise():
  File "/home/airflow/.local/lib/python3.12/site-packages/sqlalchemy/util/langhelpers.py", line 70, in __exit__
    compat.raise_(
  File "/home/airflow/.local/lib/python3.12/site-packages/sqlalchemy/util/compat.py", line 211, in raise_
    raise exception
  File "/home/airflow/.local/lib/python3.12/site-packages/sqlalchemy/pool/impl.py", line 143, in _do_get
    return self._create_connection()
           ^^^^^^^^^^^^^^^^^^^^^^^^^
  File "/home/airflow/.local/lib/python3.12/site-packages/sqlalchemy/pool/base.py", line 273, in _create_connection
    return _ConnectionRecord(self)
           ^^^^^^^^^^^^^^^^^^^^^^^
  File "/home/airflow/.local/lib/python3.12/site-packages/sqlalchemy/pool/base.py", line 388, in __init__
    self.__connect()
  File "/home/airflow/.local/lib/python3.12/site-packages/sqlalchemy/pool/base.py", line 690, in __connect
    with util.safe_reraise():
  File "/home/airflow/.local/lib/python3.12/site-packages/sqlalchemy/util/langhelpers.py", line 70, in __exit__
    compat.raise_(
  File "/home/airflow/.local/lib/python3.12/site-packages/sqlalchemy/util/compat.py", line 211, in raise_
    raise exception
  File "/home/airflow/.local/lib/python3.12/site-packages/sqlalchemy/pool/base.py", line 686, in __connect
    self.dbapi_connection = connection = pool._invoke_creator(self)
                                         ^^^^^^^^^^^^^^^^^^^^^^^^^^
  File "/home/airflow/.local/lib/python3.12/site-packages/sqlalchemy/engine/create.py", line 574, in connect
    return dialect.connect(*cargs, **cparams)
           ^^^^^^^^^^^^^^^^^^^^^^^^^^^^^^^^^^
  File "/home/airflow/.local/lib/python3.12/site-packages/sqlalchemy/engine/default.py", line 598, in connect
    return self.dbapi.connect(*cargs, **cparams)
           ^^^^^^^^^^^^^^^^^^^^^^^^^^^^^^^^^^^^^
  File "/home/airflow/.local/lib/python3.12/site-packages/psycopg2/__init__.py", line 122, in connect
    conn = _connect(dsn, connection_factory=connection_factory, **kwasync)
           ^^^^^^^^^^^^^^^^^^^^^^^^^^^^^^^^^^^^^^^^^^^^^^^^^^^^^^^^^^^^^^^
psycopg2.OperationalError: could not translate host name "postgres" to address: Temporary failure in name resolution


The above exception was the direct cause of the following exception:

Traceback (most recent call last):
  File "/home/airflow/.local/lib/python3.12/site-packages/airflow/dag_processing/processor.py", line 182, in _run_file_processor
    _handle_dag_file_processing()
  File "/home/airflow/.local/lib/python3.12/site-packages/airflow/dag_processing/processor.py", line 163, in _handle_dag_file_processing
    result: tuple[int, int] = dag_file_processor.process_file(
                              ^^^^^^^^^^^^^^^^^^^^^^^^^^^^^^^^
  File "/home/airflow/.local/lib/python3.12/site-packages/airflow/utils/session.py", line 79, in wrapper
    return func(*args, session=session, **kwargs)
           ^^^^^^^^^^^^^^^^^^^^^^^^^^^^^^^^^^^^^^
  File "/home/airflow/.local/lib/python3.12/site-packages/airflow/dag_processing/processor.py", line 859, in process_file
    serialize_errors = DagFileProcessor.save_dag_to_db(
                       ^^^^^^^^^^^^^^^^^^^^^^^^^^^^^^^^
  File "/home/airflow/.local/lib/python3.12/site-packages/airflow/api_internal/internal_api_call.py", line 115, in wrapper
    return func(*args, **kwargs)
           ^^^^^^^^^^^^^^^^^^^^^
  File "/home/airflow/.local/lib/python3.12/site-packages/airflow/utils/session.py", line 79, in wrapper
    return func(*args, session=session, **kwargs)
           ^^^^^^^^^^^^^^^^^^^^^^^^^^^^^^^^^^^^^^
  File "/home/airflow/.local/lib/python3.12/site-packages/airflow/dag_processing/processor.py", line 895, in save_dag_to_db
    import_errors = DagBag._sync_to_db(dags=dags, processor_subdir=dag_directory, session=session)
                    ^^^^^^^^^^^^^^^^^^^^^^^^^^^^^^^^^^^^^^^^^^^^^^^^^^^^^^^^^^^^^^^^^^^^^^^^^^^^^^
  File "/home/airflow/.local/lib/python3.12/site-packages/airflow/utils/session.py", line 76, in wrapper
    return func(*args, **kwargs)
           ^^^^^^^^^^^^^^^^^^^^^
  File "/home/airflow/.local/lib/python3.12/site-packages/airflow/models/dagbag.py", line 664, in _sync_to_db
    for attempt in run_with_db_retries(logger=log):
  File "/home/airflow/.local/lib/python3.12/site-packages/tenacity/__init__.py", line 435, in __iter__
    do = self.iter(retry_state=retry_state)
         ^^^^^^^^^^^^^^^^^^^^^^^^^^^^^^^^^^
  File "/home/airflow/.local/lib/python3.12/site-packages/tenacity/__init__.py", line 368, in iter
    result = action(retry_state)
             ^^^^^^^^^^^^^^^^^^^
  File "/home/airflow/.local/lib/python3.12/site-packages/tenacity/__init__.py", line 410, in exc_check
    raise retry_exc.reraise()
          ^^^^^^^^^^^^^^^^^^^
  File "/home/airflow/.local/lib/python3.12/site-packages/tenacity/__init__.py", line 183, in reraise
    raise self.last_attempt.result()
          ^^^^^^^^^^^^^^^^^^^^^^^^^^
  File "/usr/local/lib/python3.12/concurrent/futures/_base.py", line 449, in result
    return self.__get_result()
           ^^^^^^^^^^^^^^^^^^^
  File "/usr/local/lib/python3.12/concurrent/futures/_base.py", line 401, in __get_result
    raise self._exception
  File "/home/airflow/.local/lib/python3.12/site-packages/airflow/models/dagbag.py", line 677, in _sync_to_db
    _serialize_dag_capturing_errors(dag, session, processor_subdir)
  File "/home/airflow/.local/lib/python3.12/site-packages/airflow/models/dagbag.py", line 642, in _serialize_dag_capturing_errors
    dag_was_updated = SerializedDagModel.write_dag(
                      ^^^^^^^^^^^^^^^^^^^^^^^^^^^^^
  File "/home/airflow/.local/lib/python3.12/site-packages/airflow/utils/session.py", line 76, in wrapper
    return func(*args, **kwargs)
           ^^^^^^^^^^^^^^^^^^^^^
  File "/home/airflow/.local/lib/python3.12/site-packages/airflow/models/serialized_dag.py", line 158, in write_dag
    if session.scalar(
       ^^^^^^^^^^^^^^^
  File "/home/airflow/.local/lib/python3.12/site-packages/sqlalchemy/orm/session.py", line 1747, in scalar
    return self.execute(
           ^^^^^^^^^^^^^
  File "/home/airflow/.local/lib/python3.12/site-packages/sqlalchemy/orm/session.py", line 1716, in execute
    conn = self._connection_for_bind(bind)
           ^^^^^^^^^^^^^^^^^^^^^^^^^^^^^^^
  File "/home/airflow/.local/lib/python3.12/site-packages/sqlalchemy/orm/session.py", line 1555, in _connection_for_bind
    return self._transaction._connection_for_bind(
           ^^^^^^^^^^^^^^^^^^^^^^^^^^^^^^^^^^^^^^^
  File "/home/airflow/.local/lib/python3.12/site-packages/sqlalchemy/orm/session.py", line 750, in _connection_for_bind
    conn = bind.connect()
           ^^^^^^^^^^^^^^
  File "/home/airflow/.local/lib/python3.12/site-packages/sqlalchemy/future/engine.py", line 412, in connect
    return super(Engine, self).connect()
           ^^^^^^^^^^^^^^^^^^^^^^^^^^^^^
  File "/home/airflow/.local/lib/python3.12/site-packages/sqlalchemy/engine/base.py", line 3325, in connect
    return self._connection_cls(self, close_with_result=close_with_result)
           ^^^^^^^^^^^^^^^^^^^^^^^^^^^^^^^^^^^^^^^^^^^^^^^^^^^^^^^^^^^^^^^
  File "/home/airflow/.local/lib/python3.12/site-packages/sqlalchemy/engine/base.py", line 96, in __init__
    else engine.raw_connection()
         ^^^^^^^^^^^^^^^^^^^^^^^
  File "/home/airflow/.local/lib/python3.12/site-packages/sqlalchemy/engine/base.py", line 3404, in raw_connection
    return self._wrap_pool_connect(self.pool.connect, _connection)
           ^^^^^^^^^^^^^^^^^^^^^^^^^^^^^^^^^^^^^^^^^^^^^^^^^^^^^^^
  File "/home/airflow/.local/lib/python3.12/site-packages/sqlalchemy/engine/base.py", line 3374, in _wrap_pool_connect
    Connection._handle_dbapi_exception_noconnection(
  File "/home/airflow/.local/lib/python3.12/site-packages/sqlalchemy/engine/base.py", line 2208, in _handle_dbapi_exception_noconnection
    util.raise_(
  File "/home/airflow/.local/lib/python3.12/site-packages/sqlalchemy/util/compat.py", line 211, in raise_
    raise exception
  File "/home/airflow/.local/lib/python3.12/site-packages/sqlalchemy/engine/base.py", line 3371, in _wrap_pool_connect
    return fn()
           ^^^^
  File "/home/airflow/.local/lib/python3.12/site-packages/sqlalchemy/pool/base.py", line 327, in connect
    return _ConnectionFairy._checkout(self)
           ^^^^^^^^^^^^^^^^^^^^^^^^^^^^^^^^
  File "/home/airflow/.local/lib/python3.12/site-packages/sqlalchemy/pool/base.py", line 894, in _checkout
    fairy = _ConnectionRecord.checkout(pool)
            ^^^^^^^^^^^^^^^^^^^^^^^^^^^^^^^^
  File "/home/airflow/.local/lib/python3.12/site-packages/sqlalchemy/pool/base.py", line 493, in checkout
    rec = pool._do_get()
          ^^^^^^^^^^^^^^
  File "/home/airflow/.local/lib/python3.12/site-packages/sqlalchemy/pool/impl.py", line 145, in _do_get
    with util.safe_reraise():
  File "/home/airflow/.local/lib/python3.12/site-packages/sqlalchemy/util/langhelpers.py", line 70, in __exit__
    compat.raise_(
  File "/home/airflow/.local/lib/python3.12/site-packages/sqlalchemy/util/compat.py", line 211, in raise_
    raise exception
  File "/home/airflow/.local/lib/python3.12/site-packages/sqlalchemy/pool/impl.py", line 143, in _do_get
    return self._create_connection()
           ^^^^^^^^^^^^^^^^^^^^^^^^^
  File "/home/airflow/.local/lib/python3.12/site-packages/sqlalchemy/pool/base.py", line 273, in _create_connection
    return _ConnectionRecord(self)
           ^^^^^^^^^^^^^^^^^^^^^^^
  File "/home/airflow/.local/lib/python3.12/site-packages/sqlalchemy/pool/base.py", line 388, in __init__
    self.__connect()
  File "/home/airflow/.local/lib/python3.12/site-packages/sqlalchemy/pool/base.py", line 690, in __connect
    with util.safe_reraise():
  File "/home/airflow/.local/lib/python3.12/site-packages/sqlalchemy/util/langhelpers.py", line 70, in __exit__
    compat.raise_(
  File "/home/airflow/.local/lib/python3.12/site-packages/sqlalchemy/util/compat.py", line 211, in raise_
    raise exception
  File "/home/airflow/.local/lib/python3.12/site-packages/sqlalchemy/pool/base.py", line 686, in __connect
    self.dbapi_connection = connection = pool._invoke_creator(self)
                                         ^^^^^^^^^^^^^^^^^^^^^^^^^^
  File "/home/airflow/.local/lib/python3.12/site-packages/sqlalchemy/engine/create.py", line 574, in connect
    return dialect.connect(*cargs, **cparams)
           ^^^^^^^^^^^^^^^^^^^^^^^^^^^^^^^^^^
  File "/home/airflow/.local/lib/python3.12/site-packages/sqlalchemy/engine/default.py", line 598, in connect
    return self.dbapi.connect(*cargs, **cparams)
           ^^^^^^^^^^^^^^^^^^^^^^^^^^^^^^^^^^^^^
  File "/home/airflow/.local/lib/python3.12/site-packages/psycopg2/__init__.py", line 122, in connect
    conn = _connect(dsn, connection_factory=connection_factory, **kwasync)
           ^^^^^^^^^^^^^^^^^^^^^^^^^^^^^^^^^^^^^^^^^^^^^^^^^^^^^^^^^^^^^^^
sqlalchemy.exc.OperationalError: (psycopg2.OperationalError) could not translate host name "postgres" to address: Temporary failure in name resolution

(Background on this error at: https://sqlalche.me/e/14/e3q8)
[2026-04-29T15:11:09.174+0000] {processor.py:161} INFO - Started process (PID=3207) to work on /opt/airflow/dags/pipeline_dag.py
[2026-04-29T15:11:09.253+0000] {processor.py:830} INFO - Processing file /opt/airflow/dags/pipeline_dag.py for tasks to queue
[2026-04-29T15:11:09.438+0000] {logging_mixin.py:188} INFO - [2026-04-29T15:11:09.329+0000] {dagbag.py:545} INFO - Filling up the DagBag from /opt/airflow/dags/pipeline_dag.py
[2026-04-29T15:11:13.156+0000] {processor.py:840} INFO - DAG(s) 'ab_test_medallion_pipeline' retrieved from /opt/airflow/dags/pipeline_dag.py
[2026-04-29T15:11:25.042+0000] {logging_mixin.py:188} INFO - [2026-04-29T15:11:25.024+0000] {dag.py:3096} INFO - Sync 1 DAGs
[2026-04-29T15:11:26.101+0000] {logging_mixin.py:188} INFO - [2026-04-29T15:11:26.070+0000] {dag.py:3954} INFO - Setting next_dagrun for ab_test_medallion_pipeline to 2026-04-29 00:00:00+00:00, run_after=2026-04-30 00:00:00+00:00
[2026-04-29T15:11:26.637+0000] {processor.py:183} INFO - Processing /opt/airflow/dags/pipeline_dag.py took 19.382 seconds
[2026-04-29T15:12:01.783+0000] {processor.py:161} INFO - Started process (PID=3237) to work on /opt/airflow/dags/pipeline_dag.py
[2026-04-29T15:12:01.979+0000] {processor.py:830} INFO - Processing file /opt/airflow/dags/pipeline_dag.py for tasks to queue
[2026-04-29T15:12:02.746+0000] {logging_mixin.py:188} INFO - [2026-04-29T15:12:02.087+0000] {dagbag.py:545} INFO - Filling up the DagBag from /opt/airflow/dags/pipeline_dag.py
[2026-04-29T15:12:42.796+0000] {logging_mixin.py:188} INFO - [2026-04-29T15:12:36.687+0000] {timeout.py:68} ERROR - Process timed out, PID: 3237
[2026-04-29T15:14:04.058+0000] {processor.py:161} INFO - Started process (PID=3241) to work on /opt/airflow/dags/pipeline_dag.py
[2026-04-29T15:14:08.233+0000] {processor.py:830} INFO - Processing file /opt/airflow/dags/pipeline_dag.py for tasks to queue
[2026-04-29T15:14:17.243+0000] {logging_mixin.py:188} INFO - [2026-04-29T15:14:13.342+0000] {dagbag.py:545} INFO - Filling up the DagBag from /opt/airflow/dags/pipeline_dag.py
[2026-04-29T15:15:20.490+0000] {logging_mixin.py:188} INFO - [2026-04-29T15:14:56.697+0000] {timeout.py:68} ERROR - Process timed out, PID: 3241
