[2026-05-07T09:37:08.422+0000] {processor.py:161} INFO - Started process (PID=159) to work on /opt/airflow/dags/pipeline_dag.py
[2026-05-07T09:37:08.424+0000] {processor.py:830} INFO - Processing file /opt/airflow/dags/pipeline_dag.py for tasks to queue
[2026-05-07T09:37:08.429+0000] {logging_mixin.py:188} INFO - [2026-05-07T09:37:08.428+0000] {dagbag.py:545} INFO - Filling up the DagBag from /opt/airflow/dags/pipeline_dag.py
[2026-05-07T09:37:08.483+0000] {processor.py:840} INFO - DAG(s) 'ab_test_medallion_pipeline' retrieved from /opt/airflow/dags/pipeline_dag.py
[2026-05-07T09:37:08.566+0000] {logging_mixin.py:188} INFO - [2026-05-07T09:37:08.566+0000] {dag.py:3096} INFO - Sync 1 DAGs
[2026-05-07T09:37:08.637+0000] {logging_mixin.py:188} INFO - [2026-05-07T09:37:08.637+0000] {dag.py:3954} INFO - Setting next_dagrun for ab_test_medallion_pipeline to 2026-05-07 00:00:00+00:00, run_after=2026-05-08 00:00:00+00:00
[2026-05-07T09:37:08.719+0000] {processor.py:183} INFO - Processing /opt/airflow/dags/pipeline_dag.py took 0.321 seconds
[2026-05-07T09:37:39.540+0000] {processor.py:161} INFO - Started process (PID=532) to work on /opt/airflow/dags/pipeline_dag.py
[2026-05-07T09:37:39.544+0000] {processor.py:830} INFO - Processing file /opt/airflow/dags/pipeline_dag.py for tasks to queue
[2026-05-07T09:37:39.571+0000] {logging_mixin.py:188} INFO - [2026-05-07T09:37:39.552+0000] {dagbag.py:545} INFO - Filling up the DagBag from /opt/airflow/dags/pipeline_dag.py
[2026-05-07T09:37:40.515+0000] {processor.py:840} INFO - DAG(s) 'ab_test_medallion_pipeline' retrieved from /opt/airflow/dags/pipeline_dag.py
[2026-05-07T09:37:46.078+0000] {logging_mixin.py:188} INFO - [2026-05-07T09:37:45.905+0000] {dag.py:3096} INFO - Sync 1 DAGs
[2026-05-07T09:37:47.124+0000] {logging_mixin.py:188} INFO - [2026-05-07T09:37:47.121+0000] {dag.py:3954} INFO - Setting next_dagrun for ab_test_medallion_pipeline to 2026-05-07 00:00:00+00:00, run_after=2026-05-08 00:00:00+00:00
[2026-05-07T09:37:49.233+0000] {processor.py:183} INFO - Processing /opt/airflow/dags/pipeline_dag.py took 9.775 seconds
[2026-05-07T09:38:21.520+0000] {processor.py:161} INFO - Started process (PID=562) to work on /opt/airflow/dags/pipeline_dag.py
[2026-05-07T09:38:21.621+0000] {processor.py:830} INFO - Processing file /opt/airflow/dags/pipeline_dag.py for tasks to queue
[2026-05-07T09:38:21.769+0000] {logging_mixin.py:188} INFO - [2026-05-07T09:38:21.716+0000] {dagbag.py:545} INFO - Filling up the DagBag from /opt/airflow/dags/pipeline_dag.py
[2026-05-07T09:38:22.327+0000] {processor.py:840} INFO - DAG(s) 'ab_test_medallion_pipeline' retrieved from /opt/airflow/dags/pipeline_dag.py
[2026-05-07T09:38:23.824+0000] {logging_mixin.py:188} INFO - [2026-05-07T09:38:23.824+0000] {dag.py:3096} INFO - Sync 1 DAGs
[2026-05-07T09:38:25.599+0000] {logging_mixin.py:188} INFO - [2026-05-07T09:38:25.443+0000] {dag.py:3954} INFO - Setting next_dagrun for ab_test_medallion_pipeline to 2026-05-07 00:00:00+00:00, run_after=2026-05-08 00:00:00+00:00
[2026-05-07T09:38:26.295+0000] {processor.py:183} INFO - Processing /opt/airflow/dags/pipeline_dag.py took 6.321 seconds
[2026-05-07T09:58:32.238+0000] {processor.py:161} INFO - Started process (PID=158) to work on /opt/airflow/dags/pipeline_dag.py
[2026-05-07T09:58:32.243+0000] {processor.py:830} INFO - Processing file /opt/airflow/dags/pipeline_dag.py for tasks to queue
[2026-05-07T09:58:32.273+0000] {logging_mixin.py:188} INFO - [2026-05-07T09:58:32.272+0000] {dagbag.py:545} INFO - Filling up the DagBag from /opt/airflow/dags/pipeline_dag.py
[2026-05-07T09:58:32.715+0000] {processor.py:840} INFO - DAG(s) 'ab_test_medallion_pipeline' retrieved from /opt/airflow/dags/pipeline_dag.py
[2026-05-07T09:58:40.582+0000] {logging_mixin.py:188} INFO - [2026-05-07T09:58:40.580+0000] {dag.py:3096} INFO - Sync 1 DAGs
[2026-05-07T09:58:41.065+0000] {logging_mixin.py:188} INFO - [2026-05-07T09:58:41.065+0000] {dag.py:3954} INFO - Setting next_dagrun for ab_test_medallion_pipeline to 2026-05-07 00:00:00+00:00, run_after=2026-05-08 00:00:00+00:00
[2026-05-07T09:58:41.512+0000] {processor.py:183} INFO - Processing /opt/airflow/dags/pipeline_dag.py took 9.376 seconds
[2026-05-07T09:59:13.167+0000] {processor.py:161} INFO - Started process (PID=440) to work on /opt/airflow/dags/pipeline_dag.py
[2026-05-07T09:59:13.210+0000] {processor.py:830} INFO - Processing file /opt/airflow/dags/pipeline_dag.py for tasks to queue
[2026-05-07T09:59:13.309+0000] {logging_mixin.py:188} INFO - [2026-05-07T09:59:13.276+0000] {dagbag.py:545} INFO - Filling up the DagBag from /opt/airflow/dags/pipeline_dag.py
[2026-05-07T09:59:14.500+0000] {processor.py:840} INFO - DAG(s) 'ab_test_medallion_pipeline' retrieved from /opt/airflow/dags/pipeline_dag.py
[2026-05-07T09:59:16.146+0000] {logging_mixin.py:188} INFO - [2026-05-07T09:59:16.144+0000] {dag.py:3096} INFO - Sync 1 DAGs
[2026-05-07T09:59:18.578+0000] {logging_mixin.py:188} INFO - [2026-05-07T09:59:18.577+0000] {dag.py:3954} INFO - Setting next_dagrun for ab_test_medallion_pipeline to 2026-05-07 00:00:00+00:00, run_after=2026-05-08 00:00:00+00:00
[2026-05-07T09:59:21.368+0000] {processor.py:183} INFO - Processing /opt/airflow/dags/pipeline_dag.py took 9.164 seconds
[2026-05-07T09:59:53.983+0000] {processor.py:161} INFO - Started process (PID=561) to work on /opt/airflow/dags/pipeline_dag.py
[2026-05-07T09:59:54.023+0000] {processor.py:830} INFO - Processing file /opt/airflow/dags/pipeline_dag.py for tasks to queue
[2026-05-07T09:59:54.293+0000] {logging_mixin.py:188} INFO - [2026-05-07T09:59:54.090+0000] {dagbag.py:545} INFO - Filling up the DagBag from /opt/airflow/dags/pipeline_dag.py
[2026-05-07T09:59:55.891+0000] {processor.py:840} INFO - DAG(s) 'ab_test_medallion_pipeline' retrieved from /opt/airflow/dags/pipeline_dag.py
[2026-05-07T10:00:00.761+0000] {logging_mixin.py:188} INFO - [2026-05-07T10:00:00.755+0000] {dag.py:3096} INFO - Sync 1 DAGs
[2026-05-07T10:00:02.327+0000] {logging_mixin.py:188} INFO - [2026-05-07T10:00:02.320+0000] {dag.py:3954} INFO - Setting next_dagrun for ab_test_medallion_pipeline to 2026-05-07 00:00:00+00:00, run_after=2026-05-08 00:00:00+00:00
[2026-05-07T10:00:02.849+0000] {processor.py:183} INFO - Processing /opt/airflow/dags/pipeline_dag.py took 9.319 seconds
[2026-05-07T10:00:36.502+0000] {processor.py:161} INFO - Started process (PID=621) to work on /opt/airflow/dags/pipeline_dag.py
[2026-05-07T10:00:36.634+0000] {processor.py:830} INFO - Processing file /opt/airflow/dags/pipeline_dag.py for tasks to queue
[2026-05-07T10:00:37.268+0000] {logging_mixin.py:188} INFO - [2026-05-07T10:00:37.263+0000] {dagbag.py:545} INFO - Filling up the DagBag from /opt/airflow/dags/pipeline_dag.py
[2026-05-07T10:00:39.645+0000] {processor.py:840} INFO - DAG(s) 'ab_test_medallion_pipeline' retrieved from /opt/airflow/dags/pipeline_dag.py
[2026-05-07T10:00:44.195+0000] {logging_mixin.py:188} INFO - [2026-05-07T10:00:44.194+0000] {dag.py:3096} INFO - Sync 1 DAGs
[2026-05-07T10:00:45.862+0000] {logging_mixin.py:188} INFO - [2026-05-07T10:00:45.861+0000] {dag.py:3954} INFO - Setting next_dagrun for ab_test_medallion_pipeline to 2026-05-07 00:00:00+00:00, run_after=2026-05-08 00:00:00+00:00
[2026-05-07T10:00:45.942+0000] {processor.py:183} INFO - Processing /opt/airflow/dags/pipeline_dag.py took 11.225 seconds
[2026-05-07T10:01:18.286+0000] {processor.py:161} INFO - Started process (PID=704) to work on /opt/airflow/dags/pipeline_dag.py
[2026-05-07T10:01:18.531+0000] {processor.py:830} INFO - Processing file /opt/airflow/dags/pipeline_dag.py for tasks to queue
[2026-05-07T10:01:18.623+0000] {logging_mixin.py:188} INFO - [2026-05-07T10:01:18.557+0000] {dagbag.py:545} INFO - Filling up the DagBag from /opt/airflow/dags/pipeline_dag.py
[2026-05-07T10:01:20.446+0000] {processor.py:840} INFO - DAG(s) 'ab_test_medallion_pipeline' retrieved from /opt/airflow/dags/pipeline_dag.py
[2026-05-07T10:01:23.661+0000] {logging_mixin.py:188} INFO - [2026-05-07T10:01:23.659+0000] {dag.py:3096} INFO - Sync 1 DAGs
[2026-05-07T10:01:25.073+0000] {logging_mixin.py:188} INFO - [2026-05-07T10:01:25.066+0000] {dag.py:3954} INFO - Setting next_dagrun for ab_test_medallion_pipeline to 2026-05-07 00:00:00+00:00, run_after=2026-05-08 00:00:00+00:00
[2026-05-07T10:01:26.730+0000] {processor.py:183} INFO - Processing /opt/airflow/dags/pipeline_dag.py took 9.320 seconds
[2026-05-07T10:01:58.310+0000] {processor.py:161} INFO - Started process (PID=735) to work on /opt/airflow/dags/pipeline_dag.py
[2026-05-07T10:01:58.313+0000] {processor.py:830} INFO - Processing file /opt/airflow/dags/pipeline_dag.py for tasks to queue
[2026-05-07T10:01:58.353+0000] {logging_mixin.py:188} INFO - [2026-05-07T10:01:58.339+0000] {dagbag.py:545} INFO - Filling up the DagBag from /opt/airflow/dags/pipeline_dag.py
[2026-05-07T10:01:58.612+0000] {processor.py:840} INFO - DAG(s) 'ab_test_medallion_pipeline' retrieved from /opt/airflow/dags/pipeline_dag.py
[2026-05-07T10:01:58.862+0000] {logging_mixin.py:188} INFO - [2026-05-07T10:01:58.862+0000] {dag.py:3096} INFO - Sync 1 DAGs
[2026-05-07T10:01:59.053+0000] {logging_mixin.py:188} INFO - [2026-05-07T10:01:59.052+0000] {dag.py:3954} INFO - Setting next_dagrun for ab_test_medallion_pipeline to 2026-05-07 00:00:00+00:00, run_after=2026-05-08 00:00:00+00:00
[2026-05-07T10:01:59.252+0000] {processor.py:183} INFO - Processing /opt/airflow/dags/pipeline_dag.py took 0.996 seconds
[2026-05-07T10:02:29.990+0000] {processor.py:161} INFO - Started process (PID=740) to work on /opt/airflow/dags/pipeline_dag.py
[2026-05-07T10:02:30.010+0000] {processor.py:830} INFO - Processing file /opt/airflow/dags/pipeline_dag.py for tasks to queue
[2026-05-07T10:02:30.031+0000] {logging_mixin.py:188} INFO - [2026-05-07T10:02:30.030+0000] {dagbag.py:545} INFO - Filling up the DagBag from /opt/airflow/dags/pipeline_dag.py
[2026-05-07T10:02:30.419+0000] {processor.py:840} INFO - DAG(s) 'ab_test_medallion_pipeline' retrieved from /opt/airflow/dags/pipeline_dag.py
[2026-05-07T10:02:31.627+0000] {logging_mixin.py:188} INFO - [2026-05-07T10:02:31.626+0000] {dag.py:3096} INFO - Sync 1 DAGs
[2026-05-07T10:02:32.427+0000] {logging_mixin.py:188} INFO - [2026-05-07T10:02:32.405+0000] {dag.py:3954} INFO - Setting next_dagrun for ab_test_medallion_pipeline to 2026-05-07 00:00:00+00:00, run_after=2026-05-08 00:00:00+00:00
[2026-05-07T10:02:32.838+0000] {processor.py:183} INFO - Processing /opt/airflow/dags/pipeline_dag.py took 3.329 seconds
[2026-05-07T10:03:03.775+0000] {processor.py:161} INFO - Started process (PID=745) to work on /opt/airflow/dags/pipeline_dag.py
[2026-05-07T10:03:03.823+0000] {processor.py:830} INFO - Processing file /opt/airflow/dags/pipeline_dag.py for tasks to queue
[2026-05-07T10:03:03.875+0000] {logging_mixin.py:188} INFO - [2026-05-07T10:03:03.859+0000] {dagbag.py:545} INFO - Filling up the DagBag from /opt/airflow/dags/pipeline_dag.py
[2026-05-07T10:03:04.035+0000] {processor.py:840} INFO - DAG(s) 'ab_test_medallion_pipeline' retrieved from /opt/airflow/dags/pipeline_dag.py
[2026-05-07T10:03:04.656+0000] {logging_mixin.py:188} INFO - [2026-05-07T10:03:04.652+0000] {dag.py:3096} INFO - Sync 1 DAGs
[2026-05-07T10:03:05.029+0000] {logging_mixin.py:188} INFO - [2026-05-07T10:03:05.028+0000] {dag.py:3954} INFO - Setting next_dagrun for ab_test_medallion_pipeline to 2026-05-07 00:00:00+00:00, run_after=2026-05-08 00:00:00+00:00
[2026-05-07T10:03:05.631+0000] {processor.py:183} INFO - Processing /opt/airflow/dags/pipeline_dag.py took 1.983 seconds
[2026-05-07T10:03:36.287+0000] {processor.py:161} INFO - Started process (PID=750) to work on /opt/airflow/dags/pipeline_dag.py
[2026-05-07T10:03:36.312+0000] {processor.py:830} INFO - Processing file /opt/airflow/dags/pipeline_dag.py for tasks to queue
[2026-05-07T10:03:36.417+0000] {logging_mixin.py:188} INFO - [2026-05-07T10:03:36.415+0000] {dagbag.py:545} INFO - Filling up the DagBag from /opt/airflow/dags/pipeline_dag.py
[2026-05-07T10:03:36.514+0000] {processor.py:840} INFO - DAG(s) 'ab_test_medallion_pipeline' retrieved from /opt/airflow/dags/pipeline_dag.py
[2026-05-07T10:03:36.767+0000] {logging_mixin.py:188} INFO - [2026-05-07T10:03:36.758+0000] {dag.py:3096} INFO - Sync 1 DAGs
[2026-05-07T10:03:36.924+0000] {logging_mixin.py:188} INFO - [2026-05-07T10:03:36.923+0000] {dag.py:3954} INFO - Setting next_dagrun for ab_test_medallion_pipeline to 2026-05-07 00:00:00+00:00, run_after=2026-05-08 00:00:00+00:00
[2026-05-07T10:03:37.939+0000] {processor.py:183} INFO - Processing /opt/airflow/dags/pipeline_dag.py took 2.015 seconds
[2026-05-07T10:04:10.346+0000] {processor.py:161} INFO - Started process (PID=755) to work on /opt/airflow/dags/pipeline_dag.py
[2026-05-07T10:04:10.385+0000] {processor.py:830} INFO - Processing file /opt/airflow/dags/pipeline_dag.py for tasks to queue
[2026-05-07T10:04:10.558+0000] {logging_mixin.py:188} INFO - [2026-05-07T10:04:10.530+0000] {dagbag.py:545} INFO - Filling up the DagBag from /opt/airflow/dags/pipeline_dag.py
[2026-05-07T10:04:10.430+0000] {processor.py:840} INFO - DAG(s) 'ab_test_medallion_pipeline' retrieved from /opt/airflow/dags/pipeline_dag.py
[2026-05-07T10:04:12.217+0000] {logging_mixin.py:188} INFO - [2026-05-07T10:04:12.215+0000] {dag.py:3096} INFO - Sync 1 DAGs
[2026-05-07T10:04:13.292+0000] {logging_mixin.py:188} INFO - [2026-05-07T10:04:13.291+0000] {dag.py:3954} INFO - Setting next_dagrun for ab_test_medallion_pipeline to 2026-05-07 00:00:00+00:00, run_after=2026-05-08 00:00:00+00:00
[2026-05-07T10:04:13.708+0000] {processor.py:183} INFO - Processing /opt/airflow/dags/pipeline_dag.py took 5.610 seconds
[2026-05-07T10:04:47.510+0000] {processor.py:161} INFO - Started process (PID=766) to work on /opt/airflow/dags/pipeline_dag.py
[2026-05-07T10:04:47.528+0000] {processor.py:830} INFO - Processing file /opt/airflow/dags/pipeline_dag.py for tasks to queue
[2026-05-07T10:04:47.633+0000] {logging_mixin.py:188} INFO - [2026-05-07T10:04:47.581+0000] {dagbag.py:545} INFO - Filling up the DagBag from /opt/airflow/dags/pipeline_dag.py
[2026-05-07T10:04:48.625+0000] {processor.py:840} INFO - DAG(s) 'ab_test_medallion_pipeline' retrieved from /opt/airflow/dags/pipeline_dag.py
[2026-05-07T10:04:48.957+0000] {logging_mixin.py:188} INFO - [2026-05-07T10:04:48.957+0000] {dag.py:3096} INFO - Sync 1 DAGs
[2026-05-07T10:04:49.078+0000] {logging_mixin.py:188} INFO - [2026-05-07T10:04:49.075+0000] {dag.py:3954} INFO - Setting next_dagrun for ab_test_medallion_pipeline to 2026-05-07 00:00:00+00:00, run_after=2026-05-08 00:00:00+00:00
[2026-05-07T10:04:49.183+0000] {processor.py:183} INFO - Processing /opt/airflow/dags/pipeline_dag.py took 2.966 seconds
[2026-05-07T10:06:04.835+0000] {processor.py:161} INFO - Started process (PID=159) to work on /opt/airflow/dags/pipeline_dag.py
[2026-05-07T10:06:04.843+0000] {processor.py:830} INFO - Processing file /opt/airflow/dags/pipeline_dag.py for tasks to queue
[2026-05-07T10:06:04.864+0000] {logging_mixin.py:188} INFO - [2026-05-07T10:06:04.862+0000] {dagbag.py:545} INFO - Filling up the DagBag from /opt/airflow/dags/pipeline_dag.py
[2026-05-07T10:06:04.984+0000] {processor.py:840} INFO - DAG(s) 'ab_test_medallion_pipeline' retrieved from /opt/airflow/dags/pipeline_dag.py
[2026-05-07T10:06:05.230+0000] {logging_mixin.py:188} INFO - [2026-05-07T10:06:05.229+0000] {dag.py:3096} INFO - Sync 1 DAGs
[2026-05-07T10:06:05.352+0000] {logging_mixin.py:188} INFO - [2026-05-07T10:06:05.352+0000] {dag.py:3954} INFO - Setting next_dagrun for ab_test_medallion_pipeline to 2026-05-07 00:00:00+00:00, run_after=2026-05-08 00:00:00+00:00
[2026-05-07T10:06:05.412+0000] {processor.py:183} INFO - Processing /opt/airflow/dags/pipeline_dag.py took 0.619 seconds
[2026-05-07T10:06:36.261+0000] {processor.py:161} INFO - Started process (PID=543) to work on /opt/airflow/dags/pipeline_dag.py
[2026-05-07T10:06:36.305+0000] {processor.py:830} INFO - Processing file /opt/airflow/dags/pipeline_dag.py for tasks to queue
[2026-05-07T10:06:36.472+0000] {logging_mixin.py:188} INFO - [2026-05-07T10:06:36.462+0000] {dagbag.py:545} INFO - Filling up the DagBag from /opt/airflow/dags/pipeline_dag.py
[2026-05-07T10:06:39.276+0000] {processor.py:840} INFO - DAG(s) 'ab_test_medallion_pipeline' retrieved from /opt/airflow/dags/pipeline_dag.py
[2026-05-07T10:06:49.139+0000] {logging_mixin.py:188} INFO - [2026-05-07T10:06:49.118+0000] {dag.py:3096} INFO - Sync 1 DAGs
[2026-05-07T10:06:50.554+0000] {logging_mixin.py:188} INFO - [2026-05-07T10:06:50.553+0000] {dag.py:3954} INFO - Setting next_dagrun for ab_test_medallion_pipeline to 2026-05-07 00:00:00+00:00, run_after=2026-05-08 00:00:00+00:00
[2026-05-07T10:06:51.571+0000] {processor.py:183} INFO - Processing /opt/airflow/dags/pipeline_dag.py took 15.706 seconds
[2026-05-07T10:07:23.173+0000] {processor.py:161} INFO - Started process (PID=590) to work on /opt/airflow/dags/pipeline_dag.py
[2026-05-07T10:07:23.204+0000] {processor.py:830} INFO - Processing file /opt/airflow/dags/pipeline_dag.py for tasks to queue
[2026-05-07T10:07:23.446+0000] {logging_mixin.py:188} INFO - [2026-05-07T10:07:23.286+0000] {dagbag.py:545} INFO - Filling up the DagBag from /opt/airflow/dags/pipeline_dag.py
[2026-05-07T10:07:25.335+0000] {processor.py:840} INFO - DAG(s) 'ab_test_medallion_pipeline' retrieved from /opt/airflow/dags/pipeline_dag.py
[2026-05-07T10:07:27.523+0000] {logging_mixin.py:188} INFO - [2026-05-07T10:07:27.494+0000] {dag.py:3096} INFO - Sync 1 DAGs
[2026-05-07T10:07:28.736+0000] {logging_mixin.py:188} INFO - [2026-05-07T10:07:28.736+0000] {dag.py:3954} INFO - Setting next_dagrun for ab_test_medallion_pipeline to 2026-05-07 00:00:00+00:00, run_after=2026-05-08 00:00:00+00:00
[2026-05-07T10:07:30.929+0000] {processor.py:183} INFO - Processing /opt/airflow/dags/pipeline_dag.py took 8.519 seconds
[2026-05-07T10:08:03.642+0000] {processor.py:161} INFO - Started process (PID=697) to work on /opt/airflow/dags/pipeline_dag.py
[2026-05-07T10:08:03.654+0000] {processor.py:830} INFO - Processing file /opt/airflow/dags/pipeline_dag.py for tasks to queue
[2026-05-07T10:08:03.685+0000] {logging_mixin.py:188} INFO - [2026-05-07T10:08:03.678+0000] {dagbag.py:545} INFO - Filling up the DagBag from /opt/airflow/dags/pipeline_dag.py
[2026-05-07T10:08:04.282+0000] {processor.py:840} INFO - DAG(s) 'ab_test_medallion_pipeline' retrieved from /opt/airflow/dags/pipeline_dag.py
[2026-05-07T10:08:04.270+0000] {logging_mixin.py:188} INFO - [2026-05-07T10:08:04.253+0000] {dag.py:3096} INFO - Sync 1 DAGs
[2026-05-07T10:08:05.039+0000] {logging_mixin.py:188} INFO - [2026-05-07T10:08:05.039+0000] {dag.py:3954} INFO - Setting next_dagrun for ab_test_medallion_pipeline to 2026-05-07 00:00:00+00:00, run_after=2026-05-08 00:00:00+00:00
[2026-05-07T10:08:05.384+0000] {processor.py:183} INFO - Processing /opt/airflow/dags/pipeline_dag.py took 2.854 seconds
[2026-05-07T10:08:36.382+0000] {processor.py:161} INFO - Started process (PID=720) to work on /opt/airflow/dags/pipeline_dag.py
[2026-05-07T10:08:36.391+0000] {processor.py:830} INFO - Processing file /opt/airflow/dags/pipeline_dag.py for tasks to queue
[2026-05-07T10:08:36.408+0000] {logging_mixin.py:188} INFO - [2026-05-07T10:08:36.407+0000] {dagbag.py:545} INFO - Filling up the DagBag from /opt/airflow/dags/pipeline_dag.py
[2026-05-07T10:08:36.760+0000] {processor.py:840} INFO - DAG(s) 'ab_test_medallion_pipeline' retrieved from /opt/airflow/dags/pipeline_dag.py
[2026-05-07T10:08:37.904+0000] {logging_mixin.py:188} INFO - [2026-05-07T10:08:37.903+0000] {dag.py:3096} INFO - Sync 1 DAGs
[2026-05-07T10:08:39.137+0000] {logging_mixin.py:188} INFO - [2026-05-07T10:08:39.136+0000] {dag.py:3954} INFO - Setting next_dagrun for ab_test_medallion_pipeline to 2026-05-07 00:00:00+00:00, run_after=2026-05-08 00:00:00+00:00
[2026-05-07T10:08:39.613+0000] {processor.py:183} INFO - Processing /opt/airflow/dags/pipeline_dag.py took 3.508 seconds
[2026-05-07T10:09:10.493+0000] {processor.py:161} INFO - Started process (PID=725) to work on /opt/airflow/dags/pipeline_dag.py
[2026-05-07T10:09:10.500+0000] {processor.py:830} INFO - Processing file /opt/airflow/dags/pipeline_dag.py for tasks to queue
[2026-05-07T10:09:10.663+0000] {logging_mixin.py:188} INFO - [2026-05-07T10:09:10.613+0000] {dagbag.py:545} INFO - Filling up the DagBag from /opt/airflow/dags/pipeline_dag.py
[2026-05-07T10:09:11.304+0000] {processor.py:840} INFO - DAG(s) 'ab_test_medallion_pipeline' retrieved from /opt/airflow/dags/pipeline_dag.py
[2026-05-07T10:09:15.792+0000] {logging_mixin.py:188} INFO - [2026-05-07T10:09:15.783+0000] {dag.py:3096} INFO - Sync 1 DAGs
[2026-05-07T10:09:21.935+0000] {logging_mixin.py:188} INFO - [2026-05-07T10:09:21.921+0000] {dag.py:3954} INFO - Setting next_dagrun for ab_test_medallion_pipeline to 2026-05-07 00:00:00+00:00, run_after=2026-05-08 00:00:00+00:00
[2026-05-07T10:09:22.833+0000] {processor.py:183} INFO - Processing /opt/airflow/dags/pipeline_dag.py took 12.528 seconds
[2026-05-07T10:09:53.797+0000] {processor.py:161} INFO - Started process (PID=730) to work on /opt/airflow/dags/pipeline_dag.py
[2026-05-07T10:09:53.808+0000] {processor.py:830} INFO - Processing file /opt/airflow/dags/pipeline_dag.py for tasks to queue
[2026-05-07T10:09:53.820+0000] {logging_mixin.py:188} INFO - [2026-05-07T10:09:53.817+0000] {dagbag.py:545} INFO - Filling up the DagBag from /opt/airflow/dags/pipeline_dag.py
[2026-05-07T10:09:53.955+0000] {processor.py:840} INFO - DAG(s) 'ab_test_medallion_pipeline' retrieved from /opt/airflow/dags/pipeline_dag.py
[2026-05-07T10:09:54.425+0000] {logging_mixin.py:188} INFO - [2026-05-07T10:09:54.424+0000] {dag.py:3096} INFO - Sync 1 DAGs
[2026-05-07T10:09:54.752+0000] {logging_mixin.py:188} INFO - [2026-05-07T10:09:54.751+0000] {dag.py:3954} INFO - Setting next_dagrun for ab_test_medallion_pipeline to 2026-05-07 00:00:00+00:00, run_after=2026-05-08 00:00:00+00:00
[2026-05-07T10:09:55.002+0000] {processor.py:183} INFO - Processing /opt/airflow/dags/pipeline_dag.py took 1.275 seconds
[2026-05-07T10:10:27.456+0000] {processor.py:161} INFO - Started process (PID=735) to work on /opt/airflow/dags/pipeline_dag.py
[2026-05-07T10:10:27.512+0000] {processor.py:830} INFO - Processing file /opt/airflow/dags/pipeline_dag.py for tasks to queue
[2026-05-07T10:10:27.778+0000] {logging_mixin.py:188} INFO - [2026-05-07T10:10:27.696+0000] {dagbag.py:545} INFO - Filling up the DagBag from /opt/airflow/dags/pipeline_dag.py
[2026-05-07T10:10:29.518+0000] {processor.py:840} INFO - DAG(s) 'ab_test_medallion_pipeline' retrieved from /opt/airflow/dags/pipeline_dag.py
[2026-05-07T10:10:29.479+0000] {logging_mixin.py:188} INFO - [2026-05-07T10:10:29.478+0000] {dag.py:3096} INFO - Sync 1 DAGs
[2026-05-07T10:10:31.003+0000] {logging_mixin.py:188} INFO - [2026-05-07T10:10:30.999+0000] {dag.py:3954} INFO - Setting next_dagrun for ab_test_medallion_pipeline to 2026-05-07 00:00:00+00:00, run_after=2026-05-08 00:00:00+00:00
[2026-05-07T10:10:31.370+0000] {processor.py:183} INFO - Processing /opt/airflow/dags/pipeline_dag.py took 5.718 seconds
[2026-05-07T10:11:02.715+0000] {processor.py:161} INFO - Started process (PID=742) to work on /opt/airflow/dags/pipeline_dag.py
[2026-05-07T10:11:02.737+0000] {processor.py:830} INFO - Processing file /opt/airflow/dags/pipeline_dag.py for tasks to queue
[2026-05-07T10:11:02.916+0000] {logging_mixin.py:188} INFO - [2026-05-07T10:11:02.908+0000] {dagbag.py:545} INFO - Filling up the DagBag from /opt/airflow/dags/pipeline_dag.py
[2026-05-07T10:11:03.219+0000] {processor.py:840} INFO - DAG(s) 'ab_test_medallion_pipeline' retrieved from /opt/airflow/dags/pipeline_dag.py
[2026-05-07T10:11:04.040+0000] {logging_mixin.py:188} INFO - [2026-05-07T10:11:04.039+0000] {dag.py:3096} INFO - Sync 1 DAGs
[2026-05-07T10:11:04.902+0000] {logging_mixin.py:188} INFO - [2026-05-07T10:11:04.902+0000] {dag.py:3954} INFO - Setting next_dagrun for ab_test_medallion_pipeline to 2026-05-07 00:00:00+00:00, run_after=2026-05-08 00:00:00+00:00
[2026-05-07T10:11:05.615+0000] {processor.py:183} INFO - Processing /opt/airflow/dags/pipeline_dag.py took 3.091 seconds
[2026-05-07T10:11:36.530+0000] {processor.py:161} INFO - Started process (PID=749) to work on /opt/airflow/dags/pipeline_dag.py
[2026-05-07T10:11:36.577+0000] {processor.py:830} INFO - Processing file /opt/airflow/dags/pipeline_dag.py for tasks to queue
[2026-05-07T10:11:36.613+0000] {logging_mixin.py:188} INFO - [2026-05-07T10:11:36.612+0000] {dagbag.py:545} INFO - Filling up the DagBag from /opt/airflow/dags/pipeline_dag.py
[2026-05-07T10:11:36.911+0000] {processor.py:840} INFO - DAG(s) 'ab_test_medallion_pipeline' retrieved from /opt/airflow/dags/pipeline_dag.py
[2026-05-07T10:11:37.604+0000] {logging_mixin.py:188} INFO - [2026-05-07T10:11:37.602+0000] {dag.py:3096} INFO - Sync 1 DAGs
[2026-05-07T10:11:38.182+0000] {logging_mixin.py:188} INFO - [2026-05-07T10:11:38.181+0000] {dag.py:3954} INFO - Setting next_dagrun for ab_test_medallion_pipeline to 2026-05-07 00:00:00+00:00, run_after=2026-05-08 00:00:00+00:00
[2026-05-07T10:11:38.340+0000] {processor.py:183} INFO - Processing /opt/airflow/dags/pipeline_dag.py took 1.999 seconds
[2026-05-07T10:12:08.907+0000] {processor.py:161} INFO - Started process (PID=760) to work on /opt/airflow/dags/pipeline_dag.py
[2026-05-07T10:12:08.938+0000] {processor.py:830} INFO - Processing file /opt/airflow/dags/pipeline_dag.py for tasks to queue
[2026-05-07T10:12:08.945+0000] {logging_mixin.py:188} INFO - [2026-05-07T10:12:08.943+0000] {dagbag.py:545} INFO - Filling up the DagBag from /opt/airflow/dags/pipeline_dag.py
[2026-05-07T10:12:09.134+0000] {processor.py:840} INFO - DAG(s) 'ab_test_medallion_pipeline' retrieved from /opt/airflow/dags/pipeline_dag.py
[2026-05-07T10:12:09.538+0000] {logging_mixin.py:188} INFO - [2026-05-07T10:12:09.526+0000] {dag.py:3096} INFO - Sync 1 DAGs
[2026-05-07T10:12:09.936+0000] {logging_mixin.py:188} INFO - [2026-05-07T10:12:09.935+0000] {dag.py:3954} INFO - Setting next_dagrun for ab_test_medallion_pipeline to 2026-05-07 00:00:00+00:00, run_after=2026-05-08 00:00:00+00:00
[2026-05-07T10:12:10.191+0000] {processor.py:183} INFO - Processing /opt/airflow/dags/pipeline_dag.py took 1.420 seconds
[2026-05-07T10:12:41.756+0000] {processor.py:161} INFO - Started process (PID=766) to work on /opt/airflow/dags/pipeline_dag.py
[2026-05-07T10:12:41.759+0000] {processor.py:830} INFO - Processing file /opt/airflow/dags/pipeline_dag.py for tasks to queue
[2026-05-07T10:12:41.787+0000] {logging_mixin.py:188} INFO - [2026-05-07T10:12:41.786+0000] {dagbag.py:545} INFO - Filling up the DagBag from /opt/airflow/dags/pipeline_dag.py
[2026-05-07T10:12:43.610+0000] {processor.py:840} INFO - DAG(s) 'ab_test_medallion_pipeline' retrieved from /opt/airflow/dags/pipeline_dag.py
[2026-05-07T10:12:44.623+0000] {logging_mixin.py:188} INFO - [2026-05-07T10:12:44.622+0000] {dag.py:3096} INFO - Sync 1 DAGs
[2026-05-07T10:12:45.461+0000] {logging_mixin.py:188} INFO - [2026-05-07T10:12:45.453+0000] {dag.py:3954} INFO - Setting next_dagrun for ab_test_medallion_pipeline to 2026-05-07 00:00:00+00:00, run_after=2026-05-08 00:00:00+00:00
[2026-05-07T10:12:45.743+0000] {processor.py:183} INFO - Processing /opt/airflow/dags/pipeline_dag.py took 4.106 seconds
[2026-05-07T10:13:16.932+0000] {processor.py:161} INFO - Started process (PID=781) to work on /opt/airflow/dags/pipeline_dag.py
[2026-05-07T10:13:16.937+0000] {processor.py:830} INFO - Processing file /opt/airflow/dags/pipeline_dag.py for tasks to queue
[2026-05-07T10:13:16.953+0000] {logging_mixin.py:188} INFO - [2026-05-07T10:13:16.952+0000] {dagbag.py:545} INFO - Filling up the DagBag from /opt/airflow/dags/pipeline_dag.py
[2026-05-07T10:13:17.068+0000] {processor.py:840} INFO - DAG(s) 'ab_test_medallion_pipeline' retrieved from /opt/airflow/dags/pipeline_dag.py
[2026-05-07T10:13:17.493+0000] {logging_mixin.py:188} INFO - [2026-05-07T10:13:17.492+0000] {dag.py:3096} INFO - Sync 1 DAGs
[2026-05-07T10:13:17.939+0000] {logging_mixin.py:188} INFO - [2026-05-07T10:13:17.939+0000] {dag.py:3954} INFO - Setting next_dagrun for ab_test_medallion_pipeline to 2026-05-07 00:00:00+00:00, run_after=2026-05-08 00:00:00+00:00
[2026-05-07T10:13:18.228+0000] {processor.py:183} INFO - Processing /opt/airflow/dags/pipeline_dag.py took 1.374 seconds
[2026-05-07T10:13:49.542+0000] {processor.py:161} INFO - Started process (PID=902) to work on /opt/airflow/dags/pipeline_dag.py
[2026-05-07T10:13:49.545+0000] {processor.py:830} INFO - Processing file /opt/airflow/dags/pipeline_dag.py for tasks to queue
[2026-05-07T10:13:49.563+0000] {logging_mixin.py:188} INFO - [2026-05-07T10:13:49.559+0000] {dagbag.py:545} INFO - Filling up the DagBag from /opt/airflow/dags/pipeline_dag.py
[2026-05-07T10:13:49.947+0000] {processor.py:840} INFO - DAG(s) 'ab_test_medallion_pipeline' retrieved from /opt/airflow/dags/pipeline_dag.py
[2026-05-07T10:13:51.139+0000] {logging_mixin.py:188} INFO - [2026-05-07T10:13:51.138+0000] {dag.py:3096} INFO - Sync 1 DAGs
[2026-05-07T10:13:51.843+0000] {logging_mixin.py:188} INFO - [2026-05-07T10:13:51.834+0000] {dag.py:3954} INFO - Setting next_dagrun for ab_test_medallion_pipeline to 2026-05-07 00:00:00+00:00, run_after=2026-05-08 00:00:00+00:00
[2026-05-07T10:13:52.312+0000] {processor.py:183} INFO - Processing /opt/airflow/dags/pipeline_dag.py took 2.996 seconds
[2026-05-07T10:14:22.607+0000] {processor.py:161} INFO - Started process (PID=1052) to work on /opt/airflow/dags/pipeline_dag.py
[2026-05-07T10:14:22.663+0000] {processor.py:830} INFO - Processing file /opt/airflow/dags/pipeline_dag.py for tasks to queue
[2026-05-07T10:14:22.731+0000] {logging_mixin.py:188} INFO - [2026-05-07T10:14:22.711+0000] {dagbag.py:545} INFO - Filling up the DagBag from /opt/airflow/dags/pipeline_dag.py
[2026-05-07T10:14:23.204+0000] {processor.py:840} INFO - DAG(s) 'ab_test_medallion_pipeline' retrieved from /opt/airflow/dags/pipeline_dag.py
[2026-05-07T10:14:24.150+0000] {logging_mixin.py:188} INFO - [2026-05-07T10:14:24.149+0000] {dag.py:3096} INFO - Sync 1 DAGs
[2026-05-07T10:14:24.684+0000] {logging_mixin.py:188} INFO - [2026-05-07T10:14:24.681+0000] {dag.py:3954} INFO - Setting next_dagrun for ab_test_medallion_pipeline to 2026-05-07 00:00:00+00:00, run_after=2026-05-08 00:00:00+00:00
[2026-05-07T10:14:24.918+0000] {processor.py:183} INFO - Processing /opt/airflow/dags/pipeline_dag.py took 2.470 seconds
[2026-05-07T10:14:55.463+0000] {processor.py:161} INFO - Started process (PID=1193) to work on /opt/airflow/dags/pipeline_dag.py
[2026-05-07T10:14:55.524+0000] {processor.py:830} INFO - Processing file /opt/airflow/dags/pipeline_dag.py for tasks to queue
[2026-05-07T10:14:55.539+0000] {logging_mixin.py:188} INFO - [2026-05-07T10:14:55.535+0000] {dagbag.py:545} INFO - Filling up the DagBag from /opt/airflow/dags/pipeline_dag.py
[2026-05-07T10:14:56.323+0000] {processor.py:840} INFO - DAG(s) 'ab_test_medallion_pipeline' retrieved from /opt/airflow/dags/pipeline_dag.py
[2026-05-07T10:14:57.406+0000] {logging_mixin.py:188} INFO - [2026-05-07T10:14:57.406+0000] {dag.py:3096} INFO - Sync 1 DAGs
[2026-05-07T10:14:58.693+0000] {logging_mixin.py:188} INFO - [2026-05-07T10:14:58.692+0000] {dag.py:3954} INFO - Setting next_dagrun for ab_test_medallion_pipeline to 2026-05-07 00:00:00+00:00, run_after=2026-05-08 00:00:00+00:00
[2026-05-07T10:15:02.122+0000] {processor.py:183} INFO - Processing /opt/airflow/dags/pipeline_dag.py took 6.875 seconds
[2026-05-07T10:15:34.969+0000] {processor.py:161} INFO - Started process (PID=1424) to work on /opt/airflow/dags/pipeline_dag.py
[2026-05-07T10:15:35.022+0000] {processor.py:830} INFO - Processing file /opt/airflow/dags/pipeline_dag.py for tasks to queue
[2026-05-07T10:15:35.094+0000] {logging_mixin.py:188} INFO - [2026-05-07T10:15:35.068+0000] {dagbag.py:545} INFO - Filling up the DagBag from /opt/airflow/dags/pipeline_dag.py
[2026-05-07T10:15:36.328+0000] {processor.py:840} INFO - DAG(s) 'ab_test_medallion_pipeline' retrieved from /opt/airflow/dags/pipeline_dag.py
[2026-05-07T10:15:37.062+0000] {logging_mixin.py:188} INFO - [2026-05-07T10:15:37.061+0000] {dag.py:3096} INFO - Sync 1 DAGs
[2026-05-07T10:15:37.312+0000] {logging_mixin.py:188} INFO - [2026-05-07T10:15:37.311+0000] {dag.py:3954} INFO - Setting next_dagrun for ab_test_medallion_pipeline to 2026-05-07 00:00:00+00:00, run_after=2026-05-08 00:00:00+00:00
[2026-05-07T10:15:37.456+0000] {processor.py:183} INFO - Processing /opt/airflow/dags/pipeline_dag.py took 2.667 seconds
[2026-05-07T10:16:08.723+0000] {processor.py:161} INFO - Started process (PID=1669) to work on /opt/airflow/dags/pipeline_dag.py
[2026-05-07T10:16:08.739+0000] {processor.py:830} INFO - Processing file /opt/airflow/dags/pipeline_dag.py for tasks to queue
[2026-05-07T10:16:08.775+0000] {logging_mixin.py:188} INFO - [2026-05-07T10:16:08.745+0000] {dagbag.py:545} INFO - Filling up the DagBag from /opt/airflow/dags/pipeline_dag.py
[2026-05-07T10:16:09.219+0000] {processor.py:840} INFO - DAG(s) 'ab_test_medallion_pipeline' retrieved from /opt/airflow/dags/pipeline_dag.py
[2026-05-07T10:16:09.885+0000] {logging_mixin.py:188} INFO - [2026-05-07T10:16:09.884+0000] {dag.py:3096} INFO - Sync 1 DAGs
[2026-05-07T10:16:10.093+0000] {logging_mixin.py:188} INFO - [2026-05-07T10:16:10.092+0000] {dag.py:3954} INFO - Setting next_dagrun for ab_test_medallion_pipeline to 2026-05-07 00:00:00+00:00, run_after=2026-05-08 00:00:00+00:00
[2026-05-07T10:16:10.298+0000] {processor.py:183} INFO - Processing /opt/airflow/dags/pipeline_dag.py took 1.773 seconds
[2026-05-07T10:16:41.218+0000] {processor.py:161} INFO - Started process (PID=1689) to work on /opt/airflow/dags/pipeline_dag.py
[2026-05-07T10:16:41.236+0000] {processor.py:830} INFO - Processing file /opt/airflow/dags/pipeline_dag.py for tasks to queue
[2026-05-07T10:16:41.255+0000] {logging_mixin.py:188} INFO - [2026-05-07T10:16:41.240+0000] {dagbag.py:545} INFO - Filling up the DagBag from /opt/airflow/dags/pipeline_dag.py
[2026-05-07T10:16:41.600+0000] {processor.py:840} INFO - DAG(s) 'ab_test_medallion_pipeline' retrieved from /opt/airflow/dags/pipeline_dag.py
[2026-05-07T10:16:42.782+0000] {logging_mixin.py:188} INFO - [2026-05-07T10:16:42.782+0000] {dag.py:3096} INFO - Sync 1 DAGs
[2026-05-07T10:16:42.908+0000] {logging_mixin.py:188} INFO - [2026-05-07T10:16:42.907+0000] {dag.py:3954} INFO - Setting next_dagrun for ab_test_medallion_pipeline to 2026-05-07 00:00:00+00:00, run_after=2026-05-08 00:00:00+00:00
[2026-05-07T10:16:42.973+0000] {processor.py:183} INFO - Processing /opt/airflow/dags/pipeline_dag.py took 1.825 seconds
[2026-05-07T10:17:17.723+0000] {processor.py:161} INFO - Started process (PID=1784) to work on /opt/airflow/dags/pipeline_dag.py
[2026-05-07T10:17:17.743+0000] {processor.py:830} INFO - Processing file /opt/airflow/dags/pipeline_dag.py for tasks to queue
[2026-05-07T10:17:17.929+0000] {logging_mixin.py:188} INFO - [2026-05-07T10:17:17.829+0000] {dagbag.py:545} INFO - Filling up the DagBag from /opt/airflow/dags/pipeline_dag.py
[2026-05-07T10:17:20.211+0000] {processor.py:840} INFO - DAG(s) 'ab_test_medallion_pipeline' retrieved from /opt/airflow/dags/pipeline_dag.py
[2026-05-07T10:17:23.973+0000] {logging_mixin.py:188} INFO - [2026-05-07T10:17:23.965+0000] {dag.py:3096} INFO - Sync 1 DAGs
[2026-05-07T10:17:25.835+0000] {logging_mixin.py:188} INFO - [2026-05-07T10:17:25.833+0000] {dag.py:3954} INFO - Setting next_dagrun for ab_test_medallion_pipeline to 2026-05-07 00:00:00+00:00, run_after=2026-05-08 00:00:00+00:00
[2026-05-07T10:17:26.711+0000] {processor.py:183} INFO - Processing /opt/airflow/dags/pipeline_dag.py took 10.249 seconds
[2026-05-07T10:17:59.775+0000] {processor.py:161} INFO - Started process (PID=1789) to work on /opt/airflow/dags/pipeline_dag.py
[2026-05-07T10:17:59.785+0000] {processor.py:830} INFO - Processing file /opt/airflow/dags/pipeline_dag.py for tasks to queue
[2026-05-07T10:17:59.879+0000] {logging_mixin.py:188} INFO - [2026-05-07T10:17:59.836+0000] {dagbag.py:545} INFO - Filling up the DagBag from /opt/airflow/dags/pipeline_dag.py
[2026-05-07T10:18:01.874+0000] {processor.py:840} INFO - DAG(s) 'ab_test_medallion_pipeline' retrieved from /opt/airflow/dags/pipeline_dag.py
[2026-05-07T10:18:03.515+0000] {logging_mixin.py:188} INFO - [2026-05-07T10:18:03.515+0000] {dag.py:3096} INFO - Sync 1 DAGs
[2026-05-07T10:18:04.975+0000] {logging_mixin.py:188} INFO - [2026-05-07T10:18:04.962+0000] {dag.py:3954} INFO - Setting next_dagrun for ab_test_medallion_pipeline to 2026-05-07 00:00:00+00:00, run_after=2026-05-08 00:00:00+00:00
[2026-05-07T10:18:05.295+0000] {processor.py:183} INFO - Processing /opt/airflow/dags/pipeline_dag.py took 5.910 seconds
[2026-05-07T10:18:40.456+0000] {processor.py:161} INFO - Started process (PID=1832) to work on /opt/airflow/dags/pipeline_dag.py
[2026-05-07T10:18:41.168+0000] {processor.py:830} INFO - Processing file /opt/airflow/dags/pipeline_dag.py for tasks to queue
[2026-05-07T10:18:43.303+0000] {logging_mixin.py:188} INFO - [2026-05-07T10:18:42.265+0000] {dagbag.py:545} INFO - Filling up the DagBag from /opt/airflow/dags/pipeline_dag.py
[2026-05-07T10:23:18.293+0000] {processor.py:840} INFO - DAG(s) 'ab_test_medallion_pipeline' retrieved from /opt/airflow/dags/pipeline_dag.py
[2026-05-07T10:24:12.298+0000] {processor.py:161} INFO - Started process (PID=1879) to work on /opt/airflow/dags/pipeline_dag.py
[2026-05-07T10:24:12.405+0000] {processor.py:830} INFO - Processing file /opt/airflow/dags/pipeline_dag.py for tasks to queue
[2026-05-07T10:24:13.147+0000] {logging_mixin.py:188} INFO - [2026-05-07T10:24:12.907+0000] {dagbag.py:545} INFO - Filling up the DagBag from /opt/airflow/dags/pipeline_dag.py
[2026-05-07T10:24:24.395+0000] {processor.py:840} INFO - DAG(s) 'ab_test_medallion_pipeline' retrieved from /opt/airflow/dags/pipeline_dag.py
[2026-05-07T10:24:46.035+0000] {logging_mixin.py:188} INFO - [2026-05-07T10:24:46.028+0000] {dag.py:3096} INFO - Sync 1 DAGs
[2026-05-07T10:24:47.369+0000] {logging_mixin.py:188} INFO - [2026-05-07T10:24:47.361+0000] {dag.py:3954} INFO - Setting next_dagrun for ab_test_medallion_pipeline to 2026-05-07 00:00:00+00:00, run_after=2026-05-08 00:00:00+00:00
[2026-05-07T10:24:47.912+0000] {processor.py:183} INFO - Processing /opt/airflow/dags/pipeline_dag.py took 37.132 seconds
[2026-05-07T10:25:18.764+0000] {processor.py:161} INFO - Started process (PID=2091) to work on /opt/airflow/dags/pipeline_dag.py
[2026-05-07T10:25:18.767+0000] {processor.py:830} INFO - Processing file /opt/airflow/dags/pipeline_dag.py for tasks to queue
[2026-05-07T10:25:18.771+0000] {logging_mixin.py:188} INFO - [2026-05-07T10:25:18.769+0000] {dagbag.py:545} INFO - Filling up the DagBag from /opt/airflow/dags/pipeline_dag.py
[2026-05-07T10:25:18.830+0000] {processor.py:840} INFO - DAG(s) 'ab_test_medallion_pipeline' retrieved from /opt/airflow/dags/pipeline_dag.py
[2026-05-07T10:25:18.915+0000] {logging_mixin.py:188} INFO - [2026-05-07T10:25:18.913+0000] {taskinstance.py:2907} ERROR - {'DAG Id': 'ab_test_medallion_pipeline', 'Task Id': 'process_bronze_to_silver', 'Run Id': 'scheduled__2026-05-05T00:00:00+00:00', 'Hostname': '2185890eddc3'}
[2026-05-07T10:25:18.993+0000] {logging_mixin.py:188} INFO - [2026-05-07T10:25:18.992+0000] {taskinstance.py:1206} INFO - Marking task as FAILED. dag_id=ab_test_medallion_pipeline, task_id=process_bronze_to_silver, run_id=scheduled__2026-05-05T00:00:00+00:00, execution_date=20260505T000000, start_date=20260507T101400, end_date=20260507T102518
[2026-05-07T10:25:19.051+0000] {processor.py:791} INFO - Executed failure callback for <TaskInstance: ab_test_medallion_pipeline.process_bronze_to_silver scheduled__2026-05-05T00:00:00+00:00 [failed]> in state failed
[2026-05-07T10:25:19.057+0000] {logging_mixin.py:188} INFO - [2026-05-07T10:25:19.057+0000] {taskinstance.py:2907} ERROR - {'DAG Id': 'ab_test_medallion_pipeline', 'Task Id': 'process_bronze_to_silver', 'Run Id': 'manual__2026-05-06T22:46:17.007283+00:00', 'Hostname': '2185890eddc3'}
[2026-05-07T10:25:19.082+0000] {logging_mixin.py:188} INFO - [2026-05-07T10:25:19.082+0000] {taskinstance.py:1206} INFO - Marking task as FAILED. dag_id=ab_test_medallion_pipeline, task_id=process_bronze_to_silver, run_id=manual__2026-05-06T22:46:17.007283+00:00, execution_date=20260506T224617, start_date=20260507T101310, end_date=20260507T102519
[2026-05-07T10:25:19.088+0000] {processor.py:791} INFO - Executed failure callback for <TaskInstance: ab_test_medallion_pipeline.process_bronze_to_silver manual__2026-05-06T22:46:17.007283+00:00 [failed]> in state failed
[2026-05-07T10:25:19.099+0000] {logging_mixin.py:188} INFO - [2026-05-07T10:25:19.099+0000] {taskinstance.py:2907} ERROR - {'DAG Id': 'ab_test_medallion_pipeline', 'Task Id': 'process_bronze_to_silver', 'Run Id': 'manual__2026-05-06T21:26:12.998043+00:00', 'Hostname': '2185890eddc3'}
[2026-05-07T10:25:19.122+0000] {logging_mixin.py:188} INFO - [2026-05-07T10:25:19.121+0000] {taskinstance.py:1206} INFO - Marking task as FAILED. dag_id=ab_test_medallion_pipeline, task_id=process_bronze_to_silver, run_id=manual__2026-05-06T21:26:12.998043+00:00, execution_date=20260506T212612, start_date=20260507T101347, end_date=20260507T102519
[2026-05-07T10:25:19.136+0000] {processor.py:791} INFO - Executed failure callback for <TaskInstance: ab_test_medallion_pipeline.process_bronze_to_silver manual__2026-05-06T21:26:12.998043+00:00 [failed]> in state failed
[2026-05-07T10:25:19.142+0000] {logging_mixin.py:188} INFO - [2026-05-07T10:25:19.141+0000] {taskinstance.py:2907} ERROR - {'DAG Id': 'ab_test_medallion_pipeline', 'Task Id': 'process_bronze_to_silver', 'Run Id': 'manual__2026-05-06T19:15:12.061475+00:00', 'Hostname': '2185890eddc3'}
[2026-05-07T10:25:19.160+0000] {logging_mixin.py:188} INFO - [2026-05-07T10:25:19.160+0000] {taskinstance.py:1206} INFO - Marking task as FAILED. dag_id=ab_test_medallion_pipeline, task_id=process_bronze_to_silver, run_id=manual__2026-05-06T19:15:12.061475+00:00, execution_date=20260506T191512, start_date=20260507T101352, end_date=20260507T102519
[2026-05-07T10:25:19.171+0000] {processor.py:791} INFO - Executed failure callback for <TaskInstance: ab_test_medallion_pipeline.process_bronze_to_silver manual__2026-05-06T19:15:12.061475+00:00 [failed]> in state failed
[2026-05-07T10:25:19.177+0000] {logging_mixin.py:188} INFO - [2026-05-07T10:25:19.177+0000] {taskinstance.py:2907} ERROR - {'DAG Id': 'ab_test_medallion_pipeline', 'Task Id': 'process_bronze_to_silver', 'Run Id': 'manual__2026-05-06T22:42:23.388491+00:00', 'Hostname': '2185890eddc3'}
[2026-05-07T10:25:19.193+0000] {logging_mixin.py:188} INFO - [2026-05-07T10:25:19.192+0000] {taskinstance.py:1206} INFO - Marking task as FAILED. dag_id=ab_test_medallion_pipeline, task_id=process_bronze_to_silver, run_id=manual__2026-05-06T22:42:23.388491+00:00, execution_date=20260506T224223, start_date=20260507T102458, end_date=20260507T102519
[2026-05-07T10:25:19.200+0000] {processor.py:791} INFO - Executed failure callback for <TaskInstance: ab_test_medallion_pipeline.process_bronze_to_silver manual__2026-05-06T22:42:23.388491+00:00 [failed]> in state failed
[2026-05-07T10:25:19.270+0000] {logging_mixin.py:188} INFO - [2026-05-07T10:25:19.270+0000] {dag.py:3096} INFO - Sync 1 DAGs
[2026-05-07T10:25:19.328+0000] {logging_mixin.py:188} INFO - [2026-05-07T10:25:19.328+0000] {dag.py:3954} INFO - Setting next_dagrun for ab_test_medallion_pipeline to 2026-05-07 00:00:00+00:00, run_after=2026-05-08 00:00:00+00:00
[2026-05-07T10:25:19.370+0000] {processor.py:183} INFO - Processing /opt/airflow/dags/pipeline_dag.py took 0.629 seconds
[2026-05-07T10:25:49.949+0000] {processor.py:161} INFO - Started process (PID=2136) to work on /opt/airflow/dags/pipeline_dag.py
[2026-05-07T10:25:49.956+0000] {processor.py:830} INFO - Processing file /opt/airflow/dags/pipeline_dag.py for tasks to queue
[2026-05-07T10:25:49.959+0000] {logging_mixin.py:188} INFO - [2026-05-07T10:25:49.958+0000] {dagbag.py:545} INFO - Filling up the DagBag from /opt/airflow/dags/pipeline_dag.py
[2026-05-07T10:25:50.020+0000] {processor.py:840} INFO - DAG(s) 'ab_test_medallion_pipeline' retrieved from /opt/airflow/dags/pipeline_dag.py
[2026-05-07T10:25:50.141+0000] {logging_mixin.py:188} INFO - [2026-05-07T10:25:50.140+0000] {dag.py:3096} INFO - Sync 1 DAGs
[2026-05-07T10:25:50.210+0000] {logging_mixin.py:188} INFO - [2026-05-07T10:25:50.210+0000] {dag.py:3954} INFO - Setting next_dagrun for ab_test_medallion_pipeline to 2026-05-07 00:00:00+00:00, run_after=2026-05-08 00:00:00+00:00
[2026-05-07T10:25:50.258+0000] {processor.py:183} INFO - Processing /opt/airflow/dags/pipeline_dag.py took 0.337 seconds
[2026-05-07T10:26:20.808+0000] {processor.py:161} INFO - Started process (PID=2141) to work on /opt/airflow/dags/pipeline_dag.py
[2026-05-07T10:26:20.812+0000] {processor.py:830} INFO - Processing file /opt/airflow/dags/pipeline_dag.py for tasks to queue
[2026-05-07T10:26:20.815+0000] {logging_mixin.py:188} INFO - [2026-05-07T10:26:20.813+0000] {dagbag.py:545} INFO - Filling up the DagBag from /opt/airflow/dags/pipeline_dag.py
[2026-05-07T10:26:20.857+0000] {processor.py:840} INFO - DAG(s) 'ab_test_medallion_pipeline' retrieved from /opt/airflow/dags/pipeline_dag.py
[2026-05-07T10:26:20.918+0000] {logging_mixin.py:188} INFO - [2026-05-07T10:26:20.918+0000] {dag.py:3096} INFO - Sync 1 DAGs
[2026-05-07T10:26:20.956+0000] {logging_mixin.py:188} INFO - [2026-05-07T10:26:20.955+0000] {dag.py:3954} INFO - Setting next_dagrun for ab_test_medallion_pipeline to 2026-05-07 00:00:00+00:00, run_after=2026-05-08 00:00:00+00:00
[2026-05-07T10:26:20.990+0000] {processor.py:183} INFO - Processing /opt/airflow/dags/pipeline_dag.py took 0.199 seconds
[2026-05-07T10:26:51.403+0000] {processor.py:161} INFO - Started process (PID=2146) to work on /opt/airflow/dags/pipeline_dag.py
[2026-05-07T10:26:51.406+0000] {processor.py:830} INFO - Processing file /opt/airflow/dags/pipeline_dag.py for tasks to queue
[2026-05-07T10:26:51.408+0000] {logging_mixin.py:188} INFO - [2026-05-07T10:26:51.407+0000] {dagbag.py:545} INFO - Filling up the DagBag from /opt/airflow/dags/pipeline_dag.py
[2026-05-07T10:26:51.443+0000] {processor.py:840} INFO - DAG(s) 'ab_test_medallion_pipeline' retrieved from /opt/airflow/dags/pipeline_dag.py
[2026-05-07T10:26:51.509+0000] {logging_mixin.py:188} INFO - [2026-05-07T10:26:51.509+0000] {dag.py:3096} INFO - Sync 1 DAGs
[2026-05-07T10:26:51.560+0000] {logging_mixin.py:188} INFO - [2026-05-07T10:26:51.559+0000] {dag.py:3954} INFO - Setting next_dagrun for ab_test_medallion_pipeline to 2026-05-07 00:00:00+00:00, run_after=2026-05-08 00:00:00+00:00
[2026-05-07T10:26:51.612+0000] {processor.py:183} INFO - Processing /opt/airflow/dags/pipeline_dag.py took 0.248 seconds
[2026-05-07T10:27:22.321+0000] {processor.py:161} INFO - Started process (PID=2151) to work on /opt/airflow/dags/pipeline_dag.py
[2026-05-07T10:27:22.326+0000] {processor.py:830} INFO - Processing file /opt/airflow/dags/pipeline_dag.py for tasks to queue
[2026-05-07T10:27:22.328+0000] {logging_mixin.py:188} INFO - [2026-05-07T10:27:22.327+0000] {dagbag.py:545} INFO - Filling up the DagBag from /opt/airflow/dags/pipeline_dag.py
[2026-05-07T10:27:22.383+0000] {processor.py:840} INFO - DAG(s) 'ab_test_medallion_pipeline' retrieved from /opt/airflow/dags/pipeline_dag.py
[2026-05-07T10:27:22.456+0000] {logging_mixin.py:188} INFO - [2026-05-07T10:27:22.455+0000] {dag.py:3096} INFO - Sync 1 DAGs
[2026-05-07T10:27:22.502+0000] {logging_mixin.py:188} INFO - [2026-05-07T10:27:22.501+0000] {dag.py:3954} INFO - Setting next_dagrun for ab_test_medallion_pipeline to 2026-05-07 00:00:00+00:00, run_after=2026-05-08 00:00:00+00:00
[2026-05-07T10:27:22.556+0000] {processor.py:183} INFO - Processing /opt/airflow/dags/pipeline_dag.py took 0.256 seconds
[2026-05-07T10:27:52.798+0000] {processor.py:161} INFO - Started process (PID=2156) to work on /opt/airflow/dags/pipeline_dag.py
[2026-05-07T10:27:52.800+0000] {processor.py:830} INFO - Processing file /opt/airflow/dags/pipeline_dag.py for tasks to queue
[2026-05-07T10:27:52.803+0000] {logging_mixin.py:188} INFO - [2026-05-07T10:27:52.801+0000] {dagbag.py:545} INFO - Filling up the DagBag from /opt/airflow/dags/pipeline_dag.py
[2026-05-07T10:27:52.861+0000] {processor.py:840} INFO - DAG(s) 'ab_test_medallion_pipeline' retrieved from /opt/airflow/dags/pipeline_dag.py
[2026-05-07T10:27:53.034+0000] {logging_mixin.py:188} INFO - [2026-05-07T10:27:53.033+0000] {dag.py:3096} INFO - Sync 1 DAGs
[2026-05-07T10:27:53.137+0000] {logging_mixin.py:188} INFO - [2026-05-07T10:27:53.136+0000] {dag.py:3954} INFO - Setting next_dagrun for ab_test_medallion_pipeline to 2026-05-07 00:00:00+00:00, run_after=2026-05-08 00:00:00+00:00
[2026-05-07T10:27:53.196+0000] {processor.py:183} INFO - Processing /opt/airflow/dags/pipeline_dag.py took 0.424 seconds
[2026-05-07T10:28:23.543+0000] {processor.py:161} INFO - Started process (PID=2161) to work on /opt/airflow/dags/pipeline_dag.py
[2026-05-07T10:28:23.549+0000] {processor.py:830} INFO - Processing file /opt/airflow/dags/pipeline_dag.py for tasks to queue
[2026-05-07T10:28:23.553+0000] {logging_mixin.py:188} INFO - [2026-05-07T10:28:23.551+0000] {dagbag.py:545} INFO - Filling up the DagBag from /opt/airflow/dags/pipeline_dag.py
[2026-05-07T10:28:23.598+0000] {processor.py:840} INFO - DAG(s) 'ab_test_medallion_pipeline' retrieved from /opt/airflow/dags/pipeline_dag.py
[2026-05-07T10:28:23.686+0000] {logging_mixin.py:188} INFO - [2026-05-07T10:28:23.685+0000] {dag.py:3096} INFO - Sync 1 DAGs
[2026-05-07T10:28:23.761+0000] {logging_mixin.py:188} INFO - [2026-05-07T10:28:23.761+0000] {dag.py:3954} INFO - Setting next_dagrun for ab_test_medallion_pipeline to 2026-05-07 00:00:00+00:00, run_after=2026-05-08 00:00:00+00:00
[2026-05-07T10:28:23.829+0000] {processor.py:183} INFO - Processing /opt/airflow/dags/pipeline_dag.py took 0.314 seconds
[2026-05-07T10:28:54.117+0000] {processor.py:161} INFO - Started process (PID=2166) to work on /opt/airflow/dags/pipeline_dag.py
[2026-05-07T10:28:54.123+0000] {processor.py:830} INFO - Processing file /opt/airflow/dags/pipeline_dag.py for tasks to queue
[2026-05-07T10:28:54.124+0000] {logging_mixin.py:188} INFO - [2026-05-07T10:28:54.124+0000] {dagbag.py:545} INFO - Filling up the DagBag from /opt/airflow/dags/pipeline_dag.py
[2026-05-07T10:28:54.161+0000] {processor.py:840} INFO - DAG(s) 'ab_test_medallion_pipeline' retrieved from /opt/airflow/dags/pipeline_dag.py
[2026-05-07T10:28:54.258+0000] {logging_mixin.py:188} INFO - [2026-05-07T10:28:54.257+0000] {dag.py:3096} INFO - Sync 1 DAGs
[2026-05-07T10:28:54.344+0000] {logging_mixin.py:188} INFO - [2026-05-07T10:28:54.343+0000] {dag.py:3954} INFO - Setting next_dagrun for ab_test_medallion_pipeline to 2026-05-07 00:00:00+00:00, run_after=2026-05-08 00:00:00+00:00
[2026-05-07T10:28:54.388+0000] {processor.py:183} INFO - Processing /opt/airflow/dags/pipeline_dag.py took 0.290 seconds
[2026-05-07T10:29:24.875+0000] {processor.py:161} INFO - Started process (PID=2171) to work on /opt/airflow/dags/pipeline_dag.py
[2026-05-07T10:29:24.883+0000] {processor.py:830} INFO - Processing file /opt/airflow/dags/pipeline_dag.py for tasks to queue
[2026-05-07T10:29:24.891+0000] {logging_mixin.py:188} INFO - [2026-05-07T10:29:24.888+0000] {dagbag.py:545} INFO - Filling up the DagBag from /opt/airflow/dags/pipeline_dag.py
[2026-05-07T10:29:24.968+0000] {processor.py:840} INFO - DAG(s) 'ab_test_medallion_pipeline' retrieved from /opt/airflow/dags/pipeline_dag.py
[2026-05-07T10:29:25.084+0000] {logging_mixin.py:188} INFO - [2026-05-07T10:29:25.084+0000] {dag.py:3096} INFO - Sync 1 DAGs
[2026-05-07T10:29:25.183+0000] {logging_mixin.py:188} INFO - [2026-05-07T10:29:25.183+0000] {dag.py:3954} INFO - Setting next_dagrun for ab_test_medallion_pipeline to 2026-05-07 00:00:00+00:00, run_after=2026-05-08 00:00:00+00:00
[2026-05-07T10:29:25.257+0000] {processor.py:183} INFO - Processing /opt/airflow/dags/pipeline_dag.py took 0.437 seconds
[2026-05-07T10:29:55.517+0000] {processor.py:161} INFO - Started process (PID=2176) to work on /opt/airflow/dags/pipeline_dag.py
[2026-05-07T10:29:55.525+0000] {processor.py:830} INFO - Processing file /opt/airflow/dags/pipeline_dag.py for tasks to queue
[2026-05-07T10:29:55.530+0000] {logging_mixin.py:188} INFO - [2026-05-07T10:29:55.528+0000] {dagbag.py:545} INFO - Filling up the DagBag from /opt/airflow/dags/pipeline_dag.py
[2026-05-07T10:29:55.586+0000] {processor.py:840} INFO - DAG(s) 'ab_test_medallion_pipeline' retrieved from /opt/airflow/dags/pipeline_dag.py
[2026-05-07T10:29:55.739+0000] {logging_mixin.py:188} INFO - [2026-05-07T10:29:55.738+0000] {dag.py:3096} INFO - Sync 1 DAGs
[2026-05-07T10:29:55.861+0000] {logging_mixin.py:188} INFO - [2026-05-07T10:29:55.860+0000] {dag.py:3954} INFO - Setting next_dagrun for ab_test_medallion_pipeline to 2026-05-07 00:00:00+00:00, run_after=2026-05-08 00:00:00+00:00
[2026-05-07T10:29:55.895+0000] {processor.py:183} INFO - Processing /opt/airflow/dags/pipeline_dag.py took 0.427 seconds
[2026-05-07T10:30:26.268+0000] {processor.py:161} INFO - Started process (PID=2181) to work on /opt/airflow/dags/pipeline_dag.py
[2026-05-07T10:30:26.272+0000] {processor.py:830} INFO - Processing file /opt/airflow/dags/pipeline_dag.py for tasks to queue
[2026-05-07T10:30:26.277+0000] {logging_mixin.py:188} INFO - [2026-05-07T10:30:26.275+0000] {dagbag.py:545} INFO - Filling up the DagBag from /opt/airflow/dags/pipeline_dag.py
[2026-05-07T10:30:26.326+0000] {processor.py:840} INFO - DAG(s) 'ab_test_medallion_pipeline' retrieved from /opt/airflow/dags/pipeline_dag.py
[2026-05-07T10:30:26.378+0000] {logging_mixin.py:188} INFO - [2026-05-07T10:30:26.377+0000] {dag.py:3096} INFO - Sync 1 DAGs
[2026-05-07T10:30:26.415+0000] {logging_mixin.py:188} INFO - [2026-05-07T10:30:26.415+0000] {dag.py:3954} INFO - Setting next_dagrun for ab_test_medallion_pipeline to 2026-05-07 00:00:00+00:00, run_after=2026-05-08 00:00:00+00:00
[2026-05-07T10:30:26.452+0000] {processor.py:183} INFO - Processing /opt/airflow/dags/pipeline_dag.py took 0.212 seconds
[2026-05-07T10:30:56.989+0000] {processor.py:161} INFO - Started process (PID=2186) to work on /opt/airflow/dags/pipeline_dag.py
[2026-05-07T10:30:56.993+0000] {processor.py:830} INFO - Processing file /opt/airflow/dags/pipeline_dag.py for tasks to queue
[2026-05-07T10:30:56.997+0000] {logging_mixin.py:188} INFO - [2026-05-07T10:30:56.995+0000] {dagbag.py:545} INFO - Filling up the DagBag from /opt/airflow/dags/pipeline_dag.py
[2026-05-07T10:30:57.047+0000] {processor.py:840} INFO - DAG(s) 'ab_test_medallion_pipeline' retrieved from /opt/airflow/dags/pipeline_dag.py
[2026-05-07T10:30:57.091+0000] {logging_mixin.py:188} INFO - [2026-05-07T10:30:57.090+0000] {dag.py:3096} INFO - Sync 1 DAGs
[2026-05-07T10:30:57.128+0000] {logging_mixin.py:188} INFO - [2026-05-07T10:30:57.127+0000] {dag.py:3954} INFO - Setting next_dagrun for ab_test_medallion_pipeline to 2026-05-07 00:00:00+00:00, run_after=2026-05-08 00:00:00+00:00
[2026-05-07T10:30:57.193+0000] {processor.py:183} INFO - Processing /opt/airflow/dags/pipeline_dag.py took 0.255 seconds
[2026-05-07T10:31:27.517+0000] {processor.py:161} INFO - Started process (PID=2191) to work on /opt/airflow/dags/pipeline_dag.py
[2026-05-07T10:31:27.520+0000] {processor.py:830} INFO - Processing file /opt/airflow/dags/pipeline_dag.py for tasks to queue
[2026-05-07T10:31:27.523+0000] {logging_mixin.py:188} INFO - [2026-05-07T10:31:27.522+0000] {dagbag.py:545} INFO - Filling up the DagBag from /opt/airflow/dags/pipeline_dag.py
[2026-05-07T10:31:27.574+0000] {processor.py:840} INFO - DAG(s) 'ab_test_medallion_pipeline' retrieved from /opt/airflow/dags/pipeline_dag.py
[2026-05-07T10:31:27.668+0000] {logging_mixin.py:188} INFO - [2026-05-07T10:31:27.667+0000] {dag.py:3096} INFO - Sync 1 DAGs
[2026-05-07T10:31:27.713+0000] {logging_mixin.py:188} INFO - [2026-05-07T10:31:27.713+0000] {dag.py:3954} INFO - Setting next_dagrun for ab_test_medallion_pipeline to 2026-05-07 00:00:00+00:00, run_after=2026-05-08 00:00:00+00:00
[2026-05-07T10:31:27.750+0000] {processor.py:183} INFO - Processing /opt/airflow/dags/pipeline_dag.py took 0.252 seconds
[2026-05-07T10:31:58.165+0000] {processor.py:161} INFO - Started process (PID=2196) to work on /opt/airflow/dags/pipeline_dag.py
[2026-05-07T10:31:58.169+0000] {processor.py:830} INFO - Processing file /opt/airflow/dags/pipeline_dag.py for tasks to queue
[2026-05-07T10:31:58.171+0000] {logging_mixin.py:188} INFO - [2026-05-07T10:31:58.170+0000] {dagbag.py:545} INFO - Filling up the DagBag from /opt/airflow/dags/pipeline_dag.py
[2026-05-07T10:31:58.206+0000] {processor.py:840} INFO - DAG(s) 'ab_test_medallion_pipeline' retrieved from /opt/airflow/dags/pipeline_dag.py
[2026-05-07T10:31:58.279+0000] {logging_mixin.py:188} INFO - [2026-05-07T10:31:58.279+0000] {dag.py:3096} INFO - Sync 1 DAGs
[2026-05-07T10:31:58.325+0000] {logging_mixin.py:188} INFO - [2026-05-07T10:31:58.324+0000] {dag.py:3954} INFO - Setting next_dagrun for ab_test_medallion_pipeline to 2026-05-07 00:00:00+00:00, run_after=2026-05-08 00:00:00+00:00
[2026-05-07T10:31:58.358+0000] {processor.py:183} INFO - Processing /opt/airflow/dags/pipeline_dag.py took 0.235 seconds
[2026-05-07T10:32:28.757+0000] {processor.py:161} INFO - Started process (PID=2201) to work on /opt/airflow/dags/pipeline_dag.py
[2026-05-07T10:32:28.767+0000] {processor.py:830} INFO - Processing file /opt/airflow/dags/pipeline_dag.py for tasks to queue
[2026-05-07T10:32:28.793+0000] {logging_mixin.py:188} INFO - [2026-05-07T10:32:28.781+0000] {dagbag.py:545} INFO - Filling up the DagBag from /opt/airflow/dags/pipeline_dag.py
[2026-05-07T10:32:28.894+0000] {processor.py:840} INFO - DAG(s) 'ab_test_medallion_pipeline' retrieved from /opt/airflow/dags/pipeline_dag.py
[2026-05-07T10:32:29.107+0000] {logging_mixin.py:188} INFO - [2026-05-07T10:32:29.106+0000] {dag.py:3096} INFO - Sync 1 DAGs
[2026-05-07T10:32:29.332+0000] {logging_mixin.py:188} INFO - [2026-05-07T10:32:29.331+0000] {dag.py:3954} INFO - Setting next_dagrun for ab_test_medallion_pipeline to 2026-05-07 00:00:00+00:00, run_after=2026-05-08 00:00:00+00:00
[2026-05-07T10:32:29.483+0000] {processor.py:183} INFO - Processing /opt/airflow/dags/pipeline_dag.py took 0.764 seconds
[2026-05-07T10:33:00.104+0000] {processor.py:161} INFO - Started process (PID=2206) to work on /opt/airflow/dags/pipeline_dag.py
[2026-05-07T10:33:00.114+0000] {processor.py:830} INFO - Processing file /opt/airflow/dags/pipeline_dag.py for tasks to queue
[2026-05-07T10:33:00.136+0000] {logging_mixin.py:188} INFO - [2026-05-07T10:33:00.131+0000] {dagbag.py:545} INFO - Filling up the DagBag from /opt/airflow/dags/pipeline_dag.py
[2026-05-07T10:33:00.277+0000] {processor.py:840} INFO - DAG(s) 'ab_test_medallion_pipeline' retrieved from /opt/airflow/dags/pipeline_dag.py
[2026-05-07T10:33:00.495+0000] {logging_mixin.py:188} INFO - [2026-05-07T10:33:00.494+0000] {dag.py:3096} INFO - Sync 1 DAGs
[2026-05-07T10:33:00.617+0000] {logging_mixin.py:188} INFO - [2026-05-07T10:33:00.616+0000] {dag.py:3954} INFO - Setting next_dagrun for ab_test_medallion_pipeline to 2026-05-07 00:00:00+00:00, run_after=2026-05-08 00:00:00+00:00
[2026-05-07T10:33:00.674+0000] {processor.py:183} INFO - Processing /opt/airflow/dags/pipeline_dag.py took 0.611 seconds
[2026-05-07T10:33:30.830+0000] {processor.py:161} INFO - Started process (PID=2211) to work on /opt/airflow/dags/pipeline_dag.py
[2026-05-07T10:33:30.834+0000] {processor.py:830} INFO - Processing file /opt/airflow/dags/pipeline_dag.py for tasks to queue
[2026-05-07T10:33:30.837+0000] {logging_mixin.py:188} INFO - [2026-05-07T10:33:30.836+0000] {dagbag.py:545} INFO - Filling up the DagBag from /opt/airflow/dags/pipeline_dag.py
[2026-05-07T10:33:30.876+0000] {processor.py:840} INFO - DAG(s) 'ab_test_medallion_pipeline' retrieved from /opt/airflow/dags/pipeline_dag.py
[2026-05-07T10:33:30.929+0000] {logging_mixin.py:188} INFO - [2026-05-07T10:33:30.929+0000] {dag.py:3096} INFO - Sync 1 DAGs
[2026-05-07T10:33:30.980+0000] {logging_mixin.py:188} INFO - [2026-05-07T10:33:30.980+0000] {dag.py:3954} INFO - Setting next_dagrun for ab_test_medallion_pipeline to 2026-05-07 00:00:00+00:00, run_after=2026-05-08 00:00:00+00:00
[2026-05-07T10:33:31.017+0000] {processor.py:183} INFO - Processing /opt/airflow/dags/pipeline_dag.py took 0.214 seconds
[2026-05-07T10:34:01.885+0000] {processor.py:161} INFO - Started process (PID=2216) to work on /opt/airflow/dags/pipeline_dag.py
[2026-05-07T10:34:01.890+0000] {processor.py:830} INFO - Processing file /opt/airflow/dags/pipeline_dag.py for tasks to queue
[2026-05-07T10:34:01.892+0000] {logging_mixin.py:188} INFO - [2026-05-07T10:34:01.891+0000] {dagbag.py:545} INFO - Filling up the DagBag from /opt/airflow/dags/pipeline_dag.py
[2026-05-07T10:34:01.935+0000] {processor.py:840} INFO - DAG(s) 'ab_test_medallion_pipeline' retrieved from /opt/airflow/dags/pipeline_dag.py
[2026-05-07T10:34:02.003+0000] {logging_mixin.py:188} INFO - [2026-05-07T10:34:02.002+0000] {dag.py:3096} INFO - Sync 1 DAGs
[2026-05-07T10:34:02.048+0000] {logging_mixin.py:188} INFO - [2026-05-07T10:34:02.048+0000] {dag.py:3954} INFO - Setting next_dagrun for ab_test_medallion_pipeline to 2026-05-07 00:00:00+00:00, run_after=2026-05-08 00:00:00+00:00
[2026-05-07T10:34:02.086+0000] {processor.py:183} INFO - Processing /opt/airflow/dags/pipeline_dag.py took 0.217 seconds
[2026-05-07T10:34:32.240+0000] {processor.py:161} INFO - Started process (PID=2221) to work on /opt/airflow/dags/pipeline_dag.py
[2026-05-07T10:34:32.241+0000] {processor.py:830} INFO - Processing file /opt/airflow/dags/pipeline_dag.py for tasks to queue
[2026-05-07T10:34:32.242+0000] {logging_mixin.py:188} INFO - [2026-05-07T10:34:32.242+0000] {dagbag.py:545} INFO - Filling up the DagBag from /opt/airflow/dags/pipeline_dag.py
[2026-05-07T10:34:32.268+0000] {processor.py:840} INFO - DAG(s) 'ab_test_medallion_pipeline' retrieved from /opt/airflow/dags/pipeline_dag.py
[2026-05-07T10:34:32.326+0000] {logging_mixin.py:188} INFO - [2026-05-07T10:34:32.326+0000] {dag.py:3096} INFO - Sync 1 DAGs
[2026-05-07T10:34:32.371+0000] {logging_mixin.py:188} INFO - [2026-05-07T10:34:32.371+0000] {dag.py:3954} INFO - Setting next_dagrun for ab_test_medallion_pipeline to 2026-05-07 00:00:00+00:00, run_after=2026-05-08 00:00:00+00:00
[2026-05-07T10:34:32.410+0000] {processor.py:183} INFO - Processing /opt/airflow/dags/pipeline_dag.py took 0.182 seconds
[2026-05-07T10:35:02.577+0000] {processor.py:161} INFO - Started process (PID=2226) to work on /opt/airflow/dags/pipeline_dag.py
[2026-05-07T10:35:02.580+0000] {processor.py:830} INFO - Processing file /opt/airflow/dags/pipeline_dag.py for tasks to queue
[2026-05-07T10:35:02.583+0000] {logging_mixin.py:188} INFO - [2026-05-07T10:35:02.581+0000] {dagbag.py:545} INFO - Filling up the DagBag from /opt/airflow/dags/pipeline_dag.py
[2026-05-07T10:35:02.616+0000] {processor.py:840} INFO - DAG(s) 'ab_test_medallion_pipeline' retrieved from /opt/airflow/dags/pipeline_dag.py
[2026-05-07T10:35:02.683+0000] {logging_mixin.py:188} INFO - [2026-05-07T10:35:02.683+0000] {dag.py:3096} INFO - Sync 1 DAGs
[2026-05-07T10:35:02.748+0000] {logging_mixin.py:188} INFO - [2026-05-07T10:35:02.747+0000] {dag.py:3954} INFO - Setting next_dagrun for ab_test_medallion_pipeline to 2026-05-07 00:00:00+00:00, run_after=2026-05-08 00:00:00+00:00
[2026-05-07T10:35:02.788+0000] {processor.py:183} INFO - Processing /opt/airflow/dags/pipeline_dag.py took 0.226 seconds
[2026-05-07T10:35:33.095+0000] {processor.py:161} INFO - Started process (PID=2231) to work on /opt/airflow/dags/pipeline_dag.py
[2026-05-07T10:35:33.096+0000] {processor.py:830} INFO - Processing file /opt/airflow/dags/pipeline_dag.py for tasks to queue
[2026-05-07T10:35:33.099+0000] {logging_mixin.py:188} INFO - [2026-05-07T10:35:33.098+0000] {dagbag.py:545} INFO - Filling up the DagBag from /opt/airflow/dags/pipeline_dag.py
[2026-05-07T10:35:33.124+0000] {processor.py:840} INFO - DAG(s) 'ab_test_medallion_pipeline' retrieved from /opt/airflow/dags/pipeline_dag.py
[2026-05-07T10:35:33.174+0000] {logging_mixin.py:188} INFO - [2026-05-07T10:35:33.173+0000] {dag.py:3096} INFO - Sync 1 DAGs
[2026-05-07T10:35:33.209+0000] {logging_mixin.py:188} INFO - [2026-05-07T10:35:33.209+0000] {dag.py:3954} INFO - Setting next_dagrun for ab_test_medallion_pipeline to 2026-05-07 00:00:00+00:00, run_after=2026-05-08 00:00:00+00:00
[2026-05-07T10:35:33.240+0000] {processor.py:183} INFO - Processing /opt/airflow/dags/pipeline_dag.py took 0.160 seconds
[2026-05-07T10:36:03.597+0000] {processor.py:161} INFO - Started process (PID=2236) to work on /opt/airflow/dags/pipeline_dag.py
[2026-05-07T10:36:03.607+0000] {processor.py:830} INFO - Processing file /opt/airflow/dags/pipeline_dag.py for tasks to queue
[2026-05-07T10:36:03.612+0000] {logging_mixin.py:188} INFO - [2026-05-07T10:36:03.609+0000] {dagbag.py:545} INFO - Filling up the DagBag from /opt/airflow/dags/pipeline_dag.py
[2026-05-07T10:36:03.715+0000] {processor.py:840} INFO - DAG(s) 'ab_test_medallion_pipeline' retrieved from /opt/airflow/dags/pipeline_dag.py
[2026-05-07T10:36:04.028+0000] {logging_mixin.py:188} INFO - [2026-05-07T10:36:04.027+0000] {dag.py:3096} INFO - Sync 1 DAGs
[2026-05-07T10:36:04.208+0000] {logging_mixin.py:188} INFO - [2026-05-07T10:36:04.208+0000] {dag.py:3954} INFO - Setting next_dagrun for ab_test_medallion_pipeline to 2026-05-07 00:00:00+00:00, run_after=2026-05-08 00:00:00+00:00
[2026-05-07T10:36:04.408+0000] {processor.py:183} INFO - Processing /opt/airflow/dags/pipeline_dag.py took 0.862 seconds
[2026-05-07T10:36:35.582+0000] {processor.py:161} INFO - Started process (PID=2241) to work on /opt/airflow/dags/pipeline_dag.py
[2026-05-07T10:36:35.603+0000] {processor.py:830} INFO - Processing file /opt/airflow/dags/pipeline_dag.py for tasks to queue
[2026-05-07T10:36:35.619+0000] {logging_mixin.py:188} INFO - [2026-05-07T10:36:35.606+0000] {dagbag.py:545} INFO - Filling up the DagBag from /opt/airflow/dags/pipeline_dag.py
[2026-05-07T10:36:35.925+0000] {processor.py:840} INFO - DAG(s) 'ab_test_medallion_pipeline' retrieved from /opt/airflow/dags/pipeline_dag.py
[2026-05-07T10:36:36.455+0000] {logging_mixin.py:188} INFO - [2026-05-07T10:36:36.422+0000] {dag.py:3096} INFO - Sync 1 DAGs
[2026-05-07T10:36:36.764+0000] {logging_mixin.py:188} INFO - [2026-05-07T10:36:36.763+0000] {dag.py:3954} INFO - Setting next_dagrun for ab_test_medallion_pipeline to 2026-05-07 00:00:00+00:00, run_after=2026-05-08 00:00:00+00:00
[2026-05-07T10:36:36.925+0000] {processor.py:183} INFO - Processing /opt/airflow/dags/pipeline_dag.py took 1.429 seconds
[2026-05-07T10:37:07.398+0000] {processor.py:161} INFO - Started process (PID=2246) to work on /opt/airflow/dags/pipeline_dag.py
[2026-05-07T10:37:07.401+0000] {processor.py:830} INFO - Processing file /opt/airflow/dags/pipeline_dag.py for tasks to queue
[2026-05-07T10:37:07.403+0000] {logging_mixin.py:188} INFO - [2026-05-07T10:37:07.403+0000] {dagbag.py:545} INFO - Filling up the DagBag from /opt/airflow/dags/pipeline_dag.py
[2026-05-07T10:37:07.425+0000] {processor.py:840} INFO - DAG(s) 'ab_test_medallion_pipeline' retrieved from /opt/airflow/dags/pipeline_dag.py
[2026-05-07T10:37:07.475+0000] {logging_mixin.py:188} INFO - [2026-05-07T10:37:07.474+0000] {dag.py:3096} INFO - Sync 1 DAGs
[2026-05-07T10:37:07.517+0000] {logging_mixin.py:188} INFO - [2026-05-07T10:37:07.516+0000] {dag.py:3954} INFO - Setting next_dagrun for ab_test_medallion_pipeline to 2026-05-07 00:00:00+00:00, run_after=2026-05-08 00:00:00+00:00
[2026-05-07T10:37:07.557+0000] {processor.py:183} INFO - Processing /opt/airflow/dags/pipeline_dag.py took 0.179 seconds
[2026-05-07T10:37:37.725+0000] {processor.py:161} INFO - Started process (PID=2251) to work on /opt/airflow/dags/pipeline_dag.py
[2026-05-07T10:37:37.728+0000] {processor.py:830} INFO - Processing file /opt/airflow/dags/pipeline_dag.py for tasks to queue
[2026-05-07T10:37:37.731+0000] {logging_mixin.py:188} INFO - [2026-05-07T10:37:37.730+0000] {dagbag.py:545} INFO - Filling up the DagBag from /opt/airflow/dags/pipeline_dag.py
[2026-05-07T10:37:37.760+0000] {processor.py:840} INFO - DAG(s) 'ab_test_medallion_pipeline' retrieved from /opt/airflow/dags/pipeline_dag.py
[2026-05-07T10:37:37.809+0000] {logging_mixin.py:188} INFO - [2026-05-07T10:37:37.809+0000] {dag.py:3096} INFO - Sync 1 DAGs
[2026-05-07T10:37:37.844+0000] {logging_mixin.py:188} INFO - [2026-05-07T10:37:37.843+0000] {dag.py:3954} INFO - Setting next_dagrun for ab_test_medallion_pipeline to 2026-05-07 00:00:00+00:00, run_after=2026-05-08 00:00:00+00:00
[2026-05-07T10:37:37.877+0000] {processor.py:183} INFO - Processing /opt/airflow/dags/pipeline_dag.py took 0.167 seconds
[2026-05-07T10:38:08.087+0000] {processor.py:161} INFO - Started process (PID=2256) to work on /opt/airflow/dags/pipeline_dag.py
[2026-05-07T10:38:08.089+0000] {processor.py:830} INFO - Processing file /opt/airflow/dags/pipeline_dag.py for tasks to queue
[2026-05-07T10:38:08.091+0000] {logging_mixin.py:188} INFO - [2026-05-07T10:38:08.090+0000] {dagbag.py:545} INFO - Filling up the DagBag from /opt/airflow/dags/pipeline_dag.py
[2026-05-07T10:38:08.118+0000] {processor.py:840} INFO - DAG(s) 'ab_test_medallion_pipeline' retrieved from /opt/airflow/dags/pipeline_dag.py
[2026-05-07T10:38:08.250+0000] {logging_mixin.py:188} INFO - [2026-05-07T10:38:08.250+0000] {dag.py:3096} INFO - Sync 1 DAGs
[2026-05-07T10:38:08.375+0000] {logging_mixin.py:188} INFO - [2026-05-07T10:38:08.374+0000] {dag.py:3954} INFO - Setting next_dagrun for ab_test_medallion_pipeline to 2026-05-07 00:00:00+00:00, run_after=2026-05-08 00:00:00+00:00
[2026-05-07T10:38:08.414+0000] {processor.py:183} INFO - Processing /opt/airflow/dags/pipeline_dag.py took 0.345 seconds
[2026-05-07T10:38:39.274+0000] {processor.py:161} INFO - Started process (PID=2261) to work on /opt/airflow/dags/pipeline_dag.py
[2026-05-07T10:38:39.278+0000] {processor.py:830} INFO - Processing file /opt/airflow/dags/pipeline_dag.py for tasks to queue
[2026-05-07T10:38:39.283+0000] {logging_mixin.py:188} INFO - [2026-05-07T10:38:39.282+0000] {dagbag.py:545} INFO - Filling up the DagBag from /opt/airflow/dags/pipeline_dag.py
[2026-05-07T10:38:39.379+0000] {processor.py:840} INFO - DAG(s) 'ab_test_medallion_pipeline' retrieved from /opt/airflow/dags/pipeline_dag.py
[2026-05-07T10:38:39.637+0000] {logging_mixin.py:188} INFO - [2026-05-07T10:38:39.637+0000] {dag.py:3096} INFO - Sync 1 DAGs
[2026-05-07T10:38:39.856+0000] {logging_mixin.py:188} INFO - [2026-05-07T10:38:39.854+0000] {dag.py:3954} INFO - Setting next_dagrun for ab_test_medallion_pipeline to 2026-05-07 00:00:00+00:00, run_after=2026-05-08 00:00:00+00:00
[2026-05-07T10:38:39.952+0000] {processor.py:183} INFO - Processing /opt/airflow/dags/pipeline_dag.py took 0.713 seconds
[2026-05-07T10:39:10.667+0000] {processor.py:161} INFO - Started process (PID=2266) to work on /opt/airflow/dags/pipeline_dag.py
[2026-05-07T10:39:10.669+0000] {processor.py:830} INFO - Processing file /opt/airflow/dags/pipeline_dag.py for tasks to queue
[2026-05-07T10:39:10.670+0000] {logging_mixin.py:188} INFO - [2026-05-07T10:39:10.670+0000] {dagbag.py:545} INFO - Filling up the DagBag from /opt/airflow/dags/pipeline_dag.py
[2026-05-07T10:39:10.693+0000] {processor.py:840} INFO - DAG(s) 'ab_test_medallion_pipeline' retrieved from /opt/airflow/dags/pipeline_dag.py
[2026-05-07T10:39:10.759+0000] {logging_mixin.py:188} INFO - [2026-05-07T10:39:10.758+0000] {dag.py:3096} INFO - Sync 1 DAGs
[2026-05-07T10:39:10.866+0000] {logging_mixin.py:188} INFO - [2026-05-07T10:39:10.865+0000] {dag.py:3954} INFO - Setting next_dagrun for ab_test_medallion_pipeline to 2026-05-07 00:00:00+00:00, run_after=2026-05-08 00:00:00+00:00
[2026-05-07T10:39:10.933+0000] {processor.py:183} INFO - Processing /opt/airflow/dags/pipeline_dag.py took 0.280 seconds
[2026-05-07T10:39:41.172+0000] {processor.py:161} INFO - Started process (PID=2271) to work on /opt/airflow/dags/pipeline_dag.py
[2026-05-07T10:39:41.187+0000] {processor.py:830} INFO - Processing file /opt/airflow/dags/pipeline_dag.py for tasks to queue
[2026-05-07T10:39:41.193+0000] {logging_mixin.py:188} INFO - [2026-05-07T10:39:41.189+0000] {dagbag.py:545} INFO - Filling up the DagBag from /opt/airflow/dags/pipeline_dag.py
[2026-05-07T10:39:41.349+0000] {processor.py:840} INFO - DAG(s) 'ab_test_medallion_pipeline' retrieved from /opt/airflow/dags/pipeline_dag.py
[2026-05-07T10:39:41.555+0000] {logging_mixin.py:188} INFO - [2026-05-07T10:39:41.554+0000] {dag.py:3096} INFO - Sync 1 DAGs
[2026-05-07T10:39:41.720+0000] {logging_mixin.py:188} INFO - [2026-05-07T10:39:41.719+0000] {dag.py:3954} INFO - Setting next_dagrun for ab_test_medallion_pipeline to 2026-05-07 00:00:00+00:00, run_after=2026-05-08 00:00:00+00:00
[2026-05-07T10:39:41.798+0000] {processor.py:183} INFO - Processing /opt/airflow/dags/pipeline_dag.py took 0.647 seconds
[2026-05-07T10:40:12.455+0000] {processor.py:161} INFO - Started process (PID=2276) to work on /opt/airflow/dags/pipeline_dag.py
[2026-05-07T10:40:12.461+0000] {processor.py:830} INFO - Processing file /opt/airflow/dags/pipeline_dag.py for tasks to queue
[2026-05-07T10:40:12.469+0000] {logging_mixin.py:188} INFO - [2026-05-07T10:40:12.466+0000] {dagbag.py:545} INFO - Filling up the DagBag from /opt/airflow/dags/pipeline_dag.py
[2026-05-07T10:40:12.562+0000] {processor.py:840} INFO - DAG(s) 'ab_test_medallion_pipeline' retrieved from /opt/airflow/dags/pipeline_dag.py
[2026-05-07T10:40:12.590+0000] {logging_mixin.py:188} INFO - [2026-05-07T10:40:12.589+0000] {dag.py:3096} INFO - Sync 1 DAGs
[2026-05-07T10:40:12.654+0000] {logging_mixin.py:188} INFO - [2026-05-07T10:40:12.654+0000] {dag.py:3954} INFO - Setting next_dagrun for ab_test_medallion_pipeline to 2026-05-07 00:00:00+00:00, run_after=2026-05-08 00:00:00+00:00
[2026-05-07T10:40:12.700+0000] {processor.py:183} INFO - Processing /opt/airflow/dags/pipeline_dag.py took 0.400 seconds
[2026-05-07T10:40:43.095+0000] {processor.py:161} INFO - Started process (PID=2281) to work on /opt/airflow/dags/pipeline_dag.py
[2026-05-07T10:40:43.097+0000] {processor.py:830} INFO - Processing file /opt/airflow/dags/pipeline_dag.py for tasks to queue
[2026-05-07T10:40:43.099+0000] {logging_mixin.py:188} INFO - [2026-05-07T10:40:43.098+0000] {dagbag.py:545} INFO - Filling up the DagBag from /opt/airflow/dags/pipeline_dag.py
[2026-05-07T10:40:43.139+0000] {processor.py:840} INFO - DAG(s) 'ab_test_medallion_pipeline' retrieved from /opt/airflow/dags/pipeline_dag.py
[2026-05-07T10:40:43.422+0000] {logging_mixin.py:188} INFO - [2026-05-07T10:40:43.421+0000] {dag.py:3096} INFO - Sync 1 DAGs
[2026-05-07T10:40:43.513+0000] {logging_mixin.py:188} INFO - [2026-05-07T10:40:43.512+0000] {dag.py:3954} INFO - Setting next_dagrun for ab_test_medallion_pipeline to 2026-05-07 00:00:00+00:00, run_after=2026-05-08 00:00:00+00:00
[2026-05-07T10:40:43.563+0000] {processor.py:183} INFO - Processing /opt/airflow/dags/pipeline_dag.py took 0.490 seconds
[2026-05-07T10:41:14.569+0000] {processor.py:161} INFO - Started process (PID=2286) to work on /opt/airflow/dags/pipeline_dag.py
[2026-05-07T10:41:14.593+0000] {processor.py:830} INFO - Processing file /opt/airflow/dags/pipeline_dag.py for tasks to queue
[2026-05-07T10:41:14.597+0000] {logging_mixin.py:188} INFO - [2026-05-07T10:41:14.595+0000] {dagbag.py:545} INFO - Filling up the DagBag from /opt/airflow/dags/pipeline_dag.py
[2026-05-07T10:41:14.788+0000] {processor.py:840} INFO - DAG(s) 'ab_test_medallion_pipeline' retrieved from /opt/airflow/dags/pipeline_dag.py
[2026-05-07T10:41:14.987+0000] {logging_mixin.py:188} INFO - [2026-05-07T10:41:14.986+0000] {dag.py:3096} INFO - Sync 1 DAGs
[2026-05-07T10:41:15.078+0000] {logging_mixin.py:188} INFO - [2026-05-07T10:41:15.077+0000] {dag.py:3954} INFO - Setting next_dagrun for ab_test_medallion_pipeline to 2026-05-07 00:00:00+00:00, run_after=2026-05-08 00:00:00+00:00
[2026-05-07T10:41:15.161+0000] {processor.py:183} INFO - Processing /opt/airflow/dags/pipeline_dag.py took 0.790 seconds
[2026-05-07T10:41:45.861+0000] {processor.py:161} INFO - Started process (PID=2356) to work on /opt/airflow/dags/pipeline_dag.py
[2026-05-07T10:41:45.873+0000] {processor.py:830} INFO - Processing file /opt/airflow/dags/pipeline_dag.py for tasks to queue
[2026-05-07T10:41:45.893+0000] {logging_mixin.py:188} INFO - [2026-05-07T10:41:45.887+0000] {dagbag.py:545} INFO - Filling up the DagBag from /opt/airflow/dags/pipeline_dag.py
[2026-05-07T10:41:46.229+0000] {processor.py:840} INFO - DAG(s) 'ab_test_medallion_pipeline' retrieved from /opt/airflow/dags/pipeline_dag.py
[2026-05-07T10:41:46.946+0000] {logging_mixin.py:188} INFO - [2026-05-07T10:41:46.946+0000] {dag.py:3096} INFO - Sync 1 DAGs
[2026-05-07T10:41:47.246+0000] {logging_mixin.py:188} INFO - [2026-05-07T10:41:47.246+0000] {dag.py:3954} INFO - Setting next_dagrun for ab_test_medallion_pipeline to 2026-05-07 00:00:00+00:00, run_after=2026-05-08 00:00:00+00:00
[2026-05-07T10:41:47.331+0000] {processor.py:183} INFO - Processing /opt/airflow/dags/pipeline_dag.py took 1.547 seconds
[2026-05-07T10:42:18.237+0000] {processor.py:161} INFO - Started process (PID=2451) to work on /opt/airflow/dags/pipeline_dag.py
[2026-05-07T10:42:18.288+0000] {processor.py:830} INFO - Processing file /opt/airflow/dags/pipeline_dag.py for tasks to queue
[2026-05-07T10:42:18.350+0000] {logging_mixin.py:188} INFO - [2026-05-07T10:42:18.321+0000] {dagbag.py:545} INFO - Filling up the DagBag from /opt/airflow/dags/pipeline_dag.py
[2026-05-07T10:42:19.816+0000] {processor.py:840} INFO - DAG(s) 'ab_test_medallion_pipeline' retrieved from /opt/airflow/dags/pipeline_dag.py
[2026-05-07T10:42:21.572+0000] {logging_mixin.py:188} INFO - [2026-05-07T10:42:21.571+0000] {dag.py:3096} INFO - Sync 1 DAGs
[2026-05-07T10:42:22.437+0000] {logging_mixin.py:188} INFO - [2026-05-07T10:42:22.432+0000] {dag.py:3954} INFO - Setting next_dagrun for ab_test_medallion_pipeline to 2026-05-07 00:00:00+00:00, run_after=2026-05-08 00:00:00+00:00
[2026-05-07T10:42:22.878+0000] {processor.py:183} INFO - Processing /opt/airflow/dags/pipeline_dag.py took 4.908 seconds
[2026-05-07T10:42:53.867+0000] {processor.py:161} INFO - Started process (PID=2487) to work on /opt/airflow/dags/pipeline_dag.py
[2026-05-07T10:42:53.878+0000] {processor.py:830} INFO - Processing file /opt/airflow/dags/pipeline_dag.py for tasks to queue
[2026-05-07T10:42:53.883+0000] {logging_mixin.py:188} INFO - [2026-05-07T10:42:53.880+0000] {dagbag.py:545} INFO - Filling up the DagBag from /opt/airflow/dags/pipeline_dag.py
[2026-05-07T10:42:54.454+0000] {processor.py:840} INFO - DAG(s) 'ab_test_medallion_pipeline' retrieved from /opt/airflow/dags/pipeline_dag.py
[2026-05-07T10:42:54.893+0000] {logging_mixin.py:188} INFO - [2026-05-07T10:42:54.892+0000] {dag.py:3096} INFO - Sync 1 DAGs
[2026-05-07T10:42:55.161+0000] {logging_mixin.py:188} INFO - [2026-05-07T10:42:55.160+0000] {dag.py:3954} INFO - Setting next_dagrun for ab_test_medallion_pipeline to 2026-05-07 00:00:00+00:00, run_after=2026-05-08 00:00:00+00:00
[2026-05-07T10:42:55.399+0000] {processor.py:183} INFO - Processing /opt/airflow/dags/pipeline_dag.py took 1.637 seconds
[2026-05-07T10:43:25.723+0000] {processor.py:161} INFO - Started process (PID=2514) to work on /opt/airflow/dags/pipeline_dag.py
[2026-05-07T10:43:25.727+0000] {processor.py:830} INFO - Processing file /opt/airflow/dags/pipeline_dag.py for tasks to queue
[2026-05-07T10:43:25.735+0000] {logging_mixin.py:188} INFO - [2026-05-07T10:43:25.731+0000] {dagbag.py:545} INFO - Filling up the DagBag from /opt/airflow/dags/pipeline_dag.py
[2026-05-07T10:43:25.962+0000] {processor.py:840} INFO - DAG(s) 'ab_test_medallion_pipeline' retrieved from /opt/airflow/dags/pipeline_dag.py
[2026-05-07T10:43:26.263+0000] {logging_mixin.py:188} INFO - [2026-05-07T10:43:26.262+0000] {dag.py:3096} INFO - Sync 1 DAGs
[2026-05-07T10:43:26.446+0000] {logging_mixin.py:188} INFO - [2026-05-07T10:43:26.445+0000] {dag.py:3954} INFO - Setting next_dagrun for ab_test_medallion_pipeline to 2026-05-07 00:00:00+00:00, run_after=2026-05-08 00:00:00+00:00
[2026-05-07T10:43:26.534+0000] {processor.py:183} INFO - Processing /opt/airflow/dags/pipeline_dag.py took 0.857 seconds
[2026-05-07T10:43:57.165+0000] {processor.py:161} INFO - Started process (PID=2646) to work on /opt/airflow/dags/pipeline_dag.py
[2026-05-07T10:43:57.168+0000] {processor.py:830} INFO - Processing file /opt/airflow/dags/pipeline_dag.py for tasks to queue
[2026-05-07T10:43:57.171+0000] {logging_mixin.py:188} INFO - [2026-05-07T10:43:57.169+0000] {dagbag.py:545} INFO - Filling up the DagBag from /opt/airflow/dags/pipeline_dag.py
[2026-05-07T10:43:57.274+0000] {processor.py:840} INFO - DAG(s) 'ab_test_medallion_pipeline' retrieved from /opt/airflow/dags/pipeline_dag.py
[2026-05-07T10:43:57.468+0000] {logging_mixin.py:188} INFO - [2026-05-07T10:43:57.467+0000] {dag.py:3096} INFO - Sync 1 DAGs
[2026-05-07T10:43:57.546+0000] {logging_mixin.py:188} INFO - [2026-05-07T10:43:57.545+0000] {dag.py:3954} INFO - Setting next_dagrun for ab_test_medallion_pipeline to 2026-05-07 00:00:00+00:00, run_after=2026-05-08 00:00:00+00:00
[2026-05-07T10:43:57.652+0000] {processor.py:183} INFO - Processing /opt/airflow/dags/pipeline_dag.py took 0.522 seconds
[2026-05-07T10:44:27.976+0000] {processor.py:161} INFO - Started process (PID=2763) to work on /opt/airflow/dags/pipeline_dag.py
[2026-05-07T10:44:27.979+0000] {processor.py:830} INFO - Processing file /opt/airflow/dags/pipeline_dag.py for tasks to queue
[2026-05-07T10:44:27.984+0000] {logging_mixin.py:188} INFO - [2026-05-07T10:44:27.982+0000] {dagbag.py:545} INFO - Filling up the DagBag from /opt/airflow/dags/pipeline_dag.py
[2026-05-07T10:44:28.087+0000] {processor.py:840} INFO - DAG(s) 'ab_test_medallion_pipeline' retrieved from /opt/airflow/dags/pipeline_dag.py
[2026-05-07T10:44:28.198+0000] {logging_mixin.py:188} INFO - [2026-05-07T10:44:28.197+0000] {dag.py:3096} INFO - Sync 1 DAGs
[2026-05-07T10:44:28.283+0000] {logging_mixin.py:188} INFO - [2026-05-07T10:44:28.282+0000] {dag.py:3954} INFO - Setting next_dagrun for ab_test_medallion_pipeline to 2026-05-07 00:00:00+00:00, run_after=2026-05-08 00:00:00+00:00
[2026-05-07T10:44:28.397+0000] {processor.py:183} INFO - Processing /opt/airflow/dags/pipeline_dag.py took 0.473 seconds
[2026-05-07T10:44:58.953+0000] {processor.py:161} INFO - Started process (PID=2809) to work on /opt/airflow/dags/pipeline_dag.py
[2026-05-07T10:44:58.963+0000] {processor.py:830} INFO - Processing file /opt/airflow/dags/pipeline_dag.py for tasks to queue
[2026-05-07T10:44:58.968+0000] {logging_mixin.py:188} INFO - [2026-05-07T10:44:58.966+0000] {dagbag.py:545} INFO - Filling up the DagBag from /opt/airflow/dags/pipeline_dag.py
[2026-05-07T10:44:59.032+0000] {processor.py:840} INFO - DAG(s) 'ab_test_medallion_pipeline' retrieved from /opt/airflow/dags/pipeline_dag.py
[2026-05-07T10:44:59.120+0000] {logging_mixin.py:188} INFO - [2026-05-07T10:44:59.120+0000] {dag.py:3096} INFO - Sync 1 DAGs
[2026-05-07T10:44:59.187+0000] {logging_mixin.py:188} INFO - [2026-05-07T10:44:59.187+0000] {dag.py:3954} INFO - Setting next_dagrun for ab_test_medallion_pipeline to 2026-05-07 00:00:00+00:00, run_after=2026-05-08 00:00:00+00:00
[2026-05-07T10:44:59.236+0000] {processor.py:183} INFO - Processing /opt/airflow/dags/pipeline_dag.py took 0.325 seconds
[2026-05-07T10:45:29.806+0000] {processor.py:161} INFO - Started process (PID=2858) to work on /opt/airflow/dags/pipeline_dag.py
[2026-05-07T10:45:29.808+0000] {processor.py:830} INFO - Processing file /opt/airflow/dags/pipeline_dag.py for tasks to queue
[2026-05-07T10:45:29.810+0000] {logging_mixin.py:188} INFO - [2026-05-07T10:45:29.809+0000] {dagbag.py:545} INFO - Filling up the DagBag from /opt/airflow/dags/pipeline_dag.py
[2026-05-07T10:45:29.857+0000] {processor.py:840} INFO - DAG(s) 'ab_test_medallion_pipeline' retrieved from /opt/airflow/dags/pipeline_dag.py
[2026-05-07T10:45:29.979+0000] {logging_mixin.py:188} INFO - [2026-05-07T10:45:29.978+0000] {dag.py:3096} INFO - Sync 1 DAGs
[2026-05-07T10:45:30.065+0000] {logging_mixin.py:188} INFO - [2026-05-07T10:45:30.064+0000] {dag.py:3954} INFO - Setting next_dagrun for ab_test_medallion_pipeline to 2026-05-07 00:00:00+00:00, run_after=2026-05-08 00:00:00+00:00
[2026-05-07T10:45:30.149+0000] {processor.py:183} INFO - Processing /opt/airflow/dags/pipeline_dag.py took 0.368 seconds
[2026-05-07T10:46:00.635+0000] {processor.py:161} INFO - Started process (PID=2863) to work on /opt/airflow/dags/pipeline_dag.py
[2026-05-07T10:46:00.638+0000] {processor.py:830} INFO - Processing file /opt/airflow/dags/pipeline_dag.py for tasks to queue
[2026-05-07T10:46:00.642+0000] {logging_mixin.py:188} INFO - [2026-05-07T10:46:00.641+0000] {dagbag.py:545} INFO - Filling up the DagBag from /opt/airflow/dags/pipeline_dag.py
[2026-05-07T10:46:00.762+0000] {processor.py:840} INFO - DAG(s) 'ab_test_medallion_pipeline' retrieved from /opt/airflow/dags/pipeline_dag.py
[2026-05-07T10:46:00.879+0000] {logging_mixin.py:188} INFO - [2026-05-07T10:46:00.878+0000] {dag.py:3096} INFO - Sync 1 DAGs
[2026-05-07T10:46:01.088+0000] {logging_mixin.py:188} INFO - [2026-05-07T10:46:01.088+0000] {dag.py:3954} INFO - Setting next_dagrun for ab_test_medallion_pipeline to 2026-05-07 00:00:00+00:00, run_after=2026-05-08 00:00:00+00:00
[2026-05-07T10:46:01.174+0000] {processor.py:183} INFO - Processing /opt/airflow/dags/pipeline_dag.py took 0.616 seconds
[2026-05-07T10:46:31.940+0000] {processor.py:161} INFO - Started process (PID=2868) to work on /opt/airflow/dags/pipeline_dag.py
[2026-05-07T10:46:31.959+0000] {processor.py:830} INFO - Processing file /opt/airflow/dags/pipeline_dag.py for tasks to queue
[2026-05-07T10:46:31.961+0000] {logging_mixin.py:188} INFO - [2026-05-07T10:46:31.960+0000] {dagbag.py:545} INFO - Filling up the DagBag from /opt/airflow/dags/pipeline_dag.py
[2026-05-07T10:46:31.999+0000] {processor.py:840} INFO - DAG(s) 'ab_test_medallion_pipeline' retrieved from /opt/airflow/dags/pipeline_dag.py
[2026-05-07T10:46:32.108+0000] {logging_mixin.py:188} INFO - [2026-05-07T10:46:32.108+0000] {dag.py:3096} INFO - Sync 1 DAGs
[2026-05-07T10:46:32.192+0000] {logging_mixin.py:188} INFO - [2026-05-07T10:46:32.192+0000] {dag.py:3954} INFO - Setting next_dagrun for ab_test_medallion_pipeline to 2026-05-07 00:00:00+00:00, run_after=2026-05-08 00:00:00+00:00
[2026-05-07T10:46:32.251+0000] {processor.py:183} INFO - Processing /opt/airflow/dags/pipeline_dag.py took 0.346 seconds
[2026-05-07T10:47:02.364+0000] {processor.py:161} INFO - Started process (PID=2873) to work on /opt/airflow/dags/pipeline_dag.py
[2026-05-07T10:47:02.367+0000] {processor.py:830} INFO - Processing file /opt/airflow/dags/pipeline_dag.py for tasks to queue
[2026-05-07T10:47:02.370+0000] {logging_mixin.py:188} INFO - [2026-05-07T10:47:02.369+0000] {dagbag.py:545} INFO - Filling up the DagBag from /opt/airflow/dags/pipeline_dag.py
[2026-05-07T10:47:02.429+0000] {processor.py:840} INFO - DAG(s) 'ab_test_medallion_pipeline' retrieved from /opt/airflow/dags/pipeline_dag.py
[2026-05-07T10:47:02.548+0000] {logging_mixin.py:188} INFO - [2026-05-07T10:47:02.547+0000] {dag.py:3096} INFO - Sync 1 DAGs
[2026-05-07T10:47:02.699+0000] {logging_mixin.py:188} INFO - [2026-05-07T10:47:02.698+0000] {dag.py:3954} INFO - Setting next_dagrun for ab_test_medallion_pipeline to 2026-05-07 00:00:00+00:00, run_after=2026-05-08 00:00:00+00:00
[2026-05-07T10:47:02.941+0000] {processor.py:183} INFO - Processing /opt/airflow/dags/pipeline_dag.py took 0.600 seconds
[2026-05-07T10:47:33.123+0000] {processor.py:161} INFO - Started process (PID=2878) to work on /opt/airflow/dags/pipeline_dag.py
[2026-05-07T10:47:33.125+0000] {processor.py:830} INFO - Processing file /opt/airflow/dags/pipeline_dag.py for tasks to queue
[2026-05-07T10:47:33.127+0000] {logging_mixin.py:188} INFO - [2026-05-07T10:47:33.126+0000] {dagbag.py:545} INFO - Filling up the DagBag from /opt/airflow/dags/pipeline_dag.py
[2026-05-07T10:47:33.156+0000] {processor.py:840} INFO - DAG(s) 'ab_test_medallion_pipeline' retrieved from /opt/airflow/dags/pipeline_dag.py
[2026-05-07T10:47:33.234+0000] {logging_mixin.py:188} INFO - [2026-05-07T10:47:33.233+0000] {dag.py:3096} INFO - Sync 1 DAGs
[2026-05-07T10:47:33.279+0000] {logging_mixin.py:188} INFO - [2026-05-07T10:47:33.279+0000] {dag.py:3954} INFO - Setting next_dagrun for ab_test_medallion_pipeline to 2026-05-07 00:00:00+00:00, run_after=2026-05-08 00:00:00+00:00
[2026-05-07T10:47:33.318+0000] {processor.py:183} INFO - Processing /opt/airflow/dags/pipeline_dag.py took 0.208 seconds
[2026-05-07T10:48:03.450+0000] {processor.py:161} INFO - Started process (PID=2883) to work on /opt/airflow/dags/pipeline_dag.py
[2026-05-07T10:48:03.455+0000] {processor.py:830} INFO - Processing file /opt/airflow/dags/pipeline_dag.py for tasks to queue
[2026-05-07T10:48:03.457+0000] {logging_mixin.py:188} INFO - [2026-05-07T10:48:03.456+0000] {dagbag.py:545} INFO - Filling up the DagBag from /opt/airflow/dags/pipeline_dag.py
[2026-05-07T10:48:03.496+0000] {processor.py:840} INFO - DAG(s) 'ab_test_medallion_pipeline' retrieved from /opt/airflow/dags/pipeline_dag.py
[2026-05-07T10:48:03.602+0000] {logging_mixin.py:188} INFO - [2026-05-07T10:48:03.601+0000] {dag.py:3096} INFO - Sync 1 DAGs
[2026-05-07T10:48:03.692+0000] {logging_mixin.py:188} INFO - [2026-05-07T10:48:03.691+0000] {dag.py:3954} INFO - Setting next_dagrun for ab_test_medallion_pipeline to 2026-05-07 00:00:00+00:00, run_after=2026-05-08 00:00:00+00:00
[2026-05-07T10:48:03.763+0000] {processor.py:183} INFO - Processing /opt/airflow/dags/pipeline_dag.py took 0.333 seconds
[2026-05-07T10:48:34.021+0000] {processor.py:161} INFO - Started process (PID=2888) to work on /opt/airflow/dags/pipeline_dag.py
[2026-05-07T10:48:34.023+0000] {processor.py:830} INFO - Processing file /opt/airflow/dags/pipeline_dag.py for tasks to queue
[2026-05-07T10:48:34.026+0000] {logging_mixin.py:188} INFO - [2026-05-07T10:48:34.025+0000] {dagbag.py:545} INFO - Filling up the DagBag from /opt/airflow/dags/pipeline_dag.py
[2026-05-07T10:48:34.060+0000] {processor.py:840} INFO - DAG(s) 'ab_test_medallion_pipeline' retrieved from /opt/airflow/dags/pipeline_dag.py
[2026-05-07T10:48:34.127+0000] {logging_mixin.py:188} INFO - [2026-05-07T10:48:34.126+0000] {dag.py:3096} INFO - Sync 1 DAGs
[2026-05-07T10:48:34.188+0000] {logging_mixin.py:188} INFO - [2026-05-07T10:48:34.188+0000] {dag.py:3954} INFO - Setting next_dagrun for ab_test_medallion_pipeline to 2026-05-07 00:00:00+00:00, run_after=2026-05-08 00:00:00+00:00
[2026-05-07T10:48:34.230+0000] {processor.py:183} INFO - Processing /opt/airflow/dags/pipeline_dag.py took 0.226 seconds
[2026-05-07T10:49:04.493+0000] {processor.py:161} INFO - Started process (PID=2898) to work on /opt/airflow/dags/pipeline_dag.py
[2026-05-07T10:49:04.501+0000] {processor.py:830} INFO - Processing file /opt/airflow/dags/pipeline_dag.py for tasks to queue
[2026-05-07T10:49:04.504+0000] {logging_mixin.py:188} INFO - [2026-05-07T10:49:04.503+0000] {dagbag.py:545} INFO - Filling up the DagBag from /opt/airflow/dags/pipeline_dag.py
[2026-05-07T10:49:04.541+0000] {processor.py:840} INFO - DAG(s) 'ab_test_medallion_pipeline' retrieved from /opt/airflow/dags/pipeline_dag.py
[2026-05-07T10:49:04.600+0000] {logging_mixin.py:188} INFO - [2026-05-07T10:49:04.600+0000] {dag.py:3096} INFO - Sync 1 DAGs
[2026-05-07T10:49:04.636+0000] {logging_mixin.py:188} INFO - [2026-05-07T10:49:04.636+0000] {dag.py:3954} INFO - Setting next_dagrun for ab_test_medallion_pipeline to 2026-05-07 00:00:00+00:00, run_after=2026-05-08 00:00:00+00:00
[2026-05-07T10:49:04.674+0000] {processor.py:183} INFO - Processing /opt/airflow/dags/pipeline_dag.py took 0.204 seconds
[2026-05-07T10:49:34.946+0000] {processor.py:161} INFO - Started process (PID=2903) to work on /opt/airflow/dags/pipeline_dag.py
[2026-05-07T10:49:34.949+0000] {processor.py:830} INFO - Processing file /opt/airflow/dags/pipeline_dag.py for tasks to queue
[2026-05-07T10:49:34.952+0000] {logging_mixin.py:188} INFO - [2026-05-07T10:49:34.951+0000] {dagbag.py:545} INFO - Filling up the DagBag from /opt/airflow/dags/pipeline_dag.py
[2026-05-07T10:49:34.995+0000] {processor.py:840} INFO - DAG(s) 'ab_test_medallion_pipeline' retrieved from /opt/airflow/dags/pipeline_dag.py
[2026-05-07T10:49:35.070+0000] {logging_mixin.py:188} INFO - [2026-05-07T10:49:35.069+0000] {dag.py:3096} INFO - Sync 1 DAGs
[2026-05-07T10:49:35.138+0000] {logging_mixin.py:188} INFO - [2026-05-07T10:49:35.134+0000] {dag.py:3954} INFO - Setting next_dagrun for ab_test_medallion_pipeline to 2026-05-07 00:00:00+00:00, run_after=2026-05-08 00:00:00+00:00
[2026-05-07T10:49:35.288+0000] {processor.py:183} INFO - Processing /opt/airflow/dags/pipeline_dag.py took 0.371 seconds
[2026-05-07T10:50:05.694+0000] {processor.py:161} INFO - Started process (PID=2908) to work on /opt/airflow/dags/pipeline_dag.py
[2026-05-07T10:50:05.697+0000] {processor.py:830} INFO - Processing file /opt/airflow/dags/pipeline_dag.py for tasks to queue
[2026-05-07T10:50:05.701+0000] {logging_mixin.py:188} INFO - [2026-05-07T10:50:05.699+0000] {dagbag.py:545} INFO - Filling up the DagBag from /opt/airflow/dags/pipeline_dag.py
[2026-05-07T10:50:05.744+0000] {processor.py:840} INFO - DAG(s) 'ab_test_medallion_pipeline' retrieved from /opt/airflow/dags/pipeline_dag.py
[2026-05-07T10:50:05.840+0000] {logging_mixin.py:188} INFO - [2026-05-07T10:50:05.839+0000] {dag.py:3096} INFO - Sync 1 DAGs
[2026-05-07T10:50:05.936+0000] {logging_mixin.py:188} INFO - [2026-05-07T10:50:05.935+0000] {dag.py:3954} INFO - Setting next_dagrun for ab_test_medallion_pipeline to 2026-05-07 00:00:00+00:00, run_after=2026-05-08 00:00:00+00:00
[2026-05-07T10:50:05.994+0000] {processor.py:183} INFO - Processing /opt/airflow/dags/pipeline_dag.py took 0.336 seconds
[2026-05-07T10:50:36.311+0000] {processor.py:161} INFO - Started process (PID=2913) to work on /opt/airflow/dags/pipeline_dag.py
[2026-05-07T10:50:36.314+0000] {processor.py:830} INFO - Processing file /opt/airflow/dags/pipeline_dag.py for tasks to queue
[2026-05-07T10:50:36.316+0000] {logging_mixin.py:188} INFO - [2026-05-07T10:50:36.315+0000] {dagbag.py:545} INFO - Filling up the DagBag from /opt/airflow/dags/pipeline_dag.py
[2026-05-07T10:50:36.437+0000] {processor.py:840} INFO - DAG(s) 'ab_test_medallion_pipeline' retrieved from /opt/airflow/dags/pipeline_dag.py
[2026-05-07T10:50:36.691+0000] {logging_mixin.py:188} INFO - [2026-05-07T10:50:36.690+0000] {dag.py:3096} INFO - Sync 1 DAGs
[2026-05-07T10:50:36.803+0000] {logging_mixin.py:188} INFO - [2026-05-07T10:50:36.802+0000] {dag.py:3954} INFO - Setting next_dagrun for ab_test_medallion_pipeline to 2026-05-07 00:00:00+00:00, run_after=2026-05-08 00:00:00+00:00
[2026-05-07T10:50:36.908+0000] {processor.py:183} INFO - Processing /opt/airflow/dags/pipeline_dag.py took 0.616 seconds
[2026-05-07T10:51:07.368+0000] {processor.py:161} INFO - Started process (PID=2918) to work on /opt/airflow/dags/pipeline_dag.py
[2026-05-07T10:51:07.370+0000] {processor.py:830} INFO - Processing file /opt/airflow/dags/pipeline_dag.py for tasks to queue
[2026-05-07T10:51:07.373+0000] {logging_mixin.py:188} INFO - [2026-05-07T10:51:07.371+0000] {dagbag.py:545} INFO - Filling up the DagBag from /opt/airflow/dags/pipeline_dag.py
[2026-05-07T10:51:07.435+0000] {processor.py:840} INFO - DAG(s) 'ab_test_medallion_pipeline' retrieved from /opt/airflow/dags/pipeline_dag.py
[2026-05-07T10:51:07.579+0000] {logging_mixin.py:188} INFO - [2026-05-07T10:51:07.579+0000] {dag.py:3096} INFO - Sync 1 DAGs
[2026-05-07T10:51:07.692+0000] {logging_mixin.py:188} INFO - [2026-05-07T10:51:07.692+0000] {dag.py:3954} INFO - Setting next_dagrun for ab_test_medallion_pipeline to 2026-05-07 00:00:00+00:00, run_after=2026-05-08 00:00:00+00:00
[2026-05-07T10:51:07.739+0000] {processor.py:183} INFO - Processing /opt/airflow/dags/pipeline_dag.py took 0.396 seconds
[2026-05-07T10:51:38.003+0000] {processor.py:161} INFO - Started process (PID=2923) to work on /opt/airflow/dags/pipeline_dag.py
[2026-05-07T10:51:38.005+0000] {processor.py:830} INFO - Processing file /opt/airflow/dags/pipeline_dag.py for tasks to queue
[2026-05-07T10:51:38.007+0000] {logging_mixin.py:188} INFO - [2026-05-07T10:51:38.006+0000] {dagbag.py:545} INFO - Filling up the DagBag from /opt/airflow/dags/pipeline_dag.py
[2026-05-07T10:51:38.033+0000] {processor.py:840} INFO - DAG(s) 'ab_test_medallion_pipeline' retrieved from /opt/airflow/dags/pipeline_dag.py
[2026-05-07T10:51:38.109+0000] {logging_mixin.py:188} INFO - [2026-05-07T10:51:38.108+0000] {dag.py:3096} INFO - Sync 1 DAGs
[2026-05-07T10:51:38.254+0000] {logging_mixin.py:188} INFO - [2026-05-07T10:51:38.253+0000] {dag.py:3954} INFO - Setting next_dagrun for ab_test_medallion_pipeline to 2026-05-07 00:00:00+00:00, run_after=2026-05-08 00:00:00+00:00
[2026-05-07T10:51:38.295+0000] {processor.py:183} INFO - Processing /opt/airflow/dags/pipeline_dag.py took 0.306 seconds
[2026-05-07T10:52:08.730+0000] {processor.py:161} INFO - Started process (PID=3031) to work on /opt/airflow/dags/pipeline_dag.py
[2026-05-07T10:52:08.819+0000] {processor.py:830} INFO - Processing file /opt/airflow/dags/pipeline_dag.py for tasks to queue
[2026-05-07T10:52:08.821+0000] {logging_mixin.py:188} INFO - [2026-05-07T10:52:08.820+0000] {dagbag.py:545} INFO - Filling up the DagBag from /opt/airflow/dags/pipeline_dag.py
[2026-05-07T10:52:08.893+0000] {processor.py:840} INFO - DAG(s) 'ab_test_medallion_pipeline' retrieved from /opt/airflow/dags/pipeline_dag.py
[2026-05-07T10:52:08.989+0000] {logging_mixin.py:188} INFO - [2026-05-07T10:52:08.989+0000] {dag.py:3096} INFO - Sync 1 DAGs
[2026-05-07T10:52:09.053+0000] {logging_mixin.py:188} INFO - [2026-05-07T10:52:09.053+0000] {dag.py:3954} INFO - Setting next_dagrun for ab_test_medallion_pipeline to 2026-05-07 00:00:00+00:00, run_after=2026-05-08 00:00:00+00:00
[2026-05-07T10:52:09.104+0000] {processor.py:183} INFO - Processing /opt/airflow/dags/pipeline_dag.py took 0.402 seconds
[2026-05-07T10:52:39.555+0000] {processor.py:161} INFO - Started process (PID=3114) to work on /opt/airflow/dags/pipeline_dag.py
[2026-05-07T10:52:39.558+0000] {processor.py:830} INFO - Processing file /opt/airflow/dags/pipeline_dag.py for tasks to queue
[2026-05-07T10:52:39.561+0000] {logging_mixin.py:188} INFO - [2026-05-07T10:52:39.560+0000] {dagbag.py:545} INFO - Filling up the DagBag from /opt/airflow/dags/pipeline_dag.py
[2026-05-07T10:52:39.796+0000] {processor.py:840} INFO - DAG(s) 'ab_test_medallion_pipeline' retrieved from /opt/airflow/dags/pipeline_dag.py
[2026-05-07T10:52:40.078+0000] {logging_mixin.py:188} INFO - [2026-05-07T10:52:40.077+0000] {dag.py:3096} INFO - Sync 1 DAGs
[2026-05-07T10:52:40.184+0000] {logging_mixin.py:188} INFO - [2026-05-07T10:52:40.181+0000] {dag.py:3954} INFO - Setting next_dagrun for ab_test_medallion_pipeline to 2026-05-07 00:00:00+00:00, run_after=2026-05-08 00:00:00+00:00
[2026-05-07T10:52:40.310+0000] {processor.py:183} INFO - Processing /opt/airflow/dags/pipeline_dag.py took 0.779 seconds
[2026-05-07T10:53:10.532+0000] {processor.py:161} INFO - Started process (PID=3169) to work on /opt/airflow/dags/pipeline_dag.py
[2026-05-07T10:53:10.538+0000] {processor.py:830} INFO - Processing file /opt/airflow/dags/pipeline_dag.py for tasks to queue
[2026-05-07T10:53:10.540+0000] {logging_mixin.py:188} INFO - [2026-05-07T10:53:10.539+0000] {dagbag.py:545} INFO - Filling up the DagBag from /opt/airflow/dags/pipeline_dag.py
[2026-05-07T10:53:10.670+0000] {processor.py:840} INFO - DAG(s) 'ab_test_medallion_pipeline' retrieved from /opt/airflow/dags/pipeline_dag.py
[2026-05-07T10:53:11.048+0000] {logging_mixin.py:188} INFO - [2026-05-07T10:53:11.047+0000] {dag.py:3096} INFO - Sync 1 DAGs
[2026-05-07T10:53:11.406+0000] {logging_mixin.py:188} INFO - [2026-05-07T10:53:11.405+0000] {dag.py:3954} INFO - Setting next_dagrun for ab_test_medallion_pipeline to 2026-05-07 00:00:00+00:00, run_after=2026-05-08 00:00:00+00:00
[2026-05-07T10:53:11.533+0000] {processor.py:183} INFO - Processing /opt/airflow/dags/pipeline_dag.py took 1.038 seconds
[2026-05-07T10:53:41.950+0000] {processor.py:161} INFO - Started process (PID=3174) to work on /opt/airflow/dags/pipeline_dag.py
[2026-05-07T10:53:41.951+0000] {processor.py:830} INFO - Processing file /opt/airflow/dags/pipeline_dag.py for tasks to queue
[2026-05-07T10:53:41.953+0000] {logging_mixin.py:188} INFO - [2026-05-07T10:53:41.952+0000] {dagbag.py:545} INFO - Filling up the DagBag from /opt/airflow/dags/pipeline_dag.py
[2026-05-07T10:53:41.997+0000] {processor.py:840} INFO - DAG(s) 'ab_test_medallion_pipeline' retrieved from /opt/airflow/dags/pipeline_dag.py
[2026-05-07T10:53:42.096+0000] {logging_mixin.py:188} INFO - [2026-05-07T10:53:42.095+0000] {dag.py:3096} INFO - Sync 1 DAGs
[2026-05-07T10:53:42.167+0000] {logging_mixin.py:188} INFO - [2026-05-07T10:53:42.166+0000] {dag.py:3954} INFO - Setting next_dagrun for ab_test_medallion_pipeline to 2026-05-07 00:00:00+00:00, run_after=2026-05-08 00:00:00+00:00
[2026-05-07T10:53:42.244+0000] {processor.py:183} INFO - Processing /opt/airflow/dags/pipeline_dag.py took 0.308 seconds
[2026-05-07T10:54:12.598+0000] {processor.py:161} INFO - Started process (PID=3179) to work on /opt/airflow/dags/pipeline_dag.py
[2026-05-07T10:54:12.610+0000] {processor.py:830} INFO - Processing file /opt/airflow/dags/pipeline_dag.py for tasks to queue
[2026-05-07T10:54:12.616+0000] {logging_mixin.py:188} INFO - [2026-05-07T10:54:12.613+0000] {dagbag.py:545} INFO - Filling up the DagBag from /opt/airflow/dags/pipeline_dag.py
[2026-05-07T10:54:12.696+0000] {processor.py:840} INFO - DAG(s) 'ab_test_medallion_pipeline' retrieved from /opt/airflow/dags/pipeline_dag.py
[2026-05-07T10:54:12.851+0000] {logging_mixin.py:188} INFO - [2026-05-07T10:54:12.851+0000] {dag.py:3096} INFO - Sync 1 DAGs
[2026-05-07T10:54:13.010+0000] {logging_mixin.py:188} INFO - [2026-05-07T10:54:13.010+0000] {dag.py:3954} INFO - Setting next_dagrun for ab_test_medallion_pipeline to 2026-05-07 00:00:00+00:00, run_after=2026-05-08 00:00:00+00:00
[2026-05-07T10:54:13.206+0000] {processor.py:183} INFO - Processing /opt/airflow/dags/pipeline_dag.py took 0.629 seconds
[2026-05-07T10:54:43.596+0000] {processor.py:161} INFO - Started process (PID=3184) to work on /opt/airflow/dags/pipeline_dag.py
[2026-05-07T10:54:43.597+0000] {processor.py:830} INFO - Processing file /opt/airflow/dags/pipeline_dag.py for tasks to queue
[2026-05-07T10:54:43.599+0000] {logging_mixin.py:188} INFO - [2026-05-07T10:54:43.598+0000] {dagbag.py:545} INFO - Filling up the DagBag from /opt/airflow/dags/pipeline_dag.py
[2026-05-07T10:54:43.636+0000] {processor.py:840} INFO - DAG(s) 'ab_test_medallion_pipeline' retrieved from /opt/airflow/dags/pipeline_dag.py
[2026-05-07T10:54:43.716+0000] {logging_mixin.py:188} INFO - [2026-05-07T10:54:43.716+0000] {dag.py:3096} INFO - Sync 1 DAGs
[2026-05-07T10:54:43.774+0000] {logging_mixin.py:188} INFO - [2026-05-07T10:54:43.774+0000] {dag.py:3954} INFO - Setting next_dagrun for ab_test_medallion_pipeline to 2026-05-07 00:00:00+00:00, run_after=2026-05-08 00:00:00+00:00
[2026-05-07T10:54:43.812+0000] {processor.py:183} INFO - Processing /opt/airflow/dags/pipeline_dag.py took 0.231 seconds
[2026-05-07T10:55:13.944+0000] {processor.py:161} INFO - Started process (PID=3189) to work on /opt/airflow/dags/pipeline_dag.py
[2026-05-07T10:55:13.947+0000] {processor.py:830} INFO - Processing file /opt/airflow/dags/pipeline_dag.py for tasks to queue
[2026-05-07T10:55:13.950+0000] {logging_mixin.py:188} INFO - [2026-05-07T10:55:13.949+0000] {dagbag.py:545} INFO - Filling up the DagBag from /opt/airflow/dags/pipeline_dag.py
[2026-05-07T10:55:14.047+0000] {processor.py:840} INFO - DAG(s) 'ab_test_medallion_pipeline' retrieved from /opt/airflow/dags/pipeline_dag.py
[2026-05-07T10:55:14.164+0000] {logging_mixin.py:188} INFO - [2026-05-07T10:55:14.164+0000] {dag.py:3096} INFO - Sync 1 DAGs
[2026-05-07T10:55:14.221+0000] {logging_mixin.py:188} INFO - [2026-05-07T10:55:14.221+0000] {dag.py:3954} INFO - Setting next_dagrun for ab_test_medallion_pipeline to 2026-05-07 00:00:00+00:00, run_after=2026-05-08 00:00:00+00:00
[2026-05-07T10:55:14.254+0000] {processor.py:183} INFO - Processing /opt/airflow/dags/pipeline_dag.py took 0.344 seconds
[2026-05-07T10:55:44.449+0000] {processor.py:161} INFO - Started process (PID=3194) to work on /opt/airflow/dags/pipeline_dag.py
[2026-05-07T10:55:44.450+0000] {processor.py:830} INFO - Processing file /opt/airflow/dags/pipeline_dag.py for tasks to queue
[2026-05-07T10:55:44.453+0000] {logging_mixin.py:188} INFO - [2026-05-07T10:55:44.452+0000] {dagbag.py:545} INFO - Filling up the DagBag from /opt/airflow/dags/pipeline_dag.py
[2026-05-07T10:55:44.484+0000] {processor.py:840} INFO - DAG(s) 'ab_test_medallion_pipeline' retrieved from /opt/airflow/dags/pipeline_dag.py
[2026-05-07T10:55:44.563+0000] {logging_mixin.py:188} INFO - [2026-05-07T10:55:44.563+0000] {dag.py:3096} INFO - Sync 1 DAGs
[2026-05-07T10:55:44.616+0000] {logging_mixin.py:188} INFO - [2026-05-07T10:55:44.616+0000] {dag.py:3954} INFO - Setting next_dagrun for ab_test_medallion_pipeline to 2026-05-07 00:00:00+00:00, run_after=2026-05-08 00:00:00+00:00
[2026-05-07T10:55:44.687+0000] {processor.py:183} INFO - Processing /opt/airflow/dags/pipeline_dag.py took 0.252 seconds
[2026-05-07T10:56:14.896+0000] {processor.py:161} INFO - Started process (PID=3199) to work on /opt/airflow/dags/pipeline_dag.py
[2026-05-07T10:56:14.899+0000] {processor.py:830} INFO - Processing file /opt/airflow/dags/pipeline_dag.py for tasks to queue
[2026-05-07T10:56:14.907+0000] {logging_mixin.py:188} INFO - [2026-05-07T10:56:14.906+0000] {dagbag.py:545} INFO - Filling up the DagBag from /opt/airflow/dags/pipeline_dag.py
[2026-05-07T10:56:14.944+0000] {processor.py:840} INFO - DAG(s) 'ab_test_medallion_pipeline' retrieved from /opt/airflow/dags/pipeline_dag.py
[2026-05-07T10:56:15.023+0000] {logging_mixin.py:188} INFO - [2026-05-07T10:56:15.023+0000] {dag.py:3096} INFO - Sync 1 DAGs
[2026-05-07T10:56:15.066+0000] {logging_mixin.py:188} INFO - [2026-05-07T10:56:15.066+0000] {dag.py:3954} INFO - Setting next_dagrun for ab_test_medallion_pipeline to 2026-05-07 00:00:00+00:00, run_after=2026-05-08 00:00:00+00:00
[2026-05-07T10:56:15.113+0000] {processor.py:183} INFO - Processing /opt/airflow/dags/pipeline_dag.py took 0.232 seconds
[2026-05-07T10:56:45.331+0000] {processor.py:161} INFO - Started process (PID=3204) to work on /opt/airflow/dags/pipeline_dag.py
[2026-05-07T10:56:45.333+0000] {processor.py:830} INFO - Processing file /opt/airflow/dags/pipeline_dag.py for tasks to queue
[2026-05-07T10:56:45.335+0000] {logging_mixin.py:188} INFO - [2026-05-07T10:56:45.334+0000] {dagbag.py:545} INFO - Filling up the DagBag from /opt/airflow/dags/pipeline_dag.py
[2026-05-07T10:56:45.378+0000] {processor.py:840} INFO - DAG(s) 'ab_test_medallion_pipeline' retrieved from /opt/airflow/dags/pipeline_dag.py
[2026-05-07T10:56:45.462+0000] {logging_mixin.py:188} INFO - [2026-05-07T10:56:45.461+0000] {dag.py:3096} INFO - Sync 1 DAGs
[2026-05-07T10:56:45.537+0000] {logging_mixin.py:188} INFO - [2026-05-07T10:56:45.536+0000] {dag.py:3954} INFO - Setting next_dagrun for ab_test_medallion_pipeline to 2026-05-07 00:00:00+00:00, run_after=2026-05-08 00:00:00+00:00
[2026-05-07T10:56:45.661+0000] {processor.py:183} INFO - Processing /opt/airflow/dags/pipeline_dag.py took 0.344 seconds
[2026-05-07T10:57:15.760+0000] {processor.py:161} INFO - Started process (PID=3209) to work on /opt/airflow/dags/pipeline_dag.py
[2026-05-07T10:57:15.763+0000] {processor.py:830} INFO - Processing file /opt/airflow/dags/pipeline_dag.py for tasks to queue
[2026-05-07T10:57:15.765+0000] {logging_mixin.py:188} INFO - [2026-05-07T10:57:15.764+0000] {dagbag.py:545} INFO - Filling up the DagBag from /opt/airflow/dags/pipeline_dag.py
[2026-05-07T10:57:15.794+0000] {processor.py:840} INFO - DAG(s) 'ab_test_medallion_pipeline' retrieved from /opt/airflow/dags/pipeline_dag.py
[2026-05-07T10:57:15.860+0000] {logging_mixin.py:188} INFO - [2026-05-07T10:57:15.860+0000] {dag.py:3096} INFO - Sync 1 DAGs
[2026-05-07T10:57:15.907+0000] {logging_mixin.py:188} INFO - [2026-05-07T10:57:15.906+0000] {dag.py:3954} INFO - Setting next_dagrun for ab_test_medallion_pipeline to 2026-05-07 00:00:00+00:00, run_after=2026-05-08 00:00:00+00:00
[2026-05-07T10:57:15.992+0000] {processor.py:183} INFO - Processing /opt/airflow/dags/pipeline_dag.py took 0.251 seconds
[2026-05-07T10:57:46.337+0000] {processor.py:161} INFO - Started process (PID=3219) to work on /opt/airflow/dags/pipeline_dag.py
[2026-05-07T10:57:46.339+0000] {processor.py:830} INFO - Processing file /opt/airflow/dags/pipeline_dag.py for tasks to queue
[2026-05-07T10:57:46.343+0000] {logging_mixin.py:188} INFO - [2026-05-07T10:57:46.341+0000] {dagbag.py:545} INFO - Filling up the DagBag from /opt/airflow/dags/pipeline_dag.py
[2026-05-07T10:57:46.436+0000] {processor.py:840} INFO - DAG(s) 'ab_test_medallion_pipeline' retrieved from /opt/airflow/dags/pipeline_dag.py
[2026-05-07T10:57:46.548+0000] {logging_mixin.py:188} INFO - [2026-05-07T10:57:46.547+0000] {dag.py:3096} INFO - Sync 1 DAGs
[2026-05-07T10:57:46.656+0000] {logging_mixin.py:188} INFO - [2026-05-07T10:57:46.655+0000] {dag.py:3954} INFO - Setting next_dagrun for ab_test_medallion_pipeline to 2026-05-07 00:00:00+00:00, run_after=2026-05-08 00:00:00+00:00
[2026-05-07T10:57:46.739+0000] {processor.py:183} INFO - Processing /opt/airflow/dags/pipeline_dag.py took 0.419 seconds
[2026-05-07T10:58:17.110+0000] {processor.py:161} INFO - Started process (PID=3224) to work on /opt/airflow/dags/pipeline_dag.py
[2026-05-07T10:58:17.112+0000] {processor.py:830} INFO - Processing file /opt/airflow/dags/pipeline_dag.py for tasks to queue
[2026-05-07T10:58:17.115+0000] {logging_mixin.py:188} INFO - [2026-05-07T10:58:17.113+0000] {dagbag.py:545} INFO - Filling up the DagBag from /opt/airflow/dags/pipeline_dag.py
[2026-05-07T10:58:17.154+0000] {processor.py:840} INFO - DAG(s) 'ab_test_medallion_pipeline' retrieved from /opt/airflow/dags/pipeline_dag.py
[2026-05-07T10:58:17.247+0000] {logging_mixin.py:188} INFO - [2026-05-07T10:58:17.246+0000] {dag.py:3096} INFO - Sync 1 DAGs
[2026-05-07T10:58:17.376+0000] {logging_mixin.py:188} INFO - [2026-05-07T10:58:17.372+0000] {dag.py:3954} INFO - Setting next_dagrun for ab_test_medallion_pipeline to 2026-05-07 00:00:00+00:00, run_after=2026-05-08 00:00:00+00:00
[2026-05-07T10:58:17.448+0000] {processor.py:183} INFO - Processing /opt/airflow/dags/pipeline_dag.py took 0.358 seconds
[2026-05-07T10:58:47.862+0000] {processor.py:161} INFO - Started process (PID=3229) to work on /opt/airflow/dags/pipeline_dag.py
[2026-05-07T10:58:47.866+0000] {processor.py:830} INFO - Processing file /opt/airflow/dags/pipeline_dag.py for tasks to queue
[2026-05-07T10:58:47.869+0000] {logging_mixin.py:188} INFO - [2026-05-07T10:58:47.867+0000] {dagbag.py:545} INFO - Filling up the DagBag from /opt/airflow/dags/pipeline_dag.py
[2026-05-07T10:58:47.926+0000] {processor.py:840} INFO - DAG(s) 'ab_test_medallion_pipeline' retrieved from /opt/airflow/dags/pipeline_dag.py
[2026-05-07T10:58:48.213+0000] {logging_mixin.py:188} INFO - [2026-05-07T10:58:48.212+0000] {dag.py:3096} INFO - Sync 1 DAGs
[2026-05-07T10:58:48.325+0000] {logging_mixin.py:188} INFO - [2026-05-07T10:58:48.324+0000] {dag.py:3954} INFO - Setting next_dagrun for ab_test_medallion_pipeline to 2026-05-07 00:00:00+00:00, run_after=2026-05-08 00:00:00+00:00
[2026-05-07T10:58:48.464+0000] {processor.py:183} INFO - Processing /opt/airflow/dags/pipeline_dag.py took 0.637 seconds
[2026-05-07T10:59:18.797+0000] {processor.py:161} INFO - Started process (PID=3234) to work on /opt/airflow/dags/pipeline_dag.py
[2026-05-07T10:59:18.801+0000] {processor.py:830} INFO - Processing file /opt/airflow/dags/pipeline_dag.py for tasks to queue
[2026-05-07T10:59:18.804+0000] {logging_mixin.py:188} INFO - [2026-05-07T10:59:18.803+0000] {dagbag.py:545} INFO - Filling up the DagBag from /opt/airflow/dags/pipeline_dag.py
[2026-05-07T10:59:18.852+0000] {processor.py:840} INFO - DAG(s) 'ab_test_medallion_pipeline' retrieved from /opt/airflow/dags/pipeline_dag.py
[2026-05-07T10:59:18.928+0000] {logging_mixin.py:188} INFO - [2026-05-07T10:59:18.927+0000] {dag.py:3096} INFO - Sync 1 DAGs
[2026-05-07T10:59:18.963+0000] {logging_mixin.py:188} INFO - [2026-05-07T10:59:18.963+0000] {dag.py:3954} INFO - Setting next_dagrun for ab_test_medallion_pipeline to 2026-05-07 00:00:00+00:00, run_after=2026-05-08 00:00:00+00:00
[2026-05-07T10:59:18.997+0000] {processor.py:183} INFO - Processing /opt/airflow/dags/pipeline_dag.py took 0.221 seconds
[2026-05-07T10:59:49.237+0000] {processor.py:161} INFO - Started process (PID=3340) to work on /opt/airflow/dags/pipeline_dag.py
[2026-05-07T10:59:49.241+0000] {processor.py:830} INFO - Processing file /opt/airflow/dags/pipeline_dag.py for tasks to queue
[2026-05-07T10:59:49.246+0000] {logging_mixin.py:188} INFO - [2026-05-07T10:59:49.243+0000] {dagbag.py:545} INFO - Filling up the DagBag from /opt/airflow/dags/pipeline_dag.py
[2026-05-07T10:59:49.320+0000] {processor.py:840} INFO - DAG(s) 'ab_test_medallion_pipeline' retrieved from /opt/airflow/dags/pipeline_dag.py
[2026-05-07T10:59:49.452+0000] {logging_mixin.py:188} INFO - [2026-05-07T10:59:49.452+0000] {dag.py:3096} INFO - Sync 1 DAGs
[2026-05-07T10:59:49.524+0000] {logging_mixin.py:188} INFO - [2026-05-07T10:59:49.523+0000] {dag.py:3954} INFO - Setting next_dagrun for ab_test_medallion_pipeline to 2026-05-07 00:00:00+00:00, run_after=2026-05-08 00:00:00+00:00
[2026-05-07T10:59:49.574+0000] {processor.py:183} INFO - Processing /opt/airflow/dags/pipeline_dag.py took 0.385 seconds
[2026-05-07T11:00:19.814+0000] {processor.py:161} INFO - Started process (PID=3391) to work on /opt/airflow/dags/pipeline_dag.py
[2026-05-07T11:00:19.829+0000] {processor.py:830} INFO - Processing file /opt/airflow/dags/pipeline_dag.py for tasks to queue
[2026-05-07T11:00:19.837+0000] {logging_mixin.py:188} INFO - [2026-05-07T11:00:19.836+0000] {dagbag.py:545} INFO - Filling up the DagBag from /opt/airflow/dags/pipeline_dag.py
[2026-05-07T11:00:19.958+0000] {processor.py:840} INFO - DAG(s) 'ab_test_medallion_pipeline' retrieved from /opt/airflow/dags/pipeline_dag.py
[2026-05-07T11:00:19.297+0000] {logging_mixin.py:188} INFO - [2026-05-07T11:00:19.287+0000] {dag.py:3096} INFO - Sync 1 DAGs
[2026-05-07T11:00:19.485+0000] {logging_mixin.py:188} INFO - [2026-05-07T11:00:19.485+0000] {dag.py:3954} INFO - Setting next_dagrun for ab_test_medallion_pipeline to 2026-05-07 00:00:00+00:00, run_after=2026-05-08 00:00:00+00:00
[2026-05-07T11:00:19.579+0000] {processor.py:183} INFO - Processing /opt/airflow/dags/pipeline_dag.py took 0.726 seconds
[2026-05-07T11:00:50.059+0000] {processor.py:161} INFO - Started process (PID=3582) to work on /opt/airflow/dags/pipeline_dag.py
[2026-05-07T11:00:50.061+0000] {processor.py:830} INFO - Processing file /opt/airflow/dags/pipeline_dag.py for tasks to queue
[2026-05-07T11:00:50.064+0000] {logging_mixin.py:188} INFO - [2026-05-07T11:00:50.063+0000] {dagbag.py:545} INFO - Filling up the DagBag from /opt/airflow/dags/pipeline_dag.py
[2026-05-07T11:00:50.109+0000] {processor.py:840} INFO - DAG(s) 'ab_test_medallion_pipeline' retrieved from /opt/airflow/dags/pipeline_dag.py
[2026-05-07T11:00:50.236+0000] {logging_mixin.py:188} INFO - [2026-05-07T11:00:50.235+0000] {dag.py:3096} INFO - Sync 1 DAGs
[2026-05-07T11:00:50.369+0000] {logging_mixin.py:188} INFO - [2026-05-07T11:00:50.368+0000] {dag.py:3954} INFO - Setting next_dagrun for ab_test_medallion_pipeline to 2026-05-07 00:00:00+00:00, run_after=2026-05-08 00:00:00+00:00
[2026-05-07T11:00:50.435+0000] {processor.py:183} INFO - Processing /opt/airflow/dags/pipeline_dag.py took 0.398 seconds
[2026-05-07T11:01:20.923+0000] {processor.py:161} INFO - Started process (PID=3655) to work on /opt/airflow/dags/pipeline_dag.py
[2026-05-07T11:01:20.928+0000] {processor.py:830} INFO - Processing file /opt/airflow/dags/pipeline_dag.py for tasks to queue
[2026-05-07T11:01:20.932+0000] {logging_mixin.py:188} INFO - [2026-05-07T11:01:20.931+0000] {dagbag.py:545} INFO - Filling up the DagBag from /opt/airflow/dags/pipeline_dag.py
[2026-05-07T11:01:21.001+0000] {processor.py:840} INFO - DAG(s) 'ab_test_medallion_pipeline' retrieved from /opt/airflow/dags/pipeline_dag.py
[2026-05-07T11:01:21.139+0000] {logging_mixin.py:188} INFO - [2026-05-07T11:01:21.135+0000] {dag.py:3096} INFO - Sync 1 DAGs
[2026-05-07T11:01:21.314+0000] {logging_mixin.py:188} INFO - [2026-05-07T11:01:21.314+0000] {dag.py:3954} INFO - Setting next_dagrun for ab_test_medallion_pipeline to 2026-05-07 00:00:00+00:00, run_after=2026-05-08 00:00:00+00:00
[2026-05-07T11:01:21.408+0000] {processor.py:183} INFO - Processing /opt/airflow/dags/pipeline_dag.py took 0.523 seconds
[2026-05-07T11:01:51.954+0000] {processor.py:161} INFO - Started process (PID=3767) to work on /opt/airflow/dags/pipeline_dag.py
[2026-05-07T11:01:51.957+0000] {processor.py:830} INFO - Processing file /opt/airflow/dags/pipeline_dag.py for tasks to queue
[2026-05-07T11:01:51.965+0000] {logging_mixin.py:188} INFO - [2026-05-07T11:01:51.960+0000] {dagbag.py:545} INFO - Filling up the DagBag from /opt/airflow/dags/pipeline_dag.py
[2026-05-07T11:01:52.026+0000] {processor.py:840} INFO - DAG(s) 'ab_test_medallion_pipeline' retrieved from /opt/airflow/dags/pipeline_dag.py
[2026-05-07T11:01:52.143+0000] {logging_mixin.py:188} INFO - [2026-05-07T11:01:52.143+0000] {dag.py:3096} INFO - Sync 1 DAGs
[2026-05-07T11:01:52.234+0000] {logging_mixin.py:188} INFO - [2026-05-07T11:01:52.233+0000] {dag.py:3954} INFO - Setting next_dagrun for ab_test_medallion_pipeline to 2026-05-07 00:00:00+00:00, run_after=2026-05-08 00:00:00+00:00
[2026-05-07T11:01:52.371+0000] {processor.py:183} INFO - Processing /opt/airflow/dags/pipeline_dag.py took 0.468 seconds
[2026-05-07T11:02:22.708+0000] {processor.py:161} INFO - Started process (PID=3825) to work on /opt/airflow/dags/pipeline_dag.py
[2026-05-07T11:02:22.717+0000] {processor.py:830} INFO - Processing file /opt/airflow/dags/pipeline_dag.py for tasks to queue
[2026-05-07T11:02:22.719+0000] {logging_mixin.py:188} INFO - [2026-05-07T11:02:22.718+0000] {dagbag.py:545} INFO - Filling up the DagBag from /opt/airflow/dags/pipeline_dag.py
[2026-05-07T11:02:22.846+0000] {processor.py:840} INFO - DAG(s) 'ab_test_medallion_pipeline' retrieved from /opt/airflow/dags/pipeline_dag.py
[2026-05-07T11:02:23.013+0000] {logging_mixin.py:188} INFO - [2026-05-07T11:02:23.013+0000] {dag.py:3096} INFO - Sync 1 DAGs
[2026-05-07T11:02:23.101+0000] {logging_mixin.py:188} INFO - [2026-05-07T11:02:23.097+0000] {dag.py:3954} INFO - Setting next_dagrun for ab_test_medallion_pipeline to 2026-05-07 00:00:00+00:00, run_after=2026-05-08 00:00:00+00:00
[2026-05-07T11:02:23.142+0000] {processor.py:183} INFO - Processing /opt/airflow/dags/pipeline_dag.py took 0.501 seconds
[2026-05-07T11:02:53.520+0000] {processor.py:161} INFO - Started process (PID=3960) to work on /opt/airflow/dags/pipeline_dag.py
[2026-05-07T11:02:53.522+0000] {processor.py:830} INFO - Processing file /opt/airflow/dags/pipeline_dag.py for tasks to queue
[2026-05-07T11:02:53.525+0000] {logging_mixin.py:188} INFO - [2026-05-07T11:02:53.524+0000] {dagbag.py:545} INFO - Filling up the DagBag from /opt/airflow/dags/pipeline_dag.py
[2026-05-07T11:02:53.557+0000] {processor.py:840} INFO - DAG(s) 'ab_test_medallion_pipeline' retrieved from /opt/airflow/dags/pipeline_dag.py
[2026-05-07T11:02:53.639+0000] {logging_mixin.py:188} INFO - [2026-05-07T11:02:53.638+0000] {dag.py:3096} INFO - Sync 1 DAGs
[2026-05-07T11:02:53.699+0000] {logging_mixin.py:188} INFO - [2026-05-07T11:02:53.699+0000] {dag.py:3954} INFO - Setting next_dagrun for ab_test_medallion_pipeline to 2026-05-07 00:00:00+00:00, run_after=2026-05-08 00:00:00+00:00
[2026-05-07T11:02:53.733+0000] {processor.py:183} INFO - Processing /opt/airflow/dags/pipeline_dag.py took 0.235 seconds
[2026-05-07T11:03:23.868+0000] {processor.py:161} INFO - Started process (PID=3989) to work on /opt/airflow/dags/pipeline_dag.py
[2026-05-07T11:03:23.870+0000] {processor.py:830} INFO - Processing file /opt/airflow/dags/pipeline_dag.py for tasks to queue
[2026-05-07T11:03:23.872+0000] {logging_mixin.py:188} INFO - [2026-05-07T11:03:23.871+0000] {dagbag.py:545} INFO - Filling up the DagBag from /opt/airflow/dags/pipeline_dag.py
[2026-05-07T11:03:23.917+0000] {processor.py:840} INFO - DAG(s) 'ab_test_medallion_pipeline' retrieved from /opt/airflow/dags/pipeline_dag.py
[2026-05-07T11:03:24.020+0000] {logging_mixin.py:188} INFO - [2026-05-07T11:03:24.019+0000] {dag.py:3096} INFO - Sync 1 DAGs
[2026-05-07T11:03:24.095+0000] {logging_mixin.py:188} INFO - [2026-05-07T11:03:24.095+0000] {dag.py:3954} INFO - Setting next_dagrun for ab_test_medallion_pipeline to 2026-05-07 00:00:00+00:00, run_after=2026-05-08 00:00:00+00:00
[2026-05-07T11:03:24.159+0000] {processor.py:183} INFO - Processing /opt/airflow/dags/pipeline_dag.py took 0.316 seconds
[2026-05-07T11:03:54.510+0000] {processor.py:161} INFO - Started process (PID=4078) to work on /opt/airflow/dags/pipeline_dag.py
[2026-05-07T11:03:54.514+0000] {processor.py:830} INFO - Processing file /opt/airflow/dags/pipeline_dag.py for tasks to queue
[2026-05-07T11:03:54.518+0000] {logging_mixin.py:188} INFO - [2026-05-07T11:03:54.517+0000] {dagbag.py:545} INFO - Filling up the DagBag from /opt/airflow/dags/pipeline_dag.py
[2026-05-07T11:03:54.571+0000] {processor.py:840} INFO - DAG(s) 'ab_test_medallion_pipeline' retrieved from /opt/airflow/dags/pipeline_dag.py
[2026-05-07T11:03:54.670+0000] {logging_mixin.py:188} INFO - [2026-05-07T11:03:54.670+0000] {dag.py:3096} INFO - Sync 1 DAGs
[2026-05-07T11:03:54.727+0000] {logging_mixin.py:188} INFO - [2026-05-07T11:03:54.726+0000] {dag.py:3954} INFO - Setting next_dagrun for ab_test_medallion_pipeline to 2026-05-07 00:00:00+00:00, run_after=2026-05-08 00:00:00+00:00
[2026-05-07T11:03:54.774+0000] {processor.py:183} INFO - Processing /opt/airflow/dags/pipeline_dag.py took 0.283 seconds
[2026-05-07T11:04:24.874+0000] {processor.py:161} INFO - Started process (PID=4116) to work on /opt/airflow/dags/pipeline_dag.py
[2026-05-07T11:04:24.875+0000] {processor.py:830} INFO - Processing file /opt/airflow/dags/pipeline_dag.py for tasks to queue
[2026-05-07T11:04:24.880+0000] {logging_mixin.py:188} INFO - [2026-05-07T11:04:24.879+0000] {dagbag.py:545} INFO - Filling up the DagBag from /opt/airflow/dags/pipeline_dag.py
[2026-05-07T11:04:24.926+0000] {processor.py:840} INFO - DAG(s) 'ab_test_medallion_pipeline' retrieved from /opt/airflow/dags/pipeline_dag.py
[2026-05-07T11:04:25.001+0000] {logging_mixin.py:188} INFO - [2026-05-07T11:04:25.000+0000] {dag.py:3096} INFO - Sync 1 DAGs
[2026-05-07T11:04:25.051+0000] {logging_mixin.py:188} INFO - [2026-05-07T11:04:25.050+0000] {dag.py:3954} INFO - Setting next_dagrun for ab_test_medallion_pipeline to 2026-05-07 00:00:00+00:00, run_after=2026-05-08 00:00:00+00:00
[2026-05-07T11:04:25.093+0000] {processor.py:183} INFO - Processing /opt/airflow/dags/pipeline_dag.py took 0.245 seconds
[2026-05-07T11:04:55.229+0000] {processor.py:161} INFO - Started process (PID=4150) to work on /opt/airflow/dags/pipeline_dag.py
[2026-05-07T11:04:55.235+0000] {processor.py:830} INFO - Processing file /opt/airflow/dags/pipeline_dag.py for tasks to queue
[2026-05-07T11:04:55.238+0000] {logging_mixin.py:188} INFO - [2026-05-07T11:04:55.237+0000] {dagbag.py:545} INFO - Filling up the DagBag from /opt/airflow/dags/pipeline_dag.py
[2026-05-07T11:04:55.274+0000] {processor.py:840} INFO - DAG(s) 'ab_test_medallion_pipeline' retrieved from /opt/airflow/dags/pipeline_dag.py
[2026-05-07T11:04:55.392+0000] {logging_mixin.py:188} INFO - [2026-05-07T11:04:55.391+0000] {dag.py:3096} INFO - Sync 1 DAGs
[2026-05-07T11:04:55.456+0000] {logging_mixin.py:188} INFO - [2026-05-07T11:04:55.456+0000] {dag.py:3954} INFO - Setting next_dagrun for ab_test_medallion_pipeline to 2026-05-07 00:00:00+00:00, run_after=2026-05-08 00:00:00+00:00
[2026-05-07T11:04:55.498+0000] {processor.py:183} INFO - Processing /opt/airflow/dags/pipeline_dag.py took 0.290 seconds
[2026-05-07T11:05:25.899+0000] {processor.py:161} INFO - Started process (PID=4201) to work on /opt/airflow/dags/pipeline_dag.py
[2026-05-07T11:05:25.901+0000] {processor.py:830} INFO - Processing file /opt/airflow/dags/pipeline_dag.py for tasks to queue
[2026-05-07T11:05:25.903+0000] {logging_mixin.py:188} INFO - [2026-05-07T11:05:25.902+0000] {dagbag.py:545} INFO - Filling up the DagBag from /opt/airflow/dags/pipeline_dag.py
[2026-05-07T11:05:25.942+0000] {processor.py:840} INFO - DAG(s) 'ab_test_medallion_pipeline' retrieved from /opt/airflow/dags/pipeline_dag.py
[2026-05-07T11:05:26.060+0000] {logging_mixin.py:188} INFO - [2026-05-07T11:05:26.060+0000] {dag.py:3096} INFO - Sync 1 DAGs
[2026-05-07T11:05:26.191+0000] {logging_mixin.py:188} INFO - [2026-05-07T11:05:26.190+0000] {dag.py:3954} INFO - Setting next_dagrun for ab_test_medallion_pipeline to 2026-05-07 00:00:00+00:00, run_after=2026-05-08 00:00:00+00:00
[2026-05-07T11:05:26.262+0000] {processor.py:183} INFO - Processing /opt/airflow/dags/pipeline_dag.py took 0.381 seconds
[2026-05-07T11:05:56.677+0000] {processor.py:161} INFO - Started process (PID=4239) to work on /opt/airflow/dags/pipeline_dag.py
[2026-05-07T11:05:56.680+0000] {processor.py:830} INFO - Processing file /opt/airflow/dags/pipeline_dag.py for tasks to queue
[2026-05-07T11:05:56.686+0000] {logging_mixin.py:188} INFO - [2026-05-07T11:05:56.682+0000] {dagbag.py:545} INFO - Filling up the DagBag from /opt/airflow/dags/pipeline_dag.py
[2026-05-07T11:05:56.734+0000] {processor.py:840} INFO - DAG(s) 'ab_test_medallion_pipeline' retrieved from /opt/airflow/dags/pipeline_dag.py
[2026-05-07T11:05:56.820+0000] {logging_mixin.py:188} INFO - [2026-05-07T11:05:56.820+0000] {dag.py:3096} INFO - Sync 1 DAGs
[2026-05-07T11:05:56.875+0000] {logging_mixin.py:188} INFO - [2026-05-07T11:05:56.875+0000] {dag.py:3954} INFO - Setting next_dagrun for ab_test_medallion_pipeline to 2026-05-07 00:00:00+00:00, run_after=2026-05-08 00:00:00+00:00
[2026-05-07T11:05:56.945+0000] {processor.py:183} INFO - Processing /opt/airflow/dags/pipeline_dag.py took 0.288 seconds
[2026-05-07T11:06:27.402+0000] {processor.py:161} INFO - Started process (PID=4266) to work on /opt/airflow/dags/pipeline_dag.py
[2026-05-07T11:06:27.408+0000] {processor.py:830} INFO - Processing file /opt/airflow/dags/pipeline_dag.py for tasks to queue
[2026-05-07T11:06:27.411+0000] {logging_mixin.py:188} INFO - [2026-05-07T11:06:27.410+0000] {dagbag.py:545} INFO - Filling up the DagBag from /opt/airflow/dags/pipeline_dag.py
[2026-05-07T11:06:27.467+0000] {processor.py:840} INFO - DAG(s) 'ab_test_medallion_pipeline' retrieved from /opt/airflow/dags/pipeline_dag.py
[2026-05-07T11:06:27.580+0000] {logging_mixin.py:188} INFO - [2026-05-07T11:06:27.580+0000] {dag.py:3096} INFO - Sync 1 DAGs
[2026-05-07T11:06:27.693+0000] {logging_mixin.py:188} INFO - [2026-05-07T11:06:27.692+0000] {dag.py:3954} INFO - Setting next_dagrun for ab_test_medallion_pipeline to 2026-05-07 00:00:00+00:00, run_after=2026-05-08 00:00:00+00:00
[2026-05-07T11:06:27.757+0000] {processor.py:183} INFO - Processing /opt/airflow/dags/pipeline_dag.py took 0.388 seconds
[2026-05-07T11:06:58.193+0000] {processor.py:161} INFO - Started process (PID=4319) to work on /opt/airflow/dags/pipeline_dag.py
[2026-05-07T11:06:58.197+0000] {processor.py:830} INFO - Processing file /opt/airflow/dags/pipeline_dag.py for tasks to queue
[2026-05-07T11:06:58.199+0000] {logging_mixin.py:188} INFO - [2026-05-07T11:06:58.198+0000] {dagbag.py:545} INFO - Filling up the DagBag from /opt/airflow/dags/pipeline_dag.py
[2026-05-07T11:06:58.279+0000] {processor.py:840} INFO - DAG(s) 'ab_test_medallion_pipeline' retrieved from /opt/airflow/dags/pipeline_dag.py
[2026-05-07T11:06:58.449+0000] {logging_mixin.py:188} INFO - [2026-05-07T11:06:58.449+0000] {dag.py:3096} INFO - Sync 1 DAGs
[2026-05-07T11:06:58.523+0000] {logging_mixin.py:188} INFO - [2026-05-07T11:06:58.523+0000] {dag.py:3954} INFO - Setting next_dagrun for ab_test_medallion_pipeline to 2026-05-07 00:00:00+00:00, run_after=2026-05-08 00:00:00+00:00
[2026-05-07T11:06:58.561+0000] {processor.py:183} INFO - Processing /opt/airflow/dags/pipeline_dag.py took 0.395 seconds
[2026-05-07T11:07:29.018+0000] {processor.py:161} INFO - Started process (PID=4375) to work on /opt/airflow/dags/pipeline_dag.py
[2026-05-07T11:07:29.033+0000] {processor.py:830} INFO - Processing file /opt/airflow/dags/pipeline_dag.py for tasks to queue
[2026-05-07T11:07:29.053+0000] {logging_mixin.py:188} INFO - [2026-05-07T11:07:29.039+0000] {dagbag.py:545} INFO - Filling up the DagBag from /opt/airflow/dags/pipeline_dag.py
[2026-05-07T11:07:29.193+0000] {processor.py:840} INFO - DAG(s) 'ab_test_medallion_pipeline' retrieved from /opt/airflow/dags/pipeline_dag.py
[2026-05-07T11:07:29.357+0000] {logging_mixin.py:188} INFO - [2026-05-07T11:07:29.356+0000] {dag.py:3096} INFO - Sync 1 DAGs
[2026-05-07T11:07:29.539+0000] {logging_mixin.py:188} INFO - [2026-05-07T11:07:29.539+0000] {dag.py:3954} INFO - Setting next_dagrun for ab_test_medallion_pipeline to 2026-05-07 00:00:00+00:00, run_after=2026-05-08 00:00:00+00:00
[2026-05-07T11:07:29.645+0000] {processor.py:183} INFO - Processing /opt/airflow/dags/pipeline_dag.py took 0.685 seconds
[2026-05-07T11:08:00.166+0000] {processor.py:161} INFO - Started process (PID=4465) to work on /opt/airflow/dags/pipeline_dag.py
[2026-05-07T11:08:00.169+0000] {processor.py:830} INFO - Processing file /opt/airflow/dags/pipeline_dag.py for tasks to queue
[2026-05-07T11:08:00.172+0000] {logging_mixin.py:188} INFO - [2026-05-07T11:08:00.171+0000] {dagbag.py:545} INFO - Filling up the DagBag from /opt/airflow/dags/pipeline_dag.py
[2026-05-07T11:08:00.219+0000] {processor.py:840} INFO - DAG(s) 'ab_test_medallion_pipeline' retrieved from /opt/airflow/dags/pipeline_dag.py
[2026-05-07T11:08:00.339+0000] {logging_mixin.py:188} INFO - [2026-05-07T11:08:00.339+0000] {dag.py:3096} INFO - Sync 1 DAGs
[2026-05-07T11:08:00.450+0000] {logging_mixin.py:188} INFO - [2026-05-07T11:08:00.444+0000] {dag.py:3954} INFO - Setting next_dagrun for ab_test_medallion_pipeline to 2026-05-07 00:00:00+00:00, run_after=2026-05-08 00:00:00+00:00
[2026-05-07T11:08:00.502+0000] {processor.py:183} INFO - Processing /opt/airflow/dags/pipeline_dag.py took 0.354 seconds
[2026-05-07T11:08:31.099+0000] {processor.py:161} INFO - Started process (PID=4546) to work on /opt/airflow/dags/pipeline_dag.py
[2026-05-07T11:08:31.103+0000] {processor.py:830} INFO - Processing file /opt/airflow/dags/pipeline_dag.py for tasks to queue
[2026-05-07T11:08:31.144+0000] {logging_mixin.py:188} INFO - [2026-05-07T11:08:31.120+0000] {dagbag.py:545} INFO - Filling up the DagBag from /opt/airflow/dags/pipeline_dag.py
[2026-05-07T11:08:31.311+0000] {processor.py:840} INFO - DAG(s) 'ab_test_medallion_pipeline' retrieved from /opt/airflow/dags/pipeline_dag.py
[2026-05-07T11:08:31.434+0000] {logging_mixin.py:188} INFO - [2026-05-07T11:08:31.433+0000] {dag.py:3096} INFO - Sync 1 DAGs
[2026-05-07T11:08:31.555+0000] {logging_mixin.py:188} INFO - [2026-05-07T11:08:31.554+0000] {dag.py:3954} INFO - Setting next_dagrun for ab_test_medallion_pipeline to 2026-05-07 00:00:00+00:00, run_after=2026-05-08 00:00:00+00:00
[2026-05-07T11:08:31.636+0000] {processor.py:183} INFO - Processing /opt/airflow/dags/pipeline_dag.py took 0.630 seconds
[2026-05-07T11:09:02.176+0000] {processor.py:161} INFO - Started process (PID=4620) to work on /opt/airflow/dags/pipeline_dag.py
[2026-05-07T11:09:02.178+0000] {processor.py:830} INFO - Processing file /opt/airflow/dags/pipeline_dag.py for tasks to queue
[2026-05-07T11:09:02.183+0000] {logging_mixin.py:188} INFO - [2026-05-07T11:09:02.182+0000] {dagbag.py:545} INFO - Filling up the DagBag from /opt/airflow/dags/pipeline_dag.py
[2026-05-07T11:09:02.289+0000] {processor.py:840} INFO - DAG(s) 'ab_test_medallion_pipeline' retrieved from /opt/airflow/dags/pipeline_dag.py
[2026-05-07T11:09:02.477+0000] {logging_mixin.py:188} INFO - [2026-05-07T11:09:02.476+0000] {dag.py:3096} INFO - Sync 1 DAGs
[2026-05-07T11:09:02.602+0000] {logging_mixin.py:188} INFO - [2026-05-07T11:09:02.602+0000] {dag.py:3954} INFO - Setting next_dagrun for ab_test_medallion_pipeline to 2026-05-07 00:00:00+00:00, run_after=2026-05-08 00:00:00+00:00
[2026-05-07T11:09:02.865+0000] {processor.py:183} INFO - Processing /opt/airflow/dags/pipeline_dag.py took 0.718 seconds
[2026-05-07T11:09:33.314+0000] {processor.py:161} INFO - Started process (PID=4793) to work on /opt/airflow/dags/pipeline_dag.py
[2026-05-07T11:09:33.328+0000] {processor.py:830} INFO - Processing file /opt/airflow/dags/pipeline_dag.py for tasks to queue
[2026-05-07T11:09:33.341+0000] {logging_mixin.py:188} INFO - [2026-05-07T11:09:33.340+0000] {dagbag.py:545} INFO - Filling up the DagBag from /opt/airflow/dags/pipeline_dag.py
[2026-05-07T11:09:33.468+0000] {processor.py:840} INFO - DAG(s) 'ab_test_medallion_pipeline' retrieved from /opt/airflow/dags/pipeline_dag.py
[2026-05-07T11:09:33.827+0000] {logging_mixin.py:188} INFO - [2026-05-07T11:09:33.827+0000] {dag.py:3096} INFO - Sync 1 DAGs
[2026-05-07T11:09:34.068+0000] {logging_mixin.py:188} INFO - [2026-05-07T11:09:34.068+0000] {dag.py:3954} INFO - Setting next_dagrun for ab_test_medallion_pipeline to 2026-05-07 00:00:00+00:00, run_after=2026-05-08 00:00:00+00:00
[2026-05-07T11:09:34.302+0000] {processor.py:183} INFO - Processing /opt/airflow/dags/pipeline_dag.py took 1.038 seconds
[2026-05-07T11:10:05.012+0000] {processor.py:161} INFO - Started process (PID=4841) to work on /opt/airflow/dags/pipeline_dag.py
[2026-05-07T11:10:05.015+0000] {processor.py:830} INFO - Processing file /opt/airflow/dags/pipeline_dag.py for tasks to queue
[2026-05-07T11:10:05.018+0000] {logging_mixin.py:188} INFO - [2026-05-07T11:10:05.017+0000] {dagbag.py:545} INFO - Filling up the DagBag from /opt/airflow/dags/pipeline_dag.py
[2026-05-07T11:10:05.064+0000] {processor.py:840} INFO - DAG(s) 'ab_test_medallion_pipeline' retrieved from /opt/airflow/dags/pipeline_dag.py
[2026-05-07T11:10:05.220+0000] {logging_mixin.py:188} INFO - [2026-05-07T11:10:05.220+0000] {dag.py:3096} INFO - Sync 1 DAGs
[2026-05-07T11:10:05.571+0000] {logging_mixin.py:188} INFO - [2026-05-07T11:10:05.570+0000] {dag.py:3954} INFO - Setting next_dagrun for ab_test_medallion_pipeline to 2026-05-07 00:00:00+00:00, run_after=2026-05-08 00:00:00+00:00
[2026-05-07T11:10:05.798+0000] {processor.py:183} INFO - Processing /opt/airflow/dags/pipeline_dag.py took 0.812 seconds
[2026-05-07T11:10:36.856+0000] {processor.py:161} INFO - Started process (PID=4988) to work on /opt/airflow/dags/pipeline_dag.py
[2026-05-07T11:10:36.863+0000] {processor.py:830} INFO - Processing file /opt/airflow/dags/pipeline_dag.py for tasks to queue
[2026-05-07T11:10:36.866+0000] {logging_mixin.py:188} INFO - [2026-05-07T11:10:36.864+0000] {dagbag.py:545} INFO - Filling up the DagBag from /opt/airflow/dags/pipeline_dag.py
[2026-05-07T11:10:36.953+0000] {processor.py:840} INFO - DAG(s) 'ab_test_medallion_pipeline' retrieved from /opt/airflow/dags/pipeline_dag.py
[2026-05-07T11:10:37.071+0000] {logging_mixin.py:188} INFO - [2026-05-07T11:10:37.071+0000] {dag.py:3096} INFO - Sync 1 DAGs
[2026-05-07T11:10:37.189+0000] {logging_mixin.py:188} INFO - [2026-05-07T11:10:37.185+0000] {dag.py:3954} INFO - Setting next_dagrun for ab_test_medallion_pipeline to 2026-05-07 00:00:00+00:00, run_after=2026-05-08 00:00:00+00:00
[2026-05-07T11:10:37.303+0000] {processor.py:183} INFO - Processing /opt/airflow/dags/pipeline_dag.py took 0.482 seconds
[2026-05-07T11:11:08.123+0000] {processor.py:161} INFO - Started process (PID=5022) to work on /opt/airflow/dags/pipeline_dag.py
[2026-05-07T11:11:08.142+0000] {processor.py:830} INFO - Processing file /opt/airflow/dags/pipeline_dag.py for tasks to queue
[2026-05-07T11:11:08.156+0000] {logging_mixin.py:188} INFO - [2026-05-07T11:11:08.143+0000] {dagbag.py:545} INFO - Filling up the DagBag from /opt/airflow/dags/pipeline_dag.py
[2026-05-07T11:11:08.323+0000] {processor.py:840} INFO - DAG(s) 'ab_test_medallion_pipeline' retrieved from /opt/airflow/dags/pipeline_dag.py
[2026-05-07T11:11:08.501+0000] {logging_mixin.py:188} INFO - [2026-05-07T11:11:08.500+0000] {dag.py:3096} INFO - Sync 1 DAGs
[2026-05-07T11:11:08.654+0000] {logging_mixin.py:188} INFO - [2026-05-07T11:11:08.653+0000] {dag.py:3954} INFO - Setting next_dagrun for ab_test_medallion_pipeline to 2026-05-07 00:00:00+00:00, run_after=2026-05-08 00:00:00+00:00
[2026-05-07T11:11:08.748+0000] {processor.py:183} INFO - Processing /opt/airflow/dags/pipeline_dag.py took 0.707 seconds
[2026-05-07T11:11:39.297+0000] {processor.py:161} INFO - Started process (PID=5160) to work on /opt/airflow/dags/pipeline_dag.py
[2026-05-07T11:11:39.301+0000] {processor.py:830} INFO - Processing file /opt/airflow/dags/pipeline_dag.py for tasks to queue
[2026-05-07T11:11:39.303+0000] {logging_mixin.py:188} INFO - [2026-05-07T11:11:39.302+0000] {dagbag.py:545} INFO - Filling up the DagBag from /opt/airflow/dags/pipeline_dag.py
[2026-05-07T11:11:39.388+0000] {processor.py:840} INFO - DAG(s) 'ab_test_medallion_pipeline' retrieved from /opt/airflow/dags/pipeline_dag.py
[2026-05-07T11:11:39.602+0000] {logging_mixin.py:188} INFO - [2026-05-07T11:11:39.602+0000] {dag.py:3096} INFO - Sync 1 DAGs
[2026-05-07T11:11:39.712+0000] {logging_mixin.py:188} INFO - [2026-05-07T11:11:39.711+0000] {dag.py:3954} INFO - Setting next_dagrun for ab_test_medallion_pipeline to 2026-05-07 00:00:00+00:00, run_after=2026-05-08 00:00:00+00:00
[2026-05-07T11:11:39.816+0000] {processor.py:183} INFO - Processing /opt/airflow/dags/pipeline_dag.py took 0.573 seconds
[2026-05-07T11:12:10.272+0000] {processor.py:161} INFO - Started process (PID=5206) to work on /opt/airflow/dags/pipeline_dag.py
[2026-05-07T11:12:10.275+0000] {processor.py:830} INFO - Processing file /opt/airflow/dags/pipeline_dag.py for tasks to queue
[2026-05-07T11:12:10.279+0000] {logging_mixin.py:188} INFO - [2026-05-07T11:12:10.278+0000] {dagbag.py:545} INFO - Filling up the DagBag from /opt/airflow/dags/pipeline_dag.py
[2026-05-07T11:12:10.332+0000] {processor.py:840} INFO - DAG(s) 'ab_test_medallion_pipeline' retrieved from /opt/airflow/dags/pipeline_dag.py
[2026-05-07T11:12:10.445+0000] {logging_mixin.py:188} INFO - [2026-05-07T11:12:10.444+0000] {dag.py:3096} INFO - Sync 1 DAGs
[2026-05-07T11:12:10.519+0000] {logging_mixin.py:188} INFO - [2026-05-07T11:12:10.519+0000] {dag.py:3954} INFO - Setting next_dagrun for ab_test_medallion_pipeline to 2026-05-07 00:00:00+00:00, run_after=2026-05-08 00:00:00+00:00
[2026-05-07T11:12:10.558+0000] {processor.py:183} INFO - Processing /opt/airflow/dags/pipeline_dag.py took 0.299 seconds
[2026-05-07T11:12:40.741+0000] {processor.py:161} INFO - Started process (PID=5242) to work on /opt/airflow/dags/pipeline_dag.py
[2026-05-07T11:12:40.742+0000] {processor.py:830} INFO - Processing file /opt/airflow/dags/pipeline_dag.py for tasks to queue
[2026-05-07T11:12:40.744+0000] {logging_mixin.py:188} INFO - [2026-05-07T11:12:40.743+0000] {dagbag.py:545} INFO - Filling up the DagBag from /opt/airflow/dags/pipeline_dag.py
[2026-05-07T11:12:40.770+0000] {processor.py:840} INFO - DAG(s) 'ab_test_medallion_pipeline' retrieved from /opt/airflow/dags/pipeline_dag.py
[2026-05-07T11:12:40.861+0000] {logging_mixin.py:188} INFO - [2026-05-07T11:12:40.860+0000] {dag.py:3096} INFO - Sync 1 DAGs
[2026-05-07T11:12:40.961+0000] {logging_mixin.py:188} INFO - [2026-05-07T11:12:40.961+0000] {dag.py:3954} INFO - Setting next_dagrun for ab_test_medallion_pipeline to 2026-05-07 00:00:00+00:00, run_after=2026-05-08 00:00:00+00:00
[2026-05-07T11:12:41.073+0000] {processor.py:183} INFO - Processing /opt/airflow/dags/pipeline_dag.py took 0.348 seconds
[2026-05-07T11:13:11.475+0000] {processor.py:161} INFO - Started process (PID=5288) to work on /opt/airflow/dags/pipeline_dag.py
[2026-05-07T11:13:11.478+0000] {processor.py:830} INFO - Processing file /opt/airflow/dags/pipeline_dag.py for tasks to queue
[2026-05-07T11:13:11.480+0000] {logging_mixin.py:188} INFO - [2026-05-07T11:13:11.479+0000] {dagbag.py:545} INFO - Filling up the DagBag from /opt/airflow/dags/pipeline_dag.py
[2026-05-07T11:13:11.511+0000] {processor.py:840} INFO - DAG(s) 'ab_test_medallion_pipeline' retrieved from /opt/airflow/dags/pipeline_dag.py
[2026-05-07T11:13:11.603+0000] {logging_mixin.py:188} INFO - [2026-05-07T11:13:11.603+0000] {dag.py:3096} INFO - Sync 1 DAGs
[2026-05-07T11:13:11.678+0000] {logging_mixin.py:188} INFO - [2026-05-07T11:13:11.678+0000] {dag.py:3954} INFO - Setting next_dagrun for ab_test_medallion_pipeline to 2026-05-07 00:00:00+00:00, run_after=2026-05-08 00:00:00+00:00
[2026-05-07T11:13:11.740+0000] {processor.py:183} INFO - Processing /opt/airflow/dags/pipeline_dag.py took 0.287 seconds
[2026-05-07T11:13:42.125+0000] {processor.py:161} INFO - Started process (PID=5328) to work on /opt/airflow/dags/pipeline_dag.py
[2026-05-07T11:13:42.134+0000] {processor.py:830} INFO - Processing file /opt/airflow/dags/pipeline_dag.py for tasks to queue
[2026-05-07T11:13:42.137+0000] {logging_mixin.py:188} INFO - [2026-05-07T11:13:42.136+0000] {dagbag.py:545} INFO - Filling up the DagBag from /opt/airflow/dags/pipeline_dag.py
[2026-05-07T11:13:42.189+0000] {processor.py:840} INFO - DAG(s) 'ab_test_medallion_pipeline' retrieved from /opt/airflow/dags/pipeline_dag.py
[2026-05-07T11:13:42.348+0000] {logging_mixin.py:188} INFO - [2026-05-07T11:13:42.346+0000] {dag.py:3096} INFO - Sync 1 DAGs
[2026-05-07T11:13:42.426+0000] {logging_mixin.py:188} INFO - [2026-05-07T11:13:42.424+0000] {dag.py:3954} INFO - Setting next_dagrun for ab_test_medallion_pipeline to 2026-05-07 00:00:00+00:00, run_after=2026-05-08 00:00:00+00:00
[2026-05-07T11:13:42.473+0000] {processor.py:183} INFO - Processing /opt/airflow/dags/pipeline_dag.py took 0.375 seconds
[2026-05-07T11:14:12.694+0000] {processor.py:161} INFO - Started process (PID=5405) to work on /opt/airflow/dags/pipeline_dag.py
[2026-05-07T11:14:12.697+0000] {processor.py:830} INFO - Processing file /opt/airflow/dags/pipeline_dag.py for tasks to queue
[2026-05-07T11:14:12.699+0000] {logging_mixin.py:188} INFO - [2026-05-07T11:14:12.698+0000] {dagbag.py:545} INFO - Filling up the DagBag from /opt/airflow/dags/pipeline_dag.py
[2026-05-07T11:14:12.753+0000] {processor.py:840} INFO - DAG(s) 'ab_test_medallion_pipeline' retrieved from /opt/airflow/dags/pipeline_dag.py
[2026-05-07T11:14:12.854+0000] {logging_mixin.py:188} INFO - [2026-05-07T11:14:12.853+0000] {dag.py:3096} INFO - Sync 1 DAGs
[2026-05-07T11:14:12.942+0000] {logging_mixin.py:188} INFO - [2026-05-07T11:14:12.941+0000] {dag.py:3954} INFO - Setting next_dagrun for ab_test_medallion_pipeline to 2026-05-07 00:00:00+00:00, run_after=2026-05-08 00:00:00+00:00
[2026-05-07T11:14:13.030+0000] {processor.py:183} INFO - Processing /opt/airflow/dags/pipeline_dag.py took 0.354 seconds
[2026-05-07T11:14:43.332+0000] {processor.py:161} INFO - Started process (PID=5412) to work on /opt/airflow/dags/pipeline_dag.py
[2026-05-07T11:14:43.336+0000] {processor.py:830} INFO - Processing file /opt/airflow/dags/pipeline_dag.py for tasks to queue
[2026-05-07T11:14:43.339+0000] {logging_mixin.py:188} INFO - [2026-05-07T11:14:43.338+0000] {dagbag.py:545} INFO - Filling up the DagBag from /opt/airflow/dags/pipeline_dag.py
[2026-05-07T11:14:43.374+0000] {processor.py:840} INFO - DAG(s) 'ab_test_medallion_pipeline' retrieved from /opt/airflow/dags/pipeline_dag.py
[2026-05-07T11:14:43.474+0000] {logging_mixin.py:188} INFO - [2026-05-07T11:14:43.474+0000] {dag.py:3096} INFO - Sync 1 DAGs
[2026-05-07T11:14:43.536+0000] {logging_mixin.py:188} INFO - [2026-05-07T11:14:43.536+0000] {dag.py:3954} INFO - Setting next_dagrun for ab_test_medallion_pipeline to 2026-05-07 00:00:00+00:00, run_after=2026-05-08 00:00:00+00:00
[2026-05-07T11:14:43.714+0000] {processor.py:183} INFO - Processing /opt/airflow/dags/pipeline_dag.py took 0.408 seconds
[2026-05-07T11:15:13.932+0000] {processor.py:161} INFO - Started process (PID=5442) to work on /opt/airflow/dags/pipeline_dag.py
[2026-05-07T11:15:13.935+0000] {processor.py:830} INFO - Processing file /opt/airflow/dags/pipeline_dag.py for tasks to queue
[2026-05-07T11:15:13.939+0000] {logging_mixin.py:188} INFO - [2026-05-07T11:15:13.938+0000] {dagbag.py:545} INFO - Filling up the DagBag from /opt/airflow/dags/pipeline_dag.py
[2026-05-07T11:15:13.991+0000] {processor.py:840} INFO - DAG(s) 'ab_test_medallion_pipeline' retrieved from /opt/airflow/dags/pipeline_dag.py
[2026-05-07T11:15:14.098+0000] {logging_mixin.py:188} INFO - [2026-05-07T11:15:14.097+0000] {dag.py:3096} INFO - Sync 1 DAGs
[2026-05-07T11:15:14.194+0000] {logging_mixin.py:188} INFO - [2026-05-07T11:15:14.194+0000] {dag.py:3954} INFO - Setting next_dagrun for ab_test_medallion_pipeline to 2026-05-07 00:00:00+00:00, run_after=2026-05-08 00:00:00+00:00
[2026-05-07T11:15:14.268+0000] {processor.py:183} INFO - Processing /opt/airflow/dags/pipeline_dag.py took 0.361 seconds
[2026-05-07T11:15:44.506+0000] {processor.py:161} INFO - Started process (PID=5481) to work on /opt/airflow/dags/pipeline_dag.py
[2026-05-07T11:15:44.508+0000] {processor.py:830} INFO - Processing file /opt/airflow/dags/pipeline_dag.py for tasks to queue
[2026-05-07T11:15:44.511+0000] {logging_mixin.py:188} INFO - [2026-05-07T11:15:44.509+0000] {dagbag.py:545} INFO - Filling up the DagBag from /opt/airflow/dags/pipeline_dag.py
[2026-05-07T11:15:44.578+0000] {processor.py:840} INFO - DAG(s) 'ab_test_medallion_pipeline' retrieved from /opt/airflow/dags/pipeline_dag.py
[2026-05-07T11:15:44.733+0000] {logging_mixin.py:188} INFO - [2026-05-07T11:15:44.732+0000] {dag.py:3096} INFO - Sync 1 DAGs
[2026-05-07T11:15:44.801+0000] {logging_mixin.py:188} INFO - [2026-05-07T11:15:44.800+0000] {dag.py:3954} INFO - Setting next_dagrun for ab_test_medallion_pipeline to 2026-05-07 00:00:00+00:00, run_after=2026-05-08 00:00:00+00:00
[2026-05-07T11:15:44.860+0000] {processor.py:183} INFO - Processing /opt/airflow/dags/pipeline_dag.py took 0.376 seconds
[2026-05-07T11:16:15.010+0000] {processor.py:161} INFO - Started process (PID=5569) to work on /opt/airflow/dags/pipeline_dag.py
[2026-05-07T11:16:15.014+0000] {processor.py:830} INFO - Processing file /opt/airflow/dags/pipeline_dag.py for tasks to queue
[2026-05-07T11:16:15.017+0000] {logging_mixin.py:188} INFO - [2026-05-07T11:16:15.016+0000] {dagbag.py:545} INFO - Filling up the DagBag from /opt/airflow/dags/pipeline_dag.py
[2026-05-07T11:16:15.062+0000] {processor.py:840} INFO - DAG(s) 'ab_test_medallion_pipeline' retrieved from /opt/airflow/dags/pipeline_dag.py
[2026-05-07T11:16:15.141+0000] {logging_mixin.py:188} INFO - [2026-05-07T11:16:15.140+0000] {dag.py:3096} INFO - Sync 1 DAGs
[2026-05-07T11:16:15.219+0000] {logging_mixin.py:188} INFO - [2026-05-07T11:16:15.218+0000] {dag.py:3954} INFO - Setting next_dagrun for ab_test_medallion_pipeline to 2026-05-07 00:00:00+00:00, run_after=2026-05-08 00:00:00+00:00
[2026-05-07T11:16:15.277+0000] {processor.py:183} INFO - Processing /opt/airflow/dags/pipeline_dag.py took 0.282 seconds
[2026-05-07T11:16:45.728+0000] {processor.py:161} INFO - Started process (PID=5610) to work on /opt/airflow/dags/pipeline_dag.py
[2026-05-07T11:16:45.731+0000] {processor.py:830} INFO - Processing file /opt/airflow/dags/pipeline_dag.py for tasks to queue
[2026-05-07T11:16:45.734+0000] {logging_mixin.py:188} INFO - [2026-05-07T11:16:45.732+0000] {dagbag.py:545} INFO - Filling up the DagBag from /opt/airflow/dags/pipeline_dag.py
[2026-05-07T11:16:45.821+0000] {processor.py:840} INFO - DAG(s) 'ab_test_medallion_pipeline' retrieved from /opt/airflow/dags/pipeline_dag.py
[2026-05-07T11:16:46.088+0000] {logging_mixin.py:188} INFO - [2026-05-07T11:16:46.087+0000] {dag.py:3096} INFO - Sync 1 DAGs
[2026-05-07T11:16:46.167+0000] {logging_mixin.py:188} INFO - [2026-05-07T11:16:46.167+0000] {dag.py:3954} INFO - Setting next_dagrun for ab_test_medallion_pipeline to 2026-05-07 00:00:00+00:00, run_after=2026-05-08 00:00:00+00:00
[2026-05-07T11:16:46.268+0000] {processor.py:183} INFO - Processing /opt/airflow/dags/pipeline_dag.py took 0.560 seconds
[2026-05-07T11:17:16.765+0000] {processor.py:161} INFO - Started process (PID=5678) to work on /opt/airflow/dags/pipeline_dag.py
[2026-05-07T11:17:16.772+0000] {processor.py:830} INFO - Processing file /opt/airflow/dags/pipeline_dag.py for tasks to queue
[2026-05-07T11:17:16.802+0000] {logging_mixin.py:188} INFO - [2026-05-07T11:17:16.800+0000] {dagbag.py:545} INFO - Filling up the DagBag from /opt/airflow/dags/pipeline_dag.py
[2026-05-07T11:17:16.969+0000] {processor.py:840} INFO - DAG(s) 'ab_test_medallion_pipeline' retrieved from /opt/airflow/dags/pipeline_dag.py
[2026-05-07T11:17:17.211+0000] {logging_mixin.py:188} INFO - [2026-05-07T11:17:17.211+0000] {dag.py:3096} INFO - Sync 1 DAGs
[2026-05-07T11:17:17.513+0000] {logging_mixin.py:188} INFO - [2026-05-07T11:17:17.500+0000] {dag.py:3954} INFO - Setting next_dagrun for ab_test_medallion_pipeline to 2026-05-07 00:00:00+00:00, run_after=2026-05-08 00:00:00+00:00
[2026-05-07T11:17:17.809+0000] {processor.py:183} INFO - Processing /opt/airflow/dags/pipeline_dag.py took 1.090 seconds
[2026-05-07T11:17:48.322+0000] {processor.py:161} INFO - Started process (PID=5712) to work on /opt/airflow/dags/pipeline_dag.py
[2026-05-07T11:17:48.324+0000] {processor.py:830} INFO - Processing file /opt/airflow/dags/pipeline_dag.py for tasks to queue
[2026-05-07T11:17:48.337+0000] {logging_mixin.py:188} INFO - [2026-05-07T11:17:48.335+0000] {dagbag.py:545} INFO - Filling up the DagBag from /opt/airflow/dags/pipeline_dag.py
[2026-05-07T11:17:48.427+0000] {processor.py:840} INFO - DAG(s) 'ab_test_medallion_pipeline' retrieved from /opt/airflow/dags/pipeline_dag.py
[2026-05-07T11:17:48.560+0000] {logging_mixin.py:188} INFO - [2026-05-07T11:17:48.559+0000] {dag.py:3096} INFO - Sync 1 DAGs
[2026-05-07T11:17:48.654+0000] {logging_mixin.py:188} INFO - [2026-05-07T11:17:48.653+0000] {dag.py:3954} INFO - Setting next_dagrun for ab_test_medallion_pipeline to 2026-05-07 00:00:00+00:00, run_after=2026-05-08 00:00:00+00:00
[2026-05-07T11:17:48.756+0000] {processor.py:183} INFO - Processing /opt/airflow/dags/pipeline_dag.py took 0.475 seconds
[2026-05-07T11:18:19.335+0000] {processor.py:161} INFO - Started process (PID=5804) to work on /opt/airflow/dags/pipeline_dag.py
[2026-05-07T11:18:19.345+0000] {processor.py:830} INFO - Processing file /opt/airflow/dags/pipeline_dag.py for tasks to queue
[2026-05-07T11:18:19.351+0000] {logging_mixin.py:188} INFO - [2026-05-07T11:18:19.349+0000] {dagbag.py:545} INFO - Filling up the DagBag from /opt/airflow/dags/pipeline_dag.py
[2026-05-07T11:18:19.428+0000] {processor.py:840} INFO - DAG(s) 'ab_test_medallion_pipeline' retrieved from /opt/airflow/dags/pipeline_dag.py
[2026-05-07T11:18:19.565+0000] {logging_mixin.py:188} INFO - [2026-05-07T11:18:19.564+0000] {dag.py:3096} INFO - Sync 1 DAGs
[2026-05-07T11:18:19.661+0000] {logging_mixin.py:188} INFO - [2026-05-07T11:18:19.660+0000] {dag.py:3954} INFO - Setting next_dagrun for ab_test_medallion_pipeline to 2026-05-07 00:00:00+00:00, run_after=2026-05-08 00:00:00+00:00
[2026-05-07T11:18:19.756+0000] {processor.py:183} INFO - Processing /opt/airflow/dags/pipeline_dag.py took 0.455 seconds
[2026-05-07T11:18:50.344+0000] {processor.py:161} INFO - Started process (PID=5867) to work on /opt/airflow/dags/pipeline_dag.py
[2026-05-07T11:18:50.356+0000] {processor.py:830} INFO - Processing file /opt/airflow/dags/pipeline_dag.py for tasks to queue
[2026-05-07T11:18:50.368+0000] {logging_mixin.py:188} INFO - [2026-05-07T11:18:50.366+0000] {dagbag.py:545} INFO - Filling up the DagBag from /opt/airflow/dags/pipeline_dag.py
[2026-05-07T11:18:50.478+0000] {processor.py:840} INFO - DAG(s) 'ab_test_medallion_pipeline' retrieved from /opt/airflow/dags/pipeline_dag.py
[2026-05-07T11:18:50.576+0000] {logging_mixin.py:188} INFO - [2026-05-07T11:18:50.575+0000] {dag.py:3096} INFO - Sync 1 DAGs
[2026-05-07T11:18:50.634+0000] {logging_mixin.py:188} INFO - [2026-05-07T11:18:50.634+0000] {dag.py:3954} INFO - Setting next_dagrun for ab_test_medallion_pipeline to 2026-05-07 00:00:00+00:00, run_after=2026-05-08 00:00:00+00:00
[2026-05-07T11:18:50.679+0000] {processor.py:183} INFO - Processing /opt/airflow/dags/pipeline_dag.py took 0.407 seconds
[2026-05-07T11:19:21.053+0000] {processor.py:161} INFO - Started process (PID=5908) to work on /opt/airflow/dags/pipeline_dag.py
[2026-05-07T11:19:21.056+0000] {processor.py:830} INFO - Processing file /opt/airflow/dags/pipeline_dag.py for tasks to queue
[2026-05-07T11:19:21.058+0000] {logging_mixin.py:188} INFO - [2026-05-07T11:19:21.057+0000] {dagbag.py:545} INFO - Filling up the DagBag from /opt/airflow/dags/pipeline_dag.py
[2026-05-07T11:19:21.082+0000] {processor.py:840} INFO - DAG(s) 'ab_test_medallion_pipeline' retrieved from /opt/airflow/dags/pipeline_dag.py
[2026-05-07T11:19:21.143+0000] {logging_mixin.py:188} INFO - [2026-05-07T11:19:21.142+0000] {dag.py:3096} INFO - Sync 1 DAGs
[2026-05-07T11:19:21.180+0000] {logging_mixin.py:188} INFO - [2026-05-07T11:19:21.180+0000] {dag.py:3954} INFO - Setting next_dagrun for ab_test_medallion_pipeline to 2026-05-07 00:00:00+00:00, run_after=2026-05-08 00:00:00+00:00
[2026-05-07T11:19:21.215+0000] {processor.py:183} INFO - Processing /opt/airflow/dags/pipeline_dag.py took 0.177 seconds
[2026-05-07T11:19:51.426+0000] {processor.py:161} INFO - Started process (PID=5913) to work on /opt/airflow/dags/pipeline_dag.py
[2026-05-07T11:19:51.427+0000] {processor.py:830} INFO - Processing file /opt/airflow/dags/pipeline_dag.py for tasks to queue
[2026-05-07T11:19:51.431+0000] {logging_mixin.py:188} INFO - [2026-05-07T11:19:51.430+0000] {dagbag.py:545} INFO - Filling up the DagBag from /opt/airflow/dags/pipeline_dag.py
[2026-05-07T11:19:51.471+0000] {processor.py:840} INFO - DAG(s) 'ab_test_medallion_pipeline' retrieved from /opt/airflow/dags/pipeline_dag.py
[2026-05-07T11:19:51.522+0000] {logging_mixin.py:188} INFO - [2026-05-07T11:19:51.522+0000] {dag.py:3096} INFO - Sync 1 DAGs
[2026-05-07T11:19:51.561+0000] {logging_mixin.py:188} INFO - [2026-05-07T11:19:51.560+0000] {dag.py:3954} INFO - Setting next_dagrun for ab_test_medallion_pipeline to 2026-05-07 00:00:00+00:00, run_after=2026-05-08 00:00:00+00:00
[2026-05-07T11:19:51.597+0000] {processor.py:183} INFO - Processing /opt/airflow/dags/pipeline_dag.py took 0.193 seconds
[2026-05-07T11:20:21.930+0000] {processor.py:161} INFO - Started process (PID=5918) to work on /opt/airflow/dags/pipeline_dag.py
[2026-05-07T11:20:21.933+0000] {processor.py:830} INFO - Processing file /opt/airflow/dags/pipeline_dag.py for tasks to queue
[2026-05-07T11:20:21.935+0000] {logging_mixin.py:188} INFO - [2026-05-07T11:20:21.934+0000] {dagbag.py:545} INFO - Filling up the DagBag from /opt/airflow/dags/pipeline_dag.py
[2026-05-07T11:20:21.966+0000] {processor.py:840} INFO - DAG(s) 'ab_test_medallion_pipeline' retrieved from /opt/airflow/dags/pipeline_dag.py
[2026-05-07T11:20:22.028+0000] {logging_mixin.py:188} INFO - [2026-05-07T11:20:22.027+0000] {dag.py:3096} INFO - Sync 1 DAGs
[2026-05-07T11:20:22.071+0000] {logging_mixin.py:188} INFO - [2026-05-07T11:20:22.070+0000] {dag.py:3954} INFO - Setting next_dagrun for ab_test_medallion_pipeline to 2026-05-07 00:00:00+00:00, run_after=2026-05-08 00:00:00+00:00
[2026-05-07T11:20:22.112+0000] {processor.py:183} INFO - Processing /opt/airflow/dags/pipeline_dag.py took 0.197 seconds
[2026-05-07T11:20:52.336+0000] {processor.py:161} INFO - Started process (PID=5923) to work on /opt/airflow/dags/pipeline_dag.py
[2026-05-07T11:20:52.339+0000] {processor.py:830} INFO - Processing file /opt/airflow/dags/pipeline_dag.py for tasks to queue
[2026-05-07T11:20:52.341+0000] {logging_mixin.py:188} INFO - [2026-05-07T11:20:52.340+0000] {dagbag.py:545} INFO - Filling up the DagBag from /opt/airflow/dags/pipeline_dag.py
[2026-05-07T11:20:52.370+0000] {processor.py:840} INFO - DAG(s) 'ab_test_medallion_pipeline' retrieved from /opt/airflow/dags/pipeline_dag.py
[2026-05-07T11:20:52.443+0000] {logging_mixin.py:188} INFO - [2026-05-07T11:20:52.442+0000] {dag.py:3096} INFO - Sync 1 DAGs
[2026-05-07T11:20:52.505+0000] {logging_mixin.py:188} INFO - [2026-05-07T11:20:52.504+0000] {dag.py:3954} INFO - Setting next_dagrun for ab_test_medallion_pipeline to 2026-05-07 00:00:00+00:00, run_after=2026-05-08 00:00:00+00:00
[2026-05-07T11:20:52.548+0000] {processor.py:183} INFO - Processing /opt/airflow/dags/pipeline_dag.py took 0.234 seconds
[2026-05-07T11:21:22.826+0000] {processor.py:161} INFO - Started process (PID=5928) to work on /opt/airflow/dags/pipeline_dag.py
[2026-05-07T11:21:22.828+0000] {processor.py:830} INFO - Processing file /opt/airflow/dags/pipeline_dag.py for tasks to queue
[2026-05-07T11:21:22.831+0000] {logging_mixin.py:188} INFO - [2026-05-07T11:21:22.830+0000] {dagbag.py:545} INFO - Filling up the DagBag from /opt/airflow/dags/pipeline_dag.py
[2026-05-07T11:21:22.859+0000] {processor.py:840} INFO - DAG(s) 'ab_test_medallion_pipeline' retrieved from /opt/airflow/dags/pipeline_dag.py
[2026-05-07T11:21:22.926+0000] {logging_mixin.py:188} INFO - [2026-05-07T11:21:22.925+0000] {dag.py:3096} INFO - Sync 1 DAGs
[2026-05-07T11:21:22.964+0000] {logging_mixin.py:188} INFO - [2026-05-07T11:21:22.963+0000] {dag.py:3954} INFO - Setting next_dagrun for ab_test_medallion_pipeline to 2026-05-07 00:00:00+00:00, run_after=2026-05-08 00:00:00+00:00
[2026-05-07T11:21:22.999+0000] {processor.py:183} INFO - Processing /opt/airflow/dags/pipeline_dag.py took 0.186 seconds
[2026-05-07T11:21:53.295+0000] {processor.py:161} INFO - Started process (PID=5933) to work on /opt/airflow/dags/pipeline_dag.py
[2026-05-07T11:21:53.298+0000] {processor.py:830} INFO - Processing file /opt/airflow/dags/pipeline_dag.py for tasks to queue
[2026-05-07T11:21:53.301+0000] {logging_mixin.py:188} INFO - [2026-05-07T11:21:53.299+0000] {dagbag.py:545} INFO - Filling up the DagBag from /opt/airflow/dags/pipeline_dag.py
[2026-05-07T11:21:53.338+0000] {processor.py:840} INFO - DAG(s) 'ab_test_medallion_pipeline' retrieved from /opt/airflow/dags/pipeline_dag.py
[2026-05-07T11:21:53.409+0000] {logging_mixin.py:188} INFO - [2026-05-07T11:21:53.409+0000] {dag.py:3096} INFO - Sync 1 DAGs
[2026-05-07T11:21:53.466+0000] {logging_mixin.py:188} INFO - [2026-05-07T11:21:53.465+0000] {dag.py:3954} INFO - Setting next_dagrun for ab_test_medallion_pipeline to 2026-05-07 00:00:00+00:00, run_after=2026-05-08 00:00:00+00:00
[2026-05-07T11:21:53.521+0000] {processor.py:183} INFO - Processing /opt/airflow/dags/pipeline_dag.py took 0.246 seconds
[2026-05-07T11:22:23.778+0000] {processor.py:161} INFO - Started process (PID=5938) to work on /opt/airflow/dags/pipeline_dag.py
[2026-05-07T11:22:23.784+0000] {processor.py:830} INFO - Processing file /opt/airflow/dags/pipeline_dag.py for tasks to queue
[2026-05-07T11:22:23.787+0000] {logging_mixin.py:188} INFO - [2026-05-07T11:22:23.786+0000] {dagbag.py:545} INFO - Filling up the DagBag from /opt/airflow/dags/pipeline_dag.py
[2026-05-07T11:22:23.824+0000] {processor.py:840} INFO - DAG(s) 'ab_test_medallion_pipeline' retrieved from /opt/airflow/dags/pipeline_dag.py
[2026-05-07T11:22:23.982+0000] {logging_mixin.py:188} INFO - [2026-05-07T11:22:23.981+0000] {dag.py:3096} INFO - Sync 1 DAGs
[2026-05-07T11:22:24.189+0000] {logging_mixin.py:188} INFO - [2026-05-07T11:22:24.189+0000] {dag.py:3954} INFO - Setting next_dagrun for ab_test_medallion_pipeline to 2026-05-07 00:00:00+00:00, run_after=2026-05-08 00:00:00+00:00
[2026-05-07T11:22:24.312+0000] {processor.py:183} INFO - Processing /opt/airflow/dags/pipeline_dag.py took 0.560 seconds
[2026-05-07T11:22:54.579+0000] {processor.py:161} INFO - Started process (PID=5943) to work on /opt/airflow/dags/pipeline_dag.py
[2026-05-07T11:22:54.657+0000] {processor.py:830} INFO - Processing file /opt/airflow/dags/pipeline_dag.py for tasks to queue
[2026-05-07T11:22:54.665+0000] {logging_mixin.py:188} INFO - [2026-05-07T11:22:54.664+0000] {dagbag.py:545} INFO - Filling up the DagBag from /opt/airflow/dags/pipeline_dag.py
[2026-05-07T11:22:54.824+0000] {processor.py:840} INFO - DAG(s) 'ab_test_medallion_pipeline' retrieved from /opt/airflow/dags/pipeline_dag.py
[2026-05-07T11:22:55.052+0000] {logging_mixin.py:188} INFO - [2026-05-07T11:22:55.051+0000] {dag.py:3096} INFO - Sync 1 DAGs
[2026-05-07T11:22:55.223+0000] {logging_mixin.py:188} INFO - [2026-05-07T11:22:55.213+0000] {dag.py:3954} INFO - Setting next_dagrun for ab_test_medallion_pipeline to 2026-05-07 00:00:00+00:00, run_after=2026-05-08 00:00:00+00:00
[2026-05-07T11:22:55.364+0000] {processor.py:183} INFO - Processing /opt/airflow/dags/pipeline_dag.py took 0.923 seconds
[2026-05-07T11:23:25.596+0000] {processor.py:161} INFO - Started process (PID=5948) to work on /opt/airflow/dags/pipeline_dag.py
[2026-05-07T11:23:25.599+0000] {processor.py:830} INFO - Processing file /opt/airflow/dags/pipeline_dag.py for tasks to queue
[2026-05-07T11:23:25.602+0000] {logging_mixin.py:188} INFO - [2026-05-07T11:23:25.601+0000] {dagbag.py:545} INFO - Filling up the DagBag from /opt/airflow/dags/pipeline_dag.py
[2026-05-07T11:23:25.659+0000] {processor.py:840} INFO - DAG(s) 'ab_test_medallion_pipeline' retrieved from /opt/airflow/dags/pipeline_dag.py
[2026-05-07T11:23:25.744+0000] {logging_mixin.py:188} INFO - [2026-05-07T11:23:25.744+0000] {dag.py:3096} INFO - Sync 1 DAGs
[2026-05-07T11:23:25.789+0000] {logging_mixin.py:188} INFO - [2026-05-07T11:23:25.788+0000] {dag.py:3954} INFO - Setting next_dagrun for ab_test_medallion_pipeline to 2026-05-07 00:00:00+00:00, run_after=2026-05-08 00:00:00+00:00
[2026-05-07T11:23:25.841+0000] {processor.py:183} INFO - Processing /opt/airflow/dags/pipeline_dag.py took 0.274 seconds
[2026-05-07T11:23:56.217+0000] {processor.py:161} INFO - Started process (PID=5953) to work on /opt/airflow/dags/pipeline_dag.py
[2026-05-07T11:23:56.218+0000] {processor.py:830} INFO - Processing file /opt/airflow/dags/pipeline_dag.py for tasks to queue
[2026-05-07T11:23:56.220+0000] {logging_mixin.py:188} INFO - [2026-05-07T11:23:56.219+0000] {dagbag.py:545} INFO - Filling up the DagBag from /opt/airflow/dags/pipeline_dag.py
[2026-05-07T11:23:56.269+0000] {processor.py:840} INFO - DAG(s) 'ab_test_medallion_pipeline' retrieved from /opt/airflow/dags/pipeline_dag.py
[2026-05-07T11:23:56.385+0000] {logging_mixin.py:188} INFO - [2026-05-07T11:23:56.385+0000] {dag.py:3096} INFO - Sync 1 DAGs
[2026-05-07T11:23:56.466+0000] {logging_mixin.py:188} INFO - [2026-05-07T11:23:56.466+0000] {dag.py:3954} INFO - Setting next_dagrun for ab_test_medallion_pipeline to 2026-05-07 00:00:00+00:00, run_after=2026-05-08 00:00:00+00:00
[2026-05-07T11:23:56.512+0000] {processor.py:183} INFO - Processing /opt/airflow/dags/pipeline_dag.py took 0.309 seconds
[2026-05-07T11:24:26.622+0000] {processor.py:161} INFO - Started process (PID=5958) to work on /opt/airflow/dags/pipeline_dag.py
[2026-05-07T11:24:26.625+0000] {processor.py:830} INFO - Processing file /opt/airflow/dags/pipeline_dag.py for tasks to queue
[2026-05-07T11:24:26.627+0000] {logging_mixin.py:188} INFO - [2026-05-07T11:24:26.626+0000] {dagbag.py:545} INFO - Filling up the DagBag from /opt/airflow/dags/pipeline_dag.py
[2026-05-07T11:24:26.678+0000] {processor.py:840} INFO - DAG(s) 'ab_test_medallion_pipeline' retrieved from /opt/airflow/dags/pipeline_dag.py
[2026-05-07T11:24:26.792+0000] {logging_mixin.py:188} INFO - [2026-05-07T11:24:26.792+0000] {dag.py:3096} INFO - Sync 1 DAGs
[2026-05-07T11:24:26.846+0000] {logging_mixin.py:188} INFO - [2026-05-07T11:24:26.846+0000] {dag.py:3954} INFO - Setting next_dagrun for ab_test_medallion_pipeline to 2026-05-07 00:00:00+00:00, run_after=2026-05-08 00:00:00+00:00
[2026-05-07T11:24:26.894+0000] {processor.py:183} INFO - Processing /opt/airflow/dags/pipeline_dag.py took 0.289 seconds
[2026-05-07T11:24:57.030+0000] {processor.py:161} INFO - Started process (PID=5963) to work on /opt/airflow/dags/pipeline_dag.py
[2026-05-07T11:24:57.032+0000] {processor.py:830} INFO - Processing file /opt/airflow/dags/pipeline_dag.py for tasks to queue
[2026-05-07T11:24:57.034+0000] {logging_mixin.py:188} INFO - [2026-05-07T11:24:57.033+0000] {dagbag.py:545} INFO - Filling up the DagBag from /opt/airflow/dags/pipeline_dag.py
[2026-05-07T11:24:57.070+0000] {processor.py:840} INFO - DAG(s) 'ab_test_medallion_pipeline' retrieved from /opt/airflow/dags/pipeline_dag.py
[2026-05-07T11:24:57.186+0000] {logging_mixin.py:188} INFO - [2026-05-07T11:24:57.185+0000] {dag.py:3096} INFO - Sync 1 DAGs
[2026-05-07T11:24:57.269+0000] {logging_mixin.py:188} INFO - [2026-05-07T11:24:57.268+0000] {dag.py:3954} INFO - Setting next_dagrun for ab_test_medallion_pipeline to 2026-05-07 00:00:00+00:00, run_after=2026-05-08 00:00:00+00:00
[2026-05-07T11:24:57.313+0000] {processor.py:183} INFO - Processing /opt/airflow/dags/pipeline_dag.py took 0.299 seconds
[2026-05-07T11:25:27.690+0000] {processor.py:161} INFO - Started process (PID=5968) to work on /opt/airflow/dags/pipeline_dag.py
[2026-05-07T11:25:27.695+0000] {processor.py:830} INFO - Processing file /opt/airflow/dags/pipeline_dag.py for tasks to queue
[2026-05-07T11:25:27.697+0000] {logging_mixin.py:188} INFO - [2026-05-07T11:25:27.696+0000] {dagbag.py:545} INFO - Filling up the DagBag from /opt/airflow/dags/pipeline_dag.py
[2026-05-07T11:25:27.733+0000] {processor.py:840} INFO - DAG(s) 'ab_test_medallion_pipeline' retrieved from /opt/airflow/dags/pipeline_dag.py
[2026-05-07T11:25:27.804+0000] {logging_mixin.py:188} INFO - [2026-05-07T11:25:27.804+0000] {dag.py:3096} INFO - Sync 1 DAGs
[2026-05-07T11:25:27.858+0000] {logging_mixin.py:188} INFO - [2026-05-07T11:25:27.858+0000] {dag.py:3954} INFO - Setting next_dagrun for ab_test_medallion_pipeline to 2026-05-07 00:00:00+00:00, run_after=2026-05-08 00:00:00+00:00
[2026-05-07T11:25:27.903+0000] {processor.py:183} INFO - Processing /opt/airflow/dags/pipeline_dag.py took 0.227 seconds
[2026-05-07T11:25:58.143+0000] {processor.py:161} INFO - Started process (PID=5973) to work on /opt/airflow/dags/pipeline_dag.py
[2026-05-07T11:25:58.145+0000] {processor.py:830} INFO - Processing file /opt/airflow/dags/pipeline_dag.py for tasks to queue
[2026-05-07T11:25:58.146+0000] {logging_mixin.py:188} INFO - [2026-05-07T11:25:58.146+0000] {dagbag.py:545} INFO - Filling up the DagBag from /opt/airflow/dags/pipeline_dag.py
[2026-05-07T11:25:58.171+0000] {processor.py:840} INFO - DAG(s) 'ab_test_medallion_pipeline' retrieved from /opt/airflow/dags/pipeline_dag.py
[2026-05-07T11:25:58.231+0000] {logging_mixin.py:188} INFO - [2026-05-07T11:25:58.230+0000] {dag.py:3096} INFO - Sync 1 DAGs
[2026-05-07T11:25:58.298+0000] {logging_mixin.py:188} INFO - [2026-05-07T11:25:58.298+0000] {dag.py:3954} INFO - Setting next_dagrun for ab_test_medallion_pipeline to 2026-05-07 00:00:00+00:00, run_after=2026-05-08 00:00:00+00:00
[2026-05-07T11:25:58.377+0000] {processor.py:183} INFO - Processing /opt/airflow/dags/pipeline_dag.py took 0.247 seconds
[2026-05-07T11:26:28.638+0000] {processor.py:161} INFO - Started process (PID=5978) to work on /opt/airflow/dags/pipeline_dag.py
[2026-05-07T11:26:28.641+0000] {processor.py:830} INFO - Processing file /opt/airflow/dags/pipeline_dag.py for tasks to queue
[2026-05-07T11:26:28.643+0000] {logging_mixin.py:188} INFO - [2026-05-07T11:26:28.642+0000] {dagbag.py:545} INFO - Filling up the DagBag from /opt/airflow/dags/pipeline_dag.py
[2026-05-07T11:26:28.686+0000] {processor.py:840} INFO - DAG(s) 'ab_test_medallion_pipeline' retrieved from /opt/airflow/dags/pipeline_dag.py
[2026-05-07T11:26:28.796+0000] {logging_mixin.py:188} INFO - [2026-05-07T11:26:28.796+0000] {dag.py:3096} INFO - Sync 1 DAGs
[2026-05-07T11:26:28.861+0000] {logging_mixin.py:188} INFO - [2026-05-07T11:26:28.861+0000] {dag.py:3954} INFO - Setting next_dagrun for ab_test_medallion_pipeline to 2026-05-07 00:00:00+00:00, run_after=2026-05-08 00:00:00+00:00
[2026-05-07T11:26:28.910+0000] {processor.py:183} INFO - Processing /opt/airflow/dags/pipeline_dag.py took 0.297 seconds
[2026-05-07T11:26:59.156+0000] {processor.py:161} INFO - Started process (PID=5983) to work on /opt/airflow/dags/pipeline_dag.py
[2026-05-07T11:26:59.158+0000] {processor.py:830} INFO - Processing file /opt/airflow/dags/pipeline_dag.py for tasks to queue
[2026-05-07T11:26:59.160+0000] {logging_mixin.py:188} INFO - [2026-05-07T11:26:59.159+0000] {dagbag.py:545} INFO - Filling up the DagBag from /opt/airflow/dags/pipeline_dag.py
[2026-05-07T11:26:59.192+0000] {processor.py:840} INFO - DAG(s) 'ab_test_medallion_pipeline' retrieved from /opt/airflow/dags/pipeline_dag.py
[2026-05-07T11:26:59.261+0000] {logging_mixin.py:188} INFO - [2026-05-07T11:26:59.261+0000] {dag.py:3096} INFO - Sync 1 DAGs
[2026-05-07T11:26:59.316+0000] {logging_mixin.py:188} INFO - [2026-05-07T11:26:59.315+0000] {dag.py:3954} INFO - Setting next_dagrun for ab_test_medallion_pipeline to 2026-05-07 00:00:00+00:00, run_after=2026-05-08 00:00:00+00:00
[2026-05-07T11:26:59.364+0000] {processor.py:183} INFO - Processing /opt/airflow/dags/pipeline_dag.py took 0.237 seconds
[2026-05-07T11:27:29.642+0000] {processor.py:161} INFO - Started process (PID=5988) to work on /opt/airflow/dags/pipeline_dag.py
[2026-05-07T11:27:29.644+0000] {processor.py:830} INFO - Processing file /opt/airflow/dags/pipeline_dag.py for tasks to queue
[2026-05-07T11:27:29.646+0000] {logging_mixin.py:188} INFO - [2026-05-07T11:27:29.645+0000] {dagbag.py:545} INFO - Filling up the DagBag from /opt/airflow/dags/pipeline_dag.py
[2026-05-07T11:27:29.684+0000] {processor.py:840} INFO - DAG(s) 'ab_test_medallion_pipeline' retrieved from /opt/airflow/dags/pipeline_dag.py
[2026-05-07T11:27:29.747+0000] {logging_mixin.py:188} INFO - [2026-05-07T11:27:29.746+0000] {dag.py:3096} INFO - Sync 1 DAGs
[2026-05-07T11:27:29.805+0000] {logging_mixin.py:188} INFO - [2026-05-07T11:27:29.804+0000] {dag.py:3954} INFO - Setting next_dagrun for ab_test_medallion_pipeline to 2026-05-07 00:00:00+00:00, run_after=2026-05-08 00:00:00+00:00
[2026-05-07T11:27:29.853+0000] {processor.py:183} INFO - Processing /opt/airflow/dags/pipeline_dag.py took 0.227 seconds
[2026-05-07T11:28:00.166+0000] {processor.py:161} INFO - Started process (PID=5993) to work on /opt/airflow/dags/pipeline_dag.py
[2026-05-07T11:28:00.171+0000] {processor.py:830} INFO - Processing file /opt/airflow/dags/pipeline_dag.py for tasks to queue
[2026-05-07T11:28:00.173+0000] {logging_mixin.py:188} INFO - [2026-05-07T11:28:00.172+0000] {dagbag.py:545} INFO - Filling up the DagBag from /opt/airflow/dags/pipeline_dag.py
[2026-05-07T11:28:00.220+0000] {processor.py:840} INFO - DAG(s) 'ab_test_medallion_pipeline' retrieved from /opt/airflow/dags/pipeline_dag.py
[2026-05-07T11:28:00.331+0000] {logging_mixin.py:188} INFO - [2026-05-07T11:28:00.329+0000] {dag.py:3096} INFO - Sync 1 DAGs
[2026-05-07T11:28:00.429+0000] {logging_mixin.py:188} INFO - [2026-05-07T11:28:00.429+0000] {dag.py:3954} INFO - Setting next_dagrun for ab_test_medallion_pipeline to 2026-05-07 00:00:00+00:00, run_after=2026-05-08 00:00:00+00:00
[2026-05-07T11:28:00.487+0000] {processor.py:183} INFO - Processing /opt/airflow/dags/pipeline_dag.py took 0.343 seconds
[2026-05-07T11:28:30.765+0000] {processor.py:161} INFO - Started process (PID=5998) to work on /opt/airflow/dags/pipeline_dag.py
[2026-05-07T11:28:30.767+0000] {processor.py:830} INFO - Processing file /opt/airflow/dags/pipeline_dag.py for tasks to queue
[2026-05-07T11:28:30.768+0000] {logging_mixin.py:188} INFO - [2026-05-07T11:28:30.768+0000] {dagbag.py:545} INFO - Filling up the DagBag from /opt/airflow/dags/pipeline_dag.py
[2026-05-07T11:28:30.798+0000] {processor.py:840} INFO - DAG(s) 'ab_test_medallion_pipeline' retrieved from /opt/airflow/dags/pipeline_dag.py
[2026-05-07T11:28:30.869+0000] {logging_mixin.py:188} INFO - [2026-05-07T11:28:30.869+0000] {dag.py:3096} INFO - Sync 1 DAGs
[2026-05-07T11:28:30.923+0000] {logging_mixin.py:188} INFO - [2026-05-07T11:28:30.923+0000] {dag.py:3954} INFO - Setting next_dagrun for ab_test_medallion_pipeline to 2026-05-07 00:00:00+00:00, run_after=2026-05-08 00:00:00+00:00
[2026-05-07T11:28:30.967+0000] {processor.py:183} INFO - Processing /opt/airflow/dags/pipeline_dag.py took 0.226 seconds
[2026-05-07T11:29:01.268+0000] {processor.py:161} INFO - Started process (PID=6003) to work on /opt/airflow/dags/pipeline_dag.py
[2026-05-07T11:29:01.271+0000] {processor.py:830} INFO - Processing file /opt/airflow/dags/pipeline_dag.py for tasks to queue
[2026-05-07T11:29:01.273+0000] {logging_mixin.py:188} INFO - [2026-05-07T11:29:01.272+0000] {dagbag.py:545} INFO - Filling up the DagBag from /opt/airflow/dags/pipeline_dag.py
[2026-05-07T11:29:01.343+0000] {processor.py:840} INFO - DAG(s) 'ab_test_medallion_pipeline' retrieved from /opt/airflow/dags/pipeline_dag.py
[2026-05-07T11:29:01.639+0000] {logging_mixin.py:188} INFO - [2026-05-07T11:29:01.626+0000] {dag.py:3096} INFO - Sync 1 DAGs
[2026-05-07T11:29:01.868+0000] {logging_mixin.py:188} INFO - [2026-05-07T11:29:01.857+0000] {dag.py:3954} INFO - Setting next_dagrun for ab_test_medallion_pipeline to 2026-05-07 00:00:00+00:00, run_after=2026-05-08 00:00:00+00:00
[2026-05-07T11:29:02.018+0000] {processor.py:183} INFO - Processing /opt/airflow/dags/pipeline_dag.py took 0.788 seconds
[2026-05-07T11:29:32.475+0000] {processor.py:161} INFO - Started process (PID=6008) to work on /opt/airflow/dags/pipeline_dag.py
[2026-05-07T11:29:32.477+0000] {processor.py:830} INFO - Processing file /opt/airflow/dags/pipeline_dag.py for tasks to queue
[2026-05-07T11:29:32.480+0000] {logging_mixin.py:188} INFO - [2026-05-07T11:29:32.479+0000] {dagbag.py:545} INFO - Filling up the DagBag from /opt/airflow/dags/pipeline_dag.py
[2026-05-07T11:29:32.525+0000] {processor.py:840} INFO - DAG(s) 'ab_test_medallion_pipeline' retrieved from /opt/airflow/dags/pipeline_dag.py
[2026-05-07T11:29:32.644+0000] {logging_mixin.py:188} INFO - [2026-05-07T11:29:32.644+0000] {dag.py:3096} INFO - Sync 1 DAGs
[2026-05-07T11:29:32.694+0000] {logging_mixin.py:188} INFO - [2026-05-07T11:29:32.694+0000] {dag.py:3954} INFO - Setting next_dagrun for ab_test_medallion_pipeline to 2026-05-07 00:00:00+00:00, run_after=2026-05-08 00:00:00+00:00
[2026-05-07T11:29:32.742+0000] {processor.py:183} INFO - Processing /opt/airflow/dags/pipeline_dag.py took 0.284 seconds
[2026-05-07T11:30:03.120+0000] {processor.py:161} INFO - Started process (PID=6013) to work on /opt/airflow/dags/pipeline_dag.py
[2026-05-07T11:30:03.127+0000] {processor.py:830} INFO - Processing file /opt/airflow/dags/pipeline_dag.py for tasks to queue
[2026-05-07T11:30:03.131+0000] {logging_mixin.py:188} INFO - [2026-05-07T11:30:03.129+0000] {dagbag.py:545} INFO - Filling up the DagBag from /opt/airflow/dags/pipeline_dag.py
[2026-05-07T11:30:03.202+0000] {processor.py:840} INFO - DAG(s) 'ab_test_medallion_pipeline' retrieved from /opt/airflow/dags/pipeline_dag.py
[2026-05-07T11:30:03.300+0000] {logging_mixin.py:188} INFO - [2026-05-07T11:30:03.299+0000] {dag.py:3096} INFO - Sync 1 DAGs
[2026-05-07T11:30:03.377+0000] {logging_mixin.py:188} INFO - [2026-05-07T11:30:03.376+0000] {dag.py:3954} INFO - Setting next_dagrun for ab_test_medallion_pipeline to 2026-05-07 00:00:00+00:00, run_after=2026-05-08 00:00:00+00:00
[2026-05-07T11:30:03.427+0000] {processor.py:183} INFO - Processing /opt/airflow/dags/pipeline_dag.py took 0.325 seconds
[2026-05-07T11:30:33.606+0000] {processor.py:161} INFO - Started process (PID=6018) to work on /opt/airflow/dags/pipeline_dag.py
[2026-05-07T11:30:33.610+0000] {processor.py:830} INFO - Processing file /opt/airflow/dags/pipeline_dag.py for tasks to queue
[2026-05-07T11:30:33.614+0000] {logging_mixin.py:188} INFO - [2026-05-07T11:30:33.612+0000] {dagbag.py:545} INFO - Filling up the DagBag from /opt/airflow/dags/pipeline_dag.py
[2026-05-07T11:30:33.656+0000] {processor.py:840} INFO - DAG(s) 'ab_test_medallion_pipeline' retrieved from /opt/airflow/dags/pipeline_dag.py
[2026-05-07T11:30:33.736+0000] {logging_mixin.py:188} INFO - [2026-05-07T11:30:33.736+0000] {dag.py:3096} INFO - Sync 1 DAGs
[2026-05-07T11:30:33.775+0000] {logging_mixin.py:188} INFO - [2026-05-07T11:30:33.774+0000] {dag.py:3954} INFO - Setting next_dagrun for ab_test_medallion_pipeline to 2026-05-07 00:00:00+00:00, run_after=2026-05-08 00:00:00+00:00
[2026-05-07T11:30:33.810+0000] {processor.py:183} INFO - Processing /opt/airflow/dags/pipeline_dag.py took 0.231 seconds
[2026-05-07T11:31:04.062+0000] {processor.py:161} INFO - Started process (PID=6023) to work on /opt/airflow/dags/pipeline_dag.py
[2026-05-07T11:31:04.068+0000] {processor.py:830} INFO - Processing file /opt/airflow/dags/pipeline_dag.py for tasks to queue
[2026-05-07T11:31:04.071+0000] {logging_mixin.py:188} INFO - [2026-05-07T11:31:04.069+0000] {dagbag.py:545} INFO - Filling up the DagBag from /opt/airflow/dags/pipeline_dag.py
[2026-05-07T11:31:04.129+0000] {processor.py:840} INFO - DAG(s) 'ab_test_medallion_pipeline' retrieved from /opt/airflow/dags/pipeline_dag.py
[2026-05-07T11:31:04.211+0000] {logging_mixin.py:188} INFO - [2026-05-07T11:31:04.210+0000] {dag.py:3096} INFO - Sync 1 DAGs
[2026-05-07T11:31:04.273+0000] {logging_mixin.py:188} INFO - [2026-05-07T11:31:04.272+0000] {dag.py:3954} INFO - Setting next_dagrun for ab_test_medallion_pipeline to 2026-05-07 00:00:00+00:00, run_after=2026-05-08 00:00:00+00:00
[2026-05-07T11:31:04.309+0000] {processor.py:183} INFO - Processing /opt/airflow/dags/pipeline_dag.py took 0.273 seconds
[2026-05-07T11:31:34.827+0000] {processor.py:161} INFO - Started process (PID=6028) to work on /opt/airflow/dags/pipeline_dag.py
[2026-05-07T11:31:34.830+0000] {processor.py:830} INFO - Processing file /opt/airflow/dags/pipeline_dag.py for tasks to queue
[2026-05-07T11:31:34.833+0000] {logging_mixin.py:188} INFO - [2026-05-07T11:31:34.832+0000] {dagbag.py:545} INFO - Filling up the DagBag from /opt/airflow/dags/pipeline_dag.py
[2026-05-07T11:31:34.892+0000] {processor.py:840} INFO - DAG(s) 'ab_test_medallion_pipeline' retrieved from /opt/airflow/dags/pipeline_dag.py
[2026-05-07T11:31:34.960+0000] {logging_mixin.py:188} INFO - [2026-05-07T11:31:34.960+0000] {dag.py:3096} INFO - Sync 1 DAGs
[2026-05-07T11:31:35.016+0000] {logging_mixin.py:188} INFO - [2026-05-07T11:31:35.016+0000] {dag.py:3954} INFO - Setting next_dagrun for ab_test_medallion_pipeline to 2026-05-07 00:00:00+00:00, run_after=2026-05-08 00:00:00+00:00
[2026-05-07T11:31:35.076+0000] {processor.py:183} INFO - Processing /opt/airflow/dags/pipeline_dag.py took 0.273 seconds
[2026-05-07T11:32:05.339+0000] {processor.py:161} INFO - Started process (PID=6033) to work on /opt/airflow/dags/pipeline_dag.py
[2026-05-07T11:32:05.343+0000] {processor.py:830} INFO - Processing file /opt/airflow/dags/pipeline_dag.py for tasks to queue
[2026-05-07T11:32:05.345+0000] {logging_mixin.py:188} INFO - [2026-05-07T11:32:05.344+0000] {dagbag.py:545} INFO - Filling up the DagBag from /opt/airflow/dags/pipeline_dag.py
[2026-05-07T11:32:05.383+0000] {processor.py:840} INFO - DAG(s) 'ab_test_medallion_pipeline' retrieved from /opt/airflow/dags/pipeline_dag.py
[2026-05-07T11:32:05.466+0000] {logging_mixin.py:188} INFO - [2026-05-07T11:32:05.466+0000] {dag.py:3096} INFO - Sync 1 DAGs
[2026-05-07T11:32:05.538+0000] {logging_mixin.py:188} INFO - [2026-05-07T11:32:05.538+0000] {dag.py:3954} INFO - Setting next_dagrun for ab_test_medallion_pipeline to 2026-05-07 00:00:00+00:00, run_after=2026-05-08 00:00:00+00:00
[2026-05-07T11:32:05.600+0000] {processor.py:183} INFO - Processing /opt/airflow/dags/pipeline_dag.py took 0.290 seconds
[2026-05-07T11:32:36.092+0000] {processor.py:161} INFO - Started process (PID=6038) to work on /opt/airflow/dags/pipeline_dag.py
[2026-05-07T11:32:36.094+0000] {processor.py:830} INFO - Processing file /opt/airflow/dags/pipeline_dag.py for tasks to queue
[2026-05-07T11:32:36.096+0000] {logging_mixin.py:188} INFO - [2026-05-07T11:32:36.095+0000] {dagbag.py:545} INFO - Filling up the DagBag from /opt/airflow/dags/pipeline_dag.py
[2026-05-07T11:32:36.135+0000] {processor.py:840} INFO - DAG(s) 'ab_test_medallion_pipeline' retrieved from /opt/airflow/dags/pipeline_dag.py
[2026-05-07T11:32:36.216+0000] {logging_mixin.py:188} INFO - [2026-05-07T11:32:36.215+0000] {dag.py:3096} INFO - Sync 1 DAGs
[2026-05-07T11:32:36.370+0000] {logging_mixin.py:188} INFO - [2026-05-07T11:32:36.370+0000] {dag.py:3954} INFO - Setting next_dagrun for ab_test_medallion_pipeline to 2026-05-07 00:00:00+00:00, run_after=2026-05-08 00:00:00+00:00
[2026-05-07T11:32:36.403+0000] {processor.py:183} INFO - Processing /opt/airflow/dags/pipeline_dag.py took 0.326 seconds
[2026-05-07T11:33:06.664+0000] {processor.py:161} INFO - Started process (PID=6043) to work on /opt/airflow/dags/pipeline_dag.py
[2026-05-07T11:33:06.669+0000] {processor.py:830} INFO - Processing file /opt/airflow/dags/pipeline_dag.py for tasks to queue
[2026-05-07T11:33:06.672+0000] {logging_mixin.py:188} INFO - [2026-05-07T11:33:06.671+0000] {dagbag.py:545} INFO - Filling up the DagBag from /opt/airflow/dags/pipeline_dag.py
[2026-05-07T11:33:06.733+0000] {processor.py:840} INFO - DAG(s) 'ab_test_medallion_pipeline' retrieved from /opt/airflow/dags/pipeline_dag.py
[2026-05-07T11:33:06.835+0000] {logging_mixin.py:188} INFO - [2026-05-07T11:33:06.835+0000] {dag.py:3096} INFO - Sync 1 DAGs
[2026-05-07T11:33:06.896+0000] {logging_mixin.py:188} INFO - [2026-05-07T11:33:06.895+0000] {dag.py:3954} INFO - Setting next_dagrun for ab_test_medallion_pipeline to 2026-05-07 00:00:00+00:00, run_after=2026-05-08 00:00:00+00:00
[2026-05-07T11:33:06.942+0000] {processor.py:183} INFO - Processing /opt/airflow/dags/pipeline_dag.py took 0.306 seconds
[2026-05-07T11:33:37.324+0000] {processor.py:161} INFO - Started process (PID=6048) to work on /opt/airflow/dags/pipeline_dag.py
[2026-05-07T11:33:37.330+0000] {processor.py:830} INFO - Processing file /opt/airflow/dags/pipeline_dag.py for tasks to queue
[2026-05-07T11:33:37.333+0000] {logging_mixin.py:188} INFO - [2026-05-07T11:33:37.331+0000] {dagbag.py:545} INFO - Filling up the DagBag from /opt/airflow/dags/pipeline_dag.py
[2026-05-07T11:33:37.393+0000] {processor.py:840} INFO - DAG(s) 'ab_test_medallion_pipeline' retrieved from /opt/airflow/dags/pipeline_dag.py
[2026-05-07T11:33:37.452+0000] {logging_mixin.py:188} INFO - [2026-05-07T11:33:37.452+0000] {dag.py:3096} INFO - Sync 1 DAGs
[2026-05-07T11:33:37.495+0000] {logging_mixin.py:188} INFO - [2026-05-07T11:33:37.494+0000] {dag.py:3954} INFO - Setting next_dagrun for ab_test_medallion_pipeline to 2026-05-07 00:00:00+00:00, run_after=2026-05-08 00:00:00+00:00
[2026-05-07T11:33:37.547+0000] {processor.py:183} INFO - Processing /opt/airflow/dags/pipeline_dag.py took 0.260 seconds
[2026-05-07T11:34:07.901+0000] {processor.py:161} INFO - Started process (PID=6053) to work on /opt/airflow/dags/pipeline_dag.py
[2026-05-07T11:34:07.903+0000] {processor.py:830} INFO - Processing file /opt/airflow/dags/pipeline_dag.py for tasks to queue
[2026-05-07T11:34:07.904+0000] {logging_mixin.py:188} INFO - [2026-05-07T11:34:07.904+0000] {dagbag.py:545} INFO - Filling up the DagBag from /opt/airflow/dags/pipeline_dag.py
[2026-05-07T11:34:07.936+0000] {processor.py:840} INFO - DAG(s) 'ab_test_medallion_pipeline' retrieved from /opt/airflow/dags/pipeline_dag.py
[2026-05-07T11:34:07.990+0000] {logging_mixin.py:188} INFO - [2026-05-07T11:34:07.990+0000] {dag.py:3096} INFO - Sync 1 DAGs
[2026-05-07T11:34:08.031+0000] {logging_mixin.py:188} INFO - [2026-05-07T11:34:08.031+0000] {dag.py:3954} INFO - Setting next_dagrun for ab_test_medallion_pipeline to 2026-05-07 00:00:00+00:00, run_after=2026-05-08 00:00:00+00:00
[2026-05-07T11:34:08.070+0000] {processor.py:183} INFO - Processing /opt/airflow/dags/pipeline_dag.py took 0.195 seconds
[2026-05-07T11:34:38.619+0000] {processor.py:161} INFO - Started process (PID=6058) to work on /opt/airflow/dags/pipeline_dag.py
[2026-05-07T11:34:38.628+0000] {processor.py:830} INFO - Processing file /opt/airflow/dags/pipeline_dag.py for tasks to queue
[2026-05-07T11:34:38.635+0000] {logging_mixin.py:188} INFO - [2026-05-07T11:34:38.632+0000] {dagbag.py:545} INFO - Filling up the DagBag from /opt/airflow/dags/pipeline_dag.py
[2026-05-07T11:34:38.705+0000] {processor.py:840} INFO - DAG(s) 'ab_test_medallion_pipeline' retrieved from /opt/airflow/dags/pipeline_dag.py
[2026-05-07T11:34:38.782+0000] {logging_mixin.py:188} INFO - [2026-05-07T11:34:38.782+0000] {dag.py:3096} INFO - Sync 1 DAGs
[2026-05-07T11:34:38.854+0000] {logging_mixin.py:188} INFO - [2026-05-07T11:34:38.854+0000] {dag.py:3954} INFO - Setting next_dagrun for ab_test_medallion_pipeline to 2026-05-07 00:00:00+00:00, run_after=2026-05-08 00:00:00+00:00
[2026-05-07T11:34:38.912+0000] {processor.py:183} INFO - Processing /opt/airflow/dags/pipeline_dag.py took 0.346 seconds
[2026-05-07T11:35:09.047+0000] {processor.py:161} INFO - Started process (PID=6063) to work on /opt/airflow/dags/pipeline_dag.py
[2026-05-07T11:35:09.049+0000] {processor.py:830} INFO - Processing file /opt/airflow/dags/pipeline_dag.py for tasks to queue
[2026-05-07T11:35:09.053+0000] {logging_mixin.py:188} INFO - [2026-05-07T11:35:09.051+0000] {dagbag.py:545} INFO - Filling up the DagBag from /opt/airflow/dags/pipeline_dag.py
[2026-05-07T11:35:09.094+0000] {processor.py:840} INFO - DAG(s) 'ab_test_medallion_pipeline' retrieved from /opt/airflow/dags/pipeline_dag.py
[2026-05-07T11:35:09.157+0000] {logging_mixin.py:188} INFO - [2026-05-07T11:35:09.156+0000] {dag.py:3096} INFO - Sync 1 DAGs
[2026-05-07T11:35:09.200+0000] {logging_mixin.py:188} INFO - [2026-05-07T11:35:09.200+0000] {dag.py:3954} INFO - Setting next_dagrun for ab_test_medallion_pipeline to 2026-05-07 00:00:00+00:00, run_after=2026-05-08 00:00:00+00:00
[2026-05-07T11:35:09.237+0000] {processor.py:183} INFO - Processing /opt/airflow/dags/pipeline_dag.py took 0.211 seconds
[2026-05-07T11:35:39.524+0000] {processor.py:161} INFO - Started process (PID=6068) to work on /opt/airflow/dags/pipeline_dag.py
[2026-05-07T11:35:39.528+0000] {processor.py:830} INFO - Processing file /opt/airflow/dags/pipeline_dag.py for tasks to queue
[2026-05-07T11:35:39.531+0000] {logging_mixin.py:188} INFO - [2026-05-07T11:35:39.530+0000] {dagbag.py:545} INFO - Filling up the DagBag from /opt/airflow/dags/pipeline_dag.py
[2026-05-07T11:35:39.580+0000] {processor.py:840} INFO - DAG(s) 'ab_test_medallion_pipeline' retrieved from /opt/airflow/dags/pipeline_dag.py
[2026-05-07T11:35:39.698+0000] {logging_mixin.py:188} INFO - [2026-05-07T11:35:39.697+0000] {dag.py:3096} INFO - Sync 1 DAGs
[2026-05-07T11:35:39.740+0000] {logging_mixin.py:188} INFO - [2026-05-07T11:35:39.740+0000] {dag.py:3954} INFO - Setting next_dagrun for ab_test_medallion_pipeline to 2026-05-07 00:00:00+00:00, run_after=2026-05-08 00:00:00+00:00
[2026-05-07T11:35:39.774+0000] {processor.py:183} INFO - Processing /opt/airflow/dags/pipeline_dag.py took 0.287 seconds
[2026-05-07T11:36:10.281+0000] {processor.py:161} INFO - Started process (PID=6073) to work on /opt/airflow/dags/pipeline_dag.py
[2026-05-07T11:36:10.289+0000] {processor.py:830} INFO - Processing file /opt/airflow/dags/pipeline_dag.py for tasks to queue
[2026-05-07T11:36:10.296+0000] {logging_mixin.py:188} INFO - [2026-05-07T11:36:10.292+0000] {dagbag.py:545} INFO - Filling up the DagBag from /opt/airflow/dags/pipeline_dag.py
[2026-05-07T11:36:10.377+0000] {processor.py:840} INFO - DAG(s) 'ab_test_medallion_pipeline' retrieved from /opt/airflow/dags/pipeline_dag.py
[2026-05-07T11:36:10.505+0000] {logging_mixin.py:188} INFO - [2026-05-07T11:36:10.504+0000] {dag.py:3096} INFO - Sync 1 DAGs
[2026-05-07T11:36:10.615+0000] {logging_mixin.py:188} INFO - [2026-05-07T11:36:10.614+0000] {dag.py:3954} INFO - Setting next_dagrun for ab_test_medallion_pipeline to 2026-05-07 00:00:00+00:00, run_after=2026-05-08 00:00:00+00:00
[2026-05-07T11:36:10.807+0000] {processor.py:183} INFO - Processing /opt/airflow/dags/pipeline_dag.py took 0.555 seconds
[2026-05-07T11:36:41.385+0000] {processor.py:161} INFO - Started process (PID=6078) to work on /opt/airflow/dags/pipeline_dag.py
[2026-05-07T11:36:41.388+0000] {processor.py:830} INFO - Processing file /opt/airflow/dags/pipeline_dag.py for tasks to queue
[2026-05-07T11:36:41.392+0000] {logging_mixin.py:188} INFO - [2026-05-07T11:36:41.391+0000] {dagbag.py:545} INFO - Filling up the DagBag from /opt/airflow/dags/pipeline_dag.py
[2026-05-07T11:36:41.437+0000] {processor.py:840} INFO - DAG(s) 'ab_test_medallion_pipeline' retrieved from /opt/airflow/dags/pipeline_dag.py
[2026-05-07T11:36:41.518+0000] {logging_mixin.py:188} INFO - [2026-05-07T11:36:41.517+0000] {dag.py:3096} INFO - Sync 1 DAGs
[2026-05-07T11:36:41.591+0000] {logging_mixin.py:188} INFO - [2026-05-07T11:36:41.590+0000] {dag.py:3954} INFO - Setting next_dagrun for ab_test_medallion_pipeline to 2026-05-07 00:00:00+00:00, run_after=2026-05-08 00:00:00+00:00
[2026-05-07T11:36:41.648+0000] {processor.py:183} INFO - Processing /opt/airflow/dags/pipeline_dag.py took 0.279 seconds
[2026-05-07T11:37:11.846+0000] {processor.py:161} INFO - Started process (PID=6083) to work on /opt/airflow/dags/pipeline_dag.py
[2026-05-07T11:37:11.850+0000] {processor.py:830} INFO - Processing file /opt/airflow/dags/pipeline_dag.py for tasks to queue
[2026-05-07T11:37:11.858+0000] {logging_mixin.py:188} INFO - [2026-05-07T11:37:11.857+0000] {dagbag.py:545} INFO - Filling up the DagBag from /opt/airflow/dags/pipeline_dag.py
[2026-05-07T11:37:12.021+0000] {processor.py:840} INFO - DAG(s) 'ab_test_medallion_pipeline' retrieved from /opt/airflow/dags/pipeline_dag.py
[2026-05-07T11:37:12.203+0000] {logging_mixin.py:188} INFO - [2026-05-07T11:37:12.202+0000] {dag.py:3096} INFO - Sync 1 DAGs
[2026-05-07T11:37:12.248+0000] {logging_mixin.py:188} INFO - [2026-05-07T11:37:12.248+0000] {dag.py:3954} INFO - Setting next_dagrun for ab_test_medallion_pipeline to 2026-05-07 00:00:00+00:00, run_after=2026-05-08 00:00:00+00:00
[2026-05-07T11:37:12.366+0000] {processor.py:183} INFO - Processing /opt/airflow/dags/pipeline_dag.py took 0.547 seconds
[2026-05-07T11:37:42.700+0000] {processor.py:161} INFO - Started process (PID=6088) to work on /opt/airflow/dags/pipeline_dag.py
[2026-05-07T11:37:42.702+0000] {processor.py:830} INFO - Processing file /opt/airflow/dags/pipeline_dag.py for tasks to queue
[2026-05-07T11:37:42.706+0000] {logging_mixin.py:188} INFO - [2026-05-07T11:37:42.705+0000] {dagbag.py:545} INFO - Filling up the DagBag from /opt/airflow/dags/pipeline_dag.py
[2026-05-07T11:37:42.735+0000] {processor.py:840} INFO - DAG(s) 'ab_test_medallion_pipeline' retrieved from /opt/airflow/dags/pipeline_dag.py
[2026-05-07T11:37:42.795+0000] {logging_mixin.py:188} INFO - [2026-05-07T11:37:42.795+0000] {dag.py:3096} INFO - Sync 1 DAGs
[2026-05-07T11:37:42.858+0000] {logging_mixin.py:188} INFO - [2026-05-07T11:37:42.858+0000] {dag.py:3954} INFO - Setting next_dagrun for ab_test_medallion_pipeline to 2026-05-07 00:00:00+00:00, run_after=2026-05-08 00:00:00+00:00
[2026-05-07T11:37:42.907+0000] {processor.py:183} INFO - Processing /opt/airflow/dags/pipeline_dag.py took 0.227 seconds
[2026-05-07T11:38:13.354+0000] {processor.py:161} INFO - Started process (PID=6093) to work on /opt/airflow/dags/pipeline_dag.py
[2026-05-07T11:38:13.356+0000] {processor.py:830} INFO - Processing file /opt/airflow/dags/pipeline_dag.py for tasks to queue
[2026-05-07T11:38:13.358+0000] {logging_mixin.py:188} INFO - [2026-05-07T11:38:13.357+0000] {dagbag.py:545} INFO - Filling up the DagBag from /opt/airflow/dags/pipeline_dag.py
[2026-05-07T11:38:13.400+0000] {processor.py:840} INFO - DAG(s) 'ab_test_medallion_pipeline' retrieved from /opt/airflow/dags/pipeline_dag.py
[2026-05-07T11:38:13.498+0000] {logging_mixin.py:188} INFO - [2026-05-07T11:38:13.498+0000] {dag.py:3096} INFO - Sync 1 DAGs
[2026-05-07T11:38:13.576+0000] {logging_mixin.py:188} INFO - [2026-05-07T11:38:13.576+0000] {dag.py:3954} INFO - Setting next_dagrun for ab_test_medallion_pipeline to 2026-05-07 00:00:00+00:00, run_after=2026-05-08 00:00:00+00:00
[2026-05-07T11:38:13.633+0000] {processor.py:183} INFO - Processing /opt/airflow/dags/pipeline_dag.py took 0.296 seconds
[2026-05-07T11:38:43.840+0000] {processor.py:161} INFO - Started process (PID=6098) to work on /opt/airflow/dags/pipeline_dag.py
[2026-05-07T11:38:43.845+0000] {processor.py:830} INFO - Processing file /opt/airflow/dags/pipeline_dag.py for tasks to queue
[2026-05-07T11:38:43.847+0000] {logging_mixin.py:188} INFO - [2026-05-07T11:38:43.846+0000] {dagbag.py:545} INFO - Filling up the DagBag from /opt/airflow/dags/pipeline_dag.py
[2026-05-07T11:38:43.876+0000] {processor.py:840} INFO - DAG(s) 'ab_test_medallion_pipeline' retrieved from /opt/airflow/dags/pipeline_dag.py
[2026-05-07T11:38:43.943+0000] {logging_mixin.py:188} INFO - [2026-05-07T11:38:43.942+0000] {dag.py:3096} INFO - Sync 1 DAGs
[2026-05-07T11:38:43.982+0000] {logging_mixin.py:188} INFO - [2026-05-07T11:38:43.982+0000] {dag.py:3954} INFO - Setting next_dagrun for ab_test_medallion_pipeline to 2026-05-07 00:00:00+00:00, run_after=2026-05-08 00:00:00+00:00
[2026-05-07T11:38:44.027+0000] {processor.py:183} INFO - Processing /opt/airflow/dags/pipeline_dag.py took 0.202 seconds
[2026-05-07T11:39:14.537+0000] {processor.py:161} INFO - Started process (PID=6103) to work on /opt/airflow/dags/pipeline_dag.py
[2026-05-07T11:39:14.542+0000] {processor.py:830} INFO - Processing file /opt/airflow/dags/pipeline_dag.py for tasks to queue
[2026-05-07T11:39:14.545+0000] {logging_mixin.py:188} INFO - [2026-05-07T11:39:14.544+0000] {dagbag.py:545} INFO - Filling up the DagBag from /opt/airflow/dags/pipeline_dag.py
[2026-05-07T11:39:14.632+0000] {processor.py:840} INFO - DAG(s) 'ab_test_medallion_pipeline' retrieved from /opt/airflow/dags/pipeline_dag.py
[2026-05-07T11:39:14.751+0000] {logging_mixin.py:188} INFO - [2026-05-07T11:39:14.750+0000] {dag.py:3096} INFO - Sync 1 DAGs
[2026-05-07T11:39:14.832+0000] {logging_mixin.py:188} INFO - [2026-05-07T11:39:14.832+0000] {dag.py:3954} INFO - Setting next_dagrun for ab_test_medallion_pipeline to 2026-05-07 00:00:00+00:00, run_after=2026-05-08 00:00:00+00:00
[2026-05-07T11:39:14.880+0000] {processor.py:183} INFO - Processing /opt/airflow/dags/pipeline_dag.py took 0.366 seconds
[2026-05-07T11:39:45.032+0000] {processor.py:161} INFO - Started process (PID=6108) to work on /opt/airflow/dags/pipeline_dag.py
[2026-05-07T11:39:45.038+0000] {processor.py:830} INFO - Processing file /opt/airflow/dags/pipeline_dag.py for tasks to queue
[2026-05-07T11:39:45.040+0000] {logging_mixin.py:188} INFO - [2026-05-07T11:39:45.040+0000] {dagbag.py:545} INFO - Filling up the DagBag from /opt/airflow/dags/pipeline_dag.py
[2026-05-07T11:39:45.080+0000] {processor.py:840} INFO - DAG(s) 'ab_test_medallion_pipeline' retrieved from /opt/airflow/dags/pipeline_dag.py
[2026-05-07T11:39:45.164+0000] {logging_mixin.py:188} INFO - [2026-05-07T11:39:45.163+0000] {dag.py:3096} INFO - Sync 1 DAGs
[2026-05-07T11:39:45.241+0000] {logging_mixin.py:188} INFO - [2026-05-07T11:39:45.241+0000] {dag.py:3954} INFO - Setting next_dagrun for ab_test_medallion_pipeline to 2026-05-07 00:00:00+00:00, run_after=2026-05-08 00:00:00+00:00
[2026-05-07T11:39:45.349+0000] {processor.py:183} INFO - Processing /opt/airflow/dags/pipeline_dag.py took 0.337 seconds
[2026-05-07T11:40:15.790+0000] {processor.py:161} INFO - Started process (PID=6113) to work on /opt/airflow/dags/pipeline_dag.py
[2026-05-07T11:40:15.794+0000] {processor.py:830} INFO - Processing file /opt/airflow/dags/pipeline_dag.py for tasks to queue
[2026-05-07T11:40:15.807+0000] {logging_mixin.py:188} INFO - [2026-05-07T11:40:15.805+0000] {dagbag.py:545} INFO - Filling up the DagBag from /opt/airflow/dags/pipeline_dag.py
[2026-05-07T11:40:15.860+0000] {processor.py:840} INFO - DAG(s) 'ab_test_medallion_pipeline' retrieved from /opt/airflow/dags/pipeline_dag.py
[2026-05-07T11:40:15.977+0000] {logging_mixin.py:188} INFO - [2026-05-07T11:40:15.976+0000] {dag.py:3096} INFO - Sync 1 DAGs
[2026-05-07T11:40:16.100+0000] {logging_mixin.py:188} INFO - [2026-05-07T11:40:16.100+0000] {dag.py:3954} INFO - Setting next_dagrun for ab_test_medallion_pipeline to 2026-05-07 00:00:00+00:00, run_after=2026-05-08 00:00:00+00:00
[2026-05-07T11:40:16.185+0000] {processor.py:183} INFO - Processing /opt/airflow/dags/pipeline_dag.py took 0.431 seconds
[2026-05-07T11:40:46.264+0000] {processor.py:161} INFO - Started process (PID=6118) to work on /opt/airflow/dags/pipeline_dag.py
[2026-05-07T11:40:46.268+0000] {processor.py:830} INFO - Processing file /opt/airflow/dags/pipeline_dag.py for tasks to queue
[2026-05-07T11:40:46.271+0000] {logging_mixin.py:188} INFO - [2026-05-07T11:40:46.269+0000] {dagbag.py:545} INFO - Filling up the DagBag from /opt/airflow/dags/pipeline_dag.py
[2026-05-07T11:40:46.388+0000] {processor.py:840} INFO - DAG(s) 'ab_test_medallion_pipeline' retrieved from /opt/airflow/dags/pipeline_dag.py
[2026-05-07T11:40:46.664+0000] {logging_mixin.py:188} INFO - [2026-05-07T11:40:46.653+0000] {dag.py:3096} INFO - Sync 1 DAGs
[2026-05-07T11:40:46.836+0000] {logging_mixin.py:188} INFO - [2026-05-07T11:40:46.836+0000] {dag.py:3954} INFO - Setting next_dagrun for ab_test_medallion_pipeline to 2026-05-07 00:00:00+00:00, run_after=2026-05-08 00:00:00+00:00
[2026-05-07T11:40:46.957+0000] {processor.py:183} INFO - Processing /opt/airflow/dags/pipeline_dag.py took 0.710 seconds
[2026-05-07T11:41:17.371+0000] {processor.py:161} INFO - Started process (PID=6123) to work on /opt/airflow/dags/pipeline_dag.py
[2026-05-07T11:41:17.374+0000] {processor.py:830} INFO - Processing file /opt/airflow/dags/pipeline_dag.py for tasks to queue
[2026-05-07T11:41:17.378+0000] {logging_mixin.py:188} INFO - [2026-05-07T11:41:17.376+0000] {dagbag.py:545} INFO - Filling up the DagBag from /opt/airflow/dags/pipeline_dag.py
[2026-05-07T11:41:17.425+0000] {processor.py:840} INFO - DAG(s) 'ab_test_medallion_pipeline' retrieved from /opt/airflow/dags/pipeline_dag.py
[2026-05-07T11:41:17.505+0000] {logging_mixin.py:188} INFO - [2026-05-07T11:41:17.505+0000] {dag.py:3096} INFO - Sync 1 DAGs
[2026-05-07T11:41:17.553+0000] {logging_mixin.py:188} INFO - [2026-05-07T11:41:17.552+0000] {dag.py:3954} INFO - Setting next_dagrun for ab_test_medallion_pipeline to 2026-05-07 00:00:00+00:00, run_after=2026-05-08 00:00:00+00:00
[2026-05-07T11:41:17.614+0000] {processor.py:183} INFO - Processing /opt/airflow/dags/pipeline_dag.py took 0.260 seconds
[2026-05-07T11:41:47.758+0000] {processor.py:161} INFO - Started process (PID=6128) to work on /opt/airflow/dags/pipeline_dag.py
[2026-05-07T11:41:47.762+0000] {processor.py:830} INFO - Processing file /opt/airflow/dags/pipeline_dag.py for tasks to queue
[2026-05-07T11:41:47.765+0000] {logging_mixin.py:188} INFO - [2026-05-07T11:41:47.764+0000] {dagbag.py:545} INFO - Filling up the DagBag from /opt/airflow/dags/pipeline_dag.py
[2026-05-07T11:41:47.814+0000] {processor.py:840} INFO - DAG(s) 'ab_test_medallion_pipeline' retrieved from /opt/airflow/dags/pipeline_dag.py
[2026-05-07T11:41:47.891+0000] {logging_mixin.py:188} INFO - [2026-05-07T11:41:47.890+0000] {dag.py:3096} INFO - Sync 1 DAGs
[2026-05-07T11:41:47.947+0000] {logging_mixin.py:188} INFO - [2026-05-07T11:41:47.947+0000] {dag.py:3954} INFO - Setting next_dagrun for ab_test_medallion_pipeline to 2026-05-07 00:00:00+00:00, run_after=2026-05-08 00:00:00+00:00
[2026-05-07T11:41:47.992+0000] {processor.py:183} INFO - Processing /opt/airflow/dags/pipeline_dag.py took 0.262 seconds
[2026-05-07T11:42:18.352+0000] {processor.py:161} INFO - Started process (PID=6133) to work on /opt/airflow/dags/pipeline_dag.py
[2026-05-07T11:42:18.354+0000] {processor.py:830} INFO - Processing file /opt/airflow/dags/pipeline_dag.py for tasks to queue
[2026-05-07T11:42:18.358+0000] {logging_mixin.py:188} INFO - [2026-05-07T11:42:18.356+0000] {dagbag.py:545} INFO - Filling up the DagBag from /opt/airflow/dags/pipeline_dag.py
[2026-05-07T11:42:18.399+0000] {processor.py:840} INFO - DAG(s) 'ab_test_medallion_pipeline' retrieved from /opt/airflow/dags/pipeline_dag.py
[2026-05-07T11:42:18.483+0000] {logging_mixin.py:188} INFO - [2026-05-07T11:42:18.482+0000] {dag.py:3096} INFO - Sync 1 DAGs
[2026-05-07T11:42:18.555+0000] {logging_mixin.py:188} INFO - [2026-05-07T11:42:18.554+0000] {dag.py:3954} INFO - Setting next_dagrun for ab_test_medallion_pipeline to 2026-05-07 00:00:00+00:00, run_after=2026-05-08 00:00:00+00:00
[2026-05-07T11:42:18.596+0000] {processor.py:183} INFO - Processing /opt/airflow/dags/pipeline_dag.py took 0.262 seconds
[2026-05-07T11:42:48.782+0000] {processor.py:161} INFO - Started process (PID=6138) to work on /opt/airflow/dags/pipeline_dag.py
[2026-05-07T11:42:48.788+0000] {processor.py:830} INFO - Processing file /opt/airflow/dags/pipeline_dag.py for tasks to queue
[2026-05-07T11:42:48.790+0000] {logging_mixin.py:188} INFO - [2026-05-07T11:42:48.789+0000] {dagbag.py:545} INFO - Filling up the DagBag from /opt/airflow/dags/pipeline_dag.py
[2026-05-07T11:42:48.830+0000] {processor.py:840} INFO - DAG(s) 'ab_test_medallion_pipeline' retrieved from /opt/airflow/dags/pipeline_dag.py
[2026-05-07T11:42:48.923+0000] {logging_mixin.py:188} INFO - [2026-05-07T11:42:48.922+0000] {dag.py:3096} INFO - Sync 1 DAGs
[2026-05-07T11:42:48.991+0000] {logging_mixin.py:188} INFO - [2026-05-07T11:42:48.990+0000] {dag.py:3954} INFO - Setting next_dagrun for ab_test_medallion_pipeline to 2026-05-07 00:00:00+00:00, run_after=2026-05-08 00:00:00+00:00
[2026-05-07T11:42:49.030+0000] {processor.py:183} INFO - Processing /opt/airflow/dags/pipeline_dag.py took 0.266 seconds
[2026-05-07T11:43:19.441+0000] {processor.py:161} INFO - Started process (PID=6143) to work on /opt/airflow/dags/pipeline_dag.py
[2026-05-07T11:43:19.445+0000] {processor.py:830} INFO - Processing file /opt/airflow/dags/pipeline_dag.py for tasks to queue
[2026-05-07T11:43:19.448+0000] {logging_mixin.py:188} INFO - [2026-05-07T11:43:19.447+0000] {dagbag.py:545} INFO - Filling up the DagBag from /opt/airflow/dags/pipeline_dag.py
[2026-05-07T11:43:19.496+0000] {processor.py:840} INFO - DAG(s) 'ab_test_medallion_pipeline' retrieved from /opt/airflow/dags/pipeline_dag.py
[2026-05-07T11:43:19.579+0000] {logging_mixin.py:188} INFO - [2026-05-07T11:43:19.578+0000] {dag.py:3096} INFO - Sync 1 DAGs
[2026-05-07T11:43:19.645+0000] {logging_mixin.py:188} INFO - [2026-05-07T11:43:19.644+0000] {dag.py:3954} INFO - Setting next_dagrun for ab_test_medallion_pipeline to 2026-05-07 00:00:00+00:00, run_after=2026-05-08 00:00:00+00:00
[2026-05-07T11:43:19.697+0000] {processor.py:183} INFO - Processing /opt/airflow/dags/pipeline_dag.py took 0.283 seconds
[2026-05-07T11:43:49.944+0000] {processor.py:161} INFO - Started process (PID=6148) to work on /opt/airflow/dags/pipeline_dag.py
[2026-05-07T11:43:49.946+0000] {processor.py:830} INFO - Processing file /opt/airflow/dags/pipeline_dag.py for tasks to queue
[2026-05-07T11:43:49.948+0000] {logging_mixin.py:188} INFO - [2026-05-07T11:43:49.947+0000] {dagbag.py:545} INFO - Filling up the DagBag from /opt/airflow/dags/pipeline_dag.py
[2026-05-07T11:43:50.037+0000] {processor.py:840} INFO - DAG(s) 'ab_test_medallion_pipeline' retrieved from /opt/airflow/dags/pipeline_dag.py
[2026-05-07T11:43:50.182+0000] {logging_mixin.py:188} INFO - [2026-05-07T11:43:50.181+0000] {dag.py:3096} INFO - Sync 1 DAGs
[2026-05-07T11:43:50.261+0000] {logging_mixin.py:188} INFO - [2026-05-07T11:43:50.260+0000] {dag.py:3954} INFO - Setting next_dagrun for ab_test_medallion_pipeline to 2026-05-07 00:00:00+00:00, run_after=2026-05-08 00:00:00+00:00
[2026-05-07T11:43:50.308+0000] {processor.py:183} INFO - Processing /opt/airflow/dags/pipeline_dag.py took 0.393 seconds
[2026-05-07T11:44:20.745+0000] {processor.py:161} INFO - Started process (PID=6153) to work on /opt/airflow/dags/pipeline_dag.py
[2026-05-07T11:44:20.747+0000] {processor.py:830} INFO - Processing file /opt/airflow/dags/pipeline_dag.py for tasks to queue
[2026-05-07T11:44:20.750+0000] {logging_mixin.py:188} INFO - [2026-05-07T11:44:20.749+0000] {dagbag.py:545} INFO - Filling up the DagBag from /opt/airflow/dags/pipeline_dag.py
[2026-05-07T11:44:20.793+0000] {processor.py:840} INFO - DAG(s) 'ab_test_medallion_pipeline' retrieved from /opt/airflow/dags/pipeline_dag.py
[2026-05-07T11:44:20.869+0000] {logging_mixin.py:188} INFO - [2026-05-07T11:44:20.869+0000] {dag.py:3096} INFO - Sync 1 DAGs
[2026-05-07T11:44:20.929+0000] {logging_mixin.py:188} INFO - [2026-05-07T11:44:20.929+0000] {dag.py:3954} INFO - Setting next_dagrun for ab_test_medallion_pipeline to 2026-05-07 00:00:00+00:00, run_after=2026-05-08 00:00:00+00:00
[2026-05-07T11:44:20.977+0000] {processor.py:183} INFO - Processing /opt/airflow/dags/pipeline_dag.py took 0.254 seconds
[2026-05-07T11:44:51.172+0000] {processor.py:161} INFO - Started process (PID=6158) to work on /opt/airflow/dags/pipeline_dag.py
[2026-05-07T11:44:51.178+0000] {processor.py:830} INFO - Processing file /opt/airflow/dags/pipeline_dag.py for tasks to queue
[2026-05-07T11:44:51.181+0000] {logging_mixin.py:188} INFO - [2026-05-07T11:44:51.180+0000] {dagbag.py:545} INFO - Filling up the DagBag from /opt/airflow/dags/pipeline_dag.py
[2026-05-07T11:44:51.209+0000] {processor.py:840} INFO - DAG(s) 'ab_test_medallion_pipeline' retrieved from /opt/airflow/dags/pipeline_dag.py
[2026-05-07T11:44:51.274+0000] {logging_mixin.py:188} INFO - [2026-05-07T11:44:51.273+0000] {dag.py:3096} INFO - Sync 1 DAGs
[2026-05-07T11:44:51.325+0000] {logging_mixin.py:188} INFO - [2026-05-07T11:44:51.325+0000] {dag.py:3954} INFO - Setting next_dagrun for ab_test_medallion_pipeline to 2026-05-07 00:00:00+00:00, run_after=2026-05-08 00:00:00+00:00
[2026-05-07T11:44:51.396+0000] {processor.py:183} INFO - Processing /opt/airflow/dags/pipeline_dag.py took 0.243 seconds
[2026-05-07T11:45:21.608+0000] {processor.py:161} INFO - Started process (PID=6163) to work on /opt/airflow/dags/pipeline_dag.py
[2026-05-07T11:45:21.611+0000] {processor.py:830} INFO - Processing file /opt/airflow/dags/pipeline_dag.py for tasks to queue
[2026-05-07T11:45:21.613+0000] {logging_mixin.py:188} INFO - [2026-05-07T11:45:21.612+0000] {dagbag.py:545} INFO - Filling up the DagBag from /opt/airflow/dags/pipeline_dag.py
[2026-05-07T11:45:21.655+0000] {processor.py:840} INFO - DAG(s) 'ab_test_medallion_pipeline' retrieved from /opt/airflow/dags/pipeline_dag.py
[2026-05-07T11:45:21.737+0000] {logging_mixin.py:188} INFO - [2026-05-07T11:45:21.737+0000] {dag.py:3096} INFO - Sync 1 DAGs
[2026-05-07T11:45:21.853+0000] {logging_mixin.py:188} INFO - [2026-05-07T11:45:21.853+0000] {dag.py:3954} INFO - Setting next_dagrun for ab_test_medallion_pipeline to 2026-05-07 00:00:00+00:00, run_after=2026-05-08 00:00:00+00:00
[2026-05-07T11:45:21.908+0000] {processor.py:183} INFO - Processing /opt/airflow/dags/pipeline_dag.py took 0.318 seconds
[2026-05-07T11:45:52.429+0000] {processor.py:161} INFO - Started process (PID=6168) to work on /opt/airflow/dags/pipeline_dag.py
[2026-05-07T11:45:52.438+0000] {processor.py:830} INFO - Processing file /opt/airflow/dags/pipeline_dag.py for tasks to queue
[2026-05-07T11:45:52.441+0000] {logging_mixin.py:188} INFO - [2026-05-07T11:45:52.440+0000] {dagbag.py:545} INFO - Filling up the DagBag from /opt/airflow/dags/pipeline_dag.py
[2026-05-07T11:45:52.477+0000] {processor.py:840} INFO - DAG(s) 'ab_test_medallion_pipeline' retrieved from /opt/airflow/dags/pipeline_dag.py
[2026-05-07T11:45:52.586+0000] {logging_mixin.py:188} INFO - [2026-05-07T11:45:52.586+0000] {dag.py:3096} INFO - Sync 1 DAGs
[2026-05-07T11:45:52.629+0000] {logging_mixin.py:188} INFO - [2026-05-07T11:45:52.629+0000] {dag.py:3954} INFO - Setting next_dagrun for ab_test_medallion_pipeline to 2026-05-07 00:00:00+00:00, run_after=2026-05-08 00:00:00+00:00
[2026-05-07T11:45:52.672+0000] {processor.py:183} INFO - Processing /opt/airflow/dags/pipeline_dag.py took 0.263 seconds
[2026-05-07T11:46:22.985+0000] {processor.py:161} INFO - Started process (PID=6173) to work on /opt/airflow/dags/pipeline_dag.py
[2026-05-07T11:46:22.987+0000] {processor.py:830} INFO - Processing file /opt/airflow/dags/pipeline_dag.py for tasks to queue
[2026-05-07T11:46:22.989+0000] {logging_mixin.py:188} INFO - [2026-05-07T11:46:22.988+0000] {dagbag.py:545} INFO - Filling up the DagBag from /opt/airflow/dags/pipeline_dag.py
[2026-05-07T11:46:23.020+0000] {processor.py:840} INFO - DAG(s) 'ab_test_medallion_pipeline' retrieved from /opt/airflow/dags/pipeline_dag.py
[2026-05-07T11:46:23.080+0000] {logging_mixin.py:188} INFO - [2026-05-07T11:46:23.080+0000] {dag.py:3096} INFO - Sync 1 DAGs
[2026-05-07T11:46:23.155+0000] {logging_mixin.py:188} INFO - [2026-05-07T11:46:23.155+0000] {dag.py:3954} INFO - Setting next_dagrun for ab_test_medallion_pipeline to 2026-05-07 00:00:00+00:00, run_after=2026-05-08 00:00:00+00:00
[2026-05-07T11:46:23.540+0000] {processor.py:183} INFO - Processing /opt/airflow/dags/pipeline_dag.py took 0.581 seconds
[2026-05-07T11:46:53.712+0000] {processor.py:161} INFO - Started process (PID=6178) to work on /opt/airflow/dags/pipeline_dag.py
[2026-05-07T11:46:53.715+0000] {processor.py:830} INFO - Processing file /opt/airflow/dags/pipeline_dag.py for tasks to queue
[2026-05-07T11:46:53.717+0000] {logging_mixin.py:188} INFO - [2026-05-07T11:46:53.716+0000] {dagbag.py:545} INFO - Filling up the DagBag from /opt/airflow/dags/pipeline_dag.py
[2026-05-07T11:46:53.750+0000] {processor.py:840} INFO - DAG(s) 'ab_test_medallion_pipeline' retrieved from /opt/airflow/dags/pipeline_dag.py
[2026-05-07T11:46:53.807+0000] {logging_mixin.py:188} INFO - [2026-05-07T11:46:53.807+0000] {dag.py:3096} INFO - Sync 1 DAGs
[2026-05-07T11:46:53.868+0000] {logging_mixin.py:188} INFO - [2026-05-07T11:46:53.868+0000] {dag.py:3954} INFO - Setting next_dagrun for ab_test_medallion_pipeline to 2026-05-07 00:00:00+00:00, run_after=2026-05-08 00:00:00+00:00
[2026-05-07T11:46:53.923+0000] {processor.py:183} INFO - Processing /opt/airflow/dags/pipeline_dag.py took 0.237 seconds
[2026-05-07T11:47:24.263+0000] {processor.py:161} INFO - Started process (PID=6183) to work on /opt/airflow/dags/pipeline_dag.py
[2026-05-07T11:47:24.267+0000] {processor.py:830} INFO - Processing file /opt/airflow/dags/pipeline_dag.py for tasks to queue
[2026-05-07T11:47:24.271+0000] {logging_mixin.py:188} INFO - [2026-05-07T11:47:24.269+0000] {dagbag.py:545} INFO - Filling up the DagBag from /opt/airflow/dags/pipeline_dag.py
[2026-05-07T11:47:24.328+0000] {processor.py:840} INFO - DAG(s) 'ab_test_medallion_pipeline' retrieved from /opt/airflow/dags/pipeline_dag.py
[2026-05-07T11:47:24.403+0000] {logging_mixin.py:188} INFO - [2026-05-07T11:47:24.402+0000] {dag.py:3096} INFO - Sync 1 DAGs
[2026-05-07T11:47:24.455+0000] {logging_mixin.py:188} INFO - [2026-05-07T11:47:24.454+0000] {dag.py:3954} INFO - Setting next_dagrun for ab_test_medallion_pipeline to 2026-05-07 00:00:00+00:00, run_after=2026-05-08 00:00:00+00:00
[2026-05-07T11:47:24.496+0000] {processor.py:183} INFO - Processing /opt/airflow/dags/pipeline_dag.py took 0.279 seconds
[2026-05-07T11:47:55.241+0000] {processor.py:161} INFO - Started process (PID=6188) to work on /opt/airflow/dags/pipeline_dag.py
[2026-05-07T11:47:55.282+0000] {processor.py:830} INFO - Processing file /opt/airflow/dags/pipeline_dag.py for tasks to queue
[2026-05-07T11:47:55.302+0000] {logging_mixin.py:188} INFO - [2026-05-07T11:47:55.295+0000] {dagbag.py:545} INFO - Filling up the DagBag from /opt/airflow/dags/pipeline_dag.py
[2026-05-07T11:47:55.503+0000] {processor.py:840} INFO - DAG(s) 'ab_test_medallion_pipeline' retrieved from /opt/airflow/dags/pipeline_dag.py
[2026-05-07T11:47:55.579+0000] {logging_mixin.py:188} INFO - [2026-05-07T11:47:55.578+0000] {dag.py:3096} INFO - Sync 1 DAGs
[2026-05-07T11:47:55.657+0000] {logging_mixin.py:188} INFO - [2026-05-07T11:47:55.655+0000] {dag.py:3954} INFO - Setting next_dagrun for ab_test_medallion_pipeline to 2026-05-07 00:00:00+00:00, run_after=2026-05-08 00:00:00+00:00
[2026-05-07T11:47:55.724+0000] {processor.py:183} INFO - Processing /opt/airflow/dags/pipeline_dag.py took 0.505 seconds
[2026-05-07T11:48:26.309+0000] {processor.py:161} INFO - Started process (PID=6193) to work on /opt/airflow/dags/pipeline_dag.py
[2026-05-07T11:48:26.314+0000] {processor.py:830} INFO - Processing file /opt/airflow/dags/pipeline_dag.py for tasks to queue
[2026-05-07T11:48:26.316+0000] {logging_mixin.py:188} INFO - [2026-05-07T11:48:26.315+0000] {dagbag.py:545} INFO - Filling up the DagBag from /opt/airflow/dags/pipeline_dag.py
[2026-05-07T11:48:26.354+0000] {processor.py:840} INFO - DAG(s) 'ab_test_medallion_pipeline' retrieved from /opt/airflow/dags/pipeline_dag.py
[2026-05-07T11:48:26.435+0000] {logging_mixin.py:188} INFO - [2026-05-07T11:48:26.435+0000] {dag.py:3096} INFO - Sync 1 DAGs
[2026-05-07T11:48:26.512+0000] {logging_mixin.py:188} INFO - [2026-05-07T11:48:26.511+0000] {dag.py:3954} INFO - Setting next_dagrun for ab_test_medallion_pipeline to 2026-05-07 00:00:00+00:00, run_after=2026-05-08 00:00:00+00:00
[2026-05-07T11:48:26.556+0000] {processor.py:183} INFO - Processing /opt/airflow/dags/pipeline_dag.py took 0.265 seconds
[2026-05-07T11:48:56.868+0000] {processor.py:161} INFO - Started process (PID=6198) to work on /opt/airflow/dags/pipeline_dag.py
[2026-05-07T11:48:56.870+0000] {processor.py:830} INFO - Processing file /opt/airflow/dags/pipeline_dag.py for tasks to queue
[2026-05-07T11:48:56.872+0000] {logging_mixin.py:188} INFO - [2026-05-07T11:48:56.871+0000] {dagbag.py:545} INFO - Filling up the DagBag from /opt/airflow/dags/pipeline_dag.py
[2026-05-07T11:48:56.916+0000] {processor.py:840} INFO - DAG(s) 'ab_test_medallion_pipeline' retrieved from /opt/airflow/dags/pipeline_dag.py
[2026-05-07T11:48:57.086+0000] {logging_mixin.py:188} INFO - [2026-05-07T11:48:57.084+0000] {dag.py:3096} INFO - Sync 1 DAGs
[2026-05-07T11:48:57.212+0000] {logging_mixin.py:188} INFO - [2026-05-07T11:48:57.207+0000] {dag.py:3954} INFO - Setting next_dagrun for ab_test_medallion_pipeline to 2026-05-07 00:00:00+00:00, run_after=2026-05-08 00:00:00+00:00
[2026-05-07T11:48:57.288+0000] {processor.py:183} INFO - Processing /opt/airflow/dags/pipeline_dag.py took 0.438 seconds
[2026-05-07T11:49:27.628+0000] {processor.py:161} INFO - Started process (PID=6203) to work on /opt/airflow/dags/pipeline_dag.py
[2026-05-07T11:49:27.633+0000] {processor.py:830} INFO - Processing file /opt/airflow/dags/pipeline_dag.py for tasks to queue
[2026-05-07T11:49:27.634+0000] {logging_mixin.py:188} INFO - [2026-05-07T11:49:27.634+0000] {dagbag.py:545} INFO - Filling up the DagBag from /opt/airflow/dags/pipeline_dag.py
[2026-05-07T11:49:27.663+0000] {processor.py:840} INFO - DAG(s) 'ab_test_medallion_pipeline' retrieved from /opt/airflow/dags/pipeline_dag.py
[2026-05-07T11:49:27.724+0000] {logging_mixin.py:188} INFO - [2026-05-07T11:49:27.723+0000] {dag.py:3096} INFO - Sync 1 DAGs
[2026-05-07T11:49:27.768+0000] {logging_mixin.py:188} INFO - [2026-05-07T11:49:27.768+0000] {dag.py:3954} INFO - Setting next_dagrun for ab_test_medallion_pipeline to 2026-05-07 00:00:00+00:00, run_after=2026-05-08 00:00:00+00:00
[2026-05-07T11:49:27.805+0000] {processor.py:183} INFO - Processing /opt/airflow/dags/pipeline_dag.py took 0.193 seconds
[2026-05-07T11:49:58.418+0000] {processor.py:161} INFO - Started process (PID=6208) to work on /opt/airflow/dags/pipeline_dag.py
[2026-05-07T11:49:58.421+0000] {processor.py:830} INFO - Processing file /opt/airflow/dags/pipeline_dag.py for tasks to queue
[2026-05-07T11:49:58.424+0000] {logging_mixin.py:188} INFO - [2026-05-07T11:49:58.423+0000] {dagbag.py:545} INFO - Filling up the DagBag from /opt/airflow/dags/pipeline_dag.py
[2026-05-07T11:49:58.456+0000] {processor.py:840} INFO - DAG(s) 'ab_test_medallion_pipeline' retrieved from /opt/airflow/dags/pipeline_dag.py
[2026-05-07T11:49:58.511+0000] {logging_mixin.py:188} INFO - [2026-05-07T11:49:58.510+0000] {dag.py:3096} INFO - Sync 1 DAGs
[2026-05-07T11:49:58.550+0000] {logging_mixin.py:188} INFO - [2026-05-07T11:49:58.549+0000] {dag.py:3954} INFO - Setting next_dagrun for ab_test_medallion_pipeline to 2026-05-07 00:00:00+00:00, run_after=2026-05-08 00:00:00+00:00
[2026-05-07T11:49:58.584+0000] {processor.py:183} INFO - Processing /opt/airflow/dags/pipeline_dag.py took 0.190 seconds
[2026-05-07T11:50:29.027+0000] {processor.py:161} INFO - Started process (PID=6213) to work on /opt/airflow/dags/pipeline_dag.py
[2026-05-07T11:50:29.199+0000] {processor.py:830} INFO - Processing file /opt/airflow/dags/pipeline_dag.py for tasks to queue
[2026-05-07T11:50:29.206+0000] {logging_mixin.py:188} INFO - [2026-05-07T11:50:29.203+0000] {dagbag.py:545} INFO - Filling up the DagBag from /opt/airflow/dags/pipeline_dag.py
[2026-05-07T11:50:29.308+0000] {processor.py:840} INFO - DAG(s) 'ab_test_medallion_pipeline' retrieved from /opt/airflow/dags/pipeline_dag.py
[2026-05-07T11:50:29.423+0000] {logging_mixin.py:188} INFO - [2026-05-07T11:50:29.423+0000] {dag.py:3096} INFO - Sync 1 DAGs
[2026-05-07T11:50:29.463+0000] {logging_mixin.py:188} INFO - [2026-05-07T11:50:29.463+0000] {dag.py:3954} INFO - Setting next_dagrun for ab_test_medallion_pipeline to 2026-05-07 00:00:00+00:00, run_after=2026-05-08 00:00:00+00:00
[2026-05-07T11:50:29.505+0000] {processor.py:183} INFO - Processing /opt/airflow/dags/pipeline_dag.py took 0.512 seconds
[2026-05-07T11:50:59.740+0000] {processor.py:161} INFO - Started process (PID=6218) to work on /opt/airflow/dags/pipeline_dag.py
[2026-05-07T11:50:59.746+0000] {processor.py:830} INFO - Processing file /opt/airflow/dags/pipeline_dag.py for tasks to queue
[2026-05-07T11:50:59.750+0000] {logging_mixin.py:188} INFO - [2026-05-07T11:50:59.749+0000] {dagbag.py:545} INFO - Filling up the DagBag from /opt/airflow/dags/pipeline_dag.py
[2026-05-07T11:50:59.813+0000] {processor.py:840} INFO - DAG(s) 'ab_test_medallion_pipeline' retrieved from /opt/airflow/dags/pipeline_dag.py
[2026-05-07T11:50:59.892+0000] {logging_mixin.py:188} INFO - [2026-05-07T11:50:59.891+0000] {dag.py:3096} INFO - Sync 1 DAGs
[2026-05-07T11:50:59.940+0000] {logging_mixin.py:188} INFO - [2026-05-07T11:50:59.939+0000] {dag.py:3954} INFO - Setting next_dagrun for ab_test_medallion_pipeline to 2026-05-07 00:00:00+00:00, run_after=2026-05-08 00:00:00+00:00
[2026-05-07T11:50:59.975+0000] {processor.py:183} INFO - Processing /opt/airflow/dags/pipeline_dag.py took 0.293 seconds
[2026-05-07T11:51:30.168+0000] {processor.py:161} INFO - Started process (PID=6223) to work on /opt/airflow/dags/pipeline_dag.py
[2026-05-07T11:51:30.170+0000] {processor.py:830} INFO - Processing file /opt/airflow/dags/pipeline_dag.py for tasks to queue
[2026-05-07T11:51:30.173+0000] {logging_mixin.py:188} INFO - [2026-05-07T11:51:30.172+0000] {dagbag.py:545} INFO - Filling up the DagBag from /opt/airflow/dags/pipeline_dag.py
[2026-05-07T11:51:30.250+0000] {processor.py:840} INFO - DAG(s) 'ab_test_medallion_pipeline' retrieved from /opt/airflow/dags/pipeline_dag.py
[2026-05-07T11:51:30.314+0000] {logging_mixin.py:188} INFO - [2026-05-07T11:51:30.314+0000] {dag.py:3096} INFO - Sync 1 DAGs
[2026-05-07T11:51:30.367+0000] {logging_mixin.py:188} INFO - [2026-05-07T11:51:30.366+0000] {dag.py:3954} INFO - Setting next_dagrun for ab_test_medallion_pipeline to 2026-05-07 00:00:00+00:00, run_after=2026-05-08 00:00:00+00:00
[2026-05-07T11:51:30.406+0000] {processor.py:183} INFO - Processing /opt/airflow/dags/pipeline_dag.py took 0.259 seconds
[2026-05-07T11:52:00.824+0000] {processor.py:161} INFO - Started process (PID=6228) to work on /opt/airflow/dags/pipeline_dag.py
[2026-05-07T11:52:00.836+0000] {processor.py:830} INFO - Processing file /opt/airflow/dags/pipeline_dag.py for tasks to queue
[2026-05-07T11:52:00.840+0000] {logging_mixin.py:188} INFO - [2026-05-07T11:52:00.839+0000] {dagbag.py:545} INFO - Filling up the DagBag from /opt/airflow/dags/pipeline_dag.py
[2026-05-07T11:52:00.918+0000] {processor.py:840} INFO - DAG(s) 'ab_test_medallion_pipeline' retrieved from /opt/airflow/dags/pipeline_dag.py
[2026-05-07T11:52:01.015+0000] {logging_mixin.py:188} INFO - [2026-05-07T11:52:01.014+0000] {dag.py:3096} INFO - Sync 1 DAGs
[2026-05-07T11:52:01.067+0000] {logging_mixin.py:188} INFO - [2026-05-07T11:52:01.066+0000] {dag.py:3954} INFO - Setting next_dagrun for ab_test_medallion_pipeline to 2026-05-07 00:00:00+00:00, run_after=2026-05-08 00:00:00+00:00
[2026-05-07T11:52:01.187+0000] {processor.py:183} INFO - Processing /opt/airflow/dags/pipeline_dag.py took 0.403 seconds
[2026-05-07T11:52:31.539+0000] {processor.py:161} INFO - Started process (PID=6233) to work on /opt/airflow/dags/pipeline_dag.py
[2026-05-07T11:52:31.541+0000] {processor.py:830} INFO - Processing file /opt/airflow/dags/pipeline_dag.py for tasks to queue
[2026-05-07T11:52:31.545+0000] {logging_mixin.py:188} INFO - [2026-05-07T11:52:31.543+0000] {dagbag.py:545} INFO - Filling up the DagBag from /opt/airflow/dags/pipeline_dag.py
[2026-05-07T11:52:31.590+0000] {processor.py:840} INFO - DAG(s) 'ab_test_medallion_pipeline' retrieved from /opt/airflow/dags/pipeline_dag.py
[2026-05-07T11:52:31.664+0000] {logging_mixin.py:188} INFO - [2026-05-07T11:52:31.664+0000] {dag.py:3096} INFO - Sync 1 DAGs
[2026-05-07T11:52:31.701+0000] {logging_mixin.py:188} INFO - [2026-05-07T11:52:31.701+0000] {dag.py:3954} INFO - Setting next_dagrun for ab_test_medallion_pipeline to 2026-05-07 00:00:00+00:00, run_after=2026-05-08 00:00:00+00:00
[2026-05-07T11:52:31.771+0000] {processor.py:183} INFO - Processing /opt/airflow/dags/pipeline_dag.py took 0.266 seconds
[2026-05-07T11:53:02.312+0000] {processor.py:161} INFO - Started process (PID=6238) to work on /opt/airflow/dags/pipeline_dag.py
[2026-05-07T11:53:02.315+0000] {processor.py:830} INFO - Processing file /opt/airflow/dags/pipeline_dag.py for tasks to queue
[2026-05-07T11:53:02.318+0000] {logging_mixin.py:188} INFO - [2026-05-07T11:53:02.317+0000] {dagbag.py:545} INFO - Filling up the DagBag from /opt/airflow/dags/pipeline_dag.py
[2026-05-07T11:53:02.357+0000] {processor.py:840} INFO - DAG(s) 'ab_test_medallion_pipeline' retrieved from /opt/airflow/dags/pipeline_dag.py
[2026-05-07T11:53:02.422+0000] {logging_mixin.py:188} INFO - [2026-05-07T11:53:02.421+0000] {dag.py:3096} INFO - Sync 1 DAGs
[2026-05-07T11:53:02.471+0000] {logging_mixin.py:188} INFO - [2026-05-07T11:53:02.471+0000] {dag.py:3954} INFO - Setting next_dagrun for ab_test_medallion_pipeline to 2026-05-07 00:00:00+00:00, run_after=2026-05-08 00:00:00+00:00
[2026-05-07T11:53:02.513+0000] {processor.py:183} INFO - Processing /opt/airflow/dags/pipeline_dag.py took 0.234 seconds
[2026-05-07T11:53:32.935+0000] {processor.py:161} INFO - Started process (PID=6243) to work on /opt/airflow/dags/pipeline_dag.py
[2026-05-07T11:53:32.939+0000] {processor.py:830} INFO - Processing file /opt/airflow/dags/pipeline_dag.py for tasks to queue
[2026-05-07T11:53:32.944+0000] {logging_mixin.py:188} INFO - [2026-05-07T11:53:32.942+0000] {dagbag.py:545} INFO - Filling up the DagBag from /opt/airflow/dags/pipeline_dag.py
[2026-05-07T11:53:32.989+0000] {processor.py:840} INFO - DAG(s) 'ab_test_medallion_pipeline' retrieved from /opt/airflow/dags/pipeline_dag.py
[2026-05-07T11:53:33.064+0000] {logging_mixin.py:188} INFO - [2026-05-07T11:53:33.063+0000] {dag.py:3096} INFO - Sync 1 DAGs
[2026-05-07T11:53:33.107+0000] {logging_mixin.py:188} INFO - [2026-05-07T11:53:33.107+0000] {dag.py:3954} INFO - Setting next_dagrun for ab_test_medallion_pipeline to 2026-05-07 00:00:00+00:00, run_after=2026-05-08 00:00:00+00:00
[2026-05-07T11:53:33.144+0000] {processor.py:183} INFO - Processing /opt/airflow/dags/pipeline_dag.py took 0.260 seconds
[2026-05-07T11:54:03.606+0000] {processor.py:161} INFO - Started process (PID=6248) to work on /opt/airflow/dags/pipeline_dag.py
[2026-05-07T11:54:03.611+0000] {processor.py:830} INFO - Processing file /opt/airflow/dags/pipeline_dag.py for tasks to queue
[2026-05-07T11:54:03.613+0000] {logging_mixin.py:188} INFO - [2026-05-07T11:54:03.612+0000] {dagbag.py:545} INFO - Filling up the DagBag from /opt/airflow/dags/pipeline_dag.py
[2026-05-07T11:54:03.651+0000] {processor.py:840} INFO - DAG(s) 'ab_test_medallion_pipeline' retrieved from /opt/airflow/dags/pipeline_dag.py
[2026-05-07T11:54:03.734+0000] {logging_mixin.py:188} INFO - [2026-05-07T11:54:03.734+0000] {dag.py:3096} INFO - Sync 1 DAGs
[2026-05-07T11:54:03.803+0000] {logging_mixin.py:188} INFO - [2026-05-07T11:54:03.803+0000] {dag.py:3954} INFO - Setting next_dagrun for ab_test_medallion_pipeline to 2026-05-07 00:00:00+00:00, run_after=2026-05-08 00:00:00+00:00
[2026-05-07T11:54:03.854+0000] {processor.py:183} INFO - Processing /opt/airflow/dags/pipeline_dag.py took 0.268 seconds
[2026-05-07T11:54:34.216+0000] {processor.py:161} INFO - Started process (PID=6253) to work on /opt/airflow/dags/pipeline_dag.py
[2026-05-07T11:54:34.217+0000] {processor.py:830} INFO - Processing file /opt/airflow/dags/pipeline_dag.py for tasks to queue
[2026-05-07T11:54:34.219+0000] {logging_mixin.py:188} INFO - [2026-05-07T11:54:34.219+0000] {dagbag.py:545} INFO - Filling up the DagBag from /opt/airflow/dags/pipeline_dag.py
[2026-05-07T11:54:34.256+0000] {processor.py:840} INFO - DAG(s) 'ab_test_medallion_pipeline' retrieved from /opt/airflow/dags/pipeline_dag.py
[2026-05-07T11:54:34.312+0000] {logging_mixin.py:188} INFO - [2026-05-07T11:54:34.312+0000] {dag.py:3096} INFO - Sync 1 DAGs
[2026-05-07T11:54:34.351+0000] {logging_mixin.py:188} INFO - [2026-05-07T11:54:34.351+0000] {dag.py:3954} INFO - Setting next_dagrun for ab_test_medallion_pipeline to 2026-05-07 00:00:00+00:00, run_after=2026-05-08 00:00:00+00:00
[2026-05-07T11:54:34.400+0000] {processor.py:183} INFO - Processing /opt/airflow/dags/pipeline_dag.py took 0.205 seconds
[2026-05-07T11:55:05.011+0000] {processor.py:161} INFO - Started process (PID=6258) to work on /opt/airflow/dags/pipeline_dag.py
[2026-05-07T11:55:05.015+0000] {processor.py:830} INFO - Processing file /opt/airflow/dags/pipeline_dag.py for tasks to queue
[2026-05-07T11:55:05.016+0000] {logging_mixin.py:188} INFO - [2026-05-07T11:55:05.016+0000] {dagbag.py:545} INFO - Filling up the DagBag from /opt/airflow/dags/pipeline_dag.py
[2026-05-07T11:55:05.046+0000] {processor.py:840} INFO - DAG(s) 'ab_test_medallion_pipeline' retrieved from /opt/airflow/dags/pipeline_dag.py
[2026-05-07T11:55:05.111+0000] {logging_mixin.py:188} INFO - [2026-05-07T11:55:05.111+0000] {dag.py:3096} INFO - Sync 1 DAGs
[2026-05-07T11:55:05.147+0000] {logging_mixin.py:188} INFO - [2026-05-07T11:55:05.147+0000] {dag.py:3954} INFO - Setting next_dagrun for ab_test_medallion_pipeline to 2026-05-07 00:00:00+00:00, run_after=2026-05-08 00:00:00+00:00
[2026-05-07T11:55:05.184+0000] {processor.py:183} INFO - Processing /opt/airflow/dags/pipeline_dag.py took 0.187 seconds
[2026-05-07T11:55:35.611+0000] {processor.py:161} INFO - Started process (PID=6263) to work on /opt/airflow/dags/pipeline_dag.py
[2026-05-07T11:55:35.614+0000] {processor.py:830} INFO - Processing file /opt/airflow/dags/pipeline_dag.py for tasks to queue
[2026-05-07T11:55:35.617+0000] {logging_mixin.py:188} INFO - [2026-05-07T11:55:35.616+0000] {dagbag.py:545} INFO - Filling up the DagBag from /opt/airflow/dags/pipeline_dag.py
[2026-05-07T11:55:35.680+0000] {processor.py:840} INFO - DAG(s) 'ab_test_medallion_pipeline' retrieved from /opt/airflow/dags/pipeline_dag.py
[2026-05-07T11:55:35.787+0000] {logging_mixin.py:188} INFO - [2026-05-07T11:55:35.786+0000] {dag.py:3096} INFO - Sync 1 DAGs
[2026-05-07T11:55:35.848+0000] {logging_mixin.py:188} INFO - [2026-05-07T11:55:35.848+0000] {dag.py:3954} INFO - Setting next_dagrun for ab_test_medallion_pipeline to 2026-05-07 00:00:00+00:00, run_after=2026-05-08 00:00:00+00:00
[2026-05-07T11:55:35.881+0000] {processor.py:183} INFO - Processing /opt/airflow/dags/pipeline_dag.py took 0.300 seconds
[2026-05-07T13:19:19.013+0000] {processor.py:161} INFO - Started process (PID=6268) to work on /opt/airflow/dags/pipeline_dag.py
[2026-05-07T13:19:19.077+0000] {processor.py:830} INFO - Processing file /opt/airflow/dags/pipeline_dag.py for tasks to queue
[2026-05-07T13:19:19.839+0000] {logging_mixin.py:188} INFO - [2026-05-07T13:19:19.643+0000] {dagbag.py:545} INFO - Filling up the DagBag from /opt/airflow/dags/pipeline_dag.py
[2026-05-07T13:19:20.822+0000] {processor.py:840} INFO - DAG(s) 'ab_test_medallion_pipeline' retrieved from /opt/airflow/dags/pipeline_dag.py
[2026-05-07T13:19:22.698+0000] {logging_mixin.py:188} INFO - [2026-05-07T13:19:22.697+0000] {dag.py:3096} INFO - Sync 1 DAGs
[2026-05-07T13:19:22.951+0000] {logging_mixin.py:188} INFO - [2026-05-07T13:19:22.950+0000] {dag.py:3954} INFO - Setting next_dagrun for ab_test_medallion_pipeline to 2026-05-07 00:00:00+00:00, run_after=2026-05-08 00:00:00+00:00
[2026-05-07T13:19:23.259+0000] {processor.py:183} INFO - Processing /opt/airflow/dags/pipeline_dag.py took 4.486 seconds
[2026-05-07T13:19:54.249+0000] {processor.py:161} INFO - Started process (PID=6273) to work on /opt/airflow/dags/pipeline_dag.py
[2026-05-07T13:19:54.260+0000] {processor.py:830} INFO - Processing file /opt/airflow/dags/pipeline_dag.py for tasks to queue
[2026-05-07T13:19:54.302+0000] {logging_mixin.py:188} INFO - [2026-05-07T13:19:54.262+0000] {dagbag.py:545} INFO - Filling up the DagBag from /opt/airflow/dags/pipeline_dag.py
[2026-05-07T13:19:55.625+0000] {processor.py:840} INFO - DAG(s) 'ab_test_medallion_pipeline' retrieved from /opt/airflow/dags/pipeline_dag.py
[2026-05-07T13:19:56.297+0000] {logging_mixin.py:188} INFO - [2026-05-07T13:19:56.296+0000] {dag.py:3096} INFO - Sync 1 DAGs
[2026-05-07T13:19:56.526+0000] {logging_mixin.py:188} INFO - [2026-05-07T13:19:56.525+0000] {dag.py:3954} INFO - Setting next_dagrun for ab_test_medallion_pipeline to 2026-05-07 00:00:00+00:00, run_after=2026-05-08 00:00:00+00:00
[2026-05-07T13:19:58.002+0000] {processor.py:183} INFO - Processing /opt/airflow/dags/pipeline_dag.py took 3.793 seconds
[2026-05-07T13:20:29.020+0000] {processor.py:161} INFO - Started process (PID=6278) to work on /opt/airflow/dags/pipeline_dag.py
[2026-05-07T13:20:29.031+0000] {processor.py:830} INFO - Processing file /opt/airflow/dags/pipeline_dag.py for tasks to queue
[2026-05-07T13:20:29.115+0000] {logging_mixin.py:188} INFO - [2026-05-07T13:20:29.033+0000] {dagbag.py:545} INFO - Filling up the DagBag from /opt/airflow/dags/pipeline_dag.py
[2026-05-07T13:20:29.491+0000] {processor.py:840} INFO - DAG(s) 'ab_test_medallion_pipeline' retrieved from /opt/airflow/dags/pipeline_dag.py
[2026-05-07T13:20:29.806+0000] {logging_mixin.py:188} INFO - [2026-05-07T13:20:29.805+0000] {dag.py:3096} INFO - Sync 1 DAGs
[2026-05-07T13:20:31.083+0000] {logging_mixin.py:188} INFO - [2026-05-07T13:20:31.082+0000] {dag.py:3954} INFO - Setting next_dagrun for ab_test_medallion_pipeline to 2026-05-07 00:00:00+00:00, run_after=2026-05-08 00:00:00+00:00
[2026-05-07T13:20:31.288+0000] {processor.py:183} INFO - Processing /opt/airflow/dags/pipeline_dag.py took 2.639 seconds
[2026-05-07T13:21:01.771+0000] {processor.py:161} INFO - Started process (PID=6283) to work on /opt/airflow/dags/pipeline_dag.py
[2026-05-07T13:21:01.895+0000] {processor.py:830} INFO - Processing file /opt/airflow/dags/pipeline_dag.py for tasks to queue
[2026-05-07T13:21:01.900+0000] {logging_mixin.py:188} INFO - [2026-05-07T13:21:01.897+0000] {dagbag.py:545} INFO - Filling up the DagBag from /opt/airflow/dags/pipeline_dag.py
[2026-05-07T13:21:02.206+0000] {processor.py:840} INFO - DAG(s) 'ab_test_medallion_pipeline' retrieved from /opt/airflow/dags/pipeline_dag.py
[2026-05-07T13:21:02.364+0000] {logging_mixin.py:188} INFO - [2026-05-07T13:21:02.363+0000] {dag.py:3096} INFO - Sync 1 DAGs
[2026-05-07T13:21:02.617+0000] {logging_mixin.py:188} INFO - [2026-05-07T13:21:02.617+0000] {dag.py:3954} INFO - Setting next_dagrun for ab_test_medallion_pipeline to 2026-05-07 00:00:00+00:00, run_after=2026-05-08 00:00:00+00:00
[2026-05-07T13:21:02.755+0000] {processor.py:183} INFO - Processing /opt/airflow/dags/pipeline_dag.py took 1.013 seconds
[2026-05-07T13:21:33.370+0000] {processor.py:161} INFO - Started process (PID=6288) to work on /opt/airflow/dags/pipeline_dag.py
[2026-05-07T13:21:33.372+0000] {processor.py:830} INFO - Processing file /opt/airflow/dags/pipeline_dag.py for tasks to queue
[2026-05-07T13:21:33.377+0000] {logging_mixin.py:188} INFO - [2026-05-07T13:21:33.375+0000] {dagbag.py:545} INFO - Filling up the DagBag from /opt/airflow/dags/pipeline_dag.py
[2026-05-07T13:21:33.449+0000] {processor.py:840} INFO - DAG(s) 'ab_test_medallion_pipeline' retrieved from /opt/airflow/dags/pipeline_dag.py
[2026-05-07T13:21:33.545+0000] {logging_mixin.py:188} INFO - [2026-05-07T13:21:33.545+0000] {dag.py:3096} INFO - Sync 1 DAGs
[2026-05-07T13:21:33.850+0000] {logging_mixin.py:188} INFO - [2026-05-07T13:21:33.850+0000] {dag.py:3954} INFO - Setting next_dagrun for ab_test_medallion_pipeline to 2026-05-07 00:00:00+00:00, run_after=2026-05-08 00:00:00+00:00
[2026-05-07T13:21:33.954+0000] {processor.py:183} INFO - Processing /opt/airflow/dags/pipeline_dag.py took 0.601 seconds
[2026-05-07T13:22:04.307+0000] {processor.py:161} INFO - Started process (PID=6293) to work on /opt/airflow/dags/pipeline_dag.py
[2026-05-07T13:22:04.309+0000] {processor.py:830} INFO - Processing file /opt/airflow/dags/pipeline_dag.py for tasks to queue
[2026-05-07T13:22:04.311+0000] {logging_mixin.py:188} INFO - [2026-05-07T13:22:04.310+0000] {dagbag.py:545} INFO - Filling up the DagBag from /opt/airflow/dags/pipeline_dag.py
[2026-05-07T13:22:04.356+0000] {processor.py:840} INFO - DAG(s) 'ab_test_medallion_pipeline' retrieved from /opt/airflow/dags/pipeline_dag.py
[2026-05-07T13:22:04.603+0000] {logging_mixin.py:188} INFO - [2026-05-07T13:22:04.603+0000] {dag.py:3096} INFO - Sync 1 DAGs
[2026-05-07T13:22:04.790+0000] {logging_mixin.py:188} INFO - [2026-05-07T13:22:04.782+0000] {dag.py:3954} INFO - Setting next_dagrun for ab_test_medallion_pipeline to 2026-05-07 00:00:00+00:00, run_after=2026-05-08 00:00:00+00:00
[2026-05-07T13:22:04.860+0000] {processor.py:183} INFO - Processing /opt/airflow/dags/pipeline_dag.py took 0.569 seconds
[2026-05-07T13:22:35.320+0000] {processor.py:161} INFO - Started process (PID=6298) to work on /opt/airflow/dags/pipeline_dag.py
[2026-05-07T13:22:35.323+0000] {processor.py:830} INFO - Processing file /opt/airflow/dags/pipeline_dag.py for tasks to queue
[2026-05-07T13:22:35.334+0000] {logging_mixin.py:188} INFO - [2026-05-07T13:22:35.324+0000] {dagbag.py:545} INFO - Filling up the DagBag from /opt/airflow/dags/pipeline_dag.py
[2026-05-07T13:22:35.432+0000] {processor.py:840} INFO - DAG(s) 'ab_test_medallion_pipeline' retrieved from /opt/airflow/dags/pipeline_dag.py
[2026-05-07T13:22:35.598+0000] {logging_mixin.py:188} INFO - [2026-05-07T13:22:35.597+0000] {dag.py:3096} INFO - Sync 1 DAGs
[2026-05-07T13:22:35.715+0000] {logging_mixin.py:188} INFO - [2026-05-07T13:22:35.715+0000] {dag.py:3954} INFO - Setting next_dagrun for ab_test_medallion_pipeline to 2026-05-07 00:00:00+00:00, run_after=2026-05-08 00:00:00+00:00
[2026-05-07T13:22:35.838+0000] {processor.py:183} INFO - Processing /opt/airflow/dags/pipeline_dag.py took 0.563 seconds
[2026-05-07T13:23:06.293+0000] {processor.py:161} INFO - Started process (PID=6303) to work on /opt/airflow/dags/pipeline_dag.py
[2026-05-07T13:23:06.295+0000] {processor.py:830} INFO - Processing file /opt/airflow/dags/pipeline_dag.py for tasks to queue
[2026-05-07T13:23:06.297+0000] {logging_mixin.py:188} INFO - [2026-05-07T13:23:06.296+0000] {dagbag.py:545} INFO - Filling up the DagBag from /opt/airflow/dags/pipeline_dag.py
[2026-05-07T13:23:06.323+0000] {processor.py:840} INFO - DAG(s) 'ab_test_medallion_pipeline' retrieved from /opt/airflow/dags/pipeline_dag.py
[2026-05-07T13:23:06.435+0000] {logging_mixin.py:188} INFO - [2026-05-07T13:23:06.435+0000] {dag.py:3096} INFO - Sync 1 DAGs
[2026-05-07T13:23:06.592+0000] {logging_mixin.py:188} INFO - [2026-05-07T13:23:06.592+0000] {dag.py:3954} INFO - Setting next_dagrun for ab_test_medallion_pipeline to 2026-05-07 00:00:00+00:00, run_after=2026-05-08 00:00:00+00:00
[2026-05-07T13:23:06.835+0000] {processor.py:183} INFO - Processing /opt/airflow/dags/pipeline_dag.py took 0.560 seconds
[2026-05-07T13:23:36.971+0000] {processor.py:161} INFO - Started process (PID=6308) to work on /opt/airflow/dags/pipeline_dag.py
[2026-05-07T13:23:36.973+0000] {processor.py:830} INFO - Processing file /opt/airflow/dags/pipeline_dag.py for tasks to queue
[2026-05-07T13:23:36.974+0000] {logging_mixin.py:188} INFO - [2026-05-07T13:23:36.973+0000] {dagbag.py:545} INFO - Filling up the DagBag from /opt/airflow/dags/pipeline_dag.py
[2026-05-07T13:23:36.995+0000] {processor.py:840} INFO - DAG(s) 'ab_test_medallion_pipeline' retrieved from /opt/airflow/dags/pipeline_dag.py
[2026-05-07T13:23:37.045+0000] {logging_mixin.py:188} INFO - [2026-05-07T13:23:37.045+0000] {dag.py:3096} INFO - Sync 1 DAGs
[2026-05-07T13:23:37.131+0000] {logging_mixin.py:188} INFO - [2026-05-07T13:23:37.131+0000] {dag.py:3954} INFO - Setting next_dagrun for ab_test_medallion_pipeline to 2026-05-07 00:00:00+00:00, run_after=2026-05-08 00:00:00+00:00
[2026-05-07T13:23:37.167+0000] {processor.py:183} INFO - Processing /opt/airflow/dags/pipeline_dag.py took 0.206 seconds
[2026-05-07T13:24:07.327+0000] {processor.py:161} INFO - Started process (PID=6313) to work on /opt/airflow/dags/pipeline_dag.py
[2026-05-07T13:24:07.329+0000] {processor.py:830} INFO - Processing file /opt/airflow/dags/pipeline_dag.py for tasks to queue
[2026-05-07T13:24:07.331+0000] {logging_mixin.py:188} INFO - [2026-05-07T13:24:07.330+0000] {dagbag.py:545} INFO - Filling up the DagBag from /opt/airflow/dags/pipeline_dag.py
[2026-05-07T13:24:07.358+0000] {processor.py:840} INFO - DAG(s) 'ab_test_medallion_pipeline' retrieved from /opt/airflow/dags/pipeline_dag.py
[2026-05-07T13:24:07.403+0000] {logging_mixin.py:188} INFO - [2026-05-07T13:24:07.402+0000] {dag.py:3096} INFO - Sync 1 DAGs
[2026-05-07T13:24:07.444+0000] {logging_mixin.py:188} INFO - [2026-05-07T13:24:07.443+0000] {dag.py:3954} INFO - Setting next_dagrun for ab_test_medallion_pipeline to 2026-05-07 00:00:00+00:00, run_after=2026-05-08 00:00:00+00:00
[2026-05-07T13:24:07.472+0000] {processor.py:183} INFO - Processing /opt/airflow/dags/pipeline_dag.py took 0.162 seconds
[2026-05-07T13:24:37.557+0000] {processor.py:161} INFO - Started process (PID=6318) to work on /opt/airflow/dags/pipeline_dag.py
[2026-05-07T13:24:37.558+0000] {processor.py:830} INFO - Processing file /opt/airflow/dags/pipeline_dag.py for tasks to queue
[2026-05-07T13:24:37.560+0000] {logging_mixin.py:188} INFO - [2026-05-07T13:24:37.559+0000] {dagbag.py:545} INFO - Filling up the DagBag from /opt/airflow/dags/pipeline_dag.py
[2026-05-07T13:24:37.585+0000] {processor.py:840} INFO - DAG(s) 'ab_test_medallion_pipeline' retrieved from /opt/airflow/dags/pipeline_dag.py
[2026-05-07T13:24:37.636+0000] {logging_mixin.py:188} INFO - [2026-05-07T13:24:37.636+0000] {dag.py:3096} INFO - Sync 1 DAGs
[2026-05-07T13:24:37.690+0000] {logging_mixin.py:188} INFO - [2026-05-07T13:24:37.689+0000] {dag.py:3954} INFO - Setting next_dagrun for ab_test_medallion_pipeline to 2026-05-07 00:00:00+00:00, run_after=2026-05-08 00:00:00+00:00
[2026-05-07T13:24:37.735+0000] {processor.py:183} INFO - Processing /opt/airflow/dags/pipeline_dag.py took 0.193 seconds
[2026-05-07T13:25:08.591+0000] {processor.py:161} INFO - Started process (PID=6323) to work on /opt/airflow/dags/pipeline_dag.py
[2026-05-07T13:25:08.593+0000] {processor.py:830} INFO - Processing file /opt/airflow/dags/pipeline_dag.py for tasks to queue
[2026-05-07T13:25:08.595+0000] {logging_mixin.py:188} INFO - [2026-05-07T13:25:08.595+0000] {dagbag.py:545} INFO - Filling up the DagBag from /opt/airflow/dags/pipeline_dag.py
[2026-05-07T13:25:08.621+0000] {processor.py:840} INFO - DAG(s) 'ab_test_medallion_pipeline' retrieved from /opt/airflow/dags/pipeline_dag.py
[2026-05-07T13:25:08.675+0000] {logging_mixin.py:188} INFO - [2026-05-07T13:25:08.675+0000] {dag.py:3096} INFO - Sync 1 DAGs
[2026-05-07T13:25:08.721+0000] {logging_mixin.py:188} INFO - [2026-05-07T13:25:08.721+0000] {dag.py:3954} INFO - Setting next_dagrun for ab_test_medallion_pipeline to 2026-05-07 00:00:00+00:00, run_after=2026-05-08 00:00:00+00:00
[2026-05-07T13:25:08.752+0000] {processor.py:183} INFO - Processing /opt/airflow/dags/pipeline_dag.py took 0.180 seconds
[2026-05-07T13:25:38.910+0000] {processor.py:161} INFO - Started process (PID=6328) to work on /opt/airflow/dags/pipeline_dag.py
[2026-05-07T13:25:38.912+0000] {processor.py:830} INFO - Processing file /opt/airflow/dags/pipeline_dag.py for tasks to queue
[2026-05-07T13:25:38.915+0000] {logging_mixin.py:188} INFO - [2026-05-07T13:25:38.914+0000] {dagbag.py:545} INFO - Filling up the DagBag from /opt/airflow/dags/pipeline_dag.py
[2026-05-07T13:25:38.962+0000] {processor.py:840} INFO - DAG(s) 'ab_test_medallion_pipeline' retrieved from /opt/airflow/dags/pipeline_dag.py
[2026-05-07T13:25:39.106+0000] {logging_mixin.py:188} INFO - [2026-05-07T13:25:39.106+0000] {dag.py:3096} INFO - Sync 1 DAGs
[2026-05-07T13:25:39.177+0000] {logging_mixin.py:188} INFO - [2026-05-07T13:25:39.177+0000] {dag.py:3954} INFO - Setting next_dagrun for ab_test_medallion_pipeline to 2026-05-07 00:00:00+00:00, run_after=2026-05-08 00:00:00+00:00
[2026-05-07T13:25:39.273+0000] {processor.py:183} INFO - Processing /opt/airflow/dags/pipeline_dag.py took 0.378 seconds
[2026-05-07T13:26:09.421+0000] {processor.py:161} INFO - Started process (PID=6333) to work on /opt/airflow/dags/pipeline_dag.py
[2026-05-07T13:26:09.423+0000] {processor.py:830} INFO - Processing file /opt/airflow/dags/pipeline_dag.py for tasks to queue
[2026-05-07T13:26:09.425+0000] {logging_mixin.py:188} INFO - [2026-05-07T13:26:09.424+0000] {dagbag.py:545} INFO - Filling up the DagBag from /opt/airflow/dags/pipeline_dag.py
[2026-05-07T13:26:09.466+0000] {processor.py:840} INFO - DAG(s) 'ab_test_medallion_pipeline' retrieved from /opt/airflow/dags/pipeline_dag.py
[2026-05-07T13:26:09.545+0000] {logging_mixin.py:188} INFO - [2026-05-07T13:26:09.545+0000] {dag.py:3096} INFO - Sync 1 DAGs
[2026-05-07T13:26:09.597+0000] {logging_mixin.py:188} INFO - [2026-05-07T13:26:09.597+0000] {dag.py:3954} INFO - Setting next_dagrun for ab_test_medallion_pipeline to 2026-05-07 00:00:00+00:00, run_after=2026-05-08 00:00:00+00:00
[2026-05-07T13:26:09.641+0000] {processor.py:183} INFO - Processing /opt/airflow/dags/pipeline_dag.py took 0.235 seconds
[2026-05-07T13:26:39.783+0000] {processor.py:161} INFO - Started process (PID=6338) to work on /opt/airflow/dags/pipeline_dag.py
[2026-05-07T13:26:39.784+0000] {processor.py:830} INFO - Processing file /opt/airflow/dags/pipeline_dag.py for tasks to queue
[2026-05-07T13:26:39.786+0000] {logging_mixin.py:188} INFO - [2026-05-07T13:26:39.785+0000] {dagbag.py:545} INFO - Filling up the DagBag from /opt/airflow/dags/pipeline_dag.py
[2026-05-07T13:26:39.809+0000] {processor.py:840} INFO - DAG(s) 'ab_test_medallion_pipeline' retrieved from /opt/airflow/dags/pipeline_dag.py
[2026-05-07T13:26:39.860+0000] {logging_mixin.py:188} INFO - [2026-05-07T13:26:39.860+0000] {dag.py:3096} INFO - Sync 1 DAGs
[2026-05-07T13:26:39.913+0000] {logging_mixin.py:188} INFO - [2026-05-07T13:26:39.913+0000] {dag.py:3954} INFO - Setting next_dagrun for ab_test_medallion_pipeline to 2026-05-07 00:00:00+00:00, run_after=2026-05-08 00:00:00+00:00
[2026-05-07T13:26:39.964+0000] {processor.py:183} INFO - Processing /opt/airflow/dags/pipeline_dag.py took 0.193 seconds
[2026-05-07T13:27:10.106+0000] {processor.py:161} INFO - Started process (PID=6343) to work on /opt/airflow/dags/pipeline_dag.py
[2026-05-07T13:27:10.110+0000] {processor.py:830} INFO - Processing file /opt/airflow/dags/pipeline_dag.py for tasks to queue
[2026-05-07T13:27:10.113+0000] {logging_mixin.py:188} INFO - [2026-05-07T13:27:10.112+0000] {dagbag.py:545} INFO - Filling up the DagBag from /opt/airflow/dags/pipeline_dag.py
[2026-05-07T13:27:10.158+0000] {processor.py:840} INFO - DAG(s) 'ab_test_medallion_pipeline' retrieved from /opt/airflow/dags/pipeline_dag.py
[2026-05-07T13:27:10.268+0000] {logging_mixin.py:188} INFO - [2026-05-07T13:27:10.266+0000] {dag.py:3096} INFO - Sync 1 DAGs
[2026-05-07T13:27:10.356+0000] {logging_mixin.py:188} INFO - [2026-05-07T13:27:10.356+0000] {dag.py:3954} INFO - Setting next_dagrun for ab_test_medallion_pipeline to 2026-05-07 00:00:00+00:00, run_after=2026-05-08 00:00:00+00:00
[2026-05-07T13:27:10.408+0000] {processor.py:183} INFO - Processing /opt/airflow/dags/pipeline_dag.py took 0.321 seconds
[2026-05-07T13:27:40.615+0000] {processor.py:161} INFO - Started process (PID=6348) to work on /opt/airflow/dags/pipeline_dag.py
[2026-05-07T13:27:40.619+0000] {processor.py:830} INFO - Processing file /opt/airflow/dags/pipeline_dag.py for tasks to queue
[2026-05-07T13:27:40.621+0000] {logging_mixin.py:188} INFO - [2026-05-07T13:27:40.621+0000] {dagbag.py:545} INFO - Filling up the DagBag from /opt/airflow/dags/pipeline_dag.py
[2026-05-07T13:27:40.657+0000] {processor.py:840} INFO - DAG(s) 'ab_test_medallion_pipeline' retrieved from /opt/airflow/dags/pipeline_dag.py
[2026-05-07T13:27:40.730+0000] {logging_mixin.py:188} INFO - [2026-05-07T13:27:40.729+0000] {dag.py:3096} INFO - Sync 1 DAGs
[2026-05-07T13:27:40.811+0000] {logging_mixin.py:188} INFO - [2026-05-07T13:27:40.810+0000] {dag.py:3954} INFO - Setting next_dagrun for ab_test_medallion_pipeline to 2026-05-07 00:00:00+00:00, run_after=2026-05-08 00:00:00+00:00
[2026-05-07T13:27:40.882+0000] {processor.py:183} INFO - Processing /opt/airflow/dags/pipeline_dag.py took 0.283 seconds
[2026-05-07T13:28:11.130+0000] {processor.py:161} INFO - Started process (PID=6353) to work on /opt/airflow/dags/pipeline_dag.py
[2026-05-07T13:28:11.132+0000] {processor.py:830} INFO - Processing file /opt/airflow/dags/pipeline_dag.py for tasks to queue
[2026-05-07T13:28:11.135+0000] {logging_mixin.py:188} INFO - [2026-05-07T13:28:11.134+0000] {dagbag.py:545} INFO - Filling up the DagBag from /opt/airflow/dags/pipeline_dag.py
[2026-05-07T13:28:11.176+0000] {processor.py:840} INFO - DAG(s) 'ab_test_medallion_pipeline' retrieved from /opt/airflow/dags/pipeline_dag.py
[2026-05-07T13:28:11.252+0000] {logging_mixin.py:188} INFO - [2026-05-07T13:28:11.251+0000] {dag.py:3096} INFO - Sync 1 DAGs
[2026-05-07T13:28:11.315+0000] {logging_mixin.py:188} INFO - [2026-05-07T13:28:11.315+0000] {dag.py:3954} INFO - Setting next_dagrun for ab_test_medallion_pipeline to 2026-05-07 00:00:00+00:00, run_after=2026-05-08 00:00:00+00:00
[2026-05-07T13:28:11.366+0000] {processor.py:183} INFO - Processing /opt/airflow/dags/pipeline_dag.py took 0.259 seconds
[2026-05-07T13:28:41.594+0000] {processor.py:161} INFO - Started process (PID=6358) to work on /opt/airflow/dags/pipeline_dag.py
[2026-05-07T13:28:41.598+0000] {processor.py:830} INFO - Processing file /opt/airflow/dags/pipeline_dag.py for tasks to queue
[2026-05-07T13:28:41.600+0000] {logging_mixin.py:188} INFO - [2026-05-07T13:28:41.599+0000] {dagbag.py:545} INFO - Filling up the DagBag from /opt/airflow/dags/pipeline_dag.py
[2026-05-07T13:28:41.637+0000] {processor.py:840} INFO - DAG(s) 'ab_test_medallion_pipeline' retrieved from /opt/airflow/dags/pipeline_dag.py
[2026-05-07T13:28:41.713+0000] {logging_mixin.py:188} INFO - [2026-05-07T13:28:41.712+0000] {dag.py:3096} INFO - Sync 1 DAGs
[2026-05-07T13:28:41.779+0000] {logging_mixin.py:188} INFO - [2026-05-07T13:28:41.778+0000] {dag.py:3954} INFO - Setting next_dagrun for ab_test_medallion_pipeline to 2026-05-07 00:00:00+00:00, run_after=2026-05-08 00:00:00+00:00
[2026-05-07T13:28:41.834+0000] {processor.py:183} INFO - Processing /opt/airflow/dags/pipeline_dag.py took 0.256 seconds
[2026-05-07T13:29:12.136+0000] {processor.py:161} INFO - Started process (PID=6363) to work on /opt/airflow/dags/pipeline_dag.py
[2026-05-07T13:29:12.147+0000] {processor.py:830} INFO - Processing file /opt/airflow/dags/pipeline_dag.py for tasks to queue
[2026-05-07T13:29:12.149+0000] {logging_mixin.py:188} INFO - [2026-05-07T13:29:12.148+0000] {dagbag.py:545} INFO - Filling up the DagBag from /opt/airflow/dags/pipeline_dag.py
[2026-05-07T13:29:12.216+0000] {processor.py:840} INFO - DAG(s) 'ab_test_medallion_pipeline' retrieved from /opt/airflow/dags/pipeline_dag.py
[2026-05-07T13:29:12.317+0000] {logging_mixin.py:188} INFO - [2026-05-07T13:29:12.317+0000] {dag.py:3096} INFO - Sync 1 DAGs
[2026-05-07T13:29:12.439+0000] {logging_mixin.py:188} INFO - [2026-05-07T13:29:12.438+0000] {dag.py:3954} INFO - Setting next_dagrun for ab_test_medallion_pipeline to 2026-05-07 00:00:00+00:00, run_after=2026-05-08 00:00:00+00:00
[2026-05-07T13:29:12.520+0000] {processor.py:183} INFO - Processing /opt/airflow/dags/pipeline_dag.py took 0.413 seconds
[2026-05-07T13:29:42.867+0000] {processor.py:161} INFO - Started process (PID=6368) to work on /opt/airflow/dags/pipeline_dag.py
[2026-05-07T13:29:42.869+0000] {processor.py:830} INFO - Processing file /opt/airflow/dags/pipeline_dag.py for tasks to queue
[2026-05-07T13:29:42.871+0000] {logging_mixin.py:188} INFO - [2026-05-07T13:29:42.870+0000] {dagbag.py:545} INFO - Filling up the DagBag from /opt/airflow/dags/pipeline_dag.py
[2026-05-07T13:29:42.892+0000] {processor.py:840} INFO - DAG(s) 'ab_test_medallion_pipeline' retrieved from /opt/airflow/dags/pipeline_dag.py
[2026-05-07T13:29:42.973+0000] {logging_mixin.py:188} INFO - [2026-05-07T13:29:42.973+0000] {dag.py:3096} INFO - Sync 1 DAGs
[2026-05-07T13:29:43.008+0000] {logging_mixin.py:188} INFO - [2026-05-07T13:29:43.007+0000] {dag.py:3954} INFO - Setting next_dagrun for ab_test_medallion_pipeline to 2026-05-07 00:00:00+00:00, run_after=2026-05-08 00:00:00+00:00
[2026-05-07T13:29:43.038+0000] {processor.py:183} INFO - Processing /opt/airflow/dags/pipeline_dag.py took 0.184 seconds
[2026-05-07T13:30:13.218+0000] {processor.py:161} INFO - Started process (PID=6373) to work on /opt/airflow/dags/pipeline_dag.py
[2026-05-07T13:30:13.221+0000] {processor.py:830} INFO - Processing file /opt/airflow/dags/pipeline_dag.py for tasks to queue
[2026-05-07T13:30:13.223+0000] {logging_mixin.py:188} INFO - [2026-05-07T13:30:13.222+0000] {dagbag.py:545} INFO - Filling up the DagBag from /opt/airflow/dags/pipeline_dag.py
[2026-05-07T13:30:13.245+0000] {processor.py:840} INFO - DAG(s) 'ab_test_medallion_pipeline' retrieved from /opt/airflow/dags/pipeline_dag.py
[2026-05-07T13:30:13.296+0000] {logging_mixin.py:188} INFO - [2026-05-07T13:30:13.295+0000] {dag.py:3096} INFO - Sync 1 DAGs
[2026-05-07T13:30:13.369+0000] {logging_mixin.py:188} INFO - [2026-05-07T13:30:13.368+0000] {dag.py:3954} INFO - Setting next_dagrun for ab_test_medallion_pipeline to 2026-05-07 00:00:00+00:00, run_after=2026-05-08 00:00:00+00:00
[2026-05-07T13:30:13.409+0000] {processor.py:183} INFO - Processing /opt/airflow/dags/pipeline_dag.py took 0.209 seconds
[2026-05-07T13:30:43.565+0000] {processor.py:161} INFO - Started process (PID=6378) to work on /opt/airflow/dags/pipeline_dag.py
[2026-05-07T13:30:43.577+0000] {processor.py:830} INFO - Processing file /opt/airflow/dags/pipeline_dag.py for tasks to queue
[2026-05-07T13:30:43.580+0000] {logging_mixin.py:188} INFO - [2026-05-07T13:30:43.579+0000] {dagbag.py:545} INFO - Filling up the DagBag from /opt/airflow/dags/pipeline_dag.py
[2026-05-07T13:30:43.709+0000] {processor.py:840} INFO - DAG(s) 'ab_test_medallion_pipeline' retrieved from /opt/airflow/dags/pipeline_dag.py
[2026-05-07T13:30:43.932+0000] {logging_mixin.py:188} INFO - [2026-05-07T13:30:43.931+0000] {dag.py:3096} INFO - Sync 1 DAGs
[2026-05-07T13:30:44.127+0000] {logging_mixin.py:188} INFO - [2026-05-07T13:30:44.126+0000] {dag.py:3954} INFO - Setting next_dagrun for ab_test_medallion_pipeline to 2026-05-07 00:00:00+00:00, run_after=2026-05-08 00:00:00+00:00
[2026-05-07T13:30:44.225+0000] {processor.py:183} INFO - Processing /opt/airflow/dags/pipeline_dag.py took 0.692 seconds
[2026-05-07T13:31:14.486+0000] {processor.py:161} INFO - Started process (PID=6383) to work on /opt/airflow/dags/pipeline_dag.py
[2026-05-07T13:31:14.488+0000] {processor.py:830} INFO - Processing file /opt/airflow/dags/pipeline_dag.py for tasks to queue
[2026-05-07T13:31:14.490+0000] {logging_mixin.py:188} INFO - [2026-05-07T13:31:14.489+0000] {dagbag.py:545} INFO - Filling up the DagBag from /opt/airflow/dags/pipeline_dag.py
[2026-05-07T13:31:14.521+0000] {processor.py:840} INFO - DAG(s) 'ab_test_medallion_pipeline' retrieved from /opt/airflow/dags/pipeline_dag.py
[2026-05-07T13:31:14.574+0000] {logging_mixin.py:188} INFO - [2026-05-07T13:31:14.574+0000] {dag.py:3096} INFO - Sync 1 DAGs
[2026-05-07T13:31:14.610+0000] {logging_mixin.py:188} INFO - [2026-05-07T13:31:14.609+0000] {dag.py:3954} INFO - Setting next_dagrun for ab_test_medallion_pipeline to 2026-05-07 00:00:00+00:00, run_after=2026-05-08 00:00:00+00:00
[2026-05-07T13:31:14.639+0000] {processor.py:183} INFO - Processing /opt/airflow/dags/pipeline_dag.py took 0.168 seconds
[2026-05-07T13:31:44.815+0000] {processor.py:161} INFO - Started process (PID=6388) to work on /opt/airflow/dags/pipeline_dag.py
[2026-05-07T13:31:44.817+0000] {processor.py:830} INFO - Processing file /opt/airflow/dags/pipeline_dag.py for tasks to queue
[2026-05-07T13:31:44.820+0000] {logging_mixin.py:188} INFO - [2026-05-07T13:31:44.819+0000] {dagbag.py:545} INFO - Filling up the DagBag from /opt/airflow/dags/pipeline_dag.py
[2026-05-07T13:31:44.856+0000] {processor.py:840} INFO - DAG(s) 'ab_test_medallion_pipeline' retrieved from /opt/airflow/dags/pipeline_dag.py
[2026-05-07T13:31:45.103+0000] {logging_mixin.py:188} INFO - [2026-05-07T13:31:45.102+0000] {dag.py:3096} INFO - Sync 1 DAGs
[2026-05-07T13:31:45.253+0000] {logging_mixin.py:188} INFO - [2026-05-07T13:31:45.252+0000] {dag.py:3954} INFO - Setting next_dagrun for ab_test_medallion_pipeline to 2026-05-07 00:00:00+00:00, run_after=2026-05-08 00:00:00+00:00
[2026-05-07T13:31:45.364+0000] {processor.py:183} INFO - Processing /opt/airflow/dags/pipeline_dag.py took 0.567 seconds
[2026-05-07T13:32:15.576+0000] {processor.py:161} INFO - Started process (PID=6393) to work on /opt/airflow/dags/pipeline_dag.py
[2026-05-07T13:32:15.580+0000] {processor.py:830} INFO - Processing file /opt/airflow/dags/pipeline_dag.py for tasks to queue
[2026-05-07T13:32:15.584+0000] {logging_mixin.py:188} INFO - [2026-05-07T13:32:15.583+0000] {dagbag.py:545} INFO - Filling up the DagBag from /opt/airflow/dags/pipeline_dag.py
[2026-05-07T13:32:15.629+0000] {processor.py:840} INFO - DAG(s) 'ab_test_medallion_pipeline' retrieved from /opt/airflow/dags/pipeline_dag.py
[2026-05-07T13:32:15.714+0000] {logging_mixin.py:188} INFO - [2026-05-07T13:32:15.714+0000] {dag.py:3096} INFO - Sync 1 DAGs
[2026-05-07T13:32:15.784+0000] {logging_mixin.py:188} INFO - [2026-05-07T13:32:15.783+0000] {dag.py:3954} INFO - Setting next_dagrun for ab_test_medallion_pipeline to 2026-05-07 00:00:00+00:00, run_after=2026-05-08 00:00:00+00:00
[2026-05-07T13:32:15.843+0000] {processor.py:183} INFO - Processing /opt/airflow/dags/pipeline_dag.py took 0.283 seconds
[2026-05-07T13:32:46.075+0000] {processor.py:161} INFO - Started process (PID=6398) to work on /opt/airflow/dags/pipeline_dag.py
[2026-05-07T13:32:46.080+0000] {processor.py:830} INFO - Processing file /opt/airflow/dags/pipeline_dag.py for tasks to queue
[2026-05-07T13:32:46.082+0000] {logging_mixin.py:188} INFO - [2026-05-07T13:32:46.081+0000] {dagbag.py:545} INFO - Filling up the DagBag from /opt/airflow/dags/pipeline_dag.py
[2026-05-07T13:32:46.130+0000] {processor.py:840} INFO - DAG(s) 'ab_test_medallion_pipeline' retrieved from /opt/airflow/dags/pipeline_dag.py
[2026-05-07T13:32:46.217+0000] {logging_mixin.py:188} INFO - [2026-05-07T13:32:46.217+0000] {dag.py:3096} INFO - Sync 1 DAGs
[2026-05-07T13:32:46.255+0000] {logging_mixin.py:188} INFO - [2026-05-07T13:32:46.255+0000] {dag.py:3954} INFO - Setting next_dagrun for ab_test_medallion_pipeline to 2026-05-07 00:00:00+00:00, run_after=2026-05-08 00:00:00+00:00
[2026-05-07T13:32:46.293+0000] {processor.py:183} INFO - Processing /opt/airflow/dags/pipeline_dag.py took 0.238 seconds
[2026-05-07T13:33:16.486+0000] {processor.py:161} INFO - Started process (PID=6403) to work on /opt/airflow/dags/pipeline_dag.py
[2026-05-07T13:33:16.487+0000] {processor.py:830} INFO - Processing file /opt/airflow/dags/pipeline_dag.py for tasks to queue
[2026-05-07T13:33:16.491+0000] {logging_mixin.py:188} INFO - [2026-05-07T13:33:16.489+0000] {dagbag.py:545} INFO - Filling up the DagBag from /opt/airflow/dags/pipeline_dag.py
[2026-05-07T13:33:16.550+0000] {processor.py:840} INFO - DAG(s) 'ab_test_medallion_pipeline' retrieved from /opt/airflow/dags/pipeline_dag.py
[2026-05-07T13:33:16.637+0000] {logging_mixin.py:188} INFO - [2026-05-07T13:33:16.637+0000] {dag.py:3096} INFO - Sync 1 DAGs
[2026-05-07T13:33:16.699+0000] {logging_mixin.py:188} INFO - [2026-05-07T13:33:16.699+0000] {dag.py:3954} INFO - Setting next_dagrun for ab_test_medallion_pipeline to 2026-05-07 00:00:00+00:00, run_after=2026-05-08 00:00:00+00:00
[2026-05-07T13:33:16.775+0000] {processor.py:183} INFO - Processing /opt/airflow/dags/pipeline_dag.py took 0.312 seconds
[2026-05-07T13:33:47.007+0000] {processor.py:161} INFO - Started process (PID=6408) to work on /opt/airflow/dags/pipeline_dag.py
[2026-05-07T13:33:47.013+0000] {processor.py:830} INFO - Processing file /opt/airflow/dags/pipeline_dag.py for tasks to queue
[2026-05-07T13:33:47.022+0000] {logging_mixin.py:188} INFO - [2026-05-07T13:33:47.021+0000] {dagbag.py:545} INFO - Filling up the DagBag from /opt/airflow/dags/pipeline_dag.py
[2026-05-07T13:33:47.084+0000] {processor.py:840} INFO - DAG(s) 'ab_test_medallion_pipeline' retrieved from /opt/airflow/dags/pipeline_dag.py
[2026-05-07T13:33:47.215+0000] {logging_mixin.py:188} INFO - [2026-05-07T13:33:47.214+0000] {dag.py:3096} INFO - Sync 1 DAGs
[2026-05-07T13:33:47.305+0000] {logging_mixin.py:188} INFO - [2026-05-07T13:33:47.304+0000] {dag.py:3954} INFO - Setting next_dagrun for ab_test_medallion_pipeline to 2026-05-07 00:00:00+00:00, run_after=2026-05-08 00:00:00+00:00
[2026-05-07T13:33:47.396+0000] {processor.py:183} INFO - Processing /opt/airflow/dags/pipeline_dag.py took 0.412 seconds
[2026-05-07T13:34:17.630+0000] {processor.py:161} INFO - Started process (PID=6413) to work on /opt/airflow/dags/pipeline_dag.py
[2026-05-07T13:34:17.632+0000] {processor.py:830} INFO - Processing file /opt/airflow/dags/pipeline_dag.py for tasks to queue
[2026-05-07T13:34:17.635+0000] {logging_mixin.py:188} INFO - [2026-05-07T13:34:17.633+0000] {dagbag.py:545} INFO - Filling up the DagBag from /opt/airflow/dags/pipeline_dag.py
[2026-05-07T13:34:17.682+0000] {processor.py:840} INFO - DAG(s) 'ab_test_medallion_pipeline' retrieved from /opt/airflow/dags/pipeline_dag.py
[2026-05-07T13:34:17.731+0000] {logging_mixin.py:188} INFO - [2026-05-07T13:34:17.731+0000] {dag.py:3096} INFO - Sync 1 DAGs
[2026-05-07T13:34:17.766+0000] {logging_mixin.py:188} INFO - [2026-05-07T13:34:17.766+0000] {dag.py:3954} INFO - Setting next_dagrun for ab_test_medallion_pipeline to 2026-05-07 00:00:00+00:00, run_after=2026-05-08 00:00:00+00:00
[2026-05-07T13:34:17.816+0000] {processor.py:183} INFO - Processing /opt/airflow/dags/pipeline_dag.py took 0.202 seconds
[2026-05-07T13:34:47.994+0000] {processor.py:161} INFO - Started process (PID=6418) to work on /opt/airflow/dags/pipeline_dag.py
[2026-05-07T13:34:47.996+0000] {processor.py:830} INFO - Processing file /opt/airflow/dags/pipeline_dag.py for tasks to queue
[2026-05-07T13:34:47.998+0000] {logging_mixin.py:188} INFO - [2026-05-07T13:34:47.997+0000] {dagbag.py:545} INFO - Filling up the DagBag from /opt/airflow/dags/pipeline_dag.py
[2026-05-07T13:34:48.025+0000] {processor.py:840} INFO - DAG(s) 'ab_test_medallion_pipeline' retrieved from /opt/airflow/dags/pipeline_dag.py
[2026-05-07T13:34:48.085+0000] {logging_mixin.py:188} INFO - [2026-05-07T13:34:48.084+0000] {dag.py:3096} INFO - Sync 1 DAGs
[2026-05-07T13:34:48.169+0000] {logging_mixin.py:188} INFO - [2026-05-07T13:34:48.168+0000] {dag.py:3954} INFO - Setting next_dagrun for ab_test_medallion_pipeline to 2026-05-07 00:00:00+00:00, run_after=2026-05-08 00:00:00+00:00
[2026-05-07T13:34:48.216+0000] {processor.py:183} INFO - Processing /opt/airflow/dags/pipeline_dag.py took 0.235 seconds
[2026-05-07T13:35:18.469+0000] {processor.py:161} INFO - Started process (PID=6423) to work on /opt/airflow/dags/pipeline_dag.py
[2026-05-07T13:35:18.471+0000] {processor.py:830} INFO - Processing file /opt/airflow/dags/pipeline_dag.py for tasks to queue
[2026-05-07T13:35:18.474+0000] {logging_mixin.py:188} INFO - [2026-05-07T13:35:18.472+0000] {dagbag.py:545} INFO - Filling up the DagBag from /opt/airflow/dags/pipeline_dag.py
[2026-05-07T13:35:18.526+0000] {processor.py:840} INFO - DAG(s) 'ab_test_medallion_pipeline' retrieved from /opt/airflow/dags/pipeline_dag.py
[2026-05-07T13:35:18.646+0000] {logging_mixin.py:188} INFO - [2026-05-07T13:35:18.644+0000] {dag.py:3096} INFO - Sync 1 DAGs
[2026-05-07T13:35:18.726+0000] {logging_mixin.py:188} INFO - [2026-05-07T13:35:18.726+0000] {dag.py:3954} INFO - Setting next_dagrun for ab_test_medallion_pipeline to 2026-05-07 00:00:00+00:00, run_after=2026-05-08 00:00:00+00:00
[2026-05-07T13:35:18.782+0000] {processor.py:183} INFO - Processing /opt/airflow/dags/pipeline_dag.py took 0.338 seconds
[2026-05-07T13:35:48.955+0000] {processor.py:161} INFO - Started process (PID=6428) to work on /opt/airflow/dags/pipeline_dag.py
[2026-05-07T13:35:48.957+0000] {processor.py:830} INFO - Processing file /opt/airflow/dags/pipeline_dag.py for tasks to queue
[2026-05-07T13:35:48.959+0000] {logging_mixin.py:188} INFO - [2026-05-07T13:35:48.958+0000] {dagbag.py:545} INFO - Filling up the DagBag from /opt/airflow/dags/pipeline_dag.py
[2026-05-07T13:35:48.991+0000] {processor.py:840} INFO - DAG(s) 'ab_test_medallion_pipeline' retrieved from /opt/airflow/dags/pipeline_dag.py
[2026-05-07T13:35:49.052+0000] {logging_mixin.py:188} INFO - [2026-05-07T13:35:49.052+0000] {dag.py:3096} INFO - Sync 1 DAGs
[2026-05-07T13:35:49.115+0000] {logging_mixin.py:188} INFO - [2026-05-07T13:35:49.115+0000] {dag.py:3954} INFO - Setting next_dagrun for ab_test_medallion_pipeline to 2026-05-07 00:00:00+00:00, run_after=2026-05-08 00:00:00+00:00
[2026-05-07T13:35:49.179+0000] {processor.py:183} INFO - Processing /opt/airflow/dags/pipeline_dag.py took 0.242 seconds
[2026-05-07T13:36:19.301+0000] {processor.py:161} INFO - Started process (PID=6433) to work on /opt/airflow/dags/pipeline_dag.py
[2026-05-07T13:36:19.302+0000] {processor.py:830} INFO - Processing file /opt/airflow/dags/pipeline_dag.py for tasks to queue
[2026-05-07T13:36:19.304+0000] {logging_mixin.py:188} INFO - [2026-05-07T13:36:19.304+0000] {dagbag.py:545} INFO - Filling up the DagBag from /opt/airflow/dags/pipeline_dag.py
[2026-05-07T13:36:19.333+0000] {processor.py:840} INFO - DAG(s) 'ab_test_medallion_pipeline' retrieved from /opt/airflow/dags/pipeline_dag.py
[2026-05-07T13:36:19.399+0000] {logging_mixin.py:188} INFO - [2026-05-07T13:36:19.398+0000] {dag.py:3096} INFO - Sync 1 DAGs
[2026-05-07T13:36:19.450+0000] {logging_mixin.py:188} INFO - [2026-05-07T13:36:19.449+0000] {dag.py:3954} INFO - Setting next_dagrun for ab_test_medallion_pipeline to 2026-05-07 00:00:00+00:00, run_after=2026-05-08 00:00:00+00:00
[2026-05-07T13:36:19.489+0000] {processor.py:183} INFO - Processing /opt/airflow/dags/pipeline_dag.py took 0.202 seconds
[2026-05-07T13:36:49.677+0000] {processor.py:161} INFO - Started process (PID=6438) to work on /opt/airflow/dags/pipeline_dag.py
[2026-05-07T13:36:49.679+0000] {processor.py:830} INFO - Processing file /opt/airflow/dags/pipeline_dag.py for tasks to queue
[2026-05-07T13:36:49.681+0000] {logging_mixin.py:188} INFO - [2026-05-07T13:36:49.680+0000] {dagbag.py:545} INFO - Filling up the DagBag from /opt/airflow/dags/pipeline_dag.py
[2026-05-07T13:36:49.710+0000] {processor.py:840} INFO - DAG(s) 'ab_test_medallion_pipeline' retrieved from /opt/airflow/dags/pipeline_dag.py
[2026-05-07T13:36:49.780+0000] {logging_mixin.py:188} INFO - [2026-05-07T13:36:49.780+0000] {dag.py:3096} INFO - Sync 1 DAGs
[2026-05-07T13:36:49.861+0000] {logging_mixin.py:188} INFO - [2026-05-07T13:36:49.861+0000] {dag.py:3954} INFO - Setting next_dagrun for ab_test_medallion_pipeline to 2026-05-07 00:00:00+00:00, run_after=2026-05-08 00:00:00+00:00
[2026-05-07T13:36:49.909+0000] {processor.py:183} INFO - Processing /opt/airflow/dags/pipeline_dag.py took 0.249 seconds
[2026-05-07T13:37:20.065+0000] {processor.py:161} INFO - Started process (PID=6443) to work on /opt/airflow/dags/pipeline_dag.py
[2026-05-07T13:37:20.068+0000] {processor.py:830} INFO - Processing file /opt/airflow/dags/pipeline_dag.py for tasks to queue
[2026-05-07T13:37:20.070+0000] {logging_mixin.py:188} INFO - [2026-05-07T13:37:20.069+0000] {dagbag.py:545} INFO - Filling up the DagBag from /opt/airflow/dags/pipeline_dag.py
[2026-05-07T13:37:20.099+0000] {processor.py:840} INFO - DAG(s) 'ab_test_medallion_pipeline' retrieved from /opt/airflow/dags/pipeline_dag.py
[2026-05-07T13:37:20.265+0000] {logging_mixin.py:188} INFO - [2026-05-07T13:37:20.264+0000] {dag.py:3096} INFO - Sync 1 DAGs
[2026-05-07T13:37:20.422+0000] {logging_mixin.py:188} INFO - [2026-05-07T13:37:20.413+0000] {dag.py:3954} INFO - Setting next_dagrun for ab_test_medallion_pipeline to 2026-05-07 00:00:00+00:00, run_after=2026-05-08 00:00:00+00:00
[2026-05-07T13:37:20.523+0000] {processor.py:183} INFO - Processing /opt/airflow/dags/pipeline_dag.py took 0.471 seconds
[2026-05-07T13:37:50.690+0000] {processor.py:161} INFO - Started process (PID=6448) to work on /opt/airflow/dags/pipeline_dag.py
[2026-05-07T13:37:50.692+0000] {processor.py:830} INFO - Processing file /opt/airflow/dags/pipeline_dag.py for tasks to queue
[2026-05-07T13:37:50.694+0000] {logging_mixin.py:188} INFO - [2026-05-07T13:37:50.693+0000] {dagbag.py:545} INFO - Filling up the DagBag from /opt/airflow/dags/pipeline_dag.py
[2026-05-07T13:37:50.749+0000] {processor.py:840} INFO - DAG(s) 'ab_test_medallion_pipeline' retrieved from /opt/airflow/dags/pipeline_dag.py
[2026-05-07T13:37:50.864+0000] {logging_mixin.py:188} INFO - [2026-05-07T13:37:50.864+0000] {dag.py:3096} INFO - Sync 1 DAGs
[2026-05-07T13:37:50.967+0000] {logging_mixin.py:188} INFO - [2026-05-07T13:37:50.966+0000] {dag.py:3954} INFO - Setting next_dagrun for ab_test_medallion_pipeline to 2026-05-07 00:00:00+00:00, run_after=2026-05-08 00:00:00+00:00
[2026-05-07T13:37:51.095+0000] {processor.py:183} INFO - Processing /opt/airflow/dags/pipeline_dag.py took 0.424 seconds
[2026-05-07T13:38:21.293+0000] {processor.py:161} INFO - Started process (PID=6453) to work on /opt/airflow/dags/pipeline_dag.py
[2026-05-07T13:38:21.295+0000] {processor.py:830} INFO - Processing file /opt/airflow/dags/pipeline_dag.py for tasks to queue
[2026-05-07T13:38:21.298+0000] {logging_mixin.py:188} INFO - [2026-05-07T13:38:21.297+0000] {dagbag.py:545} INFO - Filling up the DagBag from /opt/airflow/dags/pipeline_dag.py
[2026-05-07T13:38:21.347+0000] {processor.py:840} INFO - DAG(s) 'ab_test_medallion_pipeline' retrieved from /opt/airflow/dags/pipeline_dag.py
[2026-05-07T13:38:21.447+0000] {logging_mixin.py:188} INFO - [2026-05-07T13:38:21.447+0000] {dag.py:3096} INFO - Sync 1 DAGs
[2026-05-07T13:38:21.533+0000] {logging_mixin.py:188} INFO - [2026-05-07T13:38:21.532+0000] {dag.py:3954} INFO - Setting next_dagrun for ab_test_medallion_pipeline to 2026-05-07 00:00:00+00:00, run_after=2026-05-08 00:00:00+00:00
[2026-05-07T13:38:21.606+0000] {processor.py:183} INFO - Processing /opt/airflow/dags/pipeline_dag.py took 0.333 seconds
[2026-05-07T13:38:51.844+0000] {processor.py:161} INFO - Started process (PID=6458) to work on /opt/airflow/dags/pipeline_dag.py
[2026-05-07T13:38:51.846+0000] {processor.py:830} INFO - Processing file /opt/airflow/dags/pipeline_dag.py for tasks to queue
[2026-05-07T13:38:51.849+0000] {logging_mixin.py:188} INFO - [2026-05-07T13:38:51.847+0000] {dagbag.py:545} INFO - Filling up the DagBag from /opt/airflow/dags/pipeline_dag.py
[2026-05-07T13:38:51.899+0000] {processor.py:840} INFO - DAG(s) 'ab_test_medallion_pipeline' retrieved from /opt/airflow/dags/pipeline_dag.py
[2026-05-07T13:38:52.067+0000] {logging_mixin.py:188} INFO - [2026-05-07T13:38:52.066+0000] {dag.py:3096} INFO - Sync 1 DAGs
[2026-05-07T13:38:52.203+0000] {logging_mixin.py:188} INFO - [2026-05-07T13:38:52.202+0000] {dag.py:3954} INFO - Setting next_dagrun for ab_test_medallion_pipeline to 2026-05-07 00:00:00+00:00, run_after=2026-05-08 00:00:00+00:00
[2026-05-07T13:38:52.267+0000] {processor.py:183} INFO - Processing /opt/airflow/dags/pipeline_dag.py took 0.448 seconds
[2026-05-07T13:39:22.472+0000] {processor.py:161} INFO - Started process (PID=6463) to work on /opt/airflow/dags/pipeline_dag.py
[2026-05-07T13:39:22.475+0000] {processor.py:830} INFO - Processing file /opt/airflow/dags/pipeline_dag.py for tasks to queue
[2026-05-07T13:39:22.478+0000] {logging_mixin.py:188} INFO - [2026-05-07T13:39:22.477+0000] {dagbag.py:545} INFO - Filling up the DagBag from /opt/airflow/dags/pipeline_dag.py
[2026-05-07T13:39:22.560+0000] {processor.py:840} INFO - DAG(s) 'ab_test_medallion_pipeline' retrieved from /opt/airflow/dags/pipeline_dag.py
[2026-05-07T13:39:22.649+0000] {logging_mixin.py:188} INFO - [2026-05-07T13:39:22.649+0000] {dag.py:3096} INFO - Sync 1 DAGs
[2026-05-07T13:39:22.740+0000] {logging_mixin.py:188} INFO - [2026-05-07T13:39:22.740+0000] {dag.py:3954} INFO - Setting next_dagrun for ab_test_medallion_pipeline to 2026-05-07 00:00:00+00:00, run_after=2026-05-08 00:00:00+00:00
[2026-05-07T13:39:22.804+0000] {processor.py:183} INFO - Processing /opt/airflow/dags/pipeline_dag.py took 0.360 seconds
[2026-05-07T13:39:53.024+0000] {processor.py:161} INFO - Started process (PID=6468) to work on /opt/airflow/dags/pipeline_dag.py
[2026-05-07T13:39:53.026+0000] {processor.py:830} INFO - Processing file /opt/airflow/dags/pipeline_dag.py for tasks to queue
[2026-05-07T13:39:53.030+0000] {logging_mixin.py:188} INFO - [2026-05-07T13:39:53.027+0000] {dagbag.py:545} INFO - Filling up the DagBag from /opt/airflow/dags/pipeline_dag.py
[2026-05-07T13:39:53.085+0000] {processor.py:840} INFO - DAG(s) 'ab_test_medallion_pipeline' retrieved from /opt/airflow/dags/pipeline_dag.py
[2026-05-07T13:39:53.254+0000] {logging_mixin.py:188} INFO - [2026-05-07T13:39:53.253+0000] {dag.py:3096} INFO - Sync 1 DAGs
[2026-05-07T13:39:53.390+0000] {logging_mixin.py:188} INFO - [2026-05-07T13:39:53.390+0000] {dag.py:3954} INFO - Setting next_dagrun for ab_test_medallion_pipeline to 2026-05-07 00:00:00+00:00, run_after=2026-05-08 00:00:00+00:00
[2026-05-07T13:39:53.576+0000] {processor.py:183} INFO - Processing /opt/airflow/dags/pipeline_dag.py took 0.584 seconds
[2026-05-07T13:40:23.671+0000] {processor.py:161} INFO - Started process (PID=6473) to work on /opt/airflow/dags/pipeline_dag.py
[2026-05-07T13:40:23.675+0000] {processor.py:830} INFO - Processing file /opt/airflow/dags/pipeline_dag.py for tasks to queue
[2026-05-07T13:40:23.676+0000] {logging_mixin.py:188} INFO - [2026-05-07T13:40:23.676+0000] {dagbag.py:545} INFO - Filling up the DagBag from /opt/airflow/dags/pipeline_dag.py
[2026-05-07T13:40:23.706+0000] {processor.py:840} INFO - DAG(s) 'ab_test_medallion_pipeline' retrieved from /opt/airflow/dags/pipeline_dag.py
[2026-05-07T13:40:23.762+0000] {logging_mixin.py:188} INFO - [2026-05-07T13:40:23.761+0000] {dag.py:3096} INFO - Sync 1 DAGs
[2026-05-07T13:40:23.810+0000] {logging_mixin.py:188} INFO - [2026-05-07T13:40:23.809+0000] {dag.py:3954} INFO - Setting next_dagrun for ab_test_medallion_pipeline to 2026-05-07 00:00:00+00:00, run_after=2026-05-08 00:00:00+00:00
[2026-05-07T13:40:23.877+0000] {processor.py:183} INFO - Processing /opt/airflow/dags/pipeline_dag.py took 0.219 seconds
[2026-05-07T13:40:54.056+0000] {processor.py:161} INFO - Started process (PID=6478) to work on /opt/airflow/dags/pipeline_dag.py
[2026-05-07T13:40:54.058+0000] {processor.py:830} INFO - Processing file /opt/airflow/dags/pipeline_dag.py for tasks to queue
[2026-05-07T13:40:54.059+0000] {logging_mixin.py:188} INFO - [2026-05-07T13:40:54.058+0000] {dagbag.py:545} INFO - Filling up the DagBag from /opt/airflow/dags/pipeline_dag.py
[2026-05-07T13:40:54.088+0000] {processor.py:840} INFO - DAG(s) 'ab_test_medallion_pipeline' retrieved from /opt/airflow/dags/pipeline_dag.py
[2026-05-07T13:40:54.148+0000] {logging_mixin.py:188} INFO - [2026-05-07T13:40:54.147+0000] {dag.py:3096} INFO - Sync 1 DAGs
[2026-05-07T13:40:54.207+0000] {logging_mixin.py:188} INFO - [2026-05-07T13:40:54.206+0000] {dag.py:3954} INFO - Setting next_dagrun for ab_test_medallion_pipeline to 2026-05-07 00:00:00+00:00, run_after=2026-05-08 00:00:00+00:00
[2026-05-07T13:40:54.246+0000] {processor.py:183} INFO - Processing /opt/airflow/dags/pipeline_dag.py took 0.203 seconds
[2026-05-07T13:41:24.428+0000] {processor.py:161} INFO - Started process (PID=6483) to work on /opt/airflow/dags/pipeline_dag.py
[2026-05-07T13:41:24.430+0000] {processor.py:830} INFO - Processing file /opt/airflow/dags/pipeline_dag.py for tasks to queue
[2026-05-07T13:41:24.431+0000] {logging_mixin.py:188} INFO - [2026-05-07T13:41:24.431+0000] {dagbag.py:545} INFO - Filling up the DagBag from /opt/airflow/dags/pipeline_dag.py
[2026-05-07T13:41:24.457+0000] {processor.py:840} INFO - DAG(s) 'ab_test_medallion_pipeline' retrieved from /opt/airflow/dags/pipeline_dag.py
[2026-05-07T13:41:24.514+0000] {logging_mixin.py:188} INFO - [2026-05-07T13:41:24.513+0000] {dag.py:3096} INFO - Sync 1 DAGs
[2026-05-07T13:41:24.554+0000] {logging_mixin.py:188} INFO - [2026-05-07T13:41:24.554+0000] {dag.py:3954} INFO - Setting next_dagrun for ab_test_medallion_pipeline to 2026-05-07 00:00:00+00:00, run_after=2026-05-08 00:00:00+00:00
[2026-05-07T13:41:24.588+0000] {processor.py:183} INFO - Processing /opt/airflow/dags/pipeline_dag.py took 0.176 seconds
[2026-05-07T13:41:54.753+0000] {processor.py:161} INFO - Started process (PID=6488) to work on /opt/airflow/dags/pipeline_dag.py
[2026-05-07T13:41:54.755+0000] {processor.py:830} INFO - Processing file /opt/airflow/dags/pipeline_dag.py for tasks to queue
[2026-05-07T13:41:54.757+0000] {logging_mixin.py:188} INFO - [2026-05-07T13:41:54.756+0000] {dagbag.py:545} INFO - Filling up the DagBag from /opt/airflow/dags/pipeline_dag.py
[2026-05-07T13:41:54.790+0000] {processor.py:840} INFO - DAG(s) 'ab_test_medallion_pipeline' retrieved from /opt/airflow/dags/pipeline_dag.py
[2026-05-07T13:41:54.853+0000] {logging_mixin.py:188} INFO - [2026-05-07T13:41:54.852+0000] {dag.py:3096} INFO - Sync 1 DAGs
[2026-05-07T13:41:54.895+0000] {logging_mixin.py:188} INFO - [2026-05-07T13:41:54.895+0000] {dag.py:3954} INFO - Setting next_dagrun for ab_test_medallion_pipeline to 2026-05-07 00:00:00+00:00, run_after=2026-05-08 00:00:00+00:00
[2026-05-07T13:41:54.975+0000] {processor.py:183} INFO - Processing /opt/airflow/dags/pipeline_dag.py took 0.239 seconds
[2026-05-07T13:42:25.253+0000] {processor.py:161} INFO - Started process (PID=6493) to work on /opt/airflow/dags/pipeline_dag.py
[2026-05-07T13:42:25.282+0000] {processor.py:830} INFO - Processing file /opt/airflow/dags/pipeline_dag.py for tasks to queue
[2026-05-07T13:42:25.284+0000] {logging_mixin.py:188} INFO - [2026-05-07T13:42:25.283+0000] {dagbag.py:545} INFO - Filling up the DagBag from /opt/airflow/dags/pipeline_dag.py
[2026-05-07T13:42:25.310+0000] {processor.py:840} INFO - DAG(s) 'ab_test_medallion_pipeline' retrieved from /opt/airflow/dags/pipeline_dag.py
[2026-05-07T13:42:25.368+0000] {logging_mixin.py:188} INFO - [2026-05-07T13:42:25.368+0000] {dag.py:3096} INFO - Sync 1 DAGs
[2026-05-07T13:42:25.411+0000] {logging_mixin.py:188} INFO - [2026-05-07T13:42:25.411+0000] {dag.py:3954} INFO - Setting next_dagrun for ab_test_medallion_pipeline to 2026-05-07 00:00:00+00:00, run_after=2026-05-08 00:00:00+00:00
[2026-05-07T13:42:25.459+0000] {processor.py:183} INFO - Processing /opt/airflow/dags/pipeline_dag.py took 0.232 seconds
[2026-05-07T13:42:55.617+0000] {processor.py:161} INFO - Started process (PID=6498) to work on /opt/airflow/dags/pipeline_dag.py
[2026-05-07T13:42:55.619+0000] {processor.py:830} INFO - Processing file /opt/airflow/dags/pipeline_dag.py for tasks to queue
[2026-05-07T13:42:55.621+0000] {logging_mixin.py:188} INFO - [2026-05-07T13:42:55.620+0000] {dagbag.py:545} INFO - Filling up the DagBag from /opt/airflow/dags/pipeline_dag.py
[2026-05-07T13:42:55.646+0000] {processor.py:840} INFO - DAG(s) 'ab_test_medallion_pipeline' retrieved from /opt/airflow/dags/pipeline_dag.py
[2026-05-07T13:42:55.706+0000] {logging_mixin.py:188} INFO - [2026-05-07T13:42:55.705+0000] {dag.py:3096} INFO - Sync 1 DAGs
[2026-05-07T13:42:55.749+0000] {logging_mixin.py:188} INFO - [2026-05-07T13:42:55.748+0000] {dag.py:3954} INFO - Setting next_dagrun for ab_test_medallion_pipeline to 2026-05-07 00:00:00+00:00, run_after=2026-05-08 00:00:00+00:00
[2026-05-07T13:42:55.798+0000] {processor.py:183} INFO - Processing /opt/airflow/dags/pipeline_dag.py took 0.198 seconds
[2026-05-07T13:43:26.047+0000] {processor.py:161} INFO - Started process (PID=6503) to work on /opt/airflow/dags/pipeline_dag.py
[2026-05-07T13:43:26.050+0000] {processor.py:830} INFO - Processing file /opt/airflow/dags/pipeline_dag.py for tasks to queue
[2026-05-07T13:43:26.052+0000] {logging_mixin.py:188} INFO - [2026-05-07T13:43:26.051+0000] {dagbag.py:545} INFO - Filling up the DagBag from /opt/airflow/dags/pipeline_dag.py
[2026-05-07T13:43:26.112+0000] {processor.py:840} INFO - DAG(s) 'ab_test_medallion_pipeline' retrieved from /opt/airflow/dags/pipeline_dag.py
[2026-05-07T13:43:26.264+0000] {logging_mixin.py:188} INFO - [2026-05-07T13:43:26.263+0000] {dag.py:3096} INFO - Sync 1 DAGs
[2026-05-07T13:43:26.288+0000] {logging_mixin.py:188} INFO - [2026-05-07T13:43:26.288+0000] {dag.py:3954} INFO - Setting next_dagrun for ab_test_medallion_pipeline to 2026-05-07 00:00:00+00:00, run_after=2026-05-08 00:00:00+00:00
[2026-05-07T13:43:26.388+0000] {processor.py:183} INFO - Processing /opt/airflow/dags/pipeline_dag.py took 0.440 seconds
[2026-05-07T13:43:56.630+0000] {processor.py:161} INFO - Started process (PID=6508) to work on /opt/airflow/dags/pipeline_dag.py
[2026-05-07T13:43:56.633+0000] {processor.py:830} INFO - Processing file /opt/airflow/dags/pipeline_dag.py for tasks to queue
[2026-05-07T13:43:56.635+0000] {logging_mixin.py:188} INFO - [2026-05-07T13:43:56.634+0000] {dagbag.py:545} INFO - Filling up the DagBag from /opt/airflow/dags/pipeline_dag.py
[2026-05-07T13:43:56.682+0000] {processor.py:840} INFO - DAG(s) 'ab_test_medallion_pipeline' retrieved from /opt/airflow/dags/pipeline_dag.py
[2026-05-07T13:43:56.800+0000] {logging_mixin.py:188} INFO - [2026-05-07T13:43:56.800+0000] {dag.py:3096} INFO - Sync 1 DAGs
[2026-05-07T13:43:56.918+0000] {logging_mixin.py:188} INFO - [2026-05-07T13:43:56.917+0000] {dag.py:3954} INFO - Setting next_dagrun for ab_test_medallion_pipeline to 2026-05-07 00:00:00+00:00, run_after=2026-05-08 00:00:00+00:00
[2026-05-07T13:43:56.978+0000] {processor.py:183} INFO - Processing /opt/airflow/dags/pipeline_dag.py took 0.374 seconds
[2026-05-07T13:44:27.262+0000] {processor.py:161} INFO - Started process (PID=6513) to work on /opt/airflow/dags/pipeline_dag.py
[2026-05-07T13:44:27.269+0000] {processor.py:830} INFO - Processing file /opt/airflow/dags/pipeline_dag.py for tasks to queue
[2026-05-07T13:44:27.272+0000] {logging_mixin.py:188} INFO - [2026-05-07T13:44:27.271+0000] {dagbag.py:545} INFO - Filling up the DagBag from /opt/airflow/dags/pipeline_dag.py
[2026-05-07T13:44:27.345+0000] {processor.py:840} INFO - DAG(s) 'ab_test_medallion_pipeline' retrieved from /opt/airflow/dags/pipeline_dag.py
[2026-05-07T13:44:27.516+0000] {logging_mixin.py:188} INFO - [2026-05-07T13:44:27.515+0000] {dag.py:3096} INFO - Sync 1 DAGs
[2026-05-07T13:44:27.592+0000] {logging_mixin.py:188} INFO - [2026-05-07T13:44:27.592+0000] {dag.py:3954} INFO - Setting next_dagrun for ab_test_medallion_pipeline to 2026-05-07 00:00:00+00:00, run_after=2026-05-08 00:00:00+00:00
[2026-05-07T13:44:27.657+0000] {processor.py:183} INFO - Processing /opt/airflow/dags/pipeline_dag.py took 0.442 seconds
[2026-05-07T13:44:57.856+0000] {processor.py:161} INFO - Started process (PID=6518) to work on /opt/airflow/dags/pipeline_dag.py
[2026-05-07T13:44:57.858+0000] {processor.py:830} INFO - Processing file /opt/airflow/dags/pipeline_dag.py for tasks to queue
[2026-05-07T13:44:57.860+0000] {logging_mixin.py:188} INFO - [2026-05-07T13:44:57.859+0000] {dagbag.py:545} INFO - Filling up the DagBag from /opt/airflow/dags/pipeline_dag.py
[2026-05-07T13:44:57.920+0000] {processor.py:840} INFO - DAG(s) 'ab_test_medallion_pipeline' retrieved from /opt/airflow/dags/pipeline_dag.py
[2026-05-07T13:44:58.024+0000] {logging_mixin.py:188} INFO - [2026-05-07T13:44:58.024+0000] {dag.py:3096} INFO - Sync 1 DAGs
[2026-05-07T13:44:58.121+0000] {logging_mixin.py:188} INFO - [2026-05-07T13:44:58.121+0000] {dag.py:3954} INFO - Setting next_dagrun for ab_test_medallion_pipeline to 2026-05-07 00:00:00+00:00, run_after=2026-05-08 00:00:00+00:00
[2026-05-07T13:44:58.193+0000] {processor.py:183} INFO - Processing /opt/airflow/dags/pipeline_dag.py took 0.364 seconds
[2026-05-07T13:45:28.440+0000] {processor.py:161} INFO - Started process (PID=6523) to work on /opt/airflow/dags/pipeline_dag.py
[2026-05-07T13:45:28.443+0000] {processor.py:830} INFO - Processing file /opt/airflow/dags/pipeline_dag.py for tasks to queue
[2026-05-07T13:45:28.444+0000] {logging_mixin.py:188} INFO - [2026-05-07T13:45:28.443+0000] {dagbag.py:545} INFO - Filling up the DagBag from /opt/airflow/dags/pipeline_dag.py
[2026-05-07T13:45:28.465+0000] {processor.py:840} INFO - DAG(s) 'ab_test_medallion_pipeline' retrieved from /opt/airflow/dags/pipeline_dag.py
[2026-05-07T13:45:28.509+0000] {logging_mixin.py:188} INFO - [2026-05-07T13:45:28.508+0000] {dag.py:3096} INFO - Sync 1 DAGs
[2026-05-07T13:45:28.545+0000] {logging_mixin.py:188} INFO - [2026-05-07T13:45:28.545+0000] {dag.py:3954} INFO - Setting next_dagrun for ab_test_medallion_pipeline to 2026-05-07 00:00:00+00:00, run_after=2026-05-08 00:00:00+00:00
[2026-05-07T13:45:28.577+0000] {processor.py:183} INFO - Processing /opt/airflow/dags/pipeline_dag.py took 0.147 seconds
[2026-05-07T13:45:58.692+0000] {processor.py:161} INFO - Started process (PID=6528) to work on /opt/airflow/dags/pipeline_dag.py
[2026-05-07T13:45:58.693+0000] {processor.py:830} INFO - Processing file /opt/airflow/dags/pipeline_dag.py for tasks to queue
[2026-05-07T13:45:58.695+0000] {logging_mixin.py:188} INFO - [2026-05-07T13:45:58.694+0000] {dagbag.py:545} INFO - Filling up the DagBag from /opt/airflow/dags/pipeline_dag.py
[2026-05-07T13:45:58.717+0000] {processor.py:840} INFO - DAG(s) 'ab_test_medallion_pipeline' retrieved from /opt/airflow/dags/pipeline_dag.py
[2026-05-07T13:45:58.761+0000] {logging_mixin.py:188} INFO - [2026-05-07T13:45:58.760+0000] {dag.py:3096} INFO - Sync 1 DAGs
[2026-05-07T13:45:58.797+0000] {logging_mixin.py:188} INFO - [2026-05-07T13:45:58.797+0000] {dag.py:3954} INFO - Setting next_dagrun for ab_test_medallion_pipeline to 2026-05-07 00:00:00+00:00, run_after=2026-05-08 00:00:00+00:00
[2026-05-07T13:45:58.851+0000] {processor.py:183} INFO - Processing /opt/airflow/dags/pipeline_dag.py took 0.182 seconds
[2026-05-07T13:46:29.000+0000] {processor.py:161} INFO - Started process (PID=6533) to work on /opt/airflow/dags/pipeline_dag.py
[2026-05-07T13:46:29.004+0000] {processor.py:830} INFO - Processing file /opt/airflow/dags/pipeline_dag.py for tasks to queue
[2026-05-07T13:46:29.005+0000] {logging_mixin.py:188} INFO - [2026-05-07T13:46:29.005+0000] {dagbag.py:545} INFO - Filling up the DagBag from /opt/airflow/dags/pipeline_dag.py
[2026-05-07T13:46:29.027+0000] {processor.py:840} INFO - DAG(s) 'ab_test_medallion_pipeline' retrieved from /opt/airflow/dags/pipeline_dag.py
[2026-05-07T13:46:29.070+0000] {logging_mixin.py:188} INFO - [2026-05-07T13:46:29.070+0000] {dag.py:3096} INFO - Sync 1 DAGs
[2026-05-07T13:46:29.104+0000] {logging_mixin.py:188} INFO - [2026-05-07T13:46:29.104+0000] {dag.py:3954} INFO - Setting next_dagrun for ab_test_medallion_pipeline to 2026-05-07 00:00:00+00:00, run_after=2026-05-08 00:00:00+00:00
[2026-05-07T13:46:29.135+0000] {processor.py:183} INFO - Processing /opt/airflow/dags/pipeline_dag.py took 0.153 seconds
[2026-05-07T13:46:59.318+0000] {processor.py:161} INFO - Started process (PID=6538) to work on /opt/airflow/dags/pipeline_dag.py
[2026-05-07T13:46:59.321+0000] {processor.py:830} INFO - Processing file /opt/airflow/dags/pipeline_dag.py for tasks to queue
[2026-05-07T13:46:59.326+0000] {logging_mixin.py:188} INFO - [2026-05-07T13:46:59.325+0000] {dagbag.py:545} INFO - Filling up the DagBag from /opt/airflow/dags/pipeline_dag.py
[2026-05-07T13:46:59.350+0000] {processor.py:840} INFO - DAG(s) 'ab_test_medallion_pipeline' retrieved from /opt/airflow/dags/pipeline_dag.py
[2026-05-07T13:46:59.391+0000] {logging_mixin.py:188} INFO - [2026-05-07T13:46:59.391+0000] {dag.py:3096} INFO - Sync 1 DAGs
[2026-05-07T13:46:59.427+0000] {logging_mixin.py:188} INFO - [2026-05-07T13:46:59.426+0000] {dag.py:3954} INFO - Setting next_dagrun for ab_test_medallion_pipeline to 2026-05-07 00:00:00+00:00, run_after=2026-05-08 00:00:00+00:00
[2026-05-07T13:46:59.458+0000] {processor.py:183} INFO - Processing /opt/airflow/dags/pipeline_dag.py took 0.162 seconds
[2026-05-07T13:47:29.602+0000] {processor.py:161} INFO - Started process (PID=6543) to work on /opt/airflow/dags/pipeline_dag.py
[2026-05-07T13:47:29.606+0000] {processor.py:830} INFO - Processing file /opt/airflow/dags/pipeline_dag.py for tasks to queue
[2026-05-07T13:47:29.609+0000] {logging_mixin.py:188} INFO - [2026-05-07T13:47:29.609+0000] {dagbag.py:545} INFO - Filling up the DagBag from /opt/airflow/dags/pipeline_dag.py
[2026-05-07T13:47:29.633+0000] {processor.py:840} INFO - DAG(s) 'ab_test_medallion_pipeline' retrieved from /opt/airflow/dags/pipeline_dag.py
[2026-05-07T13:47:29.678+0000] {logging_mixin.py:188} INFO - [2026-05-07T13:47:29.678+0000] {dag.py:3096} INFO - Sync 1 DAGs
[2026-05-07T13:47:29.713+0000] {logging_mixin.py:188} INFO - [2026-05-07T13:47:29.713+0000] {dag.py:3954} INFO - Setting next_dagrun for ab_test_medallion_pipeline to 2026-05-07 00:00:00+00:00, run_after=2026-05-08 00:00:00+00:00
[2026-05-07T13:47:29.745+0000] {processor.py:183} INFO - Processing /opt/airflow/dags/pipeline_dag.py took 0.157 seconds
[2026-05-07T13:47:59.906+0000] {processor.py:161} INFO - Started process (PID=6548) to work on /opt/airflow/dags/pipeline_dag.py
[2026-05-07T13:47:59.907+0000] {processor.py:830} INFO - Processing file /opt/airflow/dags/pipeline_dag.py for tasks to queue
[2026-05-07T13:47:59.912+0000] {logging_mixin.py:188} INFO - [2026-05-07T13:47:59.911+0000] {dagbag.py:545} INFO - Filling up the DagBag from /opt/airflow/dags/pipeline_dag.py
[2026-05-07T13:47:59.936+0000] {processor.py:840} INFO - DAG(s) 'ab_test_medallion_pipeline' retrieved from /opt/airflow/dags/pipeline_dag.py
[2026-05-07T13:47:59.979+0000] {logging_mixin.py:188} INFO - [2026-05-07T13:47:59.978+0000] {dag.py:3096} INFO - Sync 1 DAGs
[2026-05-07T13:48:00.025+0000] {logging_mixin.py:188} INFO - [2026-05-07T13:48:00.025+0000] {dag.py:3954} INFO - Setting next_dagrun for ab_test_medallion_pipeline to 2026-05-07 00:00:00+00:00, run_after=2026-05-08 00:00:00+00:00
[2026-05-07T13:48:00.065+0000] {processor.py:183} INFO - Processing /opt/airflow/dags/pipeline_dag.py took 0.182 seconds
[2026-05-07T13:48:30.246+0000] {processor.py:161} INFO - Started process (PID=6553) to work on /opt/airflow/dags/pipeline_dag.py
[2026-05-07T13:48:30.252+0000] {processor.py:830} INFO - Processing file /opt/airflow/dags/pipeline_dag.py for tasks to queue
[2026-05-07T13:48:30.255+0000] {logging_mixin.py:188} INFO - [2026-05-07T13:48:30.254+0000] {dagbag.py:545} INFO - Filling up the DagBag from /opt/airflow/dags/pipeline_dag.py
[2026-05-07T13:48:30.290+0000] {processor.py:840} INFO - DAG(s) 'ab_test_medallion_pipeline' retrieved from /opt/airflow/dags/pipeline_dag.py
[2026-05-07T13:48:30.337+0000] {logging_mixin.py:188} INFO - [2026-05-07T13:48:30.337+0000] {dag.py:3096} INFO - Sync 1 DAGs
[2026-05-07T13:48:30.371+0000] {logging_mixin.py:188} INFO - [2026-05-07T13:48:30.370+0000] {dag.py:3954} INFO - Setting next_dagrun for ab_test_medallion_pipeline to 2026-05-07 00:00:00+00:00, run_after=2026-05-08 00:00:00+00:00
[2026-05-07T13:48:30.399+0000] {processor.py:183} INFO - Processing /opt/airflow/dags/pipeline_dag.py took 0.173 seconds
[2026-05-07T13:49:00.477+0000] {processor.py:161} INFO - Started process (PID=6558) to work on /opt/airflow/dags/pipeline_dag.py
[2026-05-07T13:49:00.479+0000] {processor.py:830} INFO - Processing file /opt/airflow/dags/pipeline_dag.py for tasks to queue
[2026-05-07T13:49:00.480+0000] {logging_mixin.py:188} INFO - [2026-05-07T13:49:00.479+0000] {dagbag.py:545} INFO - Filling up the DagBag from /opt/airflow/dags/pipeline_dag.py
[2026-05-07T13:49:00.502+0000] {processor.py:840} INFO - DAG(s) 'ab_test_medallion_pipeline' retrieved from /opt/airflow/dags/pipeline_dag.py
[2026-05-07T13:49:00.548+0000] {logging_mixin.py:188} INFO - [2026-05-07T13:49:00.548+0000] {dag.py:3096} INFO - Sync 1 DAGs
[2026-05-07T13:49:00.591+0000] {logging_mixin.py:188} INFO - [2026-05-07T13:49:00.590+0000] {dag.py:3954} INFO - Setting next_dagrun for ab_test_medallion_pipeline to 2026-05-07 00:00:00+00:00, run_after=2026-05-08 00:00:00+00:00
[2026-05-07T13:49:00.623+0000] {processor.py:183} INFO - Processing /opt/airflow/dags/pipeline_dag.py took 0.158 seconds
[2026-05-07T13:49:30.928+0000] {processor.py:161} INFO - Started process (PID=6563) to work on /opt/airflow/dags/pipeline_dag.py
[2026-05-07T13:49:30.931+0000] {processor.py:830} INFO - Processing file /opt/airflow/dags/pipeline_dag.py for tasks to queue
[2026-05-07T13:49:30.933+0000] {logging_mixin.py:188} INFO - [2026-05-07T13:49:30.932+0000] {dagbag.py:545} INFO - Filling up the DagBag from /opt/airflow/dags/pipeline_dag.py
[2026-05-07T13:49:30.955+0000] {processor.py:840} INFO - DAG(s) 'ab_test_medallion_pipeline' retrieved from /opt/airflow/dags/pipeline_dag.py
[2026-05-07T13:49:31.005+0000] {logging_mixin.py:188} INFO - [2026-05-07T13:49:31.005+0000] {dag.py:3096} INFO - Sync 1 DAGs
[2026-05-07T13:49:31.041+0000] {logging_mixin.py:188} INFO - [2026-05-07T13:49:31.041+0000] {dag.py:3954} INFO - Setting next_dagrun for ab_test_medallion_pipeline to 2026-05-07 00:00:00+00:00, run_after=2026-05-08 00:00:00+00:00
[2026-05-07T13:49:31.070+0000] {processor.py:183} INFO - Processing /opt/airflow/dags/pipeline_dag.py took 0.156 seconds
[2026-05-07T13:50:01.152+0000] {processor.py:161} INFO - Started process (PID=6568) to work on /opt/airflow/dags/pipeline_dag.py
[2026-05-07T13:50:01.156+0000] {processor.py:830} INFO - Processing file /opt/airflow/dags/pipeline_dag.py for tasks to queue
[2026-05-07T13:50:01.158+0000] {logging_mixin.py:188} INFO - [2026-05-07T13:50:01.157+0000] {dagbag.py:545} INFO - Filling up the DagBag from /opt/airflow/dags/pipeline_dag.py
[2026-05-07T13:50:01.192+0000] {processor.py:840} INFO - DAG(s) 'ab_test_medallion_pipeline' retrieved from /opt/airflow/dags/pipeline_dag.py
[2026-05-07T13:50:01.282+0000] {logging_mixin.py:188} INFO - [2026-05-07T13:50:01.282+0000] {dag.py:3096} INFO - Sync 1 DAGs
[2026-05-07T13:50:01.328+0000] {logging_mixin.py:188} INFO - [2026-05-07T13:50:01.328+0000] {dag.py:3954} INFO - Setting next_dagrun for ab_test_medallion_pipeline to 2026-05-07 00:00:00+00:00, run_after=2026-05-08 00:00:00+00:00
[2026-05-07T13:50:01.359+0000] {processor.py:183} INFO - Processing /opt/airflow/dags/pipeline_dag.py took 0.224 seconds
[2026-05-07T13:50:31.518+0000] {processor.py:161} INFO - Started process (PID=6573) to work on /opt/airflow/dags/pipeline_dag.py
[2026-05-07T13:50:31.521+0000] {processor.py:830} INFO - Processing file /opt/airflow/dags/pipeline_dag.py for tasks to queue
[2026-05-07T13:50:31.523+0000] {logging_mixin.py:188} INFO - [2026-05-07T13:50:31.522+0000] {dagbag.py:545} INFO - Filling up the DagBag from /opt/airflow/dags/pipeline_dag.py
[2026-05-07T13:50:31.544+0000] {processor.py:840} INFO - DAG(s) 'ab_test_medallion_pipeline' retrieved from /opt/airflow/dags/pipeline_dag.py
[2026-05-07T13:50:31.588+0000] {logging_mixin.py:188} INFO - [2026-05-07T13:50:31.588+0000] {dag.py:3096} INFO - Sync 1 DAGs
[2026-05-07T13:50:31.624+0000] {logging_mixin.py:188} INFO - [2026-05-07T13:50:31.624+0000] {dag.py:3954} INFO - Setting next_dagrun for ab_test_medallion_pipeline to 2026-05-07 00:00:00+00:00, run_after=2026-05-08 00:00:00+00:00
[2026-05-07T13:50:31.656+0000] {processor.py:183} INFO - Processing /opt/airflow/dags/pipeline_dag.py took 0.154 seconds
[2026-05-07T13:51:01.834+0000] {processor.py:161} INFO - Started process (PID=6578) to work on /opt/airflow/dags/pipeline_dag.py
[2026-05-07T13:51:01.836+0000] {processor.py:830} INFO - Processing file /opt/airflow/dags/pipeline_dag.py for tasks to queue
[2026-05-07T13:51:01.838+0000] {logging_mixin.py:188} INFO - [2026-05-07T13:51:01.837+0000] {dagbag.py:545} INFO - Filling up the DagBag from /opt/airflow/dags/pipeline_dag.py
[2026-05-07T13:51:01.859+0000] {processor.py:840} INFO - DAG(s) 'ab_test_medallion_pipeline' retrieved from /opt/airflow/dags/pipeline_dag.py
[2026-05-07T13:51:01.905+0000] {logging_mixin.py:188} INFO - [2026-05-07T13:51:01.905+0000] {dag.py:3096} INFO - Sync 1 DAGs
[2026-05-07T13:51:01.950+0000] {logging_mixin.py:188} INFO - [2026-05-07T13:51:01.950+0000] {dag.py:3954} INFO - Setting next_dagrun for ab_test_medallion_pipeline to 2026-05-07 00:00:00+00:00, run_after=2026-05-08 00:00:00+00:00
[2026-05-07T13:51:01.977+0000] {processor.py:183} INFO - Processing /opt/airflow/dags/pipeline_dag.py took 0.159 seconds
[2026-05-07T13:51:32.177+0000] {processor.py:161} INFO - Started process (PID=6583) to work on /opt/airflow/dags/pipeline_dag.py
[2026-05-07T13:51:32.181+0000] {processor.py:830} INFO - Processing file /opt/airflow/dags/pipeline_dag.py for tasks to queue
[2026-05-07T13:51:32.182+0000] {logging_mixin.py:188} INFO - [2026-05-07T13:51:32.182+0000] {dagbag.py:545} INFO - Filling up the DagBag from /opt/airflow/dags/pipeline_dag.py
[2026-05-07T13:51:32.203+0000] {processor.py:840} INFO - DAG(s) 'ab_test_medallion_pipeline' retrieved from /opt/airflow/dags/pipeline_dag.py
[2026-05-07T13:51:32.252+0000] {logging_mixin.py:188} INFO - [2026-05-07T13:51:32.251+0000] {dag.py:3096} INFO - Sync 1 DAGs
[2026-05-07T13:51:32.299+0000] {logging_mixin.py:188} INFO - [2026-05-07T13:51:32.298+0000] {dag.py:3954} INFO - Setting next_dagrun for ab_test_medallion_pipeline to 2026-05-07 00:00:00+00:00, run_after=2026-05-08 00:00:00+00:00
[2026-05-07T13:51:32.327+0000] {processor.py:183} INFO - Processing /opt/airflow/dags/pipeline_dag.py took 0.165 seconds
[2026-05-07T13:52:02.413+0000] {processor.py:161} INFO - Started process (PID=6588) to work on /opt/airflow/dags/pipeline_dag.py
[2026-05-07T13:52:02.415+0000] {processor.py:830} INFO - Processing file /opt/airflow/dags/pipeline_dag.py for tasks to queue
[2026-05-07T13:52:02.417+0000] {logging_mixin.py:188} INFO - [2026-05-07T13:52:02.416+0000] {dagbag.py:545} INFO - Filling up the DagBag from /opt/airflow/dags/pipeline_dag.py
[2026-05-07T13:52:02.448+0000] {processor.py:840} INFO - DAG(s) 'ab_test_medallion_pipeline' retrieved from /opt/airflow/dags/pipeline_dag.py
[2026-05-07T13:52:02.506+0000] {logging_mixin.py:188} INFO - [2026-05-07T13:52:02.506+0000] {dag.py:3096} INFO - Sync 1 DAGs
[2026-05-07T13:52:02.545+0000] {logging_mixin.py:188} INFO - [2026-05-07T13:52:02.545+0000] {dag.py:3954} INFO - Setting next_dagrun for ab_test_medallion_pipeline to 2026-05-07 00:00:00+00:00, run_after=2026-05-08 00:00:00+00:00
[2026-05-07T13:52:02.607+0000] {processor.py:183} INFO - Processing /opt/airflow/dags/pipeline_dag.py took 0.208 seconds
[2026-05-07T13:52:32.784+0000] {processor.py:161} INFO - Started process (PID=6593) to work on /opt/airflow/dags/pipeline_dag.py
[2026-05-07T13:52:32.786+0000] {processor.py:830} INFO - Processing file /opt/airflow/dags/pipeline_dag.py for tasks to queue
[2026-05-07T13:52:32.788+0000] {logging_mixin.py:188} INFO - [2026-05-07T13:52:32.787+0000] {dagbag.py:545} INFO - Filling up the DagBag from /opt/airflow/dags/pipeline_dag.py
[2026-05-07T13:52:32.827+0000] {processor.py:840} INFO - DAG(s) 'ab_test_medallion_pipeline' retrieved from /opt/airflow/dags/pipeline_dag.py
[2026-05-07T13:52:32.900+0000] {logging_mixin.py:188} INFO - [2026-05-07T13:52:32.900+0000] {dag.py:3096} INFO - Sync 1 DAGs
[2026-05-07T13:52:32.952+0000] {logging_mixin.py:188} INFO - [2026-05-07T13:52:32.951+0000] {dag.py:3954} INFO - Setting next_dagrun for ab_test_medallion_pipeline to 2026-05-07 00:00:00+00:00, run_after=2026-05-08 00:00:00+00:00
[2026-05-07T13:52:33.001+0000] {processor.py:183} INFO - Processing /opt/airflow/dags/pipeline_dag.py took 0.238 seconds
[2026-05-07T13:53:03.231+0000] {processor.py:161} INFO - Started process (PID=6598) to work on /opt/airflow/dags/pipeline_dag.py
[2026-05-07T13:53:03.234+0000] {processor.py:830} INFO - Processing file /opt/airflow/dags/pipeline_dag.py for tasks to queue
[2026-05-07T13:53:03.236+0000] {logging_mixin.py:188} INFO - [2026-05-07T13:53:03.235+0000] {dagbag.py:545} INFO - Filling up the DagBag from /opt/airflow/dags/pipeline_dag.py
[2026-05-07T13:53:03.275+0000] {processor.py:840} INFO - DAG(s) 'ab_test_medallion_pipeline' retrieved from /opt/airflow/dags/pipeline_dag.py
[2026-05-07T13:53:03.348+0000] {logging_mixin.py:188} INFO - [2026-05-07T13:53:03.347+0000] {dag.py:3096} INFO - Sync 1 DAGs
[2026-05-07T13:53:03.413+0000] {logging_mixin.py:188} INFO - [2026-05-07T13:53:03.412+0000] {dag.py:3954} INFO - Setting next_dagrun for ab_test_medallion_pipeline to 2026-05-07 00:00:00+00:00, run_after=2026-05-08 00:00:00+00:00
[2026-05-07T13:53:03.560+0000] {processor.py:183} INFO - Processing /opt/airflow/dags/pipeline_dag.py took 0.345 seconds
[2026-05-07T13:53:33.784+0000] {processor.py:161} INFO - Started process (PID=6603) to work on /opt/airflow/dags/pipeline_dag.py
[2026-05-07T13:53:33.786+0000] {processor.py:830} INFO - Processing file /opt/airflow/dags/pipeline_dag.py for tasks to queue
[2026-05-07T13:53:33.787+0000] {logging_mixin.py:188} INFO - [2026-05-07T13:53:33.787+0000] {dagbag.py:545} INFO - Filling up the DagBag from /opt/airflow/dags/pipeline_dag.py
[2026-05-07T13:53:33.813+0000] {processor.py:840} INFO - DAG(s) 'ab_test_medallion_pipeline' retrieved from /opt/airflow/dags/pipeline_dag.py
[2026-05-07T13:53:33.859+0000] {logging_mixin.py:188} INFO - [2026-05-07T13:53:33.859+0000] {dag.py:3096} INFO - Sync 1 DAGs
[2026-05-07T13:53:33.898+0000] {logging_mixin.py:188} INFO - [2026-05-07T13:53:33.898+0000] {dag.py:3954} INFO - Setting next_dagrun for ab_test_medallion_pipeline to 2026-05-07 00:00:00+00:00, run_after=2026-05-08 00:00:00+00:00
[2026-05-07T13:53:34.026+0000] {processor.py:183} INFO - Processing /opt/airflow/dags/pipeline_dag.py took 0.258 seconds
[2026-05-07T13:54:04.288+0000] {processor.py:161} INFO - Started process (PID=6608) to work on /opt/airflow/dags/pipeline_dag.py
[2026-05-07T13:54:04.290+0000] {processor.py:830} INFO - Processing file /opt/airflow/dags/pipeline_dag.py for tasks to queue
[2026-05-07T13:54:04.291+0000] {logging_mixin.py:188} INFO - [2026-05-07T13:54:04.290+0000] {dagbag.py:545} INFO - Filling up the DagBag from /opt/airflow/dags/pipeline_dag.py
[2026-05-07T13:54:04.327+0000] {processor.py:840} INFO - DAG(s) 'ab_test_medallion_pipeline' retrieved from /opt/airflow/dags/pipeline_dag.py
[2026-05-07T13:54:04.376+0000] {logging_mixin.py:188} INFO - [2026-05-07T13:54:04.375+0000] {dag.py:3096} INFO - Sync 1 DAGs
[2026-05-07T13:54:04.409+0000] {logging_mixin.py:188} INFO - [2026-05-07T13:54:04.409+0000] {dag.py:3954} INFO - Setting next_dagrun for ab_test_medallion_pipeline to 2026-05-07 00:00:00+00:00, run_after=2026-05-08 00:00:00+00:00
[2026-05-07T13:54:04.440+0000] {processor.py:183} INFO - Processing /opt/airflow/dags/pipeline_dag.py took 0.171 seconds
[2026-05-07T13:54:34.495+0000] {processor.py:161} INFO - Started process (PID=6613) to work on /opt/airflow/dags/pipeline_dag.py
[2026-05-07T13:54:34.496+0000] {processor.py:830} INFO - Processing file /opt/airflow/dags/pipeline_dag.py for tasks to queue
[2026-05-07T13:54:34.497+0000] {logging_mixin.py:188} INFO - [2026-05-07T13:54:34.497+0000] {dagbag.py:545} INFO - Filling up the DagBag from /opt/airflow/dags/pipeline_dag.py
[2026-05-07T13:54:34.519+0000] {processor.py:840} INFO - DAG(s) 'ab_test_medallion_pipeline' retrieved from /opt/airflow/dags/pipeline_dag.py
[2026-05-07T13:54:34.571+0000] {logging_mixin.py:188} INFO - [2026-05-07T13:54:34.571+0000] {dag.py:3096} INFO - Sync 1 DAGs
[2026-05-07T13:54:34.610+0000] {logging_mixin.py:188} INFO - [2026-05-07T13:54:34.609+0000] {dag.py:3954} INFO - Setting next_dagrun for ab_test_medallion_pipeline to 2026-05-07 00:00:00+00:00, run_after=2026-05-08 00:00:00+00:00
[2026-05-07T13:54:34.642+0000] {processor.py:183} INFO - Processing /opt/airflow/dags/pipeline_dag.py took 0.158 seconds
[2026-05-07T13:55:04.913+0000] {processor.py:161} INFO - Started process (PID=6618) to work on /opt/airflow/dags/pipeline_dag.py
[2026-05-07T13:55:04.917+0000] {processor.py:830} INFO - Processing file /opt/airflow/dags/pipeline_dag.py for tasks to queue
[2026-05-07T13:55:04.919+0000] {logging_mixin.py:188} INFO - [2026-05-07T13:55:04.918+0000] {dagbag.py:545} INFO - Filling up the DagBag from /opt/airflow/dags/pipeline_dag.py
[2026-05-07T13:55:04.940+0000] {processor.py:840} INFO - DAG(s) 'ab_test_medallion_pipeline' retrieved from /opt/airflow/dags/pipeline_dag.py
[2026-05-07T13:55:04.985+0000] {logging_mixin.py:188} INFO - [2026-05-07T13:55:04.984+0000] {dag.py:3096} INFO - Sync 1 DAGs
[2026-05-07T13:55:05.024+0000] {logging_mixin.py:188} INFO - [2026-05-07T13:55:05.023+0000] {dag.py:3954} INFO - Setting next_dagrun for ab_test_medallion_pipeline to 2026-05-07 00:00:00+00:00, run_after=2026-05-08 00:00:00+00:00
[2026-05-07T13:55:05.057+0000] {processor.py:183} INFO - Processing /opt/airflow/dags/pipeline_dag.py took 0.163 seconds
[2026-05-07T13:55:35.133+0000] {processor.py:161} INFO - Started process (PID=6623) to work on /opt/airflow/dags/pipeline_dag.py
[2026-05-07T13:55:35.135+0000] {processor.py:830} INFO - Processing file /opt/airflow/dags/pipeline_dag.py for tasks to queue
[2026-05-07T13:55:35.136+0000] {logging_mixin.py:188} INFO - [2026-05-07T13:55:35.136+0000] {dagbag.py:545} INFO - Filling up the DagBag from /opt/airflow/dags/pipeline_dag.py
[2026-05-07T13:55:35.158+0000] {processor.py:840} INFO - DAG(s) 'ab_test_medallion_pipeline' retrieved from /opt/airflow/dags/pipeline_dag.py
[2026-05-07T13:55:35.201+0000] {logging_mixin.py:188} INFO - [2026-05-07T13:55:35.201+0000] {dag.py:3096} INFO - Sync 1 DAGs
[2026-05-07T13:55:35.246+0000] {logging_mixin.py:188} INFO - [2026-05-07T13:55:35.246+0000] {dag.py:3954} INFO - Setting next_dagrun for ab_test_medallion_pipeline to 2026-05-07 00:00:00+00:00, run_after=2026-05-08 00:00:00+00:00
[2026-05-07T13:55:35.282+0000] {processor.py:183} INFO - Processing /opt/airflow/dags/pipeline_dag.py took 0.164 seconds
[2026-05-07T13:56:05.514+0000] {processor.py:161} INFO - Started process (PID=6628) to work on /opt/airflow/dags/pipeline_dag.py
[2026-05-07T13:56:05.517+0000] {processor.py:830} INFO - Processing file /opt/airflow/dags/pipeline_dag.py for tasks to queue
[2026-05-07T13:56:05.519+0000] {logging_mixin.py:188} INFO - [2026-05-07T13:56:05.518+0000] {dagbag.py:545} INFO - Filling up the DagBag from /opt/airflow/dags/pipeline_dag.py
[2026-05-07T13:56:05.549+0000] {processor.py:840} INFO - DAG(s) 'ab_test_medallion_pipeline' retrieved from /opt/airflow/dags/pipeline_dag.py
[2026-05-07T13:56:05.592+0000] {logging_mixin.py:188} INFO - [2026-05-07T13:56:05.591+0000] {dag.py:3096} INFO - Sync 1 DAGs
[2026-05-07T13:56:05.654+0000] {logging_mixin.py:188} INFO - [2026-05-07T13:56:05.653+0000] {dag.py:3954} INFO - Setting next_dagrun for ab_test_medallion_pipeline to 2026-05-07 00:00:00+00:00, run_after=2026-05-08 00:00:00+00:00
[2026-05-07T13:56:05.688+0000] {processor.py:183} INFO - Processing /opt/airflow/dags/pipeline_dag.py took 0.195 seconds
[2026-05-07T13:56:35.740+0000] {processor.py:161} INFO - Started process (PID=6633) to work on /opt/airflow/dags/pipeline_dag.py
[2026-05-07T13:56:35.743+0000] {processor.py:830} INFO - Processing file /opt/airflow/dags/pipeline_dag.py for tasks to queue
[2026-05-07T13:56:35.744+0000] {logging_mixin.py:188} INFO - [2026-05-07T13:56:35.744+0000] {dagbag.py:545} INFO - Filling up the DagBag from /opt/airflow/dags/pipeline_dag.py
[2026-05-07T13:56:35.769+0000] {processor.py:840} INFO - DAG(s) 'ab_test_medallion_pipeline' retrieved from /opt/airflow/dags/pipeline_dag.py
[2026-05-07T13:56:35.816+0000] {logging_mixin.py:188} INFO - [2026-05-07T13:56:35.816+0000] {dag.py:3096} INFO - Sync 1 DAGs
[2026-05-07T13:56:35.881+0000] {logging_mixin.py:188} INFO - [2026-05-07T13:56:35.880+0000] {dag.py:3954} INFO - Setting next_dagrun for ab_test_medallion_pipeline to 2026-05-07 00:00:00+00:00, run_after=2026-05-08 00:00:00+00:00
[2026-05-07T13:56:35.929+0000] {processor.py:183} INFO - Processing /opt/airflow/dags/pipeline_dag.py took 0.199 seconds
[2026-05-07T13:57:06.139+0000] {processor.py:161} INFO - Started process (PID=6638) to work on /opt/airflow/dags/pipeline_dag.py
[2026-05-07T13:57:06.217+0000] {processor.py:830} INFO - Processing file /opt/airflow/dags/pipeline_dag.py for tasks to queue
[2026-05-07T13:57:06.224+0000] {logging_mixin.py:188} INFO - [2026-05-07T13:57:06.220+0000] {dagbag.py:545} INFO - Filling up the DagBag from /opt/airflow/dags/pipeline_dag.py
[2026-05-07T13:57:06.282+0000] {processor.py:840} INFO - DAG(s) 'ab_test_medallion_pipeline' retrieved from /opt/airflow/dags/pipeline_dag.py
[2026-05-07T13:57:06.342+0000] {logging_mixin.py:188} INFO - [2026-05-07T13:57:06.341+0000] {dag.py:3096} INFO - Sync 1 DAGs
[2026-05-07T13:57:06.378+0000] {logging_mixin.py:188} INFO - [2026-05-07T13:57:06.377+0000] {dag.py:3954} INFO - Setting next_dagrun for ab_test_medallion_pipeline to 2026-05-07 00:00:00+00:00, run_after=2026-05-08 00:00:00+00:00
[2026-05-07T13:57:06.482+0000] {processor.py:183} INFO - Processing /opt/airflow/dags/pipeline_dag.py took 0.369 seconds
[2026-05-07T13:57:36.689+0000] {processor.py:161} INFO - Started process (PID=6643) to work on /opt/airflow/dags/pipeline_dag.py
[2026-05-07T13:57:36.692+0000] {processor.py:830} INFO - Processing file /opt/airflow/dags/pipeline_dag.py for tasks to queue
[2026-05-07T13:57:36.694+0000] {logging_mixin.py:188} INFO - [2026-05-07T13:57:36.693+0000] {dagbag.py:545} INFO - Filling up the DagBag from /opt/airflow/dags/pipeline_dag.py
[2026-05-07T13:57:36.738+0000] {processor.py:840} INFO - DAG(s) 'ab_test_medallion_pipeline' retrieved from /opt/airflow/dags/pipeline_dag.py
[2026-05-07T13:57:36.816+0000] {logging_mixin.py:188} INFO - [2026-05-07T13:57:36.816+0000] {dag.py:3096} INFO - Sync 1 DAGs
[2026-05-07T13:57:36.883+0000] {logging_mixin.py:188} INFO - [2026-05-07T13:57:36.883+0000] {dag.py:3954} INFO - Setting next_dagrun for ab_test_medallion_pipeline to 2026-05-07 00:00:00+00:00, run_after=2026-05-08 00:00:00+00:00
[2026-05-07T13:57:36.929+0000] {processor.py:183} INFO - Processing /opt/airflow/dags/pipeline_dag.py took 0.258 seconds
[2026-05-07T13:58:07.179+0000] {processor.py:161} INFO - Started process (PID=6648) to work on /opt/airflow/dags/pipeline_dag.py
[2026-05-07T13:58:07.183+0000] {processor.py:830} INFO - Processing file /opt/airflow/dags/pipeline_dag.py for tasks to queue
[2026-05-07T13:58:07.185+0000] {logging_mixin.py:188} INFO - [2026-05-07T13:58:07.184+0000] {dagbag.py:545} INFO - Filling up the DagBag from /opt/airflow/dags/pipeline_dag.py
[2026-05-07T13:58:07.221+0000] {processor.py:840} INFO - DAG(s) 'ab_test_medallion_pipeline' retrieved from /opt/airflow/dags/pipeline_dag.py
[2026-05-07T13:58:07.292+0000] {logging_mixin.py:188} INFO - [2026-05-07T13:58:07.291+0000] {dag.py:3096} INFO - Sync 1 DAGs
[2026-05-07T13:58:07.363+0000] {logging_mixin.py:188} INFO - [2026-05-07T13:58:07.362+0000] {dag.py:3954} INFO - Setting next_dagrun for ab_test_medallion_pipeline to 2026-05-07 00:00:00+00:00, run_after=2026-05-08 00:00:00+00:00
[2026-05-07T13:58:07.421+0000] {processor.py:183} INFO - Processing /opt/airflow/dags/pipeline_dag.py took 0.258 seconds
[2026-05-07T13:58:37.678+0000] {processor.py:161} INFO - Started process (PID=6653) to work on /opt/airflow/dags/pipeline_dag.py
[2026-05-07T13:58:37.681+0000] {processor.py:830} INFO - Processing file /opt/airflow/dags/pipeline_dag.py for tasks to queue
[2026-05-07T13:58:37.683+0000] {logging_mixin.py:188} INFO - [2026-05-07T13:58:37.682+0000] {dagbag.py:545} INFO - Filling up the DagBag from /opt/airflow/dags/pipeline_dag.py
[2026-05-07T13:58:37.729+0000] {processor.py:840} INFO - DAG(s) 'ab_test_medallion_pipeline' retrieved from /opt/airflow/dags/pipeline_dag.py
[2026-05-07T13:58:37.837+0000] {logging_mixin.py:188} INFO - [2026-05-07T13:58:37.836+0000] {dag.py:3096} INFO - Sync 1 DAGs
[2026-05-07T13:58:37.913+0000] {logging_mixin.py:188} INFO - [2026-05-07T13:58:37.912+0000] {dag.py:3954} INFO - Setting next_dagrun for ab_test_medallion_pipeline to 2026-05-07 00:00:00+00:00, run_after=2026-05-08 00:00:00+00:00
[2026-05-07T13:58:38.061+0000] {processor.py:183} INFO - Processing /opt/airflow/dags/pipeline_dag.py took 0.410 seconds
[2026-05-07T13:59:08.383+0000] {processor.py:161} INFO - Started process (PID=6658) to work on /opt/airflow/dags/pipeline_dag.py
[2026-05-07T13:59:08.385+0000] {processor.py:830} INFO - Processing file /opt/airflow/dags/pipeline_dag.py for tasks to queue
[2026-05-07T13:59:08.388+0000] {logging_mixin.py:188} INFO - [2026-05-07T13:59:08.387+0000] {dagbag.py:545} INFO - Filling up the DagBag from /opt/airflow/dags/pipeline_dag.py
[2026-05-07T13:59:08.431+0000] {processor.py:840} INFO - DAG(s) 'ab_test_medallion_pipeline' retrieved from /opt/airflow/dags/pipeline_dag.py
[2026-05-07T13:59:08.564+0000] {logging_mixin.py:188} INFO - [2026-05-07T13:59:08.563+0000] {dag.py:3096} INFO - Sync 1 DAGs
[2026-05-07T13:59:08.667+0000] {logging_mixin.py:188} INFO - [2026-05-07T13:59:08.667+0000] {dag.py:3954} INFO - Setting next_dagrun for ab_test_medallion_pipeline to 2026-05-07 00:00:00+00:00, run_after=2026-05-08 00:00:00+00:00
[2026-05-07T13:59:08.745+0000] {processor.py:183} INFO - Processing /opt/airflow/dags/pipeline_dag.py took 0.386 seconds
[2026-05-07T13:59:39.014+0000] {processor.py:161} INFO - Started process (PID=6663) to work on /opt/airflow/dags/pipeline_dag.py
[2026-05-07T13:59:39.019+0000] {processor.py:830} INFO - Processing file /opt/airflow/dags/pipeline_dag.py for tasks to queue
[2026-05-07T13:59:39.021+0000] {logging_mixin.py:188} INFO - [2026-05-07T13:59:39.020+0000] {dagbag.py:545} INFO - Filling up the DagBag from /opt/airflow/dags/pipeline_dag.py
[2026-05-07T13:59:39.052+0000] {processor.py:840} INFO - DAG(s) 'ab_test_medallion_pipeline' retrieved from /opt/airflow/dags/pipeline_dag.py
[2026-05-07T13:59:39.118+0000] {logging_mixin.py:188} INFO - [2026-05-07T13:59:39.117+0000] {dag.py:3096} INFO - Sync 1 DAGs
[2026-05-07T13:59:39.164+0000] {logging_mixin.py:188} INFO - [2026-05-07T13:59:39.164+0000] {dag.py:3954} INFO - Setting next_dagrun for ab_test_medallion_pipeline to 2026-05-07 00:00:00+00:00, run_after=2026-05-08 00:00:00+00:00
[2026-05-07T13:59:39.201+0000] {processor.py:183} INFO - Processing /opt/airflow/dags/pipeline_dag.py took 0.199 seconds
[2026-05-07T14:00:09.398+0000] {processor.py:161} INFO - Started process (PID=6668) to work on /opt/airflow/dags/pipeline_dag.py
[2026-05-07T14:00:09.400+0000] {processor.py:830} INFO - Processing file /opt/airflow/dags/pipeline_dag.py for tasks to queue
[2026-05-07T14:00:09.402+0000] {logging_mixin.py:188} INFO - [2026-05-07T14:00:09.401+0000] {dagbag.py:545} INFO - Filling up the DagBag from /opt/airflow/dags/pipeline_dag.py
[2026-05-07T14:00:09.425+0000] {processor.py:840} INFO - DAG(s) 'ab_test_medallion_pipeline' retrieved from /opt/airflow/dags/pipeline_dag.py
[2026-05-07T14:00:09.471+0000] {logging_mixin.py:188} INFO - [2026-05-07T14:00:09.470+0000] {dag.py:3096} INFO - Sync 1 DAGs
[2026-05-07T14:00:09.509+0000] {logging_mixin.py:188} INFO - [2026-05-07T14:00:09.508+0000] {dag.py:3954} INFO - Setting next_dagrun for ab_test_medallion_pipeline to 2026-05-07 00:00:00+00:00, run_after=2026-05-08 00:00:00+00:00
[2026-05-07T14:00:09.544+0000] {processor.py:183} INFO - Processing /opt/airflow/dags/pipeline_dag.py took 0.160 seconds
[2026-05-07T14:00:39.819+0000] {processor.py:161} INFO - Started process (PID=6673) to work on /opt/airflow/dags/pipeline_dag.py
[2026-05-07T14:00:39.825+0000] {processor.py:830} INFO - Processing file /opt/airflow/dags/pipeline_dag.py for tasks to queue
[2026-05-07T14:00:39.826+0000] {logging_mixin.py:188} INFO - [2026-05-07T14:00:39.826+0000] {dagbag.py:545} INFO - Filling up the DagBag from /opt/airflow/dags/pipeline_dag.py
[2026-05-07T14:00:39.874+0000] {processor.py:840} INFO - DAG(s) 'ab_test_medallion_pipeline' retrieved from /opt/airflow/dags/pipeline_dag.py
[2026-05-07T14:00:39.970+0000] {logging_mixin.py:188} INFO - [2026-05-07T14:00:39.969+0000] {dag.py:3096} INFO - Sync 1 DAGs
[2026-05-07T14:00:40.035+0000] {logging_mixin.py:188} INFO - [2026-05-07T14:00:40.035+0000] {dag.py:3954} INFO - Setting next_dagrun for ab_test_medallion_pipeline to 2026-05-07 00:00:00+00:00, run_after=2026-05-08 00:00:00+00:00
[2026-05-07T14:00:40.069+0000] {processor.py:183} INFO - Processing /opt/airflow/dags/pipeline_dag.py took 0.265 seconds
[2026-05-07T14:01:10.281+0000] {processor.py:161} INFO - Started process (PID=6678) to work on /opt/airflow/dags/pipeline_dag.py
[2026-05-07T14:01:10.283+0000] {processor.py:830} INFO - Processing file /opt/airflow/dags/pipeline_dag.py for tasks to queue
[2026-05-07T14:01:10.286+0000] {logging_mixin.py:188} INFO - [2026-05-07T14:01:10.285+0000] {dagbag.py:545} INFO - Filling up the DagBag from /opt/airflow/dags/pipeline_dag.py
[2026-05-07T14:01:10.321+0000] {processor.py:840} INFO - DAG(s) 'ab_test_medallion_pipeline' retrieved from /opt/airflow/dags/pipeline_dag.py
[2026-05-07T14:01:10.389+0000] {logging_mixin.py:188} INFO - [2026-05-07T14:01:10.389+0000] {dag.py:3096} INFO - Sync 1 DAGs
[2026-05-07T14:01:10.433+0000] {logging_mixin.py:188} INFO - [2026-05-07T14:01:10.432+0000] {dag.py:3954} INFO - Setting next_dagrun for ab_test_medallion_pipeline to 2026-05-07 00:00:00+00:00, run_after=2026-05-08 00:00:00+00:00
[2026-05-07T14:01:10.472+0000] {processor.py:183} INFO - Processing /opt/airflow/dags/pipeline_dag.py took 0.203 seconds
[2026-05-07T14:01:40.749+0000] {processor.py:161} INFO - Started process (PID=6683) to work on /opt/airflow/dags/pipeline_dag.py
[2026-05-07T14:01:40.753+0000] {processor.py:830} INFO - Processing file /opt/airflow/dags/pipeline_dag.py for tasks to queue
[2026-05-07T14:01:40.758+0000] {logging_mixin.py:188} INFO - [2026-05-07T14:01:40.754+0000] {dagbag.py:545} INFO - Filling up the DagBag from /opt/airflow/dags/pipeline_dag.py
[2026-05-07T14:01:40.802+0000] {processor.py:840} INFO - DAG(s) 'ab_test_medallion_pipeline' retrieved from /opt/airflow/dags/pipeline_dag.py
[2026-05-07T14:01:40.903+0000] {logging_mixin.py:188} INFO - [2026-05-07T14:01:40.903+0000] {dag.py:3096} INFO - Sync 1 DAGs
[2026-05-07T14:01:41.001+0000] {logging_mixin.py:188} INFO - [2026-05-07T14:01:41.001+0000] {dag.py:3954} INFO - Setting next_dagrun for ab_test_medallion_pipeline to 2026-05-07 00:00:00+00:00, run_after=2026-05-08 00:00:00+00:00
[2026-05-07T14:01:41.059+0000] {processor.py:183} INFO - Processing /opt/airflow/dags/pipeline_dag.py took 0.359 seconds
[2026-05-07T14:02:11.578+0000] {processor.py:161} INFO - Started process (PID=6688) to work on /opt/airflow/dags/pipeline_dag.py
[2026-05-07T14:02:11.591+0000] {processor.py:830} INFO - Processing file /opt/airflow/dags/pipeline_dag.py for tasks to queue
[2026-05-07T14:02:11.594+0000] {logging_mixin.py:188} INFO - [2026-05-07T14:02:11.593+0000] {dagbag.py:545} INFO - Filling up the DagBag from /opt/airflow/dags/pipeline_dag.py
[2026-05-07T14:02:11.721+0000] {processor.py:840} INFO - DAG(s) 'ab_test_medallion_pipeline' retrieved from /opt/airflow/dags/pipeline_dag.py
[2026-05-07T14:02:11.832+0000] {logging_mixin.py:188} INFO - [2026-05-07T14:02:11.832+0000] {dag.py:3096} INFO - Sync 1 DAGs
[2026-05-07T14:02:11.892+0000] {logging_mixin.py:188} INFO - [2026-05-07T14:02:11.891+0000] {dag.py:3954} INFO - Setting next_dagrun for ab_test_medallion_pipeline to 2026-05-07 00:00:00+00:00, run_after=2026-05-08 00:00:00+00:00
[2026-05-07T14:02:11.936+0000] {processor.py:183} INFO - Processing /opt/airflow/dags/pipeline_dag.py took 0.458 seconds
[2026-05-07T14:02:42.093+0000] {processor.py:161} INFO - Started process (PID=6693) to work on /opt/airflow/dags/pipeline_dag.py
[2026-05-07T14:02:42.096+0000] {processor.py:830} INFO - Processing file /opt/airflow/dags/pipeline_dag.py for tasks to queue
[2026-05-07T14:02:42.101+0000] {logging_mixin.py:188} INFO - [2026-05-07T14:02:42.099+0000] {dagbag.py:545} INFO - Filling up the DagBag from /opt/airflow/dags/pipeline_dag.py
[2026-05-07T14:02:42.159+0000] {processor.py:840} INFO - DAG(s) 'ab_test_medallion_pipeline' retrieved from /opt/airflow/dags/pipeline_dag.py
[2026-05-07T14:02:42.252+0000] {logging_mixin.py:188} INFO - [2026-05-07T14:02:42.251+0000] {dag.py:3096} INFO - Sync 1 DAGs
[2026-05-07T14:02:42.391+0000] {logging_mixin.py:188} INFO - [2026-05-07T14:02:42.390+0000] {dag.py:3954} INFO - Setting next_dagrun for ab_test_medallion_pipeline to 2026-05-07 00:00:00+00:00, run_after=2026-05-08 00:00:00+00:00
[2026-05-07T14:02:42.476+0000] {processor.py:183} INFO - Processing /opt/airflow/dags/pipeline_dag.py took 0.400 seconds
[2026-05-07T14:03:12.899+0000] {processor.py:161} INFO - Started process (PID=6698) to work on /opt/airflow/dags/pipeline_dag.py
[2026-05-07T14:03:12.901+0000] {processor.py:830} INFO - Processing file /opt/airflow/dags/pipeline_dag.py for tasks to queue
[2026-05-07T14:03:12.903+0000] {logging_mixin.py:188} INFO - [2026-05-07T14:03:12.902+0000] {dagbag.py:545} INFO - Filling up the DagBag from /opt/airflow/dags/pipeline_dag.py
[2026-05-07T14:03:12.979+0000] {processor.py:840} INFO - DAG(s) 'ab_test_medallion_pipeline' retrieved from /opt/airflow/dags/pipeline_dag.py
[2026-05-07T14:03:13.089+0000] {logging_mixin.py:188} INFO - [2026-05-07T14:03:13.088+0000] {dag.py:3096} INFO - Sync 1 DAGs
[2026-05-07T14:03:13.198+0000] {logging_mixin.py:188} INFO - [2026-05-07T14:03:13.198+0000] {dag.py:3954} INFO - Setting next_dagrun for ab_test_medallion_pipeline to 2026-05-07 00:00:00+00:00, run_after=2026-05-08 00:00:00+00:00
[2026-05-07T14:03:13.264+0000] {processor.py:183} INFO - Processing /opt/airflow/dags/pipeline_dag.py took 0.412 seconds
[2026-05-07T14:03:43.735+0000] {processor.py:161} INFO - Started process (PID=6703) to work on /opt/airflow/dags/pipeline_dag.py
[2026-05-07T14:03:43.807+0000] {processor.py:830} INFO - Processing file /opt/airflow/dags/pipeline_dag.py for tasks to queue
[2026-05-07T14:03:43.810+0000] {logging_mixin.py:188} INFO - [2026-05-07T14:03:43.808+0000] {dagbag.py:545} INFO - Filling up the DagBag from /opt/airflow/dags/pipeline_dag.py
[2026-05-07T14:03:44.330+0000] {processor.py:840} INFO - DAG(s) 'ab_test_medallion_pipeline' retrieved from /opt/airflow/dags/pipeline_dag.py
[2026-05-07T14:03:44.795+0000] {logging_mixin.py:188} INFO - [2026-05-07T14:03:44.794+0000] {dag.py:3096} INFO - Sync 1 DAGs
[2026-05-07T14:03:45.244+0000] {logging_mixin.py:188} INFO - [2026-05-07T14:03:45.233+0000] {dag.py:3954} INFO - Setting next_dagrun for ab_test_medallion_pipeline to 2026-05-07 00:00:00+00:00, run_after=2026-05-08 00:00:00+00:00
[2026-05-07T14:03:45.702+0000] {processor.py:183} INFO - Processing /opt/airflow/dags/pipeline_dag.py took 2.048 seconds
[2026-05-07T14:04:16.315+0000] {processor.py:161} INFO - Started process (PID=6708) to work on /opt/airflow/dags/pipeline_dag.py
[2026-05-07T14:04:16.317+0000] {processor.py:830} INFO - Processing file /opt/airflow/dags/pipeline_dag.py for tasks to queue
[2026-05-07T14:04:16.332+0000] {logging_mixin.py:188} INFO - [2026-05-07T14:04:16.331+0000] {dagbag.py:545} INFO - Filling up the DagBag from /opt/airflow/dags/pipeline_dag.py
[2026-05-07T14:04:16.507+0000] {processor.py:840} INFO - DAG(s) 'ab_test_medallion_pipeline' retrieved from /opt/airflow/dags/pipeline_dag.py
[2026-05-07T14:04:16.991+0000] {logging_mixin.py:188} INFO - [2026-05-07T14:04:16.990+0000] {dag.py:3096} INFO - Sync 1 DAGs
[2026-05-07T14:04:17.450+0000] {logging_mixin.py:188} INFO - [2026-05-07T14:04:17.449+0000] {dag.py:3954} INFO - Setting next_dagrun for ab_test_medallion_pipeline to 2026-05-07 00:00:00+00:00, run_after=2026-05-08 00:00:00+00:00
[2026-05-07T14:04:17.621+0000] {processor.py:183} INFO - Processing /opt/airflow/dags/pipeline_dag.py took 1.376 seconds
[2026-05-07T14:04:48.087+0000] {processor.py:161} INFO - Started process (PID=6713) to work on /opt/airflow/dags/pipeline_dag.py
[2026-05-07T14:04:48.101+0000] {processor.py:830} INFO - Processing file /opt/airflow/dags/pipeline_dag.py for tasks to queue
[2026-05-07T14:04:48.104+0000] {logging_mixin.py:188} INFO - [2026-05-07T14:04:48.103+0000] {dagbag.py:545} INFO - Filling up the DagBag from /opt/airflow/dags/pipeline_dag.py
[2026-05-07T14:04:48.217+0000] {processor.py:840} INFO - DAG(s) 'ab_test_medallion_pipeline' retrieved from /opt/airflow/dags/pipeline_dag.py
[2026-05-07T14:04:48.329+0000] {logging_mixin.py:188} INFO - [2026-05-07T14:04:48.328+0000] {dag.py:3096} INFO - Sync 1 DAGs
[2026-05-07T14:04:48.395+0000] {logging_mixin.py:188} INFO - [2026-05-07T14:04:48.394+0000] {dag.py:3954} INFO - Setting next_dagrun for ab_test_medallion_pipeline to 2026-05-07 00:00:00+00:00, run_after=2026-05-08 00:00:00+00:00
[2026-05-07T14:04:48.439+0000] {processor.py:183} INFO - Processing /opt/airflow/dags/pipeline_dag.py took 0.403 seconds
[2026-05-07T14:05:18.699+0000] {processor.py:161} INFO - Started process (PID=6718) to work on /opt/airflow/dags/pipeline_dag.py
[2026-05-07T14:05:18.701+0000] {processor.py:830} INFO - Processing file /opt/airflow/dags/pipeline_dag.py for tasks to queue
[2026-05-07T14:05:18.708+0000] {logging_mixin.py:188} INFO - [2026-05-07T14:05:18.703+0000] {dagbag.py:545} INFO - Filling up the DagBag from /opt/airflow/dags/pipeline_dag.py
[2026-05-07T14:05:18.766+0000] {processor.py:840} INFO - DAG(s) 'ab_test_medallion_pipeline' retrieved from /opt/airflow/dags/pipeline_dag.py
[2026-05-07T14:05:18.862+0000] {logging_mixin.py:188} INFO - [2026-05-07T14:05:18.861+0000] {dag.py:3096} INFO - Sync 1 DAGs
[2026-05-07T14:05:18.956+0000] {logging_mixin.py:188} INFO - [2026-05-07T14:05:18.956+0000] {dag.py:3954} INFO - Setting next_dagrun for ab_test_medallion_pipeline to 2026-05-07 00:00:00+00:00, run_after=2026-05-08 00:00:00+00:00
[2026-05-07T14:05:19.023+0000] {processor.py:183} INFO - Processing /opt/airflow/dags/pipeline_dag.py took 0.347 seconds
[2026-05-07T14:05:49.272+0000] {processor.py:161} INFO - Started process (PID=6723) to work on /opt/airflow/dags/pipeline_dag.py
[2026-05-07T14:05:49.276+0000] {processor.py:830} INFO - Processing file /opt/airflow/dags/pipeline_dag.py for tasks to queue
[2026-05-07T14:05:49.278+0000] {logging_mixin.py:188} INFO - [2026-05-07T14:05:49.277+0000] {dagbag.py:545} INFO - Filling up the DagBag from /opt/airflow/dags/pipeline_dag.py
[2026-05-07T14:05:49.307+0000] {processor.py:840} INFO - DAG(s) 'ab_test_medallion_pipeline' retrieved from /opt/airflow/dags/pipeline_dag.py
[2026-05-07T14:05:49.369+0000] {logging_mixin.py:188} INFO - [2026-05-07T14:05:49.369+0000] {dag.py:3096} INFO - Sync 1 DAGs
[2026-05-07T14:05:49.431+0000] {logging_mixin.py:188} INFO - [2026-05-07T14:05:49.430+0000] {dag.py:3954} INFO - Setting next_dagrun for ab_test_medallion_pipeline to 2026-05-07 00:00:00+00:00, run_after=2026-05-08 00:00:00+00:00
[2026-05-07T14:05:49.472+0000] {processor.py:183} INFO - Processing /opt/airflow/dags/pipeline_dag.py took 0.215 seconds
[2026-05-07T14:06:19.685+0000] {processor.py:161} INFO - Started process (PID=6728) to work on /opt/airflow/dags/pipeline_dag.py
[2026-05-07T14:06:19.687+0000] {processor.py:830} INFO - Processing file /opt/airflow/dags/pipeline_dag.py for tasks to queue
[2026-05-07T14:06:19.689+0000] {logging_mixin.py:188} INFO - [2026-05-07T14:06:19.688+0000] {dagbag.py:545} INFO - Filling up the DagBag from /opt/airflow/dags/pipeline_dag.py
[2026-05-07T14:06:19.716+0000] {processor.py:840} INFO - DAG(s) 'ab_test_medallion_pipeline' retrieved from /opt/airflow/dags/pipeline_dag.py
[2026-05-07T14:06:19.770+0000] {logging_mixin.py:188} INFO - [2026-05-07T14:06:19.769+0000] {dag.py:3096} INFO - Sync 1 DAGs
[2026-05-07T14:06:19.809+0000] {logging_mixin.py:188} INFO - [2026-05-07T14:06:19.809+0000] {dag.py:3954} INFO - Setting next_dagrun for ab_test_medallion_pipeline to 2026-05-07 00:00:00+00:00, run_after=2026-05-08 00:00:00+00:00
[2026-05-07T14:06:19.848+0000] {processor.py:183} INFO - Processing /opt/airflow/dags/pipeline_dag.py took 0.178 seconds
[2026-05-07T14:06:50.122+0000] {processor.py:161} INFO - Started process (PID=6733) to work on /opt/airflow/dags/pipeline_dag.py
[2026-05-07T14:06:50.127+0000] {processor.py:830} INFO - Processing file /opt/airflow/dags/pipeline_dag.py for tasks to queue
[2026-05-07T14:06:50.130+0000] {logging_mixin.py:188} INFO - [2026-05-07T14:06:50.129+0000] {dagbag.py:545} INFO - Filling up the DagBag from /opt/airflow/dags/pipeline_dag.py
[2026-05-07T14:06:50.160+0000] {processor.py:840} INFO - DAG(s) 'ab_test_medallion_pipeline' retrieved from /opt/airflow/dags/pipeline_dag.py
[2026-05-07T14:06:50.225+0000] {logging_mixin.py:188} INFO - [2026-05-07T14:06:50.224+0000] {dag.py:3096} INFO - Sync 1 DAGs
[2026-05-07T14:06:50.267+0000] {logging_mixin.py:188} INFO - [2026-05-07T14:06:50.266+0000] {dag.py:3954} INFO - Setting next_dagrun for ab_test_medallion_pipeline to 2026-05-07 00:00:00+00:00, run_after=2026-05-08 00:00:00+00:00
[2026-05-07T14:06:50.299+0000] {processor.py:183} INFO - Processing /opt/airflow/dags/pipeline_dag.py took 0.192 seconds
[2026-05-07T14:07:20.516+0000] {processor.py:161} INFO - Started process (PID=6738) to work on /opt/airflow/dags/pipeline_dag.py
[2026-05-07T14:07:20.518+0000] {processor.py:830} INFO - Processing file /opt/airflow/dags/pipeline_dag.py for tasks to queue
[2026-05-07T14:07:20.519+0000] {logging_mixin.py:188} INFO - [2026-05-07T14:07:20.519+0000] {dagbag.py:545} INFO - Filling up the DagBag from /opt/airflow/dags/pipeline_dag.py
[2026-05-07T14:07:20.543+0000] {processor.py:840} INFO - DAG(s) 'ab_test_medallion_pipeline' retrieved from /opt/airflow/dags/pipeline_dag.py
[2026-05-07T14:07:20.595+0000] {logging_mixin.py:188} INFO - [2026-05-07T14:07:20.595+0000] {dag.py:3096} INFO - Sync 1 DAGs
[2026-05-07T14:07:20.636+0000] {logging_mixin.py:188} INFO - [2026-05-07T14:07:20.635+0000] {dag.py:3954} INFO - Setting next_dagrun for ab_test_medallion_pipeline to 2026-05-07 00:00:00+00:00, run_after=2026-05-08 00:00:00+00:00
[2026-05-07T14:07:20.665+0000] {processor.py:183} INFO - Processing /opt/airflow/dags/pipeline_dag.py took 0.160 seconds
[2026-05-07T14:07:50.914+0000] {processor.py:161} INFO - Started process (PID=6743) to work on /opt/airflow/dags/pipeline_dag.py
[2026-05-07T14:07:50.918+0000] {processor.py:830} INFO - Processing file /opt/airflow/dags/pipeline_dag.py for tasks to queue
[2026-05-07T14:07:50.920+0000] {logging_mixin.py:188} INFO - [2026-05-07T14:07:50.919+0000] {dagbag.py:545} INFO - Filling up the DagBag from /opt/airflow/dags/pipeline_dag.py
[2026-05-07T14:07:50.943+0000] {processor.py:840} INFO - DAG(s) 'ab_test_medallion_pipeline' retrieved from /opt/airflow/dags/pipeline_dag.py
[2026-05-07T14:07:50.991+0000] {logging_mixin.py:188} INFO - [2026-05-07T14:07:50.990+0000] {dag.py:3096} INFO - Sync 1 DAGs
[2026-05-07T14:07:51.028+0000] {logging_mixin.py:188} INFO - [2026-05-07T14:07:51.028+0000] {dag.py:3954} INFO - Setting next_dagrun for ab_test_medallion_pipeline to 2026-05-07 00:00:00+00:00, run_after=2026-05-08 00:00:00+00:00
[2026-05-07T14:07:51.058+0000] {processor.py:183} INFO - Processing /opt/airflow/dags/pipeline_dag.py took 0.159 seconds
[2026-05-07T14:08:21.369+0000] {processor.py:161} INFO - Started process (PID=6748) to work on /opt/airflow/dags/pipeline_dag.py
[2026-05-07T14:08:21.376+0000] {processor.py:830} INFO - Processing file /opt/airflow/dags/pipeline_dag.py for tasks to queue
[2026-05-07T14:08:21.379+0000] {logging_mixin.py:188} INFO - [2026-05-07T14:08:21.378+0000] {dagbag.py:545} INFO - Filling up the DagBag from /opt/airflow/dags/pipeline_dag.py
[2026-05-07T14:08:21.518+0000] {processor.py:840} INFO - DAG(s) 'ab_test_medallion_pipeline' retrieved from /opt/airflow/dags/pipeline_dag.py
[2026-05-07T14:08:21.635+0000] {logging_mixin.py:188} INFO - [2026-05-07T14:08:21.634+0000] {dag.py:3096} INFO - Sync 1 DAGs
[2026-05-07T14:08:21.732+0000] {logging_mixin.py:188} INFO - [2026-05-07T14:08:21.731+0000] {dag.py:3954} INFO - Setting next_dagrun for ab_test_medallion_pipeline to 2026-05-07 00:00:00+00:00, run_after=2026-05-08 00:00:00+00:00
[2026-05-07T14:08:21.799+0000] {processor.py:183} INFO - Processing /opt/airflow/dags/pipeline_dag.py took 0.548 seconds
[2026-05-07T14:08:52.037+0000] {processor.py:161} INFO - Started process (PID=6753) to work on /opt/airflow/dags/pipeline_dag.py
[2026-05-07T14:08:52.040+0000] {processor.py:830} INFO - Processing file /opt/airflow/dags/pipeline_dag.py for tasks to queue
[2026-05-07T14:08:52.042+0000] {logging_mixin.py:188} INFO - [2026-05-07T14:08:52.041+0000] {dagbag.py:545} INFO - Filling up the DagBag from /opt/airflow/dags/pipeline_dag.py
[2026-05-07T14:08:52.070+0000] {processor.py:840} INFO - DAG(s) 'ab_test_medallion_pipeline' retrieved from /opt/airflow/dags/pipeline_dag.py
[2026-05-07T14:08:52.137+0000] {logging_mixin.py:188} INFO - [2026-05-07T14:08:52.136+0000] {dag.py:3096} INFO - Sync 1 DAGs
[2026-05-07T14:08:52.183+0000] {logging_mixin.py:188} INFO - [2026-05-07T14:08:52.182+0000] {dag.py:3954} INFO - Setting next_dagrun for ab_test_medallion_pipeline to 2026-05-07 00:00:00+00:00, run_after=2026-05-08 00:00:00+00:00
[2026-05-07T14:08:52.220+0000] {processor.py:183} INFO - Processing /opt/airflow/dags/pipeline_dag.py took 0.199 seconds
[2026-05-07T14:09:22.318+0000] {processor.py:161} INFO - Started process (PID=6758) to work on /opt/airflow/dags/pipeline_dag.py
[2026-05-07T14:09:22.321+0000] {processor.py:830} INFO - Processing file /opt/airflow/dags/pipeline_dag.py for tasks to queue
[2026-05-07T14:09:22.324+0000] {logging_mixin.py:188} INFO - [2026-05-07T14:09:22.322+0000] {dagbag.py:545} INFO - Filling up the DagBag from /opt/airflow/dags/pipeline_dag.py
[2026-05-07T14:09:22.357+0000] {processor.py:840} INFO - DAG(s) 'ab_test_medallion_pipeline' retrieved from /opt/airflow/dags/pipeline_dag.py
[2026-05-07T14:09:22.415+0000] {logging_mixin.py:188} INFO - [2026-05-07T14:09:22.415+0000] {dag.py:3096} INFO - Sync 1 DAGs
[2026-05-07T14:09:22.459+0000] {logging_mixin.py:188} INFO - [2026-05-07T14:09:22.458+0000] {dag.py:3954} INFO - Setting next_dagrun for ab_test_medallion_pipeline to 2026-05-07 00:00:00+00:00, run_after=2026-05-08 00:00:00+00:00
[2026-05-07T14:09:22.504+0000] {processor.py:183} INFO - Processing /opt/airflow/dags/pipeline_dag.py took 0.196 seconds
[2026-05-07T14:09:52.752+0000] {processor.py:161} INFO - Started process (PID=6763) to work on /opt/airflow/dags/pipeline_dag.py
[2026-05-07T14:09:52.755+0000] {processor.py:830} INFO - Processing file /opt/airflow/dags/pipeline_dag.py for tasks to queue
[2026-05-07T14:09:52.757+0000] {logging_mixin.py:188} INFO - [2026-05-07T14:09:52.756+0000] {dagbag.py:545} INFO - Filling up the DagBag from /opt/airflow/dags/pipeline_dag.py
[2026-05-07T14:09:52.923+0000] {processor.py:840} INFO - DAG(s) 'ab_test_medallion_pipeline' retrieved from /opt/airflow/dags/pipeline_dag.py
[2026-05-07T14:09:53.068+0000] {logging_mixin.py:188} INFO - [2026-05-07T14:09:53.067+0000] {dag.py:3096} INFO - Sync 1 DAGs
[2026-05-07T14:09:53.184+0000] {logging_mixin.py:188} INFO - [2026-05-07T14:09:53.184+0000] {dag.py:3954} INFO - Setting next_dagrun for ab_test_medallion_pipeline to 2026-05-07 00:00:00+00:00, run_after=2026-05-08 00:00:00+00:00
[2026-05-07T14:09:53.319+0000] {processor.py:183} INFO - Processing /opt/airflow/dags/pipeline_dag.py took 0.614 seconds
[2026-05-07T14:10:23.689+0000] {processor.py:161} INFO - Started process (PID=6768) to work on /opt/airflow/dags/pipeline_dag.py
[2026-05-07T14:10:23.691+0000] {processor.py:830} INFO - Processing file /opt/airflow/dags/pipeline_dag.py for tasks to queue
[2026-05-07T14:10:23.693+0000] {logging_mixin.py:188} INFO - [2026-05-07T14:10:23.692+0000] {dagbag.py:545} INFO - Filling up the DagBag from /opt/airflow/dags/pipeline_dag.py
[2026-05-07T14:10:23.717+0000] {processor.py:840} INFO - DAG(s) 'ab_test_medallion_pipeline' retrieved from /opt/airflow/dags/pipeline_dag.py
[2026-05-07T14:10:23.776+0000] {logging_mixin.py:188} INFO - [2026-05-07T14:10:23.776+0000] {dag.py:3096} INFO - Sync 1 DAGs
[2026-05-07T14:10:23.819+0000] {logging_mixin.py:188} INFO - [2026-05-07T14:10:23.819+0000] {dag.py:3954} INFO - Setting next_dagrun for ab_test_medallion_pipeline to 2026-05-07 00:00:00+00:00, run_after=2026-05-08 00:00:00+00:00
[2026-05-07T14:10:23.862+0000] {processor.py:183} INFO - Processing /opt/airflow/dags/pipeline_dag.py took 0.186 seconds
[2026-05-07T14:10:54.147+0000] {processor.py:161} INFO - Started process (PID=6773) to work on /opt/airflow/dags/pipeline_dag.py
[2026-05-07T14:10:54.151+0000] {processor.py:830} INFO - Processing file /opt/airflow/dags/pipeline_dag.py for tasks to queue
[2026-05-07T14:10:54.161+0000] {logging_mixin.py:188} INFO - [2026-05-07T14:10:54.153+0000] {dagbag.py:545} INFO - Filling up the DagBag from /opt/airflow/dags/pipeline_dag.py
[2026-05-07T14:10:54.233+0000] {processor.py:840} INFO - DAG(s) 'ab_test_medallion_pipeline' retrieved from /opt/airflow/dags/pipeline_dag.py
[2026-05-07T14:10:54.319+0000] {logging_mixin.py:188} INFO - [2026-05-07T14:10:54.318+0000] {dag.py:3096} INFO - Sync 1 DAGs
[2026-05-07T14:10:54.349+0000] {logging_mixin.py:188} INFO - [2026-05-07T14:10:54.348+0000] {dag.py:3954} INFO - Setting next_dagrun for ab_test_medallion_pipeline to 2026-05-07 00:00:00+00:00, run_after=2026-05-08 00:00:00+00:00
[2026-05-07T14:10:54.400+0000] {processor.py:183} INFO - Processing /opt/airflow/dags/pipeline_dag.py took 0.317 seconds
[2026-05-07T14:11:24.696+0000] {processor.py:161} INFO - Started process (PID=6778) to work on /opt/airflow/dags/pipeline_dag.py
[2026-05-07T14:11:24.699+0000] {processor.py:830} INFO - Processing file /opt/airflow/dags/pipeline_dag.py for tasks to queue
[2026-05-07T14:11:24.701+0000] {logging_mixin.py:188} INFO - [2026-05-07T14:11:24.700+0000] {dagbag.py:545} INFO - Filling up the DagBag from /opt/airflow/dags/pipeline_dag.py
[2026-05-07T14:11:24.736+0000] {processor.py:840} INFO - DAG(s) 'ab_test_medallion_pipeline' retrieved from /opt/airflow/dags/pipeline_dag.py
[2026-05-07T14:11:24.830+0000] {logging_mixin.py:188} INFO - [2026-05-07T14:11:24.828+0000] {dag.py:3096} INFO - Sync 1 DAGs
[2026-05-07T14:11:24.879+0000] {logging_mixin.py:188} INFO - [2026-05-07T14:11:24.879+0000] {dag.py:3954} INFO - Setting next_dagrun for ab_test_medallion_pipeline to 2026-05-07 00:00:00+00:00, run_after=2026-05-08 00:00:00+00:00
[2026-05-07T14:11:24.911+0000] {processor.py:183} INFO - Processing /opt/airflow/dags/pipeline_dag.py took 0.230 seconds
[2026-05-07T14:11:55.218+0000] {processor.py:161} INFO - Started process (PID=6783) to work on /opt/airflow/dags/pipeline_dag.py
[2026-05-07T14:11:55.231+0000] {processor.py:830} INFO - Processing file /opt/airflow/dags/pipeline_dag.py for tasks to queue
[2026-05-07T14:11:55.234+0000] {logging_mixin.py:188} INFO - [2026-05-07T14:11:55.233+0000] {dagbag.py:545} INFO - Filling up the DagBag from /opt/airflow/dags/pipeline_dag.py
[2026-05-07T14:11:55.303+0000] {processor.py:840} INFO - DAG(s) 'ab_test_medallion_pipeline' retrieved from /opt/airflow/dags/pipeline_dag.py
[2026-05-07T14:11:55.441+0000] {logging_mixin.py:188} INFO - [2026-05-07T14:11:55.440+0000] {dag.py:3096} INFO - Sync 1 DAGs
[2026-05-07T14:11:55.592+0000] {logging_mixin.py:188} INFO - [2026-05-07T14:11:55.592+0000] {dag.py:3954} INFO - Setting next_dagrun for ab_test_medallion_pipeline to 2026-05-07 00:00:00+00:00, run_after=2026-05-08 00:00:00+00:00
[2026-05-07T14:11:55.706+0000] {processor.py:183} INFO - Processing /opt/airflow/dags/pipeline_dag.py took 0.522 seconds
[2026-05-07T14:12:25.932+0000] {processor.py:161} INFO - Started process (PID=6788) to work on /opt/airflow/dags/pipeline_dag.py
[2026-05-07T14:12:25.934+0000] {processor.py:830} INFO - Processing file /opt/airflow/dags/pipeline_dag.py for tasks to queue
[2026-05-07T14:12:25.937+0000] {logging_mixin.py:188} INFO - [2026-05-07T14:12:25.936+0000] {dagbag.py:545} INFO - Filling up the DagBag from /opt/airflow/dags/pipeline_dag.py
[2026-05-07T14:12:25.986+0000] {processor.py:840} INFO - DAG(s) 'ab_test_medallion_pipeline' retrieved from /opt/airflow/dags/pipeline_dag.py
[2026-05-07T14:12:26.059+0000] {logging_mixin.py:188} INFO - [2026-05-07T14:12:26.058+0000] {dag.py:3096} INFO - Sync 1 DAGs
[2026-05-07T14:12:26.111+0000] {logging_mixin.py:188} INFO - [2026-05-07T14:12:26.111+0000] {dag.py:3954} INFO - Setting next_dagrun for ab_test_medallion_pipeline to 2026-05-07 00:00:00+00:00, run_after=2026-05-08 00:00:00+00:00
[2026-05-07T14:12:26.489+0000] {processor.py:183} INFO - Processing /opt/airflow/dags/pipeline_dag.py took 0.571 seconds
[2026-05-07T14:12:56.587+0000] {processor.py:161} INFO - Started process (PID=6793) to work on /opt/airflow/dags/pipeline_dag.py
[2026-05-07T14:12:56.591+0000] {processor.py:830} INFO - Processing file /opt/airflow/dags/pipeline_dag.py for tasks to queue
[2026-05-07T14:12:56.593+0000] {logging_mixin.py:188} INFO - [2026-05-07T14:12:56.592+0000] {dagbag.py:545} INFO - Filling up the DagBag from /opt/airflow/dags/pipeline_dag.py
[2026-05-07T14:12:56.631+0000] {processor.py:840} INFO - DAG(s) 'ab_test_medallion_pipeline' retrieved from /opt/airflow/dags/pipeline_dag.py
[2026-05-07T14:12:56.721+0000] {logging_mixin.py:188} INFO - [2026-05-07T14:12:56.719+0000] {dag.py:3096} INFO - Sync 1 DAGs
[2026-05-07T14:12:56.794+0000] {logging_mixin.py:188} INFO - [2026-05-07T14:12:56.794+0000] {dag.py:3954} INFO - Setting next_dagrun for ab_test_medallion_pipeline to 2026-05-07 00:00:00+00:00, run_after=2026-05-08 00:00:00+00:00
[2026-05-07T14:12:56.879+0000] {processor.py:183} INFO - Processing /opt/airflow/dags/pipeline_dag.py took 0.310 seconds
[2026-05-07T14:13:26.981+0000] {processor.py:161} INFO - Started process (PID=6798) to work on /opt/airflow/dags/pipeline_dag.py
[2026-05-07T14:13:26.983+0000] {processor.py:830} INFO - Processing file /opt/airflow/dags/pipeline_dag.py for tasks to queue
[2026-05-07T14:13:26.986+0000] {logging_mixin.py:188} INFO - [2026-05-07T14:13:26.984+0000] {dagbag.py:545} INFO - Filling up the DagBag from /opt/airflow/dags/pipeline_dag.py
[2026-05-07T14:13:27.025+0000] {processor.py:840} INFO - DAG(s) 'ab_test_medallion_pipeline' retrieved from /opt/airflow/dags/pipeline_dag.py
[2026-05-07T14:13:27.113+0000] {logging_mixin.py:188} INFO - [2026-05-07T14:13:27.113+0000] {dag.py:3096} INFO - Sync 1 DAGs
[2026-05-07T14:13:27.185+0000] {logging_mixin.py:188} INFO - [2026-05-07T14:13:27.184+0000] {dag.py:3954} INFO - Setting next_dagrun for ab_test_medallion_pipeline to 2026-05-07 00:00:00+00:00, run_after=2026-05-08 00:00:00+00:00
[2026-05-07T14:13:27.233+0000] {processor.py:183} INFO - Processing /opt/airflow/dags/pipeline_dag.py took 0.271 seconds
[2026-05-07T14:13:57.476+0000] {processor.py:161} INFO - Started process (PID=6803) to work on /opt/airflow/dags/pipeline_dag.py
[2026-05-07T14:13:57.479+0000] {processor.py:830} INFO - Processing file /opt/airflow/dags/pipeline_dag.py for tasks to queue
[2026-05-07T14:13:57.482+0000] {logging_mixin.py:188} INFO - [2026-05-07T14:13:57.481+0000] {dagbag.py:545} INFO - Filling up the DagBag from /opt/airflow/dags/pipeline_dag.py
[2026-05-07T14:13:57.538+0000] {processor.py:840} INFO - DAG(s) 'ab_test_medallion_pipeline' retrieved from /opt/airflow/dags/pipeline_dag.py
[2026-05-07T14:13:57.656+0000] {logging_mixin.py:188} INFO - [2026-05-07T14:13:57.651+0000] {dag.py:3096} INFO - Sync 1 DAGs
[2026-05-07T14:13:57.782+0000] {logging_mixin.py:188} INFO - [2026-05-07T14:13:57.781+0000] {dag.py:3954} INFO - Setting next_dagrun for ab_test_medallion_pipeline to 2026-05-07 00:00:00+00:00, run_after=2026-05-08 00:00:00+00:00
[2026-05-07T14:13:57.845+0000] {processor.py:183} INFO - Processing /opt/airflow/dags/pipeline_dag.py took 0.400 seconds
[2026-05-07T14:14:28.104+0000] {processor.py:161} INFO - Started process (PID=6808) to work on /opt/airflow/dags/pipeline_dag.py
[2026-05-07T14:14:28.105+0000] {processor.py:830} INFO - Processing file /opt/airflow/dags/pipeline_dag.py for tasks to queue
[2026-05-07T14:14:28.107+0000] {logging_mixin.py:188} INFO - [2026-05-07T14:14:28.106+0000] {dagbag.py:545} INFO - Filling up the DagBag from /opt/airflow/dags/pipeline_dag.py
[2026-05-07T14:14:28.135+0000] {processor.py:840} INFO - DAG(s) 'ab_test_medallion_pipeline' retrieved from /opt/airflow/dags/pipeline_dag.py
[2026-05-07T14:14:28.195+0000] {logging_mixin.py:188} INFO - [2026-05-07T14:14:28.194+0000] {dag.py:3096} INFO - Sync 1 DAGs
[2026-05-07T14:14:28.240+0000] {logging_mixin.py:188} INFO - [2026-05-07T14:14:28.240+0000] {dag.py:3954} INFO - Setting next_dagrun for ab_test_medallion_pipeline to 2026-05-07 00:00:00+00:00, run_after=2026-05-08 00:00:00+00:00
[2026-05-07T14:14:28.278+0000] {processor.py:183} INFO - Processing /opt/airflow/dags/pipeline_dag.py took 0.190 seconds
[2026-05-07T14:14:58.512+0000] {processor.py:161} INFO - Started process (PID=6813) to work on /opt/airflow/dags/pipeline_dag.py
[2026-05-07T14:14:58.514+0000] {processor.py:830} INFO - Processing file /opt/airflow/dags/pipeline_dag.py for tasks to queue
[2026-05-07T14:14:58.517+0000] {logging_mixin.py:188} INFO - [2026-05-07T14:14:58.516+0000] {dagbag.py:545} INFO - Filling up the DagBag from /opt/airflow/dags/pipeline_dag.py
[2026-05-07T14:14:58.552+0000] {processor.py:840} INFO - DAG(s) 'ab_test_medallion_pipeline' retrieved from /opt/airflow/dags/pipeline_dag.py
[2026-05-07T14:14:58.610+0000] {logging_mixin.py:188} INFO - [2026-05-07T14:14:58.610+0000] {dag.py:3096} INFO - Sync 1 DAGs
[2026-05-07T14:14:58.649+0000] {logging_mixin.py:188} INFO - [2026-05-07T14:14:58.649+0000] {dag.py:3954} INFO - Setting next_dagrun for ab_test_medallion_pipeline to 2026-05-07 00:00:00+00:00, run_after=2026-05-08 00:00:00+00:00
[2026-05-07T14:14:58.679+0000] {processor.py:183} INFO - Processing /opt/airflow/dags/pipeline_dag.py took 0.180 seconds
[2026-05-07T14:15:28.775+0000] {processor.py:161} INFO - Started process (PID=6818) to work on /opt/airflow/dags/pipeline_dag.py
[2026-05-07T14:15:28.777+0000] {processor.py:830} INFO - Processing file /opt/airflow/dags/pipeline_dag.py for tasks to queue
[2026-05-07T14:15:28.779+0000] {logging_mixin.py:188} INFO - [2026-05-07T14:15:28.778+0000] {dagbag.py:545} INFO - Filling up the DagBag from /opt/airflow/dags/pipeline_dag.py
[2026-05-07T14:15:28.805+0000] {processor.py:840} INFO - DAG(s) 'ab_test_medallion_pipeline' retrieved from /opt/airflow/dags/pipeline_dag.py
[2026-05-07T14:15:28.860+0000] {logging_mixin.py:188} INFO - [2026-05-07T14:15:28.859+0000] {dag.py:3096} INFO - Sync 1 DAGs
[2026-05-07T14:15:28.902+0000] {logging_mixin.py:188} INFO - [2026-05-07T14:15:28.901+0000] {dag.py:3954} INFO - Setting next_dagrun for ab_test_medallion_pipeline to 2026-05-07 00:00:00+00:00, run_after=2026-05-08 00:00:00+00:00
[2026-05-07T14:15:29.008+0000] {processor.py:183} INFO - Processing /opt/airflow/dags/pipeline_dag.py took 0.252 seconds
[2026-05-07T14:15:59.155+0000] {processor.py:161} INFO - Started process (PID=6823) to work on /opt/airflow/dags/pipeline_dag.py
[2026-05-07T14:15:59.160+0000] {processor.py:830} INFO - Processing file /opt/airflow/dags/pipeline_dag.py for tasks to queue
[2026-05-07T14:15:59.162+0000] {logging_mixin.py:188} INFO - [2026-05-07T14:15:59.161+0000] {dagbag.py:545} INFO - Filling up the DagBag from /opt/airflow/dags/pipeline_dag.py
[2026-05-07T14:15:59.189+0000] {processor.py:840} INFO - DAG(s) 'ab_test_medallion_pipeline' retrieved from /opt/airflow/dags/pipeline_dag.py
[2026-05-07T14:15:59.241+0000] {logging_mixin.py:188} INFO - [2026-05-07T14:15:59.240+0000] {dag.py:3096} INFO - Sync 1 DAGs
[2026-05-07T14:15:59.281+0000] {logging_mixin.py:188} INFO - [2026-05-07T14:15:59.281+0000] {dag.py:3954} INFO - Setting next_dagrun for ab_test_medallion_pipeline to 2026-05-07 00:00:00+00:00, run_after=2026-05-08 00:00:00+00:00
[2026-05-07T14:15:59.313+0000] {processor.py:183} INFO - Processing /opt/airflow/dags/pipeline_dag.py took 0.169 seconds
[2026-05-07T14:16:29.434+0000] {processor.py:161} INFO - Started process (PID=6828) to work on /opt/airflow/dags/pipeline_dag.py
[2026-05-07T14:16:29.435+0000] {processor.py:830} INFO - Processing file /opt/airflow/dags/pipeline_dag.py for tasks to queue
[2026-05-07T14:16:29.437+0000] {logging_mixin.py:188} INFO - [2026-05-07T14:16:29.436+0000] {dagbag.py:545} INFO - Filling up the DagBag from /opt/airflow/dags/pipeline_dag.py
[2026-05-07T14:16:29.463+0000] {processor.py:840} INFO - DAG(s) 'ab_test_medallion_pipeline' retrieved from /opt/airflow/dags/pipeline_dag.py
[2026-05-07T14:16:29.523+0000] {logging_mixin.py:188} INFO - [2026-05-07T14:16:29.523+0000] {dag.py:3096} INFO - Sync 1 DAGs
[2026-05-07T14:16:29.596+0000] {logging_mixin.py:188} INFO - [2026-05-07T14:16:29.595+0000] {dag.py:3954} INFO - Setting next_dagrun for ab_test_medallion_pipeline to 2026-05-07 00:00:00+00:00, run_after=2026-05-08 00:00:00+00:00
[2026-05-07T14:16:29.628+0000] {processor.py:183} INFO - Processing /opt/airflow/dags/pipeline_dag.py took 0.206 seconds
[2026-05-07T14:16:59.739+0000] {processor.py:161} INFO - Started process (PID=6833) to work on /opt/airflow/dags/pipeline_dag.py
[2026-05-07T14:16:59.743+0000] {processor.py:830} INFO - Processing file /opt/airflow/dags/pipeline_dag.py for tasks to queue
[2026-05-07T14:16:59.745+0000] {logging_mixin.py:188} INFO - [2026-05-07T14:16:59.744+0000] {dagbag.py:545} INFO - Filling up the DagBag from /opt/airflow/dags/pipeline_dag.py
[2026-05-07T14:16:59.772+0000] {processor.py:840} INFO - DAG(s) 'ab_test_medallion_pipeline' retrieved from /opt/airflow/dags/pipeline_dag.py
[2026-05-07T14:16:59.824+0000] {logging_mixin.py:188} INFO - [2026-05-07T14:16:59.823+0000] {dag.py:3096} INFO - Sync 1 DAGs
[2026-05-07T14:16:59.864+0000] {logging_mixin.py:188} INFO - [2026-05-07T14:16:59.863+0000] {dag.py:3954} INFO - Setting next_dagrun for ab_test_medallion_pipeline to 2026-05-07 00:00:00+00:00, run_after=2026-05-08 00:00:00+00:00
[2026-05-07T14:16:59.895+0000] {processor.py:183} INFO - Processing /opt/airflow/dags/pipeline_dag.py took 0.169 seconds
[2026-05-07T14:17:30.036+0000] {processor.py:161} INFO - Started process (PID=6838) to work on /opt/airflow/dags/pipeline_dag.py
[2026-05-07T14:17:30.038+0000] {processor.py:830} INFO - Processing file /opt/airflow/dags/pipeline_dag.py for tasks to queue
[2026-05-07T14:17:30.040+0000] {logging_mixin.py:188} INFO - [2026-05-07T14:17:30.039+0000] {dagbag.py:545} INFO - Filling up the DagBag from /opt/airflow/dags/pipeline_dag.py
[2026-05-07T14:17:30.072+0000] {processor.py:840} INFO - DAG(s) 'ab_test_medallion_pipeline' retrieved from /opt/airflow/dags/pipeline_dag.py
[2026-05-07T14:17:30.132+0000] {logging_mixin.py:188} INFO - [2026-05-07T14:17:30.132+0000] {dag.py:3096} INFO - Sync 1 DAGs
[2026-05-07T14:17:30.175+0000] {logging_mixin.py:188} INFO - [2026-05-07T14:17:30.173+0000] {dag.py:3954} INFO - Setting next_dagrun for ab_test_medallion_pipeline to 2026-05-07 00:00:00+00:00, run_after=2026-05-08 00:00:00+00:00
[2026-05-07T14:17:30.206+0000] {processor.py:183} INFO - Processing /opt/airflow/dags/pipeline_dag.py took 0.182 seconds
[2026-05-07T14:18:00.291+0000] {processor.py:161} INFO - Started process (PID=6843) to work on /opt/airflow/dags/pipeline_dag.py
[2026-05-07T14:18:00.293+0000] {processor.py:830} INFO - Processing file /opt/airflow/dags/pipeline_dag.py for tasks to queue
[2026-05-07T14:18:00.294+0000] {logging_mixin.py:188} INFO - [2026-05-07T14:18:00.294+0000] {dagbag.py:545} INFO - Filling up the DagBag from /opt/airflow/dags/pipeline_dag.py
[2026-05-07T14:18:00.321+0000] {processor.py:840} INFO - DAG(s) 'ab_test_medallion_pipeline' retrieved from /opt/airflow/dags/pipeline_dag.py
[2026-05-07T14:18:00.374+0000] {logging_mixin.py:188} INFO - [2026-05-07T14:18:00.374+0000] {dag.py:3096} INFO - Sync 1 DAGs
[2026-05-07T14:18:00.417+0000] {logging_mixin.py:188} INFO - [2026-05-07T14:18:00.416+0000] {dag.py:3954} INFO - Setting next_dagrun for ab_test_medallion_pipeline to 2026-05-07 00:00:00+00:00, run_after=2026-05-08 00:00:00+00:00
[2026-05-07T14:18:00.463+0000] {processor.py:183} INFO - Processing /opt/airflow/dags/pipeline_dag.py took 0.187 seconds
[2026-05-07T14:18:30.646+0000] {processor.py:161} INFO - Started process (PID=6848) to work on /opt/airflow/dags/pipeline_dag.py
[2026-05-07T14:18:30.649+0000] {processor.py:830} INFO - Processing file /opt/airflow/dags/pipeline_dag.py for tasks to queue
[2026-05-07T14:18:30.652+0000] {logging_mixin.py:188} INFO - [2026-05-07T14:18:30.650+0000] {dagbag.py:545} INFO - Filling up the DagBag from /opt/airflow/dags/pipeline_dag.py
[2026-05-07T14:18:30.734+0000] {processor.py:840} INFO - DAG(s) 'ab_test_medallion_pipeline' retrieved from /opt/airflow/dags/pipeline_dag.py
[2026-05-07T14:18:30.859+0000] {logging_mixin.py:188} INFO - [2026-05-07T14:18:30.859+0000] {dag.py:3096} INFO - Sync 1 DAGs
[2026-05-07T14:18:30.962+0000] {logging_mixin.py:188} INFO - [2026-05-07T14:18:30.961+0000] {dag.py:3954} INFO - Setting next_dagrun for ab_test_medallion_pipeline to 2026-05-07 00:00:00+00:00, run_after=2026-05-08 00:00:00+00:00
[2026-05-07T14:18:31.058+0000] {processor.py:183} INFO - Processing /opt/airflow/dags/pipeline_dag.py took 0.436 seconds
[2026-05-07T14:19:01.317+0000] {processor.py:161} INFO - Started process (PID=6853) to work on /opt/airflow/dags/pipeline_dag.py
[2026-05-07T14:19:01.323+0000] {processor.py:830} INFO - Processing file /opt/airflow/dags/pipeline_dag.py for tasks to queue
[2026-05-07T14:19:01.325+0000] {logging_mixin.py:188} INFO - [2026-05-07T14:19:01.324+0000] {dagbag.py:545} INFO - Filling up the DagBag from /opt/airflow/dags/pipeline_dag.py
[2026-05-07T14:19:01.389+0000] {processor.py:840} INFO - DAG(s) 'ab_test_medallion_pipeline' retrieved from /opt/airflow/dags/pipeline_dag.py
[2026-05-07T14:19:01.464+0000] {logging_mixin.py:188} INFO - [2026-05-07T14:19:01.463+0000] {dag.py:3096} INFO - Sync 1 DAGs
[2026-05-07T14:19:01.526+0000] {logging_mixin.py:188} INFO - [2026-05-07T14:19:01.525+0000] {dag.py:3954} INFO - Setting next_dagrun for ab_test_medallion_pipeline to 2026-05-07 00:00:00+00:00, run_after=2026-05-08 00:00:00+00:00
[2026-05-07T14:19:01.568+0000] {processor.py:183} INFO - Processing /opt/airflow/dags/pipeline_dag.py took 0.279 seconds
[2026-05-07T14:19:31.817+0000] {processor.py:161} INFO - Started process (PID=6858) to work on /opt/airflow/dags/pipeline_dag.py
[2026-05-07T14:19:31.819+0000] {processor.py:830} INFO - Processing file /opt/airflow/dags/pipeline_dag.py for tasks to queue
[2026-05-07T14:19:31.821+0000] {logging_mixin.py:188} INFO - [2026-05-07T14:19:31.821+0000] {dagbag.py:545} INFO - Filling up the DagBag from /opt/airflow/dags/pipeline_dag.py
[2026-05-07T14:19:31.849+0000] {processor.py:840} INFO - DAG(s) 'ab_test_medallion_pipeline' retrieved from /opt/airflow/dags/pipeline_dag.py
[2026-05-07T14:19:31.915+0000] {logging_mixin.py:188} INFO - [2026-05-07T14:19:31.915+0000] {dag.py:3096} INFO - Sync 1 DAGs
[2026-05-07T14:19:31.952+0000] {logging_mixin.py:188} INFO - [2026-05-07T14:19:31.952+0000] {dag.py:3954} INFO - Setting next_dagrun for ab_test_medallion_pipeline to 2026-05-07 00:00:00+00:00, run_after=2026-05-08 00:00:00+00:00
[2026-05-07T14:19:31.984+0000] {processor.py:183} INFO - Processing /opt/airflow/dags/pipeline_dag.py took 0.181 seconds
[2026-05-07T14:20:02.192+0000] {processor.py:161} INFO - Started process (PID=6863) to work on /opt/airflow/dags/pipeline_dag.py
[2026-05-07T14:20:02.197+0000] {processor.py:830} INFO - Processing file /opt/airflow/dags/pipeline_dag.py for tasks to queue
[2026-05-07T14:20:02.199+0000] {logging_mixin.py:188} INFO - [2026-05-07T14:20:02.198+0000] {dagbag.py:545} INFO - Filling up the DagBag from /opt/airflow/dags/pipeline_dag.py
[2026-05-07T14:20:02.236+0000] {processor.py:840} INFO - DAG(s) 'ab_test_medallion_pipeline' retrieved from /opt/airflow/dags/pipeline_dag.py
[2026-05-07T14:20:02.302+0000] {logging_mixin.py:188} INFO - [2026-05-07T14:20:02.301+0000] {dag.py:3096} INFO - Sync 1 DAGs
[2026-05-07T14:20:02.347+0000] {logging_mixin.py:188} INFO - [2026-05-07T14:20:02.347+0000] {dag.py:3954} INFO - Setting next_dagrun for ab_test_medallion_pipeline to 2026-05-07 00:00:00+00:00, run_after=2026-05-08 00:00:00+00:00
[2026-05-07T14:20:02.400+0000] {processor.py:183} INFO - Processing /opt/airflow/dags/pipeline_dag.py took 0.227 seconds
[2026-05-07T14:20:32.639+0000] {processor.py:161} INFO - Started process (PID=6868) to work on /opt/airflow/dags/pipeline_dag.py
[2026-05-07T14:20:32.641+0000] {processor.py:830} INFO - Processing file /opt/airflow/dags/pipeline_dag.py for tasks to queue
[2026-05-07T14:20:32.643+0000] {logging_mixin.py:188} INFO - [2026-05-07T14:20:32.642+0000] {dagbag.py:545} INFO - Filling up the DagBag from /opt/airflow/dags/pipeline_dag.py
[2026-05-07T14:20:32.668+0000] {processor.py:840} INFO - DAG(s) 'ab_test_medallion_pipeline' retrieved from /opt/airflow/dags/pipeline_dag.py
[2026-05-07T14:20:32.724+0000] {logging_mixin.py:188} INFO - [2026-05-07T14:20:32.723+0000] {dag.py:3096} INFO - Sync 1 DAGs
[2026-05-07T14:20:32.762+0000] {logging_mixin.py:188} INFO - [2026-05-07T14:20:32.762+0000] {dag.py:3954} INFO - Setting next_dagrun for ab_test_medallion_pipeline to 2026-05-07 00:00:00+00:00, run_after=2026-05-08 00:00:00+00:00
[2026-05-07T14:20:32.805+0000] {processor.py:183} INFO - Processing /opt/airflow/dags/pipeline_dag.py took 0.179 seconds
[2026-05-07T14:21:03.012+0000] {processor.py:161} INFO - Started process (PID=6873) to work on /opt/airflow/dags/pipeline_dag.py
[2026-05-07T14:21:03.016+0000] {processor.py:830} INFO - Processing file /opt/airflow/dags/pipeline_dag.py for tasks to queue
[2026-05-07T14:21:03.027+0000] {logging_mixin.py:188} INFO - [2026-05-07T14:21:03.018+0000] {dagbag.py:545} INFO - Filling up the DagBag from /opt/airflow/dags/pipeline_dag.py
[2026-05-07T14:21:03.100+0000] {processor.py:840} INFO - DAG(s) 'ab_test_medallion_pipeline' retrieved from /opt/airflow/dags/pipeline_dag.py
[2026-05-07T14:21:03.156+0000] {logging_mixin.py:188} INFO - [2026-05-07T14:21:03.155+0000] {dag.py:3096} INFO - Sync 1 DAGs
[2026-05-07T14:21:03.196+0000] {logging_mixin.py:188} INFO - [2026-05-07T14:21:03.195+0000] {dag.py:3954} INFO - Setting next_dagrun for ab_test_medallion_pipeline to 2026-05-07 00:00:00+00:00, run_after=2026-05-08 00:00:00+00:00
[2026-05-07T14:21:03.232+0000] {processor.py:183} INFO - Processing /opt/airflow/dags/pipeline_dag.py took 0.239 seconds
[2026-05-07T14:21:33.497+0000] {processor.py:161} INFO - Started process (PID=6878) to work on /opt/airflow/dags/pipeline_dag.py
[2026-05-07T14:21:33.499+0000] {processor.py:830} INFO - Processing file /opt/airflow/dags/pipeline_dag.py for tasks to queue
[2026-05-07T14:21:33.500+0000] {logging_mixin.py:188} INFO - [2026-05-07T14:21:33.500+0000] {dagbag.py:545} INFO - Filling up the DagBag from /opt/airflow/dags/pipeline_dag.py
[2026-05-07T14:21:33.545+0000] {processor.py:840} INFO - DAG(s) 'ab_test_medallion_pipeline' retrieved from /opt/airflow/dags/pipeline_dag.py
[2026-05-07T14:21:33.600+0000] {logging_mixin.py:188} INFO - [2026-05-07T14:21:33.600+0000] {dag.py:3096} INFO - Sync 1 DAGs
[2026-05-07T14:21:33.637+0000] {logging_mixin.py:188} INFO - [2026-05-07T14:21:33.637+0000] {dag.py:3954} INFO - Setting next_dagrun for ab_test_medallion_pipeline to 2026-05-07 00:00:00+00:00, run_after=2026-05-08 00:00:00+00:00
[2026-05-07T14:21:33.666+0000] {processor.py:183} INFO - Processing /opt/airflow/dags/pipeline_dag.py took 0.188 seconds
[2026-05-07T14:22:03.951+0000] {processor.py:161} INFO - Started process (PID=6883) to work on /opt/airflow/dags/pipeline_dag.py
[2026-05-07T14:22:03.953+0000] {processor.py:830} INFO - Processing file /opt/airflow/dags/pipeline_dag.py for tasks to queue
[2026-05-07T14:22:03.956+0000] {logging_mixin.py:188} INFO - [2026-05-07T14:22:03.955+0000] {dagbag.py:545} INFO - Filling up the DagBag from /opt/airflow/dags/pipeline_dag.py
[2026-05-07T14:22:04.000+0000] {processor.py:840} INFO - DAG(s) 'ab_test_medallion_pipeline' retrieved from /opt/airflow/dags/pipeline_dag.py
[2026-05-07T14:22:04.050+0000] {logging_mixin.py:188} INFO - [2026-05-07T14:22:04.050+0000] {dag.py:3096} INFO - Sync 1 DAGs
[2026-05-07T14:22:04.096+0000] {logging_mixin.py:188} INFO - [2026-05-07T14:22:04.096+0000] {dag.py:3954} INFO - Setting next_dagrun for ab_test_medallion_pipeline to 2026-05-07 00:00:00+00:00, run_after=2026-05-08 00:00:00+00:00
[2026-05-07T14:22:04.269+0000] {processor.py:183} INFO - Processing /opt/airflow/dags/pipeline_dag.py took 0.342 seconds
[2026-05-07T14:22:34.529+0000] {processor.py:161} INFO - Started process (PID=6888) to work on /opt/airflow/dags/pipeline_dag.py
[2026-05-07T14:22:34.530+0000] {processor.py:830} INFO - Processing file /opt/airflow/dags/pipeline_dag.py for tasks to queue
[2026-05-07T14:22:34.532+0000] {logging_mixin.py:188} INFO - [2026-05-07T14:22:34.531+0000] {dagbag.py:545} INFO - Filling up the DagBag from /opt/airflow/dags/pipeline_dag.py
[2026-05-07T14:22:34.561+0000] {processor.py:840} INFO - DAG(s) 'ab_test_medallion_pipeline' retrieved from /opt/airflow/dags/pipeline_dag.py
[2026-05-07T14:22:34.628+0000] {logging_mixin.py:188} INFO - [2026-05-07T14:22:34.628+0000] {dag.py:3096} INFO - Sync 1 DAGs
[2026-05-07T14:22:34.681+0000] {logging_mixin.py:188} INFO - [2026-05-07T14:22:34.681+0000] {dag.py:3954} INFO - Setting next_dagrun for ab_test_medallion_pipeline to 2026-05-07 00:00:00+00:00, run_after=2026-05-08 00:00:00+00:00
[2026-05-07T14:22:34.728+0000] {processor.py:183} INFO - Processing /opt/airflow/dags/pipeline_dag.py took 0.211 seconds
[2026-05-07T14:23:04.945+0000] {processor.py:161} INFO - Started process (PID=6893) to work on /opt/airflow/dags/pipeline_dag.py
[2026-05-07T14:23:04.949+0000] {processor.py:830} INFO - Processing file /opt/airflow/dags/pipeline_dag.py for tasks to queue
[2026-05-07T14:23:04.951+0000] {logging_mixin.py:188} INFO - [2026-05-07T14:23:04.950+0000] {dagbag.py:545} INFO - Filling up the DagBag from /opt/airflow/dags/pipeline_dag.py
[2026-05-07T14:23:04.989+0000] {processor.py:840} INFO - DAG(s) 'ab_test_medallion_pipeline' retrieved from /opt/airflow/dags/pipeline_dag.py
[2026-05-07T14:23:05.073+0000] {logging_mixin.py:188} INFO - [2026-05-07T14:23:05.073+0000] {dag.py:3096} INFO - Sync 1 DAGs
[2026-05-07T14:23:05.163+0000] {logging_mixin.py:188} INFO - [2026-05-07T14:23:05.162+0000] {dag.py:3954} INFO - Setting next_dagrun for ab_test_medallion_pipeline to 2026-05-07 00:00:00+00:00, run_after=2026-05-08 00:00:00+00:00
[2026-05-07T14:23:05.220+0000] {processor.py:183} INFO - Processing /opt/airflow/dags/pipeline_dag.py took 0.295 seconds
[2026-05-07T14:23:35.478+0000] {processor.py:161} INFO - Started process (PID=6898) to work on /opt/airflow/dags/pipeline_dag.py
[2026-05-07T14:23:35.479+0000] {processor.py:830} INFO - Processing file /opt/airflow/dags/pipeline_dag.py for tasks to queue
[2026-05-07T14:23:35.481+0000] {logging_mixin.py:188} INFO - [2026-05-07T14:23:35.480+0000] {dagbag.py:545} INFO - Filling up the DagBag from /opt/airflow/dags/pipeline_dag.py
[2026-05-07T14:23:35.511+0000] {processor.py:840} INFO - DAG(s) 'ab_test_medallion_pipeline' retrieved from /opt/airflow/dags/pipeline_dag.py
[2026-05-07T14:23:35.574+0000] {logging_mixin.py:188} INFO - [2026-05-07T14:23:35.574+0000] {dag.py:3096} INFO - Sync 1 DAGs
[2026-05-07T14:23:35.635+0000] {logging_mixin.py:188} INFO - [2026-05-07T14:23:35.634+0000] {dag.py:3954} INFO - Setting next_dagrun for ab_test_medallion_pipeline to 2026-05-07 00:00:00+00:00, run_after=2026-05-08 00:00:00+00:00
[2026-05-07T14:23:35.796+0000] {processor.py:183} INFO - Processing /opt/airflow/dags/pipeline_dag.py took 0.333 seconds
[2026-05-07T14:24:06.022+0000] {processor.py:161} INFO - Started process (PID=6903) to work on /opt/airflow/dags/pipeline_dag.py
[2026-05-07T14:24:06.023+0000] {processor.py:830} INFO - Processing file /opt/airflow/dags/pipeline_dag.py for tasks to queue
[2026-05-07T14:24:06.025+0000] {logging_mixin.py:188} INFO - [2026-05-07T14:24:06.024+0000] {dagbag.py:545} INFO - Filling up the DagBag from /opt/airflow/dags/pipeline_dag.py
[2026-05-07T14:24:06.053+0000] {processor.py:840} INFO - DAG(s) 'ab_test_medallion_pipeline' retrieved from /opt/airflow/dags/pipeline_dag.py
[2026-05-07T14:24:06.116+0000] {logging_mixin.py:188} INFO - [2026-05-07T14:24:06.115+0000] {dag.py:3096} INFO - Sync 1 DAGs
[2026-05-07T14:24:06.165+0000] {logging_mixin.py:188} INFO - [2026-05-07T14:24:06.164+0000] {dag.py:3954} INFO - Setting next_dagrun for ab_test_medallion_pipeline to 2026-05-07 00:00:00+00:00, run_after=2026-05-08 00:00:00+00:00
[2026-05-07T14:24:06.209+0000] {processor.py:183} INFO - Processing /opt/airflow/dags/pipeline_dag.py took 0.204 seconds
[2026-05-07T14:24:36.427+0000] {processor.py:161} INFO - Started process (PID=6908) to work on /opt/airflow/dags/pipeline_dag.py
[2026-05-07T14:24:36.428+0000] {processor.py:830} INFO - Processing file /opt/airflow/dags/pipeline_dag.py for tasks to queue
[2026-05-07T14:24:36.430+0000] {logging_mixin.py:188} INFO - [2026-05-07T14:24:36.429+0000] {dagbag.py:545} INFO - Filling up the DagBag from /opt/airflow/dags/pipeline_dag.py
[2026-05-07T14:24:36.467+0000] {processor.py:840} INFO - DAG(s) 'ab_test_medallion_pipeline' retrieved from /opt/airflow/dags/pipeline_dag.py
[2026-05-07T14:24:36.527+0000] {logging_mixin.py:188} INFO - [2026-05-07T14:24:36.527+0000] {dag.py:3096} INFO - Sync 1 DAGs
[2026-05-07T14:24:36.572+0000] {logging_mixin.py:188} INFO - [2026-05-07T14:24:36.571+0000] {dag.py:3954} INFO - Setting next_dagrun for ab_test_medallion_pipeline to 2026-05-07 00:00:00+00:00, run_after=2026-05-08 00:00:00+00:00
[2026-05-07T14:24:36.607+0000] {processor.py:183} INFO - Processing /opt/airflow/dags/pipeline_dag.py took 0.197 seconds
[2026-05-07T14:25:06.832+0000] {processor.py:161} INFO - Started process (PID=6913) to work on /opt/airflow/dags/pipeline_dag.py
[2026-05-07T14:25:06.836+0000] {processor.py:830} INFO - Processing file /opt/airflow/dags/pipeline_dag.py for tasks to queue
[2026-05-07T14:25:06.842+0000] {logging_mixin.py:188} INFO - [2026-05-07T14:25:06.841+0000] {dagbag.py:545} INFO - Filling up the DagBag from /opt/airflow/dags/pipeline_dag.py
[2026-05-07T14:25:06.894+0000] {processor.py:840} INFO - DAG(s) 'ab_test_medallion_pipeline' retrieved from /opt/airflow/dags/pipeline_dag.py
[2026-05-07T14:25:06.956+0000] {logging_mixin.py:188} INFO - [2026-05-07T14:25:06.955+0000] {dag.py:3096} INFO - Sync 1 DAGs
[2026-05-07T14:25:06.997+0000] {logging_mixin.py:188} INFO - [2026-05-07T14:25:06.996+0000] {dag.py:3954} INFO - Setting next_dagrun for ab_test_medallion_pipeline to 2026-05-07 00:00:00+00:00, run_after=2026-05-08 00:00:00+00:00
[2026-05-07T14:25:07.059+0000] {processor.py:183} INFO - Processing /opt/airflow/dags/pipeline_dag.py took 0.247 seconds
[2026-05-07T14:25:37.323+0000] {processor.py:161} INFO - Started process (PID=6918) to work on /opt/airflow/dags/pipeline_dag.py
[2026-05-07T14:25:37.325+0000] {processor.py:830} INFO - Processing file /opt/airflow/dags/pipeline_dag.py for tasks to queue
[2026-05-07T14:25:37.327+0000] {logging_mixin.py:188} INFO - [2026-05-07T14:25:37.326+0000] {dagbag.py:545} INFO - Filling up the DagBag from /opt/airflow/dags/pipeline_dag.py
[2026-05-07T14:25:37.355+0000] {processor.py:840} INFO - DAG(s) 'ab_test_medallion_pipeline' retrieved from /opt/airflow/dags/pipeline_dag.py
[2026-05-07T14:25:37.426+0000] {logging_mixin.py:188} INFO - [2026-05-07T14:25:37.426+0000] {dag.py:3096} INFO - Sync 1 DAGs
[2026-05-07T14:25:37.467+0000] {logging_mixin.py:188} INFO - [2026-05-07T14:25:37.466+0000] {dag.py:3954} INFO - Setting next_dagrun for ab_test_medallion_pipeline to 2026-05-07 00:00:00+00:00, run_after=2026-05-08 00:00:00+00:00
[2026-05-07T14:25:37.544+0000] {processor.py:183} INFO - Processing /opt/airflow/dags/pipeline_dag.py took 0.240 seconds
[2026-05-07T14:26:07.772+0000] {processor.py:161} INFO - Started process (PID=6923) to work on /opt/airflow/dags/pipeline_dag.py
[2026-05-07T14:26:07.774+0000] {processor.py:830} INFO - Processing file /opt/airflow/dags/pipeline_dag.py for tasks to queue
[2026-05-07T14:26:07.776+0000] {logging_mixin.py:188} INFO - [2026-05-07T14:26:07.775+0000] {dagbag.py:545} INFO - Filling up the DagBag from /opt/airflow/dags/pipeline_dag.py
[2026-05-07T14:26:07.800+0000] {processor.py:840} INFO - DAG(s) 'ab_test_medallion_pipeline' retrieved from /opt/airflow/dags/pipeline_dag.py
[2026-05-07T14:26:07.864+0000] {logging_mixin.py:188} INFO - [2026-05-07T14:26:07.863+0000] {dag.py:3096} INFO - Sync 1 DAGs
[2026-05-07T14:26:07.910+0000] {logging_mixin.py:188} INFO - [2026-05-07T14:26:07.909+0000] {dag.py:3954} INFO - Setting next_dagrun for ab_test_medallion_pipeline to 2026-05-07 00:00:00+00:00, run_after=2026-05-08 00:00:00+00:00
[2026-05-07T14:26:07.962+0000] {processor.py:183} INFO - Processing /opt/airflow/dags/pipeline_dag.py took 0.205 seconds
[2026-05-07T14:26:38.192+0000] {processor.py:161} INFO - Started process (PID=6928) to work on /opt/airflow/dags/pipeline_dag.py
[2026-05-07T14:26:38.193+0000] {processor.py:830} INFO - Processing file /opt/airflow/dags/pipeline_dag.py for tasks to queue
[2026-05-07T14:26:38.195+0000] {logging_mixin.py:188} INFO - [2026-05-07T14:26:38.195+0000] {dagbag.py:545} INFO - Filling up the DagBag from /opt/airflow/dags/pipeline_dag.py
[2026-05-07T14:26:38.225+0000] {processor.py:840} INFO - DAG(s) 'ab_test_medallion_pipeline' retrieved from /opt/airflow/dags/pipeline_dag.py
[2026-05-07T14:26:38.286+0000] {logging_mixin.py:188} INFO - [2026-05-07T14:26:38.286+0000] {dag.py:3096} INFO - Sync 1 DAGs
[2026-05-07T14:26:38.334+0000] {logging_mixin.py:188} INFO - [2026-05-07T14:26:38.333+0000] {dag.py:3954} INFO - Setting next_dagrun for ab_test_medallion_pipeline to 2026-05-07 00:00:00+00:00, run_after=2026-05-08 00:00:00+00:00
[2026-05-07T14:26:38.379+0000] {processor.py:183} INFO - Processing /opt/airflow/dags/pipeline_dag.py took 0.201 seconds
[2026-05-07T14:27:08.588+0000] {processor.py:161} INFO - Started process (PID=6933) to work on /opt/airflow/dags/pipeline_dag.py
[2026-05-07T14:27:08.591+0000] {processor.py:830} INFO - Processing file /opt/airflow/dags/pipeline_dag.py for tasks to queue
[2026-05-07T14:27:08.594+0000] {logging_mixin.py:188} INFO - [2026-05-07T14:27:08.593+0000] {dagbag.py:545} INFO - Filling up the DagBag from /opt/airflow/dags/pipeline_dag.py
[2026-05-07T14:27:08.619+0000] {processor.py:840} INFO - DAG(s) 'ab_test_medallion_pipeline' retrieved from /opt/airflow/dags/pipeline_dag.py
[2026-05-07T14:27:08.678+0000] {logging_mixin.py:188} INFO - [2026-05-07T14:27:08.677+0000] {dag.py:3096} INFO - Sync 1 DAGs
[2026-05-07T14:27:08.725+0000] {logging_mixin.py:188} INFO - [2026-05-07T14:27:08.724+0000] {dag.py:3954} INFO - Setting next_dagrun for ab_test_medallion_pipeline to 2026-05-07 00:00:00+00:00, run_after=2026-05-08 00:00:00+00:00
[2026-05-07T14:27:08.768+0000] {processor.py:183} INFO - Processing /opt/airflow/dags/pipeline_dag.py took 0.194 seconds
[2026-05-07T14:27:39.131+0000] {processor.py:161} INFO - Started process (PID=6938) to work on /opt/airflow/dags/pipeline_dag.py
[2026-05-07T14:27:39.133+0000] {processor.py:830} INFO - Processing file /opt/airflow/dags/pipeline_dag.py for tasks to queue
[2026-05-07T14:27:39.138+0000] {logging_mixin.py:188} INFO - [2026-05-07T14:27:39.136+0000] {dagbag.py:545} INFO - Filling up the DagBag from /opt/airflow/dags/pipeline_dag.py
[2026-05-07T14:27:39.187+0000] {processor.py:840} INFO - DAG(s) 'ab_test_medallion_pipeline' retrieved from /opt/airflow/dags/pipeline_dag.py
[2026-05-07T14:27:39.249+0000] {logging_mixin.py:188} INFO - [2026-05-07T14:27:39.249+0000] {dag.py:3096} INFO - Sync 1 DAGs
[2026-05-07T14:27:39.314+0000] {logging_mixin.py:188} INFO - [2026-05-07T14:27:39.313+0000] {dag.py:3954} INFO - Setting next_dagrun for ab_test_medallion_pipeline to 2026-05-07 00:00:00+00:00, run_after=2026-05-08 00:00:00+00:00
[2026-05-07T14:27:39.521+0000] {processor.py:183} INFO - Processing /opt/airflow/dags/pipeline_dag.py took 0.417 seconds
[2026-05-07T14:28:09.860+0000] {processor.py:161} INFO - Started process (PID=6943) to work on /opt/airflow/dags/pipeline_dag.py
[2026-05-07T14:28:09.863+0000] {processor.py:830} INFO - Processing file /opt/airflow/dags/pipeline_dag.py for tasks to queue
[2026-05-07T14:28:09.866+0000] {logging_mixin.py:188} INFO - [2026-05-07T14:28:09.865+0000] {dagbag.py:545} INFO - Filling up the DagBag from /opt/airflow/dags/pipeline_dag.py
[2026-05-07T14:28:09.954+0000] {processor.py:840} INFO - DAG(s) 'ab_test_medallion_pipeline' retrieved from /opt/airflow/dags/pipeline_dag.py
[2026-05-07T14:28:10.063+0000] {logging_mixin.py:188} INFO - [2026-05-07T14:28:10.061+0000] {dag.py:3096} INFO - Sync 1 DAGs
[2026-05-07T14:28:10.179+0000] {logging_mixin.py:188} INFO - [2026-05-07T14:28:10.179+0000] {dag.py:3954} INFO - Setting next_dagrun for ab_test_medallion_pipeline to 2026-05-07 00:00:00+00:00, run_after=2026-05-08 00:00:00+00:00
[2026-05-07T14:28:10.222+0000] {processor.py:183} INFO - Processing /opt/airflow/dags/pipeline_dag.py took 0.389 seconds
[2026-05-07T14:28:40.468+0000] {processor.py:161} INFO - Started process (PID=6948) to work on /opt/airflow/dags/pipeline_dag.py
[2026-05-07T14:28:40.470+0000] {processor.py:830} INFO - Processing file /opt/airflow/dags/pipeline_dag.py for tasks to queue
[2026-05-07T14:28:40.472+0000] {logging_mixin.py:188} INFO - [2026-05-07T14:28:40.471+0000] {dagbag.py:545} INFO - Filling up the DagBag from /opt/airflow/dags/pipeline_dag.py
[2026-05-07T14:28:40.504+0000] {processor.py:840} INFO - DAG(s) 'ab_test_medallion_pipeline' retrieved from /opt/airflow/dags/pipeline_dag.py
[2026-05-07T14:28:40.567+0000] {logging_mixin.py:188} INFO - [2026-05-07T14:28:40.567+0000] {dag.py:3096} INFO - Sync 1 DAGs
[2026-05-07T14:28:40.620+0000] {logging_mixin.py:188} INFO - [2026-05-07T14:28:40.619+0000] {dag.py:3954} INFO - Setting next_dagrun for ab_test_medallion_pipeline to 2026-05-07 00:00:00+00:00, run_after=2026-05-08 00:00:00+00:00
[2026-05-07T14:28:40.677+0000] {processor.py:183} INFO - Processing /opt/airflow/dags/pipeline_dag.py took 0.227 seconds
[2026-05-07T14:29:10.789+0000] {processor.py:161} INFO - Started process (PID=6953) to work on /opt/airflow/dags/pipeline_dag.py
[2026-05-07T14:29:10.793+0000] {processor.py:830} INFO - Processing file /opt/airflow/dags/pipeline_dag.py for tasks to queue
[2026-05-07T14:29:10.800+0000] {logging_mixin.py:188} INFO - [2026-05-07T14:29:10.799+0000] {dagbag.py:545} INFO - Filling up the DagBag from /opt/airflow/dags/pipeline_dag.py
[2026-05-07T14:29:10.842+0000] {processor.py:840} INFO - DAG(s) 'ab_test_medallion_pipeline' retrieved from /opt/airflow/dags/pipeline_dag.py
[2026-05-07T14:29:10.907+0000] {logging_mixin.py:188} INFO - [2026-05-07T14:29:10.907+0000] {dag.py:3096} INFO - Sync 1 DAGs
[2026-05-07T14:29:10.956+0000] {logging_mixin.py:188} INFO - [2026-05-07T14:29:10.956+0000] {dag.py:3954} INFO - Setting next_dagrun for ab_test_medallion_pipeline to 2026-05-07 00:00:00+00:00, run_after=2026-05-08 00:00:00+00:00
[2026-05-07T14:29:11.013+0000] {processor.py:183} INFO - Processing /opt/airflow/dags/pipeline_dag.py took 0.249 seconds
[2026-05-07T14:29:41.207+0000] {processor.py:161} INFO - Started process (PID=6958) to work on /opt/airflow/dags/pipeline_dag.py
[2026-05-07T14:29:41.209+0000] {processor.py:830} INFO - Processing file /opt/airflow/dags/pipeline_dag.py for tasks to queue
[2026-05-07T14:29:41.212+0000] {logging_mixin.py:188} INFO - [2026-05-07T14:29:41.211+0000] {dagbag.py:545} INFO - Filling up the DagBag from /opt/airflow/dags/pipeline_dag.py
[2026-05-07T14:29:41.249+0000] {processor.py:840} INFO - DAG(s) 'ab_test_medallion_pipeline' retrieved from /opt/airflow/dags/pipeline_dag.py
[2026-05-07T14:29:41.375+0000] {logging_mixin.py:188} INFO - [2026-05-07T14:29:41.374+0000] {dag.py:3096} INFO - Sync 1 DAGs
[2026-05-07T14:29:41.450+0000] {logging_mixin.py:188} INFO - [2026-05-07T14:29:41.450+0000] {dag.py:3954} INFO - Setting next_dagrun for ab_test_medallion_pipeline to 2026-05-07 00:00:00+00:00, run_after=2026-05-08 00:00:00+00:00
[2026-05-07T14:29:41.651+0000] {processor.py:183} INFO - Processing /opt/airflow/dags/pipeline_dag.py took 0.465 seconds
[2026-05-07T14:30:11.935+0000] {processor.py:161} INFO - Started process (PID=6963) to work on /opt/airflow/dags/pipeline_dag.py
[2026-05-07T14:30:11.938+0000] {processor.py:830} INFO - Processing file /opt/airflow/dags/pipeline_dag.py for tasks to queue
[2026-05-07T14:30:11.940+0000] {logging_mixin.py:188} INFO - [2026-05-07T14:30:11.939+0000] {dagbag.py:545} INFO - Filling up the DagBag from /opt/airflow/dags/pipeline_dag.py
[2026-05-07T14:30:11.980+0000] {processor.py:840} INFO - DAG(s) 'ab_test_medallion_pipeline' retrieved from /opt/airflow/dags/pipeline_dag.py
[2026-05-07T14:30:12.075+0000] {logging_mixin.py:188} INFO - [2026-05-07T14:30:12.074+0000] {dag.py:3096} INFO - Sync 1 DAGs
[2026-05-07T14:30:12.145+0000] {logging_mixin.py:188} INFO - [2026-05-07T14:30:12.143+0000] {dag.py:3954} INFO - Setting next_dagrun for ab_test_medallion_pipeline to 2026-05-07 00:00:00+00:00, run_after=2026-05-08 00:00:00+00:00
[2026-05-07T14:30:12.197+0000] {processor.py:183} INFO - Processing /opt/airflow/dags/pipeline_dag.py took 0.279 seconds
[2026-05-07T14:30:42.484+0000] {processor.py:161} INFO - Started process (PID=6968) to work on /opt/airflow/dags/pipeline_dag.py
[2026-05-07T14:30:42.485+0000] {processor.py:830} INFO - Processing file /opt/airflow/dags/pipeline_dag.py for tasks to queue
[2026-05-07T14:30:42.487+0000] {logging_mixin.py:188} INFO - [2026-05-07T14:30:42.486+0000] {dagbag.py:545} INFO - Filling up the DagBag from /opt/airflow/dags/pipeline_dag.py
[2026-05-07T14:30:42.530+0000] {processor.py:840} INFO - DAG(s) 'ab_test_medallion_pipeline' retrieved from /opt/airflow/dags/pipeline_dag.py
[2026-05-07T14:30:42.604+0000] {logging_mixin.py:188} INFO - [2026-05-07T14:30:42.603+0000] {dag.py:3096} INFO - Sync 1 DAGs
[2026-05-07T14:30:42.645+0000] {logging_mixin.py:188} INFO - [2026-05-07T14:30:42.645+0000] {dag.py:3954} INFO - Setting next_dagrun for ab_test_medallion_pipeline to 2026-05-07 00:00:00+00:00, run_after=2026-05-08 00:00:00+00:00
[2026-05-07T14:30:42.688+0000] {processor.py:183} INFO - Processing /opt/airflow/dags/pipeline_dag.py took 0.223 seconds
[2026-05-07T14:31:12.965+0000] {processor.py:161} INFO - Started process (PID=6973) to work on /opt/airflow/dags/pipeline_dag.py
[2026-05-07T14:31:12.967+0000] {processor.py:830} INFO - Processing file /opt/airflow/dags/pipeline_dag.py for tasks to queue
[2026-05-07T14:31:12.968+0000] {logging_mixin.py:188} INFO - [2026-05-07T14:31:12.968+0000] {dagbag.py:545} INFO - Filling up the DagBag from /opt/airflow/dags/pipeline_dag.py
[2026-05-07T14:31:12.997+0000] {processor.py:840} INFO - DAG(s) 'ab_test_medallion_pipeline' retrieved from /opt/airflow/dags/pipeline_dag.py
[2026-05-07T14:31:13.046+0000] {logging_mixin.py:188} INFO - [2026-05-07T14:31:13.045+0000] {dag.py:3096} INFO - Sync 1 DAGs
[2026-05-07T14:31:13.086+0000] {logging_mixin.py:188} INFO - [2026-05-07T14:31:13.086+0000] {dag.py:3954} INFO - Setting next_dagrun for ab_test_medallion_pipeline to 2026-05-07 00:00:00+00:00, run_after=2026-05-08 00:00:00+00:00
[2026-05-07T14:31:13.122+0000] {processor.py:183} INFO - Processing /opt/airflow/dags/pipeline_dag.py took 0.170 seconds
[2026-05-07T14:31:43.198+0000] {processor.py:161} INFO - Started process (PID=6978) to work on /opt/airflow/dags/pipeline_dag.py
[2026-05-07T14:31:43.200+0000] {processor.py:830} INFO - Processing file /opt/airflow/dags/pipeline_dag.py for tasks to queue
[2026-05-07T14:31:43.203+0000] {logging_mixin.py:188} INFO - [2026-05-07T14:31:43.202+0000] {dagbag.py:545} INFO - Filling up the DagBag from /opt/airflow/dags/pipeline_dag.py
[2026-05-07T14:31:43.227+0000] {processor.py:840} INFO - DAG(s) 'ab_test_medallion_pipeline' retrieved from /opt/airflow/dags/pipeline_dag.py
[2026-05-07T14:31:43.280+0000] {logging_mixin.py:188} INFO - [2026-05-07T14:31:43.280+0000] {dag.py:3096} INFO - Sync 1 DAGs
[2026-05-07T14:31:43.318+0000] {logging_mixin.py:188} INFO - [2026-05-07T14:31:43.318+0000] {dag.py:3954} INFO - Setting next_dagrun for ab_test_medallion_pipeline to 2026-05-07 00:00:00+00:00, run_after=2026-05-08 00:00:00+00:00
[2026-05-07T14:31:43.358+0000] {processor.py:183} INFO - Processing /opt/airflow/dags/pipeline_dag.py took 0.171 seconds
[2026-05-07T14:32:13.605+0000] {processor.py:161} INFO - Started process (PID=6983) to work on /opt/airflow/dags/pipeline_dag.py
[2026-05-07T14:32:13.610+0000] {processor.py:830} INFO - Processing file /opt/airflow/dags/pipeline_dag.py for tasks to queue
[2026-05-07T14:32:13.612+0000] {logging_mixin.py:188} INFO - [2026-05-07T14:32:13.611+0000] {dagbag.py:545} INFO - Filling up the DagBag from /opt/airflow/dags/pipeline_dag.py
[2026-05-07T14:32:13.634+0000] {processor.py:840} INFO - DAG(s) 'ab_test_medallion_pipeline' retrieved from /opt/airflow/dags/pipeline_dag.py
[2026-05-07T14:32:13.680+0000] {logging_mixin.py:188} INFO - [2026-05-07T14:32:13.680+0000] {dag.py:3096} INFO - Sync 1 DAGs
[2026-05-07T14:32:13.719+0000] {logging_mixin.py:188} INFO - [2026-05-07T14:32:13.718+0000] {dag.py:3954} INFO - Setting next_dagrun for ab_test_medallion_pipeline to 2026-05-07 00:00:00+00:00, run_after=2026-05-08 00:00:00+00:00
[2026-05-07T14:32:13.748+0000] {processor.py:183} INFO - Processing /opt/airflow/dags/pipeline_dag.py took 0.153 seconds
[2026-05-07T14:32:43.853+0000] {processor.py:161} INFO - Started process (PID=6988) to work on /opt/airflow/dags/pipeline_dag.py
[2026-05-07T14:32:43.856+0000] {processor.py:830} INFO - Processing file /opt/airflow/dags/pipeline_dag.py for tasks to queue
[2026-05-07T14:32:43.870+0000] {logging_mixin.py:188} INFO - [2026-05-07T14:32:43.866+0000] {dagbag.py:545} INFO - Filling up the DagBag from /opt/airflow/dags/pipeline_dag.py
[2026-05-07T14:32:43.899+0000] {processor.py:840} INFO - DAG(s) 'ab_test_medallion_pipeline' retrieved from /opt/airflow/dags/pipeline_dag.py
[2026-05-07T14:32:43.954+0000] {logging_mixin.py:188} INFO - [2026-05-07T14:32:43.953+0000] {dag.py:3096} INFO - Sync 1 DAGs
[2026-05-07T14:32:43.996+0000] {logging_mixin.py:188} INFO - [2026-05-07T14:32:43.996+0000] {dag.py:3954} INFO - Setting next_dagrun for ab_test_medallion_pipeline to 2026-05-07 00:00:00+00:00, run_after=2026-05-08 00:00:00+00:00
[2026-05-07T14:32:44.023+0000] {processor.py:183} INFO - Processing /opt/airflow/dags/pipeline_dag.py took 0.203 seconds
[2026-05-07T14:33:14.248+0000] {processor.py:161} INFO - Started process (PID=6993) to work on /opt/airflow/dags/pipeline_dag.py
[2026-05-07T14:33:14.250+0000] {processor.py:830} INFO - Processing file /opt/airflow/dags/pipeline_dag.py for tasks to queue
[2026-05-07T14:33:14.252+0000] {logging_mixin.py:188} INFO - [2026-05-07T14:33:14.251+0000] {dagbag.py:545} INFO - Filling up the DagBag from /opt/airflow/dags/pipeline_dag.py
[2026-05-07T14:33:14.276+0000] {processor.py:840} INFO - DAG(s) 'ab_test_medallion_pipeline' retrieved from /opt/airflow/dags/pipeline_dag.py
[2026-05-07T14:33:14.322+0000] {logging_mixin.py:188} INFO - [2026-05-07T14:33:14.321+0000] {dag.py:3096} INFO - Sync 1 DAGs
[2026-05-07T14:33:14.365+0000] {logging_mixin.py:188} INFO - [2026-05-07T14:33:14.365+0000] {dag.py:3954} INFO - Setting next_dagrun for ab_test_medallion_pipeline to 2026-05-07 00:00:00+00:00, run_after=2026-05-08 00:00:00+00:00
[2026-05-07T14:33:14.397+0000] {processor.py:183} INFO - Processing /opt/airflow/dags/pipeline_dag.py took 0.164 seconds
[2026-05-07T14:33:44.523+0000] {processor.py:161} INFO - Started process (PID=6998) to work on /opt/airflow/dags/pipeline_dag.py
[2026-05-07T14:33:44.524+0000] {processor.py:830} INFO - Processing file /opt/airflow/dags/pipeline_dag.py for tasks to queue
[2026-05-07T14:33:44.526+0000] {logging_mixin.py:188} INFO - [2026-05-07T14:33:44.525+0000] {dagbag.py:545} INFO - Filling up the DagBag from /opt/airflow/dags/pipeline_dag.py
[2026-05-07T14:33:44.548+0000] {processor.py:840} INFO - DAG(s) 'ab_test_medallion_pipeline' retrieved from /opt/airflow/dags/pipeline_dag.py
[2026-05-07T14:33:44.595+0000] {logging_mixin.py:188} INFO - [2026-05-07T14:33:44.594+0000] {dag.py:3096} INFO - Sync 1 DAGs
[2026-05-07T14:33:44.657+0000] {logging_mixin.py:188} INFO - [2026-05-07T14:33:44.656+0000] {dag.py:3954} INFO - Setting next_dagrun for ab_test_medallion_pipeline to 2026-05-07 00:00:00+00:00, run_after=2026-05-08 00:00:00+00:00
[2026-05-07T14:33:44.694+0000] {processor.py:183} INFO - Processing /opt/airflow/dags/pipeline_dag.py took 0.185 seconds
[2026-05-07T14:34:14.838+0000] {processor.py:161} INFO - Started process (PID=7003) to work on /opt/airflow/dags/pipeline_dag.py
[2026-05-07T14:34:14.841+0000] {processor.py:830} INFO - Processing file /opt/airflow/dags/pipeline_dag.py for tasks to queue
[2026-05-07T14:34:14.843+0000] {logging_mixin.py:188} INFO - [2026-05-07T14:34:14.842+0000] {dagbag.py:545} INFO - Filling up the DagBag from /opt/airflow/dags/pipeline_dag.py
[2026-05-07T14:34:14.867+0000] {processor.py:840} INFO - DAG(s) 'ab_test_medallion_pipeline' retrieved from /opt/airflow/dags/pipeline_dag.py
[2026-05-07T14:34:14.917+0000] {logging_mixin.py:188} INFO - [2026-05-07T14:34:14.917+0000] {dag.py:3096} INFO - Sync 1 DAGs
[2026-05-07T14:34:14.959+0000] {logging_mixin.py:188} INFO - [2026-05-07T14:34:14.959+0000] {dag.py:3954} INFO - Setting next_dagrun for ab_test_medallion_pipeline to 2026-05-07 00:00:00+00:00, run_after=2026-05-08 00:00:00+00:00
[2026-05-07T14:34:14.988+0000] {processor.py:183} INFO - Processing /opt/airflow/dags/pipeline_dag.py took 0.162 seconds
[2026-05-07T14:34:45.252+0000] {processor.py:161} INFO - Started process (PID=7008) to work on /opt/airflow/dags/pipeline_dag.py
[2026-05-07T14:34:45.254+0000] {processor.py:830} INFO - Processing file /opt/airflow/dags/pipeline_dag.py for tasks to queue
[2026-05-07T14:34:45.256+0000] {logging_mixin.py:188} INFO - [2026-05-07T14:34:45.256+0000] {dagbag.py:545} INFO - Filling up the DagBag from /opt/airflow/dags/pipeline_dag.py
[2026-05-07T14:34:45.286+0000] {processor.py:840} INFO - DAG(s) 'ab_test_medallion_pipeline' retrieved from /opt/airflow/dags/pipeline_dag.py
[2026-05-07T14:34:45.340+0000] {logging_mixin.py:188} INFO - [2026-05-07T14:34:45.339+0000] {dag.py:3096} INFO - Sync 1 DAGs
[2026-05-07T14:34:45.378+0000] {logging_mixin.py:188} INFO - [2026-05-07T14:34:45.378+0000] {dag.py:3954} INFO - Setting next_dagrun for ab_test_medallion_pipeline to 2026-05-07 00:00:00+00:00, run_after=2026-05-08 00:00:00+00:00
[2026-05-07T14:34:45.409+0000] {processor.py:183} INFO - Processing /opt/airflow/dags/pipeline_dag.py took 0.172 seconds
[2026-05-07T14:35:15.542+0000] {processor.py:161} INFO - Started process (PID=7013) to work on /opt/airflow/dags/pipeline_dag.py
[2026-05-07T14:35:15.545+0000] {processor.py:830} INFO - Processing file /opt/airflow/dags/pipeline_dag.py for tasks to queue
[2026-05-07T14:35:15.546+0000] {logging_mixin.py:188} INFO - [2026-05-07T14:35:15.545+0000] {dagbag.py:545} INFO - Filling up the DagBag from /opt/airflow/dags/pipeline_dag.py
[2026-05-07T14:35:15.568+0000] {processor.py:840} INFO - DAG(s) 'ab_test_medallion_pipeline' retrieved from /opt/airflow/dags/pipeline_dag.py
[2026-05-07T14:35:15.615+0000] {logging_mixin.py:188} INFO - [2026-05-07T14:35:15.615+0000] {dag.py:3096} INFO - Sync 1 DAGs
[2026-05-07T14:35:15.656+0000] {logging_mixin.py:188} INFO - [2026-05-07T14:35:15.656+0000] {dag.py:3954} INFO - Setting next_dagrun for ab_test_medallion_pipeline to 2026-05-07 00:00:00+00:00, run_after=2026-05-08 00:00:00+00:00
[2026-05-07T14:35:15.687+0000] {processor.py:183} INFO - Processing /opt/airflow/dags/pipeline_dag.py took 0.162 seconds
[2026-05-07T14:35:45.906+0000] {processor.py:161} INFO - Started process (PID=7018) to work on /opt/airflow/dags/pipeline_dag.py
[2026-05-07T14:35:45.907+0000] {processor.py:830} INFO - Processing file /opt/airflow/dags/pipeline_dag.py for tasks to queue
[2026-05-07T14:35:45.909+0000] {logging_mixin.py:188} INFO - [2026-05-07T14:35:45.908+0000] {dagbag.py:545} INFO - Filling up the DagBag from /opt/airflow/dags/pipeline_dag.py
[2026-05-07T14:35:45.931+0000] {processor.py:840} INFO - DAG(s) 'ab_test_medallion_pipeline' retrieved from /opt/airflow/dags/pipeline_dag.py
[2026-05-07T14:35:45.976+0000] {logging_mixin.py:188} INFO - [2026-05-07T14:35:45.976+0000] {dag.py:3096} INFO - Sync 1 DAGs
[2026-05-07T14:35:46.015+0000] {logging_mixin.py:188} INFO - [2026-05-07T14:35:46.015+0000] {dag.py:3954} INFO - Setting next_dagrun for ab_test_medallion_pipeline to 2026-05-07 00:00:00+00:00, run_after=2026-05-08 00:00:00+00:00
[2026-05-07T14:35:46.045+0000] {processor.py:183} INFO - Processing /opt/airflow/dags/pipeline_dag.py took 0.160 seconds
[2026-05-07T14:36:16.211+0000] {processor.py:161} INFO - Started process (PID=7023) to work on /opt/airflow/dags/pipeline_dag.py
[2026-05-07T14:36:16.221+0000] {processor.py:830} INFO - Processing file /opt/airflow/dags/pipeline_dag.py for tasks to queue
[2026-05-07T14:36:16.223+0000] {logging_mixin.py:188} INFO - [2026-05-07T14:36:16.222+0000] {dagbag.py:545} INFO - Filling up the DagBag from /opt/airflow/dags/pipeline_dag.py
[2026-05-07T14:36:16.276+0000] {processor.py:840} INFO - DAG(s) 'ab_test_medallion_pipeline' retrieved from /opt/airflow/dags/pipeline_dag.py
[2026-05-07T14:36:16.369+0000] {logging_mixin.py:188} INFO - [2026-05-07T14:36:16.369+0000] {dag.py:3096} INFO - Sync 1 DAGs
[2026-05-07T14:36:16.444+0000] {logging_mixin.py:188} INFO - [2026-05-07T14:36:16.444+0000] {dag.py:3954} INFO - Setting next_dagrun for ab_test_medallion_pipeline to 2026-05-07 00:00:00+00:00, run_after=2026-05-08 00:00:00+00:00
[2026-05-07T14:36:16.504+0000] {processor.py:183} INFO - Processing /opt/airflow/dags/pipeline_dag.py took 0.320 seconds
[2026-05-07T14:36:46.804+0000] {processor.py:161} INFO - Started process (PID=7028) to work on /opt/airflow/dags/pipeline_dag.py
[2026-05-07T14:36:46.806+0000] {processor.py:830} INFO - Processing file /opt/airflow/dags/pipeline_dag.py for tasks to queue
[2026-05-07T14:36:46.808+0000] {logging_mixin.py:188} INFO - [2026-05-07T14:36:46.807+0000] {dagbag.py:545} INFO - Filling up the DagBag from /opt/airflow/dags/pipeline_dag.py
[2026-05-07T14:36:46.835+0000] {processor.py:840} INFO - DAG(s) 'ab_test_medallion_pipeline' retrieved from /opt/airflow/dags/pipeline_dag.py
[2026-05-07T14:36:46.883+0000] {logging_mixin.py:188} INFO - [2026-05-07T14:36:46.883+0000] {dag.py:3096} INFO - Sync 1 DAGs
[2026-05-07T14:36:46.926+0000] {logging_mixin.py:188} INFO - [2026-05-07T14:36:46.926+0000] {dag.py:3954} INFO - Setting next_dagrun for ab_test_medallion_pipeline to 2026-05-07 00:00:00+00:00, run_after=2026-05-08 00:00:00+00:00
[2026-05-07T14:36:46.960+0000] {processor.py:183} INFO - Processing /opt/airflow/dags/pipeline_dag.py took 0.171 seconds
[2026-05-07T14:37:17.228+0000] {processor.py:161} INFO - Started process (PID=7033) to work on /opt/airflow/dags/pipeline_dag.py
[2026-05-07T14:37:17.233+0000] {processor.py:830} INFO - Processing file /opt/airflow/dags/pipeline_dag.py for tasks to queue
[2026-05-07T14:37:17.236+0000] {logging_mixin.py:188} INFO - [2026-05-07T14:37:17.235+0000] {dagbag.py:545} INFO - Filling up the DagBag from /opt/airflow/dags/pipeline_dag.py
[2026-05-07T14:37:17.272+0000] {processor.py:840} INFO - DAG(s) 'ab_test_medallion_pipeline' retrieved from /opt/airflow/dags/pipeline_dag.py
[2026-05-07T14:37:17.329+0000] {logging_mixin.py:188} INFO - [2026-05-07T14:37:17.329+0000] {dag.py:3096} INFO - Sync 1 DAGs
[2026-05-07T14:37:17.365+0000] {logging_mixin.py:188} INFO - [2026-05-07T14:37:17.365+0000] {dag.py:3954} INFO - Setting next_dagrun for ab_test_medallion_pipeline to 2026-05-07 00:00:00+00:00, run_after=2026-05-08 00:00:00+00:00
[2026-05-07T14:37:17.410+0000] {processor.py:183} INFO - Processing /opt/airflow/dags/pipeline_dag.py took 0.210 seconds
[2026-05-07T14:37:47.676+0000] {processor.py:161} INFO - Started process (PID=7038) to work on /opt/airflow/dags/pipeline_dag.py
[2026-05-07T14:37:47.678+0000] {processor.py:830} INFO - Processing file /opt/airflow/dags/pipeline_dag.py for tasks to queue
[2026-05-07T14:37:47.679+0000] {logging_mixin.py:188} INFO - [2026-05-07T14:37:47.679+0000] {dagbag.py:545} INFO - Filling up the DagBag from /opt/airflow/dags/pipeline_dag.py
[2026-05-07T14:37:47.704+0000] {processor.py:840} INFO - DAG(s) 'ab_test_medallion_pipeline' retrieved from /opt/airflow/dags/pipeline_dag.py
[2026-05-07T14:37:47.757+0000] {logging_mixin.py:188} INFO - [2026-05-07T14:37:47.756+0000] {dag.py:3096} INFO - Sync 1 DAGs
[2026-05-07T14:37:47.798+0000] {logging_mixin.py:188} INFO - [2026-05-07T14:37:47.798+0000] {dag.py:3954} INFO - Setting next_dagrun for ab_test_medallion_pipeline to 2026-05-07 00:00:00+00:00, run_after=2026-05-08 00:00:00+00:00
[2026-05-07T14:37:47.851+0000] {processor.py:183} INFO - Processing /opt/airflow/dags/pipeline_dag.py took 0.189 seconds
[2026-05-07T14:38:18.121+0000] {processor.py:161} INFO - Started process (PID=7043) to work on /opt/airflow/dags/pipeline_dag.py
[2026-05-07T14:38:18.124+0000] {processor.py:830} INFO - Processing file /opt/airflow/dags/pipeline_dag.py for tasks to queue
[2026-05-07T14:38:18.127+0000] {logging_mixin.py:188} INFO - [2026-05-07T14:38:18.126+0000] {dagbag.py:545} INFO - Filling up the DagBag from /opt/airflow/dags/pipeline_dag.py
[2026-05-07T14:38:18.166+0000] {processor.py:840} INFO - DAG(s) 'ab_test_medallion_pipeline' retrieved from /opt/airflow/dags/pipeline_dag.py
[2026-05-07T14:38:18.258+0000] {logging_mixin.py:188} INFO - [2026-05-07T14:38:18.258+0000] {dag.py:3096} INFO - Sync 1 DAGs
[2026-05-07T14:38:18.370+0000] {logging_mixin.py:188} INFO - [2026-05-07T14:38:18.369+0000] {dag.py:3954} INFO - Setting next_dagrun for ab_test_medallion_pipeline to 2026-05-07 00:00:00+00:00, run_after=2026-05-08 00:00:00+00:00
[2026-05-07T14:38:18.422+0000] {processor.py:183} INFO - Processing /opt/airflow/dags/pipeline_dag.py took 0.319 seconds
[2026-05-07T14:38:48.691+0000] {processor.py:161} INFO - Started process (PID=7048) to work on /opt/airflow/dags/pipeline_dag.py
[2026-05-07T14:38:48.693+0000] {processor.py:830} INFO - Processing file /opt/airflow/dags/pipeline_dag.py for tasks to queue
[2026-05-07T14:38:48.701+0000] {logging_mixin.py:188} INFO - [2026-05-07T14:38:48.699+0000] {dagbag.py:545} INFO - Filling up the DagBag from /opt/airflow/dags/pipeline_dag.py
[2026-05-07T14:38:48.748+0000] {processor.py:840} INFO - DAG(s) 'ab_test_medallion_pipeline' retrieved from /opt/airflow/dags/pipeline_dag.py
[2026-05-07T14:38:48.835+0000] {logging_mixin.py:188} INFO - [2026-05-07T14:38:48.835+0000] {dag.py:3096} INFO - Sync 1 DAGs
[2026-05-07T14:38:48.897+0000] {logging_mixin.py:188} INFO - [2026-05-07T14:38:48.896+0000] {dag.py:3954} INFO - Setting next_dagrun for ab_test_medallion_pipeline to 2026-05-07 00:00:00+00:00, run_after=2026-05-08 00:00:00+00:00
[2026-05-07T14:38:48.980+0000] {processor.py:183} INFO - Processing /opt/airflow/dags/pipeline_dag.py took 0.309 seconds
[2026-05-07T14:39:19.276+0000] {processor.py:161} INFO - Started process (PID=7053) to work on /opt/airflow/dags/pipeline_dag.py
[2026-05-07T14:39:19.278+0000] {processor.py:830} INFO - Processing file /opt/airflow/dags/pipeline_dag.py for tasks to queue
[2026-05-07T14:39:19.281+0000] {logging_mixin.py:188} INFO - [2026-05-07T14:39:19.280+0000] {dagbag.py:545} INFO - Filling up the DagBag from /opt/airflow/dags/pipeline_dag.py
[2026-05-07T14:39:19.336+0000] {processor.py:840} INFO - DAG(s) 'ab_test_medallion_pipeline' retrieved from /opt/airflow/dags/pipeline_dag.py
[2026-05-07T14:39:19.389+0000] {logging_mixin.py:188} INFO - [2026-05-07T14:39:19.389+0000] {dag.py:3096} INFO - Sync 1 DAGs
[2026-05-07T14:39:19.427+0000] {logging_mixin.py:188} INFO - [2026-05-07T14:39:19.426+0000] {dag.py:3954} INFO - Setting next_dagrun for ab_test_medallion_pipeline to 2026-05-07 00:00:00+00:00, run_after=2026-05-08 00:00:00+00:00
[2026-05-07T14:39:19.457+0000] {processor.py:183} INFO - Processing /opt/airflow/dags/pipeline_dag.py took 0.203 seconds
[2026-05-07T14:39:49.552+0000] {processor.py:161} INFO - Started process (PID=7058) to work on /opt/airflow/dags/pipeline_dag.py
[2026-05-07T14:39:49.553+0000] {processor.py:830} INFO - Processing file /opt/airflow/dags/pipeline_dag.py for tasks to queue
[2026-05-07T14:39:49.555+0000] {logging_mixin.py:188} INFO - [2026-05-07T14:39:49.554+0000] {dagbag.py:545} INFO - Filling up the DagBag from /opt/airflow/dags/pipeline_dag.py
[2026-05-07T14:39:49.576+0000] {processor.py:840} INFO - DAG(s) 'ab_test_medallion_pipeline' retrieved from /opt/airflow/dags/pipeline_dag.py
[2026-05-07T14:39:49.624+0000] {logging_mixin.py:188} INFO - [2026-05-07T14:39:49.624+0000] {dag.py:3096} INFO - Sync 1 DAGs
[2026-05-07T14:39:49.669+0000] {logging_mixin.py:188} INFO - [2026-05-07T14:39:49.669+0000] {dag.py:3954} INFO - Setting next_dagrun for ab_test_medallion_pipeline to 2026-05-07 00:00:00+00:00, run_after=2026-05-08 00:00:00+00:00
[2026-05-07T14:39:49.700+0000] {processor.py:183} INFO - Processing /opt/airflow/dags/pipeline_dag.py took 0.164 seconds
[2026-05-07T14:40:19.818+0000] {processor.py:161} INFO - Started process (PID=7063) to work on /opt/airflow/dags/pipeline_dag.py
[2026-05-07T14:40:19.823+0000] {processor.py:830} INFO - Processing file /opt/airflow/dags/pipeline_dag.py for tasks to queue
[2026-05-07T14:40:19.825+0000] {logging_mixin.py:188} INFO - [2026-05-07T14:40:19.824+0000] {dagbag.py:545} INFO - Filling up the DagBag from /opt/airflow/dags/pipeline_dag.py
[2026-05-07T14:40:19.846+0000] {processor.py:840} INFO - DAG(s) 'ab_test_medallion_pipeline' retrieved from /opt/airflow/dags/pipeline_dag.py
[2026-05-07T14:40:19.913+0000] {logging_mixin.py:188} INFO - [2026-05-07T14:40:19.913+0000] {dag.py:3096} INFO - Sync 1 DAGs
[2026-05-07T14:40:19.947+0000] {logging_mixin.py:188} INFO - [2026-05-07T14:40:19.946+0000] {dag.py:3954} INFO - Setting next_dagrun for ab_test_medallion_pipeline to 2026-05-07 00:00:00+00:00, run_after=2026-05-08 00:00:00+00:00
[2026-05-07T14:40:19.983+0000] {processor.py:183} INFO - Processing /opt/airflow/dags/pipeline_dag.py took 0.182 seconds
[2026-05-07T14:40:50.250+0000] {processor.py:161} INFO - Started process (PID=7068) to work on /opt/airflow/dags/pipeline_dag.py
[2026-05-07T14:40:50.252+0000] {processor.py:830} INFO - Processing file /opt/airflow/dags/pipeline_dag.py for tasks to queue
[2026-05-07T14:40:50.255+0000] {logging_mixin.py:188} INFO - [2026-05-07T14:40:50.254+0000] {dagbag.py:545} INFO - Filling up the DagBag from /opt/airflow/dags/pipeline_dag.py
[2026-05-07T14:40:50.293+0000] {processor.py:840} INFO - DAG(s) 'ab_test_medallion_pipeline' retrieved from /opt/airflow/dags/pipeline_dag.py
[2026-05-07T14:40:50.345+0000] {logging_mixin.py:188} INFO - [2026-05-07T14:40:50.345+0000] {dag.py:3096} INFO - Sync 1 DAGs
[2026-05-07T14:40:50.381+0000] {logging_mixin.py:188} INFO - [2026-05-07T14:40:50.381+0000] {dag.py:3954} INFO - Setting next_dagrun for ab_test_medallion_pipeline to 2026-05-07 00:00:00+00:00, run_after=2026-05-08 00:00:00+00:00
[2026-05-07T14:40:50.408+0000] {processor.py:183} INFO - Processing /opt/airflow/dags/pipeline_dag.py took 0.174 seconds
[2026-05-07T14:41:20.530+0000] {processor.py:161} INFO - Started process (PID=7073) to work on /opt/airflow/dags/pipeline_dag.py
[2026-05-07T14:41:20.537+0000] {processor.py:830} INFO - Processing file /opt/airflow/dags/pipeline_dag.py for tasks to queue
[2026-05-07T14:41:20.538+0000] {logging_mixin.py:188} INFO - [2026-05-07T14:41:20.538+0000] {dagbag.py:545} INFO - Filling up the DagBag from /opt/airflow/dags/pipeline_dag.py
[2026-05-07T14:41:20.560+0000] {processor.py:840} INFO - DAG(s) 'ab_test_medallion_pipeline' retrieved from /opt/airflow/dags/pipeline_dag.py
[2026-05-07T14:41:20.607+0000] {logging_mixin.py:188} INFO - [2026-05-07T14:41:20.606+0000] {dag.py:3096} INFO - Sync 1 DAGs
[2026-05-07T14:41:20.643+0000] {logging_mixin.py:188} INFO - [2026-05-07T14:41:20.642+0000] {dag.py:3954} INFO - Setting next_dagrun for ab_test_medallion_pipeline to 2026-05-07 00:00:00+00:00, run_after=2026-05-08 00:00:00+00:00
[2026-05-07T14:41:20.678+0000] {processor.py:183} INFO - Processing /opt/airflow/dags/pipeline_dag.py took 0.160 seconds
[2026-05-07T14:41:50.954+0000] {processor.py:161} INFO - Started process (PID=7078) to work on /opt/airflow/dags/pipeline_dag.py
[2026-05-07T14:41:50.955+0000] {processor.py:830} INFO - Processing file /opt/airflow/dags/pipeline_dag.py for tasks to queue
[2026-05-07T14:41:50.957+0000] {logging_mixin.py:188} INFO - [2026-05-07T14:41:50.956+0000] {dagbag.py:545} INFO - Filling up the DagBag from /opt/airflow/dags/pipeline_dag.py
[2026-05-07T14:41:50.981+0000] {processor.py:840} INFO - DAG(s) 'ab_test_medallion_pipeline' retrieved from /opt/airflow/dags/pipeline_dag.py
[2026-05-07T14:41:51.027+0000] {logging_mixin.py:188} INFO - [2026-05-07T14:41:51.026+0000] {dag.py:3096} INFO - Sync 1 DAGs
[2026-05-07T14:41:51.066+0000] {logging_mixin.py:188} INFO - [2026-05-07T14:41:51.066+0000] {dag.py:3954} INFO - Setting next_dagrun for ab_test_medallion_pipeline to 2026-05-07 00:00:00+00:00, run_after=2026-05-08 00:00:00+00:00
[2026-05-07T14:41:51.098+0000] {processor.py:183} INFO - Processing /opt/airflow/dags/pipeline_dag.py took 0.162 seconds
[2026-05-07T14:42:21.207+0000] {processor.py:161} INFO - Started process (PID=7083) to work on /opt/airflow/dags/pipeline_dag.py
[2026-05-07T14:42:21.212+0000] {processor.py:830} INFO - Processing file /opt/airflow/dags/pipeline_dag.py for tasks to queue
[2026-05-07T14:42:21.213+0000] {logging_mixin.py:188} INFO - [2026-05-07T14:42:21.213+0000] {dagbag.py:545} INFO - Filling up the DagBag from /opt/airflow/dags/pipeline_dag.py
[2026-05-07T14:42:21.235+0000] {processor.py:840} INFO - DAG(s) 'ab_test_medallion_pipeline' retrieved from /opt/airflow/dags/pipeline_dag.py
[2026-05-07T14:42:21.282+0000] {logging_mixin.py:188} INFO - [2026-05-07T14:42:21.282+0000] {dag.py:3096} INFO - Sync 1 DAGs
[2026-05-07T14:42:21.323+0000] {logging_mixin.py:188} INFO - [2026-05-07T14:42:21.322+0000] {dag.py:3954} INFO - Setting next_dagrun for ab_test_medallion_pipeline to 2026-05-07 00:00:00+00:00, run_after=2026-05-08 00:00:00+00:00
[2026-05-07T14:42:21.368+0000] {processor.py:183} INFO - Processing /opt/airflow/dags/pipeline_dag.py took 0.172 seconds
[2026-05-07T14:42:51.615+0000] {processor.py:161} INFO - Started process (PID=7088) to work on /opt/airflow/dags/pipeline_dag.py
[2026-05-07T14:42:51.617+0000] {processor.py:830} INFO - Processing file /opt/airflow/dags/pipeline_dag.py for tasks to queue
[2026-05-07T14:42:51.620+0000] {logging_mixin.py:188} INFO - [2026-05-07T14:42:51.619+0000] {dagbag.py:545} INFO - Filling up the DagBag from /opt/airflow/dags/pipeline_dag.py
[2026-05-07T14:42:51.658+0000] {processor.py:840} INFO - DAG(s) 'ab_test_medallion_pipeline' retrieved from /opt/airflow/dags/pipeline_dag.py
[2026-05-07T14:42:51.750+0000] {logging_mixin.py:188} INFO - [2026-05-07T14:42:51.749+0000] {dag.py:3096} INFO - Sync 1 DAGs
[2026-05-07T14:42:51.817+0000] {logging_mixin.py:188} INFO - [2026-05-07T14:42:51.816+0000] {dag.py:3954} INFO - Setting next_dagrun for ab_test_medallion_pipeline to 2026-05-07 00:00:00+00:00, run_after=2026-05-08 00:00:00+00:00
[2026-05-07T14:42:51.867+0000] {processor.py:183} INFO - Processing /opt/airflow/dags/pipeline_dag.py took 0.270 seconds
[2026-05-07T14:43:22.180+0000] {processor.py:161} INFO - Started process (PID=7093) to work on /opt/airflow/dags/pipeline_dag.py
[2026-05-07T14:43:22.182+0000] {processor.py:830} INFO - Processing file /opt/airflow/dags/pipeline_dag.py for tasks to queue
[2026-05-07T14:43:22.185+0000] {logging_mixin.py:188} INFO - [2026-05-07T14:43:22.184+0000] {dagbag.py:545} INFO - Filling up the DagBag from /opt/airflow/dags/pipeline_dag.py
[2026-05-07T14:43:22.230+0000] {processor.py:840} INFO - DAG(s) 'ab_test_medallion_pipeline' retrieved from /opt/airflow/dags/pipeline_dag.py
[2026-05-07T14:43:22.327+0000] {logging_mixin.py:188} INFO - [2026-05-07T14:43:22.325+0000] {dag.py:3096} INFO - Sync 1 DAGs
[2026-05-07T14:43:22.411+0000] {logging_mixin.py:188} INFO - [2026-05-07T14:43:22.410+0000] {dag.py:3954} INFO - Setting next_dagrun for ab_test_medallion_pipeline to 2026-05-07 00:00:00+00:00, run_after=2026-05-08 00:00:00+00:00
[2026-05-07T14:43:22.470+0000] {processor.py:183} INFO - Processing /opt/airflow/dags/pipeline_dag.py took 0.312 seconds
[2026-05-07T14:43:52.800+0000] {processor.py:161} INFO - Started process (PID=7098) to work on /opt/airflow/dags/pipeline_dag.py
[2026-05-07T14:43:52.802+0000] {processor.py:830} INFO - Processing file /opt/airflow/dags/pipeline_dag.py for tasks to queue
[2026-05-07T14:43:52.804+0000] {logging_mixin.py:188} INFO - [2026-05-07T14:43:52.803+0000] {dagbag.py:545} INFO - Filling up the DagBag from /opt/airflow/dags/pipeline_dag.py
[2026-05-07T14:43:52.845+0000] {processor.py:840} INFO - DAG(s) 'ab_test_medallion_pipeline' retrieved from /opt/airflow/dags/pipeline_dag.py
[2026-05-07T14:43:52.927+0000] {logging_mixin.py:188} INFO - [2026-05-07T14:43:52.927+0000] {dag.py:3096} INFO - Sync 1 DAGs
[2026-05-07T14:43:53.002+0000] {logging_mixin.py:188} INFO - [2026-05-07T14:43:53.001+0000] {dag.py:3954} INFO - Setting next_dagrun for ab_test_medallion_pipeline to 2026-05-07 00:00:00+00:00, run_after=2026-05-08 00:00:00+00:00
[2026-05-07T14:43:53.060+0000] {processor.py:183} INFO - Processing /opt/airflow/dags/pipeline_dag.py took 0.285 seconds
[2026-05-07T14:44:23.322+0000] {processor.py:161} INFO - Started process (PID=7103) to work on /opt/airflow/dags/pipeline_dag.py
[2026-05-07T14:44:23.328+0000] {processor.py:830} INFO - Processing file /opt/airflow/dags/pipeline_dag.py for tasks to queue
[2026-05-07T14:44:23.332+0000] {logging_mixin.py:188} INFO - [2026-05-07T14:44:23.330+0000] {dagbag.py:545} INFO - Filling up the DagBag from /opt/airflow/dags/pipeline_dag.py
[2026-05-07T14:44:23.359+0000] {processor.py:840} INFO - DAG(s) 'ab_test_medallion_pipeline' retrieved from /opt/airflow/dags/pipeline_dag.py
[2026-05-07T14:44:23.423+0000] {logging_mixin.py:188} INFO - [2026-05-07T14:44:23.422+0000] {dag.py:3096} INFO - Sync 1 DAGs
[2026-05-07T14:44:23.468+0000] {logging_mixin.py:188} INFO - [2026-05-07T14:44:23.468+0000] {dag.py:3954} INFO - Setting next_dagrun for ab_test_medallion_pipeline to 2026-05-07 00:00:00+00:00, run_after=2026-05-08 00:00:00+00:00
[2026-05-07T14:44:23.502+0000] {processor.py:183} INFO - Processing /opt/airflow/dags/pipeline_dag.py took 0.202 seconds
[2026-05-07T14:44:53.584+0000] {processor.py:161} INFO - Started process (PID=7108) to work on /opt/airflow/dags/pipeline_dag.py
[2026-05-07T14:44:53.585+0000] {processor.py:830} INFO - Processing file /opt/airflow/dags/pipeline_dag.py for tasks to queue
[2026-05-07T14:44:53.588+0000] {logging_mixin.py:188} INFO - [2026-05-07T14:44:53.586+0000] {dagbag.py:545} INFO - Filling up the DagBag from /opt/airflow/dags/pipeline_dag.py
[2026-05-07T14:44:53.614+0000] {processor.py:840} INFO - DAG(s) 'ab_test_medallion_pipeline' retrieved from /opt/airflow/dags/pipeline_dag.py
[2026-05-07T14:44:53.660+0000] {logging_mixin.py:188} INFO - [2026-05-07T14:44:53.660+0000] {dag.py:3096} INFO - Sync 1 DAGs
[2026-05-07T14:44:53.700+0000] {logging_mixin.py:188} INFO - [2026-05-07T14:44:53.699+0000] {dag.py:3954} INFO - Setting next_dagrun for ab_test_medallion_pipeline to 2026-05-07 00:00:00+00:00, run_after=2026-05-08 00:00:00+00:00
[2026-05-07T14:44:53.731+0000] {processor.py:183} INFO - Processing /opt/airflow/dags/pipeline_dag.py took 0.158 seconds
[2026-05-07T14:45:23.975+0000] {processor.py:161} INFO - Started process (PID=7113) to work on /opt/airflow/dags/pipeline_dag.py
[2026-05-07T14:45:23.978+0000] {processor.py:830} INFO - Processing file /opt/airflow/dags/pipeline_dag.py for tasks to queue
[2026-05-07T14:45:23.980+0000] {logging_mixin.py:188} INFO - [2026-05-07T14:45:23.979+0000] {dagbag.py:545} INFO - Filling up the DagBag from /opt/airflow/dags/pipeline_dag.py
[2026-05-07T14:45:24.002+0000] {processor.py:840} INFO - DAG(s) 'ab_test_medallion_pipeline' retrieved from /opt/airflow/dags/pipeline_dag.py
[2026-05-07T14:45:24.046+0000] {logging_mixin.py:188} INFO - [2026-05-07T14:45:24.046+0000] {dag.py:3096} INFO - Sync 1 DAGs
[2026-05-07T14:45:24.086+0000] {logging_mixin.py:188} INFO - [2026-05-07T14:45:24.085+0000] {dag.py:3954} INFO - Setting next_dagrun for ab_test_medallion_pipeline to 2026-05-07 00:00:00+00:00, run_after=2026-05-08 00:00:00+00:00
[2026-05-07T14:45:24.115+0000] {processor.py:183} INFO - Processing /opt/airflow/dags/pipeline_dag.py took 0.157 seconds
[2026-05-07T14:45:54.842+0000] {processor.py:161} INFO - Started process (PID=7118) to work on /opt/airflow/dags/pipeline_dag.py
[2026-05-07T14:45:54.874+0000] {processor.py:830} INFO - Processing file /opt/airflow/dags/pipeline_dag.py for tasks to queue
[2026-05-07T14:45:54.901+0000] {logging_mixin.py:188} INFO - [2026-05-07T14:45:54.883+0000] {dagbag.py:545} INFO - Filling up the DagBag from /opt/airflow/dags/pipeline_dag.py
[2026-05-07T14:45:56.772+0000] {processor.py:840} INFO - DAG(s) 'ab_test_medallion_pipeline' retrieved from /opt/airflow/dags/pipeline_dag.py
[2026-05-07T14:45:57.308+0000] {logging_mixin.py:188} INFO - [2026-05-07T14:45:57.307+0000] {dag.py:3096} INFO - Sync 1 DAGs
[2026-05-07T14:45:57.560+0000] {logging_mixin.py:188} INFO - [2026-05-07T14:45:57.559+0000] {dag.py:3954} INFO - Setting next_dagrun for ab_test_medallion_pipeline to 2026-05-07 00:00:00+00:00, run_after=2026-05-08 00:00:00+00:00
[2026-05-07T14:45:57.692+0000] {processor.py:183} INFO - Processing /opt/airflow/dags/pipeline_dag.py took 3.245 seconds
[2026-05-07T14:46:28.056+0000] {processor.py:161} INFO - Started process (PID=7123) to work on /opt/airflow/dags/pipeline_dag.py
[2026-05-07T14:46:28.061+0000] {processor.py:830} INFO - Processing file /opt/airflow/dags/pipeline_dag.py for tasks to queue
[2026-05-07T14:46:28.073+0000] {logging_mixin.py:188} INFO - [2026-05-07T14:46:28.062+0000] {dagbag.py:545} INFO - Filling up the DagBag from /opt/airflow/dags/pipeline_dag.py
[2026-05-07T14:46:28.136+0000] {processor.py:840} INFO - DAG(s) 'ab_test_medallion_pipeline' retrieved from /opt/airflow/dags/pipeline_dag.py
[2026-05-07T14:46:28.475+0000] {logging_mixin.py:188} INFO - [2026-05-07T14:46:28.472+0000] {dag.py:3096} INFO - Sync 1 DAGs
[2026-05-07T14:46:29.106+0000] {logging_mixin.py:188} INFO - [2026-05-07T14:46:29.093+0000] {dag.py:3954} INFO - Setting next_dagrun for ab_test_medallion_pipeline to 2026-05-07 00:00:00+00:00, run_after=2026-05-08 00:00:00+00:00
[2026-05-07T14:46:29.418+0000] {processor.py:183} INFO - Processing /opt/airflow/dags/pipeline_dag.py took 1.402 seconds
[2026-05-07T14:46:59.781+0000] {processor.py:161} INFO - Started process (PID=7128) to work on /opt/airflow/dags/pipeline_dag.py
[2026-05-07T14:46:59.787+0000] {processor.py:830} INFO - Processing file /opt/airflow/dags/pipeline_dag.py for tasks to queue
[2026-05-07T14:46:59.790+0000] {logging_mixin.py:188} INFO - [2026-05-07T14:46:59.788+0000] {dagbag.py:545} INFO - Filling up the DagBag from /opt/airflow/dags/pipeline_dag.py
[2026-05-07T14:46:59.927+0000] {processor.py:840} INFO - DAG(s) 'ab_test_medallion_pipeline' retrieved from /opt/airflow/dags/pipeline_dag.py
[2026-05-07T14:47:00.522+0000] {logging_mixin.py:188} INFO - [2026-05-07T14:47:00.521+0000] {dag.py:3096} INFO - Sync 1 DAGs
[2026-05-07T14:47:00.597+0000] {logging_mixin.py:188} INFO - [2026-05-07T14:47:00.596+0000] {dag.py:3954} INFO - Setting next_dagrun for ab_test_medallion_pipeline to 2026-05-07 00:00:00+00:00, run_after=2026-05-08 00:00:00+00:00
[2026-05-07T14:47:00.955+0000] {processor.py:183} INFO - Processing /opt/airflow/dags/pipeline_dag.py took 1.219 seconds
[2026-05-07T14:47:31.331+0000] {processor.py:161} INFO - Started process (PID=7133) to work on /opt/airflow/dags/pipeline_dag.py
[2026-05-07T14:47:31.333+0000] {processor.py:830} INFO - Processing file /opt/airflow/dags/pipeline_dag.py for tasks to queue
[2026-05-07T14:47:31.335+0000] {logging_mixin.py:188} INFO - [2026-05-07T14:47:31.334+0000] {dagbag.py:545} INFO - Filling up the DagBag from /opt/airflow/dags/pipeline_dag.py
[2026-05-07T14:47:31.361+0000] {processor.py:840} INFO - DAG(s) 'ab_test_medallion_pipeline' retrieved from /opt/airflow/dags/pipeline_dag.py
[2026-05-07T14:47:31.411+0000] {logging_mixin.py:188} INFO - [2026-05-07T14:47:31.410+0000] {dag.py:3096} INFO - Sync 1 DAGs
[2026-05-07T14:47:31.654+0000] {logging_mixin.py:188} INFO - [2026-05-07T14:47:31.652+0000] {dag.py:3954} INFO - Setting next_dagrun for ab_test_medallion_pipeline to 2026-05-07 00:00:00+00:00, run_after=2026-05-08 00:00:00+00:00
[2026-05-07T14:47:31.828+0000] {processor.py:183} INFO - Processing /opt/airflow/dags/pipeline_dag.py took 0.511 seconds
[2026-05-07T14:48:02.142+0000] {processor.py:161} INFO - Started process (PID=7138) to work on /opt/airflow/dags/pipeline_dag.py
[2026-05-07T14:48:02.147+0000] {processor.py:830} INFO - Processing file /opt/airflow/dags/pipeline_dag.py for tasks to queue
[2026-05-07T14:48:02.151+0000] {logging_mixin.py:188} INFO - [2026-05-07T14:48:02.148+0000] {dagbag.py:545} INFO - Filling up the DagBag from /opt/airflow/dags/pipeline_dag.py
[2026-05-07T14:48:02.232+0000] {processor.py:840} INFO - DAG(s) 'ab_test_medallion_pipeline' retrieved from /opt/airflow/dags/pipeline_dag.py
[2026-05-07T14:48:02.380+0000] {logging_mixin.py:188} INFO - [2026-05-07T14:48:02.380+0000] {dag.py:3096} INFO - Sync 1 DAGs
[2026-05-07T14:48:02.450+0000] {logging_mixin.py:188} INFO - [2026-05-07T14:48:02.449+0000] {dag.py:3954} INFO - Setting next_dagrun for ab_test_medallion_pipeline to 2026-05-07 00:00:00+00:00, run_after=2026-05-08 00:00:00+00:00
[2026-05-07T14:48:02.538+0000] {processor.py:183} INFO - Processing /opt/airflow/dags/pipeline_dag.py took 0.413 seconds
[2026-05-07T14:48:32.857+0000] {processor.py:161} INFO - Started process (PID=7143) to work on /opt/airflow/dags/pipeline_dag.py
[2026-05-07T14:48:32.859+0000] {processor.py:830} INFO - Processing file /opt/airflow/dags/pipeline_dag.py for tasks to queue
[2026-05-07T14:48:32.862+0000] {logging_mixin.py:188} INFO - [2026-05-07T14:48:32.861+0000] {dagbag.py:545} INFO - Filling up the DagBag from /opt/airflow/dags/pipeline_dag.py
[2026-05-07T14:48:32.936+0000] {processor.py:840} INFO - DAG(s) 'ab_test_medallion_pipeline' retrieved from /opt/airflow/dags/pipeline_dag.py
[2026-05-07T14:48:33.084+0000] {logging_mixin.py:188} INFO - [2026-05-07T14:48:33.083+0000] {dag.py:3096} INFO - Sync 1 DAGs
[2026-05-07T14:48:33.240+0000] {logging_mixin.py:188} INFO - [2026-05-07T14:48:33.240+0000] {dag.py:3954} INFO - Setting next_dagrun for ab_test_medallion_pipeline to 2026-05-07 00:00:00+00:00, run_after=2026-05-08 00:00:00+00:00
[2026-05-07T14:48:33.365+0000] {processor.py:183} INFO - Processing /opt/airflow/dags/pipeline_dag.py took 0.531 seconds
[2026-05-07T14:49:03.567+0000] {processor.py:161} INFO - Started process (PID=7148) to work on /opt/airflow/dags/pipeline_dag.py
[2026-05-07T14:49:03.568+0000] {processor.py:830} INFO - Processing file /opt/airflow/dags/pipeline_dag.py for tasks to queue
[2026-05-07T14:49:03.570+0000] {logging_mixin.py:188} INFO - [2026-05-07T14:49:03.569+0000] {dagbag.py:545} INFO - Filling up the DagBag from /opt/airflow/dags/pipeline_dag.py
[2026-05-07T14:49:03.616+0000] {processor.py:840} INFO - DAG(s) 'ab_test_medallion_pipeline' retrieved from /opt/airflow/dags/pipeline_dag.py
[2026-05-07T14:49:03.705+0000] {logging_mixin.py:188} INFO - [2026-05-07T14:49:03.704+0000] {dag.py:3096} INFO - Sync 1 DAGs
[2026-05-07T14:49:03.802+0000] {logging_mixin.py:188} INFO - [2026-05-07T14:49:03.801+0000] {dag.py:3954} INFO - Setting next_dagrun for ab_test_medallion_pipeline to 2026-05-07 00:00:00+00:00, run_after=2026-05-08 00:00:00+00:00
[2026-05-07T14:49:03.877+0000] {processor.py:183} INFO - Processing /opt/airflow/dags/pipeline_dag.py took 0.325 seconds
[2026-05-07T14:49:34.227+0000] {processor.py:161} INFO - Started process (PID=7153) to work on /opt/airflow/dags/pipeline_dag.py
[2026-05-07T14:49:34.229+0000] {processor.py:830} INFO - Processing file /opt/airflow/dags/pipeline_dag.py for tasks to queue
[2026-05-07T14:49:34.231+0000] {logging_mixin.py:188} INFO - [2026-05-07T14:49:34.230+0000] {dagbag.py:545} INFO - Filling up the DagBag from /opt/airflow/dags/pipeline_dag.py
[2026-05-07T14:49:34.269+0000] {processor.py:840} INFO - DAG(s) 'ab_test_medallion_pipeline' retrieved from /opt/airflow/dags/pipeline_dag.py
[2026-05-07T14:49:34.331+0000] {logging_mixin.py:188} INFO - [2026-05-07T14:49:34.331+0000] {dag.py:3096} INFO - Sync 1 DAGs
[2026-05-07T14:49:34.527+0000] {logging_mixin.py:188} INFO - [2026-05-07T14:49:34.526+0000] {dag.py:3954} INFO - Setting next_dagrun for ab_test_medallion_pipeline to 2026-05-07 00:00:00+00:00, run_after=2026-05-08 00:00:00+00:00
[2026-05-07T14:49:34.718+0000] {processor.py:183} INFO - Processing /opt/airflow/dags/pipeline_dag.py took 0.508 seconds
[2026-05-07T14:50:04.994+0000] {processor.py:161} INFO - Started process (PID=7158) to work on /opt/airflow/dags/pipeline_dag.py
[2026-05-07T14:50:04.996+0000] {processor.py:830} INFO - Processing file /opt/airflow/dags/pipeline_dag.py for tasks to queue
[2026-05-07T14:50:04.997+0000] {logging_mixin.py:188} INFO - [2026-05-07T14:50:04.996+0000] {dagbag.py:545} INFO - Filling up the DagBag from /opt/airflow/dags/pipeline_dag.py
[2026-05-07T14:50:05.027+0000] {processor.py:840} INFO - DAG(s) 'ab_test_medallion_pipeline' retrieved from /opt/airflow/dags/pipeline_dag.py
[2026-05-07T14:50:05.084+0000] {logging_mixin.py:188} INFO - [2026-05-07T14:50:05.083+0000] {dag.py:3096} INFO - Sync 1 DAGs
[2026-05-07T14:50:05.374+0000] {logging_mixin.py:188} INFO - [2026-05-07T14:50:05.373+0000] {dag.py:3954} INFO - Setting next_dagrun for ab_test_medallion_pipeline to 2026-05-07 00:00:00+00:00, run_after=2026-05-08 00:00:00+00:00
[2026-05-07T14:50:05.557+0000] {processor.py:183} INFO - Processing /opt/airflow/dags/pipeline_dag.py took 0.574 seconds
[2026-05-07T14:50:35.773+0000] {processor.py:161} INFO - Started process (PID=7163) to work on /opt/airflow/dags/pipeline_dag.py
[2026-05-07T14:50:35.776+0000] {processor.py:830} INFO - Processing file /opt/airflow/dags/pipeline_dag.py for tasks to queue
[2026-05-07T14:50:35.778+0000] {logging_mixin.py:188} INFO - [2026-05-07T14:50:35.777+0000] {dagbag.py:545} INFO - Filling up the DagBag from /opt/airflow/dags/pipeline_dag.py
[2026-05-07T14:50:35.809+0000] {processor.py:840} INFO - DAG(s) 'ab_test_medallion_pipeline' retrieved from /opt/airflow/dags/pipeline_dag.py
[2026-05-07T14:50:35.882+0000] {logging_mixin.py:188} INFO - [2026-05-07T14:50:35.881+0000] {dag.py:3096} INFO - Sync 1 DAGs
[2026-05-07T14:50:35.924+0000] {logging_mixin.py:188} INFO - [2026-05-07T14:50:35.924+0000] {dag.py:3954} INFO - Setting next_dagrun for ab_test_medallion_pipeline to 2026-05-07 00:00:00+00:00, run_after=2026-05-08 00:00:00+00:00
[2026-05-07T14:50:35.961+0000] {processor.py:183} INFO - Processing /opt/airflow/dags/pipeline_dag.py took 0.205 seconds
[2026-05-07T14:51:06.367+0000] {processor.py:161} INFO - Started process (PID=7168) to work on /opt/airflow/dags/pipeline_dag.py
[2026-05-07T14:51:06.369+0000] {processor.py:830} INFO - Processing file /opt/airflow/dags/pipeline_dag.py for tasks to queue
[2026-05-07T14:51:06.407+0000] {logging_mixin.py:188} INFO - [2026-05-07T14:51:06.380+0000] {dagbag.py:545} INFO - Filling up the DagBag from /opt/airflow/dags/pipeline_dag.py
[2026-05-07T14:51:07.014+0000] {processor.py:840} INFO - DAG(s) 'ab_test_medallion_pipeline' retrieved from /opt/airflow/dags/pipeline_dag.py
[2026-05-07T14:51:07.735+0000] {logging_mixin.py:188} INFO - [2026-05-07T14:51:07.734+0000] {dag.py:3096} INFO - Sync 1 DAGs
[2026-05-07T14:51:08.048+0000] {logging_mixin.py:188} INFO - [2026-05-07T14:51:08.047+0000] {dag.py:3954} INFO - Setting next_dagrun for ab_test_medallion_pipeline to 2026-05-07 00:00:00+00:00, run_after=2026-05-08 00:00:00+00:00
[2026-05-07T14:51:09.499+0000] {processor.py:183} INFO - Processing /opt/airflow/dags/pipeline_dag.py took 3.247 seconds
[2026-05-07T14:51:40.377+0000] {processor.py:161} INFO - Started process (PID=7173) to work on /opt/airflow/dags/pipeline_dag.py
[2026-05-07T14:51:40.387+0000] {processor.py:830} INFO - Processing file /opt/airflow/dags/pipeline_dag.py for tasks to queue
[2026-05-07T14:51:40.391+0000] {logging_mixin.py:188} INFO - [2026-05-07T14:51:40.389+0000] {dagbag.py:545} INFO - Filling up the DagBag from /opt/airflow/dags/pipeline_dag.py
[2026-05-07T14:51:40.562+0000] {processor.py:840} INFO - DAG(s) 'ab_test_medallion_pipeline' retrieved from /opt/airflow/dags/pipeline_dag.py
[2026-05-07T14:51:40.840+0000] {logging_mixin.py:188} INFO - [2026-05-07T14:51:40.840+0000] {dag.py:3096} INFO - Sync 1 DAGs
[2026-05-07T14:51:41.142+0000] {logging_mixin.py:188} INFO - [2026-05-07T14:51:41.142+0000] {dag.py:3954} INFO - Setting next_dagrun for ab_test_medallion_pipeline to 2026-05-07 00:00:00+00:00, run_after=2026-05-08 00:00:00+00:00
[2026-05-07T14:51:41.385+0000] {processor.py:183} INFO - Processing /opt/airflow/dags/pipeline_dag.py took 1.155 seconds
[2026-05-07T14:52:11.531+0000] {processor.py:161} INFO - Started process (PID=7178) to work on /opt/airflow/dags/pipeline_dag.py
[2026-05-07T14:52:11.534+0000] {processor.py:830} INFO - Processing file /opt/airflow/dags/pipeline_dag.py for tasks to queue
[2026-05-07T14:52:11.537+0000] {logging_mixin.py:188} INFO - [2026-05-07T14:52:11.535+0000] {dagbag.py:545} INFO - Filling up the DagBag from /opt/airflow/dags/pipeline_dag.py
[2026-05-07T14:52:11.577+0000] {processor.py:840} INFO - DAG(s) 'ab_test_medallion_pipeline' retrieved from /opt/airflow/dags/pipeline_dag.py
[2026-05-07T14:52:11.670+0000] {logging_mixin.py:188} INFO - [2026-05-07T14:52:11.669+0000] {dag.py:3096} INFO - Sync 1 DAGs
[2026-05-07T14:52:11.724+0000] {logging_mixin.py:188} INFO - [2026-05-07T14:52:11.722+0000] {dag.py:3954} INFO - Setting next_dagrun for ab_test_medallion_pipeline to 2026-05-07 00:00:00+00:00, run_after=2026-05-08 00:00:00+00:00
[2026-05-07T14:52:11.761+0000] {processor.py:183} INFO - Processing /opt/airflow/dags/pipeline_dag.py took 0.245 seconds
[2026-05-07T14:52:41.955+0000] {processor.py:161} INFO - Started process (PID=7183) to work on /opt/airflow/dags/pipeline_dag.py
[2026-05-07T14:52:41.957+0000] {processor.py:830} INFO - Processing file /opt/airflow/dags/pipeline_dag.py for tasks to queue
[2026-05-07T14:52:41.959+0000] {logging_mixin.py:188} INFO - [2026-05-07T14:52:41.958+0000] {dagbag.py:545} INFO - Filling up the DagBag from /opt/airflow/dags/pipeline_dag.py
[2026-05-07T14:52:41.983+0000] {processor.py:840} INFO - DAG(s) 'ab_test_medallion_pipeline' retrieved from /opt/airflow/dags/pipeline_dag.py
[2026-05-07T14:52:42.049+0000] {logging_mixin.py:188} INFO - [2026-05-07T14:52:42.048+0000] {dag.py:3096} INFO - Sync 1 DAGs
[2026-05-07T14:52:42.096+0000] {logging_mixin.py:188} INFO - [2026-05-07T14:52:42.095+0000] {dag.py:3954} INFO - Setting next_dagrun for ab_test_medallion_pipeline to 2026-05-07 00:00:00+00:00, run_after=2026-05-08 00:00:00+00:00
[2026-05-07T14:52:42.149+0000] {processor.py:183} INFO - Processing /opt/airflow/dags/pipeline_dag.py took 0.205 seconds
[2026-05-07T14:53:12.260+0000] {processor.py:161} INFO - Started process (PID=7188) to work on /opt/airflow/dags/pipeline_dag.py
[2026-05-07T14:53:12.261+0000] {processor.py:830} INFO - Processing file /opt/airflow/dags/pipeline_dag.py for tasks to queue
[2026-05-07T14:53:12.263+0000] {logging_mixin.py:188} INFO - [2026-05-07T14:53:12.262+0000] {dagbag.py:545} INFO - Filling up the DagBag from /opt/airflow/dags/pipeline_dag.py
[2026-05-07T14:53:12.293+0000] {processor.py:840} INFO - DAG(s) 'ab_test_medallion_pipeline' retrieved from /opt/airflow/dags/pipeline_dag.py
[2026-05-07T14:53:12.468+0000] {logging_mixin.py:188} INFO - [2026-05-07T14:53:12.468+0000] {dag.py:3096} INFO - Sync 1 DAGs
[2026-05-07T14:53:12.525+0000] {logging_mixin.py:188} INFO - [2026-05-07T14:53:12.525+0000] {dag.py:3954} INFO - Setting next_dagrun for ab_test_medallion_pipeline to 2026-05-07 00:00:00+00:00, run_after=2026-05-08 00:00:00+00:00
[2026-05-07T14:53:12.561+0000] {processor.py:183} INFO - Processing /opt/airflow/dags/pipeline_dag.py took 0.316 seconds
[2026-05-07T14:53:42.680+0000] {processor.py:161} INFO - Started process (PID=7193) to work on /opt/airflow/dags/pipeline_dag.py
[2026-05-07T14:53:42.682+0000] {processor.py:830} INFO - Processing file /opt/airflow/dags/pipeline_dag.py for tasks to queue
[2026-05-07T14:53:42.683+0000] {logging_mixin.py:188} INFO - [2026-05-07T14:53:42.683+0000] {dagbag.py:545} INFO - Filling up the DagBag from /opt/airflow/dags/pipeline_dag.py
[2026-05-07T14:53:42.738+0000] {processor.py:840} INFO - DAG(s) 'ab_test_medallion_pipeline' retrieved from /opt/airflow/dags/pipeline_dag.py
[2026-05-07T14:53:42.793+0000] {logging_mixin.py:188} INFO - [2026-05-07T14:53:42.793+0000] {dag.py:3096} INFO - Sync 1 DAGs
[2026-05-07T14:53:42.838+0000] {logging_mixin.py:188} INFO - [2026-05-07T14:53:42.838+0000] {dag.py:3954} INFO - Setting next_dagrun for ab_test_medallion_pipeline to 2026-05-07 00:00:00+00:00, run_after=2026-05-08 00:00:00+00:00
[2026-05-07T14:53:42.893+0000] {processor.py:183} INFO - Processing /opt/airflow/dags/pipeline_dag.py took 0.228 seconds
[2026-05-07T14:54:13.162+0000] {processor.py:161} INFO - Started process (PID=7198) to work on /opt/airflow/dags/pipeline_dag.py
[2026-05-07T14:54:13.167+0000] {processor.py:830} INFO - Processing file /opt/airflow/dags/pipeline_dag.py for tasks to queue
[2026-05-07T14:54:13.170+0000] {logging_mixin.py:188} INFO - [2026-05-07T14:54:13.169+0000] {dagbag.py:545} INFO - Filling up the DagBag from /opt/airflow/dags/pipeline_dag.py
[2026-05-07T14:54:13.216+0000] {processor.py:840} INFO - DAG(s) 'ab_test_medallion_pipeline' retrieved from /opt/airflow/dags/pipeline_dag.py
[2026-05-07T14:54:13.354+0000] {logging_mixin.py:188} INFO - [2026-05-07T14:54:13.352+0000] {dag.py:3096} INFO - Sync 1 DAGs
[2026-05-07T14:54:13.457+0000] {logging_mixin.py:188} INFO - [2026-05-07T14:54:13.456+0000] {dag.py:3954} INFO - Setting next_dagrun for ab_test_medallion_pipeline to 2026-05-07 00:00:00+00:00, run_after=2026-05-08 00:00:00+00:00
[2026-05-07T14:54:13.582+0000] {processor.py:183} INFO - Processing /opt/airflow/dags/pipeline_dag.py took 0.468 seconds
[2026-05-07T14:54:44.198+0000] {processor.py:161} INFO - Started process (PID=7203) to work on /opt/airflow/dags/pipeline_dag.py
[2026-05-07T14:54:44.200+0000] {processor.py:830} INFO - Processing file /opt/airflow/dags/pipeline_dag.py for tasks to queue
[2026-05-07T14:54:44.202+0000] {logging_mixin.py:188} INFO - [2026-05-07T14:54:44.201+0000] {dagbag.py:545} INFO - Filling up the DagBag from /opt/airflow/dags/pipeline_dag.py
[2026-05-07T14:54:44.285+0000] {processor.py:840} INFO - DAG(s) 'ab_test_medallion_pipeline' retrieved from /opt/airflow/dags/pipeline_dag.py
[2026-05-07T14:54:44.413+0000] {logging_mixin.py:188} INFO - [2026-05-07T14:54:44.413+0000] {dag.py:3096} INFO - Sync 1 DAGs
[2026-05-07T14:54:44.537+0000] {logging_mixin.py:188} INFO - [2026-05-07T14:54:44.536+0000] {dag.py:3954} INFO - Setting next_dagrun for ab_test_medallion_pipeline to 2026-05-07 00:00:00+00:00, run_after=2026-05-08 00:00:00+00:00
[2026-05-07T14:54:44.631+0000] {processor.py:183} INFO - Processing /opt/airflow/dags/pipeline_dag.py took 0.447 seconds
[2026-05-07T14:55:14.963+0000] {processor.py:161} INFO - Started process (PID=7208) to work on /opt/airflow/dags/pipeline_dag.py
[2026-05-07T14:55:14.964+0000] {processor.py:830} INFO - Processing file /opt/airflow/dags/pipeline_dag.py for tasks to queue
[2026-05-07T14:55:14.966+0000] {logging_mixin.py:188} INFO - [2026-05-07T14:55:14.965+0000] {dagbag.py:545} INFO - Filling up the DagBag from /opt/airflow/dags/pipeline_dag.py
[2026-05-07T14:55:14.989+0000] {processor.py:840} INFO - DAG(s) 'ab_test_medallion_pipeline' retrieved from /opt/airflow/dags/pipeline_dag.py
[2026-05-07T14:55:15.036+0000] {logging_mixin.py:188} INFO - [2026-05-07T14:55:15.036+0000] {dag.py:3096} INFO - Sync 1 DAGs
[2026-05-07T14:55:15.086+0000] {logging_mixin.py:188} INFO - [2026-05-07T14:55:15.086+0000] {dag.py:3954} INFO - Setting next_dagrun for ab_test_medallion_pipeline to 2026-05-07 00:00:00+00:00, run_after=2026-05-08 00:00:00+00:00
[2026-05-07T14:55:15.130+0000] {processor.py:183} INFO - Processing /opt/airflow/dags/pipeline_dag.py took 0.183 seconds
[2026-05-07T14:55:45.269+0000] {processor.py:161} INFO - Started process (PID=7213) to work on /opt/airflow/dags/pipeline_dag.py
[2026-05-07T14:55:45.271+0000] {processor.py:830} INFO - Processing file /opt/airflow/dags/pipeline_dag.py for tasks to queue
[2026-05-07T14:55:45.272+0000] {logging_mixin.py:188} INFO - [2026-05-07T14:55:45.272+0000] {dagbag.py:545} INFO - Filling up the DagBag from /opt/airflow/dags/pipeline_dag.py
[2026-05-07T14:55:45.294+0000] {processor.py:840} INFO - DAG(s) 'ab_test_medallion_pipeline' retrieved from /opt/airflow/dags/pipeline_dag.py
[2026-05-07T14:55:45.341+0000] {logging_mixin.py:188} INFO - [2026-05-07T14:55:45.341+0000] {dag.py:3096} INFO - Sync 1 DAGs
[2026-05-07T14:55:45.379+0000] {logging_mixin.py:188} INFO - [2026-05-07T14:55:45.379+0000] {dag.py:3954} INFO - Setting next_dagrun for ab_test_medallion_pipeline to 2026-05-07 00:00:00+00:00, run_after=2026-05-08 00:00:00+00:00
[2026-05-07T14:55:45.412+0000] {processor.py:183} INFO - Processing /opt/airflow/dags/pipeline_dag.py took 0.157 seconds
[2026-05-07T14:56:15.697+0000] {processor.py:161} INFO - Started process (PID=7218) to work on /opt/airflow/dags/pipeline_dag.py
[2026-05-07T14:56:15.701+0000] {processor.py:830} INFO - Processing file /opt/airflow/dags/pipeline_dag.py for tasks to queue
[2026-05-07T14:56:15.703+0000] {logging_mixin.py:188} INFO - [2026-05-07T14:56:15.702+0000] {dagbag.py:545} INFO - Filling up the DagBag from /opt/airflow/dags/pipeline_dag.py
[2026-05-07T14:56:15.725+0000] {processor.py:840} INFO - DAG(s) 'ab_test_medallion_pipeline' retrieved from /opt/airflow/dags/pipeline_dag.py
[2026-05-07T14:56:15.769+0000] {logging_mixin.py:188} INFO - [2026-05-07T14:56:15.769+0000] {dag.py:3096} INFO - Sync 1 DAGs
[2026-05-07T14:56:15.812+0000] {logging_mixin.py:188} INFO - [2026-05-07T14:56:15.811+0000] {dag.py:3954} INFO - Setting next_dagrun for ab_test_medallion_pipeline to 2026-05-07 00:00:00+00:00, run_after=2026-05-08 00:00:00+00:00
[2026-05-07T14:56:15.847+0000] {processor.py:183} INFO - Processing /opt/airflow/dags/pipeline_dag.py took 0.171 seconds
[2026-05-07T14:56:45.960+0000] {processor.py:161} INFO - Started process (PID=7223) to work on /opt/airflow/dags/pipeline_dag.py
[2026-05-07T14:56:45.964+0000] {processor.py:830} INFO - Processing file /opt/airflow/dags/pipeline_dag.py for tasks to queue
[2026-05-07T14:56:45.967+0000] {logging_mixin.py:188} INFO - [2026-05-07T14:56:45.966+0000] {dagbag.py:545} INFO - Filling up the DagBag from /opt/airflow/dags/pipeline_dag.py
[2026-05-07T14:56:45.988+0000] {processor.py:840} INFO - DAG(s) 'ab_test_medallion_pipeline' retrieved from /opt/airflow/dags/pipeline_dag.py
[2026-05-07T14:56:46.032+0000] {logging_mixin.py:188} INFO - [2026-05-07T14:56:46.032+0000] {dag.py:3096} INFO - Sync 1 DAGs
[2026-05-07T14:56:46.069+0000] {logging_mixin.py:188} INFO - [2026-05-07T14:56:46.069+0000] {dag.py:3954} INFO - Setting next_dagrun for ab_test_medallion_pipeline to 2026-05-07 00:00:00+00:00, run_after=2026-05-08 00:00:00+00:00
[2026-05-07T14:56:46.099+0000] {processor.py:183} INFO - Processing /opt/airflow/dags/pipeline_dag.py took 0.157 seconds
[2026-05-07T14:57:16.388+0000] {processor.py:161} INFO - Started process (PID=7228) to work on /opt/airflow/dags/pipeline_dag.py
[2026-05-07T14:57:16.391+0000] {processor.py:830} INFO - Processing file /opt/airflow/dags/pipeline_dag.py for tasks to queue
[2026-05-07T14:57:16.394+0000] {logging_mixin.py:188} INFO - [2026-05-07T14:57:16.392+0000] {dagbag.py:545} INFO - Filling up the DagBag from /opt/airflow/dags/pipeline_dag.py
[2026-05-07T14:57:16.437+0000] {processor.py:840} INFO - DAG(s) 'ab_test_medallion_pipeline' retrieved from /opt/airflow/dags/pipeline_dag.py
[2026-05-07T14:57:16.509+0000] {logging_mixin.py:188} INFO - [2026-05-07T14:57:16.509+0000] {dag.py:3096} INFO - Sync 1 DAGs
[2026-05-07T14:57:16.574+0000] {logging_mixin.py:188} INFO - [2026-05-07T14:57:16.574+0000] {dag.py:3954} INFO - Setting next_dagrun for ab_test_medallion_pipeline to 2026-05-07 00:00:00+00:00, run_after=2026-05-08 00:00:00+00:00
[2026-05-07T14:57:16.622+0000] {processor.py:183} INFO - Processing /opt/airflow/dags/pipeline_dag.py took 0.257 seconds
[2026-05-07T14:57:46.898+0000] {processor.py:161} INFO - Started process (PID=7233) to work on /opt/airflow/dags/pipeline_dag.py
[2026-05-07T14:57:46.901+0000] {processor.py:830} INFO - Processing file /opt/airflow/dags/pipeline_dag.py for tasks to queue
[2026-05-07T14:57:46.903+0000] {logging_mixin.py:188} INFO - [2026-05-07T14:57:46.902+0000] {dagbag.py:545} INFO - Filling up the DagBag from /opt/airflow/dags/pipeline_dag.py
[2026-05-07T14:57:46.925+0000] {processor.py:840} INFO - DAG(s) 'ab_test_medallion_pipeline' retrieved from /opt/airflow/dags/pipeline_dag.py
[2026-05-07T14:57:46.969+0000] {logging_mixin.py:188} INFO - [2026-05-07T14:57:46.968+0000] {dag.py:3096} INFO - Sync 1 DAGs
[2026-05-07T14:57:47.004+0000] {logging_mixin.py:188} INFO - [2026-05-07T14:57:47.004+0000] {dag.py:3954} INFO - Setting next_dagrun for ab_test_medallion_pipeline to 2026-05-07 00:00:00+00:00, run_after=2026-05-08 00:00:00+00:00
[2026-05-07T14:57:47.036+0000] {processor.py:183} INFO - Processing /opt/airflow/dags/pipeline_dag.py took 0.155 seconds
[2026-05-07T14:58:17.165+0000] {processor.py:161} INFO - Started process (PID=7238) to work on /opt/airflow/dags/pipeline_dag.py
[2026-05-07T14:58:17.168+0000] {processor.py:830} INFO - Processing file /opt/airflow/dags/pipeline_dag.py for tasks to queue
[2026-05-07T14:58:17.170+0000] {logging_mixin.py:188} INFO - [2026-05-07T14:58:17.169+0000] {dagbag.py:545} INFO - Filling up the DagBag from /opt/airflow/dags/pipeline_dag.py
[2026-05-07T14:58:17.209+0000] {processor.py:840} INFO - DAG(s) 'ab_test_medallion_pipeline' retrieved from /opt/airflow/dags/pipeline_dag.py
[2026-05-07T14:58:17.291+0000] {logging_mixin.py:188} INFO - [2026-05-07T14:58:17.290+0000] {dag.py:3096} INFO - Sync 1 DAGs
[2026-05-07T14:58:17.357+0000] {logging_mixin.py:188} INFO - [2026-05-07T14:58:17.356+0000] {dag.py:3954} INFO - Setting next_dagrun for ab_test_medallion_pipeline to 2026-05-07 00:00:00+00:00, run_after=2026-05-08 00:00:00+00:00
[2026-05-07T14:58:17.387+0000] {processor.py:183} INFO - Processing /opt/airflow/dags/pipeline_dag.py took 0.240 seconds
[2026-05-07T14:58:47.525+0000] {processor.py:161} INFO - Started process (PID=7243) to work on /opt/airflow/dags/pipeline_dag.py
[2026-05-07T14:58:47.530+0000] {processor.py:830} INFO - Processing file /opt/airflow/dags/pipeline_dag.py for tasks to queue
[2026-05-07T14:58:47.532+0000] {logging_mixin.py:188} INFO - [2026-05-07T14:58:47.531+0000] {dagbag.py:545} INFO - Filling up the DagBag from /opt/airflow/dags/pipeline_dag.py
[2026-05-07T14:58:47.553+0000] {processor.py:840} INFO - DAG(s) 'ab_test_medallion_pipeline' retrieved from /opt/airflow/dags/pipeline_dag.py
[2026-05-07T14:58:47.614+0000] {logging_mixin.py:188} INFO - [2026-05-07T14:58:47.614+0000] {dag.py:3096} INFO - Sync 1 DAGs
[2026-05-07T14:58:47.646+0000] {logging_mixin.py:188} INFO - [2026-05-07T14:58:47.646+0000] {dag.py:3954} INFO - Setting next_dagrun for ab_test_medallion_pipeline to 2026-05-07 00:00:00+00:00, run_after=2026-05-08 00:00:00+00:00
[2026-05-07T14:58:47.674+0000] {processor.py:183} INFO - Processing /opt/airflow/dags/pipeline_dag.py took 0.166 seconds
[2026-05-07T14:59:17.846+0000] {processor.py:161} INFO - Started process (PID=7248) to work on /opt/airflow/dags/pipeline_dag.py
[2026-05-07T14:59:17.848+0000] {processor.py:830} INFO - Processing file /opt/airflow/dags/pipeline_dag.py for tasks to queue
[2026-05-07T14:59:17.850+0000] {logging_mixin.py:188} INFO - [2026-05-07T14:59:17.850+0000] {dagbag.py:545} INFO - Filling up the DagBag from /opt/airflow/dags/pipeline_dag.py
[2026-05-07T14:59:17.887+0000] {processor.py:840} INFO - DAG(s) 'ab_test_medallion_pipeline' retrieved from /opt/airflow/dags/pipeline_dag.py
[2026-05-07T14:59:17.970+0000] {logging_mixin.py:188} INFO - [2026-05-07T14:59:17.969+0000] {dag.py:3096} INFO - Sync 1 DAGs
[2026-05-07T14:59:18.006+0000] {logging_mixin.py:188} INFO - [2026-05-07T14:59:18.005+0000] {dag.py:3954} INFO - Setting next_dagrun for ab_test_medallion_pipeline to 2026-05-07 00:00:00+00:00, run_after=2026-05-08 00:00:00+00:00
[2026-05-07T14:59:18.035+0000] {processor.py:183} INFO - Processing /opt/airflow/dags/pipeline_dag.py took 0.203 seconds
[2026-05-07T14:59:48.153+0000] {processor.py:161} INFO - Started process (PID=7253) to work on /opt/airflow/dags/pipeline_dag.py
[2026-05-07T14:59:48.156+0000] {processor.py:830} INFO - Processing file /opt/airflow/dags/pipeline_dag.py for tasks to queue
[2026-05-07T14:59:48.159+0000] {logging_mixin.py:188} INFO - [2026-05-07T14:59:48.158+0000] {dagbag.py:545} INFO - Filling up the DagBag from /opt/airflow/dags/pipeline_dag.py
[2026-05-07T14:59:48.225+0000] {processor.py:840} INFO - DAG(s) 'ab_test_medallion_pipeline' retrieved from /opt/airflow/dags/pipeline_dag.py
[2026-05-07T14:59:48.387+0000] {logging_mixin.py:188} INFO - [2026-05-07T14:59:48.386+0000] {dag.py:3096} INFO - Sync 1 DAGs
[2026-05-07T14:59:48.490+0000] {logging_mixin.py:188} INFO - [2026-05-07T14:59:48.489+0000] {dag.py:3954} INFO - Setting next_dagrun for ab_test_medallion_pipeline to 2026-05-07 00:00:00+00:00, run_after=2026-05-08 00:00:00+00:00
[2026-05-07T14:59:48.545+0000] {processor.py:183} INFO - Processing /opt/airflow/dags/pipeline_dag.py took 0.436 seconds
[2026-05-07T15:00:18.862+0000] {processor.py:161} INFO - Started process (PID=7258) to work on /opt/airflow/dags/pipeline_dag.py
[2026-05-07T15:00:18.865+0000] {processor.py:830} INFO - Processing file /opt/airflow/dags/pipeline_dag.py for tasks to queue
[2026-05-07T15:00:18.868+0000] {logging_mixin.py:188} INFO - [2026-05-07T15:00:18.867+0000] {dagbag.py:545} INFO - Filling up the DagBag from /opt/airflow/dags/pipeline_dag.py
[2026-05-07T15:00:18.910+0000] {processor.py:840} INFO - DAG(s) 'ab_test_medallion_pipeline' retrieved from /opt/airflow/dags/pipeline_dag.py
[2026-05-07T15:00:19.017+0000] {logging_mixin.py:188} INFO - [2026-05-07T15:00:19.017+0000] {dag.py:3096} INFO - Sync 1 DAGs
[2026-05-07T15:00:19.296+0000] {logging_mixin.py:188} INFO - [2026-05-07T15:00:19.295+0000] {dag.py:3954} INFO - Setting next_dagrun for ab_test_medallion_pipeline to 2026-05-07 00:00:00+00:00, run_after=2026-05-08 00:00:00+00:00
[2026-05-07T15:00:19.531+0000] {processor.py:183} INFO - Processing /opt/airflow/dags/pipeline_dag.py took 0.684 seconds
[2026-05-07T15:00:49.702+0000] {processor.py:161} INFO - Started process (PID=7263) to work on /opt/airflow/dags/pipeline_dag.py
[2026-05-07T15:00:49.704+0000] {processor.py:830} INFO - Processing file /opt/airflow/dags/pipeline_dag.py for tasks to queue
[2026-05-07T15:00:49.707+0000] {logging_mixin.py:188} INFO - [2026-05-07T15:00:49.706+0000] {dagbag.py:545} INFO - Filling up the DagBag from /opt/airflow/dags/pipeline_dag.py
[2026-05-07T15:00:49.748+0000] {processor.py:840} INFO - DAG(s) 'ab_test_medallion_pipeline' retrieved from /opt/airflow/dags/pipeline_dag.py
[2026-05-07T15:00:49.839+0000] {logging_mixin.py:188} INFO - [2026-05-07T15:00:49.839+0000] {dag.py:3096} INFO - Sync 1 DAGs
[2026-05-07T15:00:49.906+0000] {logging_mixin.py:188} INFO - [2026-05-07T15:00:49.905+0000] {dag.py:3954} INFO - Setting next_dagrun for ab_test_medallion_pipeline to 2026-05-07 00:00:00+00:00, run_after=2026-05-08 00:00:00+00:00
[2026-05-07T15:00:49.963+0000] {processor.py:183} INFO - Processing /opt/airflow/dags/pipeline_dag.py took 0.278 seconds
[2026-05-07T15:01:20.113+0000] {processor.py:161} INFO - Started process (PID=7268) to work on /opt/airflow/dags/pipeline_dag.py
[2026-05-07T15:01:20.116+0000] {processor.py:830} INFO - Processing file /opt/airflow/dags/pipeline_dag.py for tasks to queue
[2026-05-07T15:01:20.120+0000] {logging_mixin.py:188} INFO - [2026-05-07T15:01:20.119+0000] {dagbag.py:545} INFO - Filling up the DagBag from /opt/airflow/dags/pipeline_dag.py
[2026-05-07T15:01:20.161+0000] {processor.py:840} INFO - DAG(s) 'ab_test_medallion_pipeline' retrieved from /opt/airflow/dags/pipeline_dag.py
[2026-05-07T15:01:20.267+0000] {logging_mixin.py:188} INFO - [2026-05-07T15:01:20.266+0000] {dag.py:3096} INFO - Sync 1 DAGs
[2026-05-07T15:01:20.376+0000] {logging_mixin.py:188} INFO - [2026-05-07T15:01:20.376+0000] {dag.py:3954} INFO - Setting next_dagrun for ab_test_medallion_pipeline to 2026-05-07 00:00:00+00:00, run_after=2026-05-08 00:00:00+00:00
[2026-05-07T15:01:20.423+0000] {processor.py:183} INFO - Processing /opt/airflow/dags/pipeline_dag.py took 0.339 seconds
[2026-05-07T15:01:50.538+0000] {processor.py:161} INFO - Started process (PID=7273) to work on /opt/airflow/dags/pipeline_dag.py
[2026-05-07T15:01:50.542+0000] {processor.py:830} INFO - Processing file /opt/airflow/dags/pipeline_dag.py for tasks to queue
[2026-05-07T15:01:50.544+0000] {logging_mixin.py:188} INFO - [2026-05-07T15:01:50.543+0000] {dagbag.py:545} INFO - Filling up the DagBag from /opt/airflow/dags/pipeline_dag.py
[2026-05-07T15:01:50.567+0000] {processor.py:840} INFO - DAG(s) 'ab_test_medallion_pipeline' retrieved from /opt/airflow/dags/pipeline_dag.py
[2026-05-07T15:01:50.624+0000] {logging_mixin.py:188} INFO - [2026-05-07T15:01:50.624+0000] {dag.py:3096} INFO - Sync 1 DAGs
[2026-05-07T15:01:50.692+0000] {logging_mixin.py:188} INFO - [2026-05-07T15:01:50.692+0000] {dag.py:3954} INFO - Setting next_dagrun for ab_test_medallion_pipeline to 2026-05-07 00:00:00+00:00, run_after=2026-05-08 00:00:00+00:00
[2026-05-07T15:01:50.733+0000] {processor.py:183} INFO - Processing /opt/airflow/dags/pipeline_dag.py took 0.214 seconds
[2026-05-07T15:02:21.037+0000] {processor.py:161} INFO - Started process (PID=7278) to work on /opt/airflow/dags/pipeline_dag.py
[2026-05-07T15:02:21.039+0000] {processor.py:830} INFO - Processing file /opt/airflow/dags/pipeline_dag.py for tasks to queue
[2026-05-07T15:02:21.041+0000] {logging_mixin.py:188} INFO - [2026-05-07T15:02:21.040+0000] {dagbag.py:545} INFO - Filling up the DagBag from /opt/airflow/dags/pipeline_dag.py
[2026-05-07T15:02:21.079+0000] {processor.py:840} INFO - DAG(s) 'ab_test_medallion_pipeline' retrieved from /opt/airflow/dags/pipeline_dag.py
[2026-05-07T15:02:21.155+0000] {logging_mixin.py:188} INFO - [2026-05-07T15:02:21.154+0000] {dag.py:3096} INFO - Sync 1 DAGs
[2026-05-07T15:02:21.218+0000] {logging_mixin.py:188} INFO - [2026-05-07T15:02:21.217+0000] {dag.py:3954} INFO - Setting next_dagrun for ab_test_medallion_pipeline to 2026-05-07 00:00:00+00:00, run_after=2026-05-08 00:00:00+00:00
[2026-05-07T15:02:21.285+0000] {processor.py:183} INFO - Processing /opt/airflow/dags/pipeline_dag.py took 0.268 seconds
[2026-05-07T15:02:51.555+0000] {processor.py:161} INFO - Started process (PID=7283) to work on /opt/airflow/dags/pipeline_dag.py
[2026-05-07T15:02:51.557+0000] {processor.py:830} INFO - Processing file /opt/airflow/dags/pipeline_dag.py for tasks to queue
[2026-05-07T15:02:51.560+0000] {logging_mixin.py:188} INFO - [2026-05-07T15:02:51.559+0000] {dagbag.py:545} INFO - Filling up the DagBag from /opt/airflow/dags/pipeline_dag.py
[2026-05-07T15:02:51.598+0000] {processor.py:840} INFO - DAG(s) 'ab_test_medallion_pipeline' retrieved from /opt/airflow/dags/pipeline_dag.py
[2026-05-07T15:02:51.690+0000] {logging_mixin.py:188} INFO - [2026-05-07T15:02:51.689+0000] {dag.py:3096} INFO - Sync 1 DAGs
[2026-05-07T15:02:51.796+0000] {logging_mixin.py:188} INFO - [2026-05-07T15:02:51.795+0000] {dag.py:3954} INFO - Setting next_dagrun for ab_test_medallion_pipeline to 2026-05-07 00:00:00+00:00, run_after=2026-05-08 00:00:00+00:00
[2026-05-07T15:02:51.935+0000] {processor.py:183} INFO - Processing /opt/airflow/dags/pipeline_dag.py took 0.396 seconds
[2026-05-07T15:03:22.352+0000] {processor.py:161} INFO - Started process (PID=7288) to work on /opt/airflow/dags/pipeline_dag.py
[2026-05-07T15:03:22.356+0000] {processor.py:830} INFO - Processing file /opt/airflow/dags/pipeline_dag.py for tasks to queue
[2026-05-07T15:03:22.363+0000] {logging_mixin.py:188} INFO - [2026-05-07T15:03:22.361+0000] {dagbag.py:545} INFO - Filling up the DagBag from /opt/airflow/dags/pipeline_dag.py
[2026-05-07T15:03:22.406+0000] {processor.py:840} INFO - DAG(s) 'ab_test_medallion_pipeline' retrieved from /opt/airflow/dags/pipeline_dag.py
[2026-05-07T15:03:22.489+0000] {logging_mixin.py:188} INFO - [2026-05-07T15:03:22.489+0000] {dag.py:3096} INFO - Sync 1 DAGs
[2026-05-07T15:03:22.817+0000] {logging_mixin.py:188} INFO - [2026-05-07T15:03:22.814+0000] {dag.py:3954} INFO - Setting next_dagrun for ab_test_medallion_pipeline to 2026-05-07 00:00:00+00:00, run_after=2026-05-08 00:00:00+00:00
[2026-05-07T15:03:23.028+0000] {processor.py:183} INFO - Processing /opt/airflow/dags/pipeline_dag.py took 0.730 seconds
[2026-05-07T15:03:53.125+0000] {processor.py:161} INFO - Started process (PID=7293) to work on /opt/airflow/dags/pipeline_dag.py
[2026-05-07T15:03:53.127+0000] {processor.py:830} INFO - Processing file /opt/airflow/dags/pipeline_dag.py for tasks to queue
[2026-05-07T15:03:53.130+0000] {logging_mixin.py:188} INFO - [2026-05-07T15:03:53.129+0000] {dagbag.py:545} INFO - Filling up the DagBag from /opt/airflow/dags/pipeline_dag.py
[2026-05-07T15:03:53.158+0000] {processor.py:840} INFO - DAG(s) 'ab_test_medallion_pipeline' retrieved from /opt/airflow/dags/pipeline_dag.py
[2026-05-07T15:03:53.216+0000] {logging_mixin.py:188} INFO - [2026-05-07T15:03:53.216+0000] {dag.py:3096} INFO - Sync 1 DAGs
[2026-05-07T15:03:53.258+0000] {logging_mixin.py:188} INFO - [2026-05-07T15:03:53.257+0000] {dag.py:3954} INFO - Setting next_dagrun for ab_test_medallion_pipeline to 2026-05-07 00:00:00+00:00, run_after=2026-05-08 00:00:00+00:00
[2026-05-07T15:03:53.295+0000] {processor.py:183} INFO - Processing /opt/airflow/dags/pipeline_dag.py took 0.185 seconds
[2026-05-07T15:04:23.533+0000] {processor.py:161} INFO - Started process (PID=7298) to work on /opt/airflow/dags/pipeline_dag.py
[2026-05-07T15:04:23.534+0000] {processor.py:830} INFO - Processing file /opt/airflow/dags/pipeline_dag.py for tasks to queue
[2026-05-07T15:04:23.536+0000] {logging_mixin.py:188} INFO - [2026-05-07T15:04:23.535+0000] {dagbag.py:545} INFO - Filling up the DagBag from /opt/airflow/dags/pipeline_dag.py
[2026-05-07T15:04:23.602+0000] {processor.py:840} INFO - DAG(s) 'ab_test_medallion_pipeline' retrieved from /opt/airflow/dags/pipeline_dag.py
[2026-05-07T15:04:23.660+0000] {logging_mixin.py:188} INFO - [2026-05-07T15:04:23.660+0000] {dag.py:3096} INFO - Sync 1 DAGs
[2026-05-07T15:04:24.011+0000] {logging_mixin.py:188} INFO - [2026-05-07T15:04:24.011+0000] {dag.py:3954} INFO - Setting next_dagrun for ab_test_medallion_pipeline to 2026-05-07 00:00:00+00:00, run_after=2026-05-08 00:00:00+00:00
[2026-05-07T15:04:24.309+0000] {processor.py:183} INFO - Processing /opt/airflow/dags/pipeline_dag.py took 0.801 seconds
[2026-05-07T15:04:54.827+0000] {processor.py:161} INFO - Started process (PID=7303) to work on /opt/airflow/dags/pipeline_dag.py
[2026-05-07T15:04:54.831+0000] {processor.py:830} INFO - Processing file /opt/airflow/dags/pipeline_dag.py for tasks to queue
[2026-05-07T15:04:54.834+0000] {logging_mixin.py:188} INFO - [2026-05-07T15:04:54.833+0000] {dagbag.py:545} INFO - Filling up the DagBag from /opt/airflow/dags/pipeline_dag.py
[2026-05-07T15:04:54.889+0000] {processor.py:840} INFO - DAG(s) 'ab_test_medallion_pipeline' retrieved from /opt/airflow/dags/pipeline_dag.py
[2026-05-07T15:04:55.006+0000] {logging_mixin.py:188} INFO - [2026-05-07T15:04:55.005+0000] {dag.py:3096} INFO - Sync 1 DAGs
[2026-05-07T15:04:55.081+0000] {logging_mixin.py:188} INFO - [2026-05-07T15:04:55.081+0000] {dag.py:3954} INFO - Setting next_dagrun for ab_test_medallion_pipeline to 2026-05-07 00:00:00+00:00, run_after=2026-05-08 00:00:00+00:00
[2026-05-07T15:04:55.127+0000] {processor.py:183} INFO - Processing /opt/airflow/dags/pipeline_dag.py took 0.347 seconds
[2026-05-07T15:05:25.590+0000] {processor.py:161} INFO - Started process (PID=7308) to work on /opt/airflow/dags/pipeline_dag.py
[2026-05-07T15:05:25.594+0000] {processor.py:830} INFO - Processing file /opt/airflow/dags/pipeline_dag.py for tasks to queue
[2026-05-07T15:05:25.599+0000] {logging_mixin.py:188} INFO - [2026-05-07T15:05:25.598+0000] {dagbag.py:545} INFO - Filling up the DagBag from /opt/airflow/dags/pipeline_dag.py
[2026-05-07T15:05:25.654+0000] {processor.py:840} INFO - DAG(s) 'ab_test_medallion_pipeline' retrieved from /opt/airflow/dags/pipeline_dag.py
[2026-05-07T15:05:25.747+0000] {logging_mixin.py:188} INFO - [2026-05-07T15:05:25.747+0000] {dag.py:3096} INFO - Sync 1 DAGs
[2026-05-07T15:05:25.789+0000] {logging_mixin.py:188} INFO - [2026-05-07T15:05:25.789+0000] {dag.py:3954} INFO - Setting next_dagrun for ab_test_medallion_pipeline to 2026-05-07 00:00:00+00:00, run_after=2026-05-08 00:00:00+00:00
[2026-05-07T15:05:25.821+0000] {processor.py:183} INFO - Processing /opt/airflow/dags/pipeline_dag.py took 0.274 seconds
[2026-05-07T15:05:56.276+0000] {processor.py:161} INFO - Started process (PID=7313) to work on /opt/airflow/dags/pipeline_dag.py
[2026-05-07T15:05:56.278+0000] {processor.py:830} INFO - Processing file /opt/airflow/dags/pipeline_dag.py for tasks to queue
[2026-05-07T15:05:56.280+0000] {logging_mixin.py:188} INFO - [2026-05-07T15:05:56.279+0000] {dagbag.py:545} INFO - Filling up the DagBag from /opt/airflow/dags/pipeline_dag.py
[2026-05-07T15:05:56.314+0000] {processor.py:840} INFO - DAG(s) 'ab_test_medallion_pipeline' retrieved from /opt/airflow/dags/pipeline_dag.py
[2026-05-07T15:05:56.452+0000] {logging_mixin.py:188} INFO - [2026-05-07T15:05:56.445+0000] {dag.py:3096} INFO - Sync 1 DAGs
[2026-05-07T15:05:56.959+0000] {logging_mixin.py:188} INFO - [2026-05-07T15:05:56.957+0000] {dag.py:3954} INFO - Setting next_dagrun for ab_test_medallion_pipeline to 2026-05-07 00:00:00+00:00, run_after=2026-05-08 00:00:00+00:00
[2026-05-07T15:05:57.190+0000] {processor.py:183} INFO - Processing /opt/airflow/dags/pipeline_dag.py took 0.934 seconds
[2026-05-07T15:06:27.710+0000] {processor.py:161} INFO - Started process (PID=7318) to work on /opt/airflow/dags/pipeline_dag.py
[2026-05-07T15:06:27.714+0000] {processor.py:830} INFO - Processing file /opt/airflow/dags/pipeline_dag.py for tasks to queue
[2026-05-07T15:06:27.717+0000] {logging_mixin.py:188} INFO - [2026-05-07T15:06:27.716+0000] {dagbag.py:545} INFO - Filling up the DagBag from /opt/airflow/dags/pipeline_dag.py
[2026-05-07T15:06:27.774+0000] {processor.py:840} INFO - DAG(s) 'ab_test_medallion_pipeline' retrieved from /opt/airflow/dags/pipeline_dag.py
[2026-05-07T15:06:27.888+0000] {logging_mixin.py:188} INFO - [2026-05-07T15:06:27.887+0000] {dag.py:3096} INFO - Sync 1 DAGs
[2026-05-07T15:06:27.982+0000] {logging_mixin.py:188} INFO - [2026-05-07T15:06:27.982+0000] {dag.py:3954} INFO - Setting next_dagrun for ab_test_medallion_pipeline to 2026-05-07 00:00:00+00:00, run_after=2026-05-08 00:00:00+00:00
[2026-05-07T15:06:28.064+0000] {processor.py:183} INFO - Processing /opt/airflow/dags/pipeline_dag.py took 0.401 seconds
[2026-05-07T15:06:58.454+0000] {processor.py:161} INFO - Started process (PID=7323) to work on /opt/airflow/dags/pipeline_dag.py
[2026-05-07T15:06:58.460+0000] {processor.py:830} INFO - Processing file /opt/airflow/dags/pipeline_dag.py for tasks to queue
[2026-05-07T15:06:58.464+0000] {logging_mixin.py:188} INFO - [2026-05-07T15:06:58.462+0000] {dagbag.py:545} INFO - Filling up the DagBag from /opt/airflow/dags/pipeline_dag.py
[2026-05-07T15:06:58.515+0000] {processor.py:840} INFO - DAG(s) 'ab_test_medallion_pipeline' retrieved from /opt/airflow/dags/pipeline_dag.py
[2026-05-07T15:06:58.575+0000] {logging_mixin.py:188} INFO - [2026-05-07T15:06:58.574+0000] {dag.py:3096} INFO - Sync 1 DAGs
[2026-05-07T15:06:58.631+0000] {logging_mixin.py:188} INFO - [2026-05-07T15:06:58.630+0000] {dag.py:3954} INFO - Setting next_dagrun for ab_test_medallion_pipeline to 2026-05-07 00:00:00+00:00, run_after=2026-05-08 00:00:00+00:00
[2026-05-07T15:06:58.684+0000] {processor.py:183} INFO - Processing /opt/airflow/dags/pipeline_dag.py took 0.257 seconds
[2026-05-07T15:07:28.806+0000] {processor.py:161} INFO - Started process (PID=7328) to work on /opt/airflow/dags/pipeline_dag.py
[2026-05-07T15:07:28.807+0000] {processor.py:830} INFO - Processing file /opt/airflow/dags/pipeline_dag.py for tasks to queue
[2026-05-07T15:07:28.810+0000] {logging_mixin.py:188} INFO - [2026-05-07T15:07:28.809+0000] {dagbag.py:545} INFO - Filling up the DagBag from /opt/airflow/dags/pipeline_dag.py
[2026-05-07T15:07:28.851+0000] {processor.py:840} INFO - DAG(s) 'ab_test_medallion_pipeline' retrieved from /opt/airflow/dags/pipeline_dag.py
[2026-05-07T15:07:28.929+0000] {logging_mixin.py:188} INFO - [2026-05-07T15:07:28.928+0000] {dag.py:3096} INFO - Sync 1 DAGs
[2026-05-07T15:07:29.003+0000] {logging_mixin.py:188} INFO - [2026-05-07T15:07:29.003+0000] {dag.py:3954} INFO - Setting next_dagrun for ab_test_medallion_pipeline to 2026-05-07 00:00:00+00:00, run_after=2026-05-08 00:00:00+00:00
[2026-05-07T15:07:29.064+0000] {processor.py:183} INFO - Processing /opt/airflow/dags/pipeline_dag.py took 0.283 seconds
[2026-05-07T15:07:59.333+0000] {processor.py:161} INFO - Started process (PID=7333) to work on /opt/airflow/dags/pipeline_dag.py
[2026-05-07T15:07:59.337+0000] {processor.py:830} INFO - Processing file /opt/airflow/dags/pipeline_dag.py for tasks to queue
[2026-05-07T15:07:59.340+0000] {logging_mixin.py:188} INFO - [2026-05-07T15:07:59.339+0000] {dagbag.py:545} INFO - Filling up the DagBag from /opt/airflow/dags/pipeline_dag.py
[2026-05-07T15:07:59.379+0000] {processor.py:840} INFO - DAG(s) 'ab_test_medallion_pipeline' retrieved from /opt/airflow/dags/pipeline_dag.py
[2026-05-07T15:07:59.495+0000] {logging_mixin.py:188} INFO - [2026-05-07T15:07:59.494+0000] {dag.py:3096} INFO - Sync 1 DAGs
[2026-05-07T15:07:59.602+0000] {logging_mixin.py:188} INFO - [2026-05-07T15:07:59.601+0000] {dag.py:3954} INFO - Setting next_dagrun for ab_test_medallion_pipeline to 2026-05-07 00:00:00+00:00, run_after=2026-05-08 00:00:00+00:00
[2026-05-07T15:07:59.660+0000] {processor.py:183} INFO - Processing /opt/airflow/dags/pipeline_dag.py took 0.344 seconds
[2026-05-07T15:08:29.776+0000] {processor.py:161} INFO - Started process (PID=7338) to work on /opt/airflow/dags/pipeline_dag.py
[2026-05-07T15:08:29.778+0000] {processor.py:830} INFO - Processing file /opt/airflow/dags/pipeline_dag.py for tasks to queue
[2026-05-07T15:08:29.780+0000] {logging_mixin.py:188} INFO - [2026-05-07T15:08:29.779+0000] {dagbag.py:545} INFO - Filling up the DagBag from /opt/airflow/dags/pipeline_dag.py
[2026-05-07T15:08:29.823+0000] {processor.py:840} INFO - DAG(s) 'ab_test_medallion_pipeline' retrieved from /opt/airflow/dags/pipeline_dag.py
[2026-05-07T15:08:29.903+0000] {logging_mixin.py:188} INFO - [2026-05-07T15:08:29.903+0000] {dag.py:3096} INFO - Sync 1 DAGs
[2026-05-07T15:08:29.986+0000] {logging_mixin.py:188} INFO - [2026-05-07T15:08:29.985+0000] {dag.py:3954} INFO - Setting next_dagrun for ab_test_medallion_pipeline to 2026-05-07 00:00:00+00:00, run_after=2026-05-08 00:00:00+00:00
[2026-05-07T15:08:30.027+0000] {processor.py:183} INFO - Processing /opt/airflow/dags/pipeline_dag.py took 0.268 seconds
[2026-05-07T15:09:00.418+0000] {processor.py:161} INFO - Started process (PID=7343) to work on /opt/airflow/dags/pipeline_dag.py
[2026-05-07T15:09:00.430+0000] {processor.py:830} INFO - Processing file /opt/airflow/dags/pipeline_dag.py for tasks to queue
[2026-05-07T15:09:00.434+0000] {logging_mixin.py:188} INFO - [2026-05-07T15:09:00.432+0000] {dagbag.py:545} INFO - Filling up the DagBag from /opt/airflow/dags/pipeline_dag.py
[2026-05-07T15:09:00.507+0000] {processor.py:840} INFO - DAG(s) 'ab_test_medallion_pipeline' retrieved from /opt/airflow/dags/pipeline_dag.py
[2026-05-07T15:09:00.628+0000] {logging_mixin.py:188} INFO - [2026-05-07T15:09:00.627+0000] {dag.py:3096} INFO - Sync 1 DAGs
[2026-05-07T15:09:00.740+0000] {logging_mixin.py:188} INFO - [2026-05-07T15:09:00.739+0000] {dag.py:3954} INFO - Setting next_dagrun for ab_test_medallion_pipeline to 2026-05-07 00:00:00+00:00, run_after=2026-05-08 00:00:00+00:00
[2026-05-07T15:09:00.804+0000] {processor.py:183} INFO - Processing /opt/airflow/dags/pipeline_dag.py took 0.426 seconds
[2026-05-07T15:09:31.194+0000] {processor.py:161} INFO - Started process (PID=7348) to work on /opt/airflow/dags/pipeline_dag.py
[2026-05-07T15:09:31.195+0000] {processor.py:830} INFO - Processing file /opt/airflow/dags/pipeline_dag.py for tasks to queue
[2026-05-07T15:09:31.198+0000] {logging_mixin.py:188} INFO - [2026-05-07T15:09:31.197+0000] {dagbag.py:545} INFO - Filling up the DagBag from /opt/airflow/dags/pipeline_dag.py
[2026-05-07T15:09:31.241+0000] {processor.py:840} INFO - DAG(s) 'ab_test_medallion_pipeline' retrieved from /opt/airflow/dags/pipeline_dag.py
[2026-05-07T15:09:31.327+0000] {logging_mixin.py:188} INFO - [2026-05-07T15:09:31.326+0000] {dag.py:3096} INFO - Sync 1 DAGs
[2026-05-07T15:09:31.408+0000] {logging_mixin.py:188} INFO - [2026-05-07T15:09:31.407+0000] {dag.py:3954} INFO - Setting next_dagrun for ab_test_medallion_pipeline to 2026-05-07 00:00:00+00:00, run_after=2026-05-08 00:00:00+00:00
[2026-05-07T15:09:31.476+0000] {processor.py:183} INFO - Processing /opt/airflow/dags/pipeline_dag.py took 0.300 seconds
[2026-05-07T15:10:01.559+0000] {processor.py:161} INFO - Started process (PID=7353) to work on /opt/airflow/dags/pipeline_dag.py
[2026-05-07T15:10:01.564+0000] {processor.py:830} INFO - Processing file /opt/airflow/dags/pipeline_dag.py for tasks to queue
[2026-05-07T15:10:01.566+0000] {logging_mixin.py:188} INFO - [2026-05-07T15:10:01.565+0000] {dagbag.py:545} INFO - Filling up the DagBag from /opt/airflow/dags/pipeline_dag.py
[2026-05-07T15:10:01.606+0000] {processor.py:840} INFO - DAG(s) 'ab_test_medallion_pipeline' retrieved from /opt/airflow/dags/pipeline_dag.py
[2026-05-07T15:10:01.717+0000] {logging_mixin.py:188} INFO - [2026-05-07T15:10:01.716+0000] {dag.py:3096} INFO - Sync 1 DAGs
[2026-05-07T15:10:01.868+0000] {logging_mixin.py:188} INFO - [2026-05-07T15:10:01.867+0000] {dag.py:3954} INFO - Setting next_dagrun for ab_test_medallion_pipeline to 2026-05-07 00:00:00+00:00, run_after=2026-05-08 00:00:00+00:00
[2026-05-07T15:10:01.945+0000] {processor.py:183} INFO - Processing /opt/airflow/dags/pipeline_dag.py took 0.403 seconds
[2026-05-07T15:10:32.176+0000] {processor.py:161} INFO - Started process (PID=7358) to work on /opt/airflow/dags/pipeline_dag.py
[2026-05-07T15:10:32.177+0000] {processor.py:830} INFO - Processing file /opt/airflow/dags/pipeline_dag.py for tasks to queue
[2026-05-07T15:10:32.179+0000] {logging_mixin.py:188} INFO - [2026-05-07T15:10:32.178+0000] {dagbag.py:545} INFO - Filling up the DagBag from /opt/airflow/dags/pipeline_dag.py
[2026-05-07T15:10:32.235+0000] {processor.py:840} INFO - DAG(s) 'ab_test_medallion_pipeline' retrieved from /opt/airflow/dags/pipeline_dag.py
[2026-05-07T15:10:32.354+0000] {logging_mixin.py:188} INFO - [2026-05-07T15:10:32.354+0000] {dag.py:3096} INFO - Sync 1 DAGs
[2026-05-07T15:10:32.398+0000] {logging_mixin.py:188} INFO - [2026-05-07T15:10:32.398+0000] {dag.py:3954} INFO - Setting next_dagrun for ab_test_medallion_pipeline to 2026-05-07 00:00:00+00:00, run_after=2026-05-08 00:00:00+00:00
[2026-05-07T15:10:32.547+0000] {processor.py:183} INFO - Processing /opt/airflow/dags/pipeline_dag.py took 0.388 seconds
[2026-05-07T15:11:02.673+0000] {processor.py:161} INFO - Started process (PID=7363) to work on /opt/airflow/dags/pipeline_dag.py
[2026-05-07T15:11:02.678+0000] {processor.py:830} INFO - Processing file /opt/airflow/dags/pipeline_dag.py for tasks to queue
[2026-05-07T15:11:02.681+0000] {logging_mixin.py:188} INFO - [2026-05-07T15:11:02.680+0000] {dagbag.py:545} INFO - Filling up the DagBag from /opt/airflow/dags/pipeline_dag.py
[2026-05-07T15:11:02.731+0000] {processor.py:840} INFO - DAG(s) 'ab_test_medallion_pipeline' retrieved from /opt/airflow/dags/pipeline_dag.py
[2026-05-07T15:11:02.804+0000] {logging_mixin.py:188} INFO - [2026-05-07T15:11:02.803+0000] {dag.py:3096} INFO - Sync 1 DAGs
[2026-05-07T15:11:03.202+0000] {logging_mixin.py:188} INFO - [2026-05-07T15:11:03.200+0000] {dag.py:3954} INFO - Setting next_dagrun for ab_test_medallion_pipeline to 2026-05-07 00:00:00+00:00, run_after=2026-05-08 00:00:00+00:00
[2026-05-07T15:11:03.537+0000] {processor.py:183} INFO - Processing /opt/airflow/dags/pipeline_dag.py took 0.888 seconds
[2026-05-07T15:11:33.938+0000] {processor.py:161} INFO - Started process (PID=7368) to work on /opt/airflow/dags/pipeline_dag.py
[2026-05-07T15:11:33.940+0000] {processor.py:830} INFO - Processing file /opt/airflow/dags/pipeline_dag.py for tasks to queue
[2026-05-07T15:11:33.941+0000] {logging_mixin.py:188} INFO - [2026-05-07T15:11:33.941+0000] {dagbag.py:545} INFO - Filling up the DagBag from /opt/airflow/dags/pipeline_dag.py
[2026-05-07T15:11:33.963+0000] {processor.py:840} INFO - DAG(s) 'ab_test_medallion_pipeline' retrieved from /opt/airflow/dags/pipeline_dag.py
[2026-05-07T15:11:34.010+0000] {logging_mixin.py:188} INFO - [2026-05-07T15:11:34.010+0000] {dag.py:3096} INFO - Sync 1 DAGs
[2026-05-07T15:11:34.275+0000] {logging_mixin.py:188} INFO - [2026-05-07T15:11:34.275+0000] {dag.py:3954} INFO - Setting next_dagrun for ab_test_medallion_pipeline to 2026-05-07 00:00:00+00:00, run_after=2026-05-08 00:00:00+00:00
[2026-05-07T15:11:34.326+0000] {processor.py:183} INFO - Processing /opt/airflow/dags/pipeline_dag.py took 0.400 seconds
[2026-05-07T15:12:04.658+0000] {processor.py:161} INFO - Started process (PID=7373) to work on /opt/airflow/dags/pipeline_dag.py
[2026-05-07T15:12:04.664+0000] {processor.py:830} INFO - Processing file /opt/airflow/dags/pipeline_dag.py for tasks to queue
[2026-05-07T15:12:04.667+0000] {logging_mixin.py:188} INFO - [2026-05-07T15:12:04.666+0000] {dagbag.py:545} INFO - Filling up the DagBag from /opt/airflow/dags/pipeline_dag.py
[2026-05-07T15:12:04.702+0000] {processor.py:840} INFO - DAG(s) 'ab_test_medallion_pipeline' retrieved from /opt/airflow/dags/pipeline_dag.py
[2026-05-07T15:12:04.788+0000] {logging_mixin.py:188} INFO - [2026-05-07T15:12:04.788+0000] {dag.py:3096} INFO - Sync 1 DAGs
[2026-05-07T15:12:04.865+0000] {logging_mixin.py:188} INFO - [2026-05-07T15:12:04.865+0000] {dag.py:3954} INFO - Setting next_dagrun for ab_test_medallion_pipeline to 2026-05-07 00:00:00+00:00, run_after=2026-05-08 00:00:00+00:00
[2026-05-07T15:12:04.899+0000] {processor.py:183} INFO - Processing /opt/airflow/dags/pipeline_dag.py took 0.261 seconds
[2026-05-07T15:12:35.042+0000] {processor.py:161} INFO - Started process (PID=7378) to work on /opt/airflow/dags/pipeline_dag.py
[2026-05-07T15:12:35.044+0000] {processor.py:830} INFO - Processing file /opt/airflow/dags/pipeline_dag.py for tasks to queue
[2026-05-07T15:12:35.047+0000] {logging_mixin.py:188} INFO - [2026-05-07T15:12:35.046+0000] {dagbag.py:545} INFO - Filling up the DagBag from /opt/airflow/dags/pipeline_dag.py
[2026-05-07T15:12:35.110+0000] {processor.py:840} INFO - DAG(s) 'ab_test_medallion_pipeline' retrieved from /opt/airflow/dags/pipeline_dag.py
[2026-05-07T15:12:35.174+0000] {logging_mixin.py:188} INFO - [2026-05-07T15:12:35.174+0000] {dag.py:3096} INFO - Sync 1 DAGs
[2026-05-07T15:12:35.221+0000] {logging_mixin.py:188} INFO - [2026-05-07T15:12:35.220+0000] {dag.py:3954} INFO - Setting next_dagrun for ab_test_medallion_pipeline to 2026-05-07 00:00:00+00:00, run_after=2026-05-08 00:00:00+00:00
[2026-05-07T15:12:35.303+0000] {processor.py:183} INFO - Processing /opt/airflow/dags/pipeline_dag.py took 0.289 seconds
[2026-05-07T15:13:05.639+0000] {processor.py:161} INFO - Started process (PID=7383) to work on /opt/airflow/dags/pipeline_dag.py
[2026-05-07T15:13:05.647+0000] {processor.py:830} INFO - Processing file /opt/airflow/dags/pipeline_dag.py for tasks to queue
[2026-05-07T15:13:05.652+0000] {logging_mixin.py:188} INFO - [2026-05-07T15:13:05.650+0000] {dagbag.py:545} INFO - Filling up the DagBag from /opt/airflow/dags/pipeline_dag.py
[2026-05-07T15:13:05.810+0000] {processor.py:840} INFO - DAG(s) 'ab_test_medallion_pipeline' retrieved from /opt/airflow/dags/pipeline_dag.py
[2026-05-07T15:13:05.862+0000] {logging_mixin.py:188} INFO - [2026-05-07T15:13:05.861+0000] {dag.py:3096} INFO - Sync 1 DAGs
[2026-05-07T15:13:05.909+0000] {logging_mixin.py:188} INFO - [2026-05-07T15:13:05.908+0000] {dag.py:3954} INFO - Setting next_dagrun for ab_test_medallion_pipeline to 2026-05-07 00:00:00+00:00, run_after=2026-05-08 00:00:00+00:00
[2026-05-07T15:13:05.942+0000] {processor.py:183} INFO - Processing /opt/airflow/dags/pipeline_dag.py took 0.352 seconds
[2026-05-07T15:13:36.371+0000] {processor.py:161} INFO - Started process (PID=7388) to work on /opt/airflow/dags/pipeline_dag.py
[2026-05-07T15:13:36.376+0000] {processor.py:830} INFO - Processing file /opt/airflow/dags/pipeline_dag.py for tasks to queue
[2026-05-07T15:13:36.380+0000] {logging_mixin.py:188} INFO - [2026-05-07T15:13:36.378+0000] {dagbag.py:545} INFO - Filling up the DagBag from /opt/airflow/dags/pipeline_dag.py
[2026-05-07T15:13:36.433+0000] {processor.py:840} INFO - DAG(s) 'ab_test_medallion_pipeline' retrieved from /opt/airflow/dags/pipeline_dag.py
[2026-05-07T15:13:36.511+0000] {logging_mixin.py:188} INFO - [2026-05-07T15:13:36.510+0000] {dag.py:3096} INFO - Sync 1 DAGs
[2026-05-07T15:13:36.569+0000] {logging_mixin.py:188} INFO - [2026-05-07T15:13:36.568+0000] {dag.py:3954} INFO - Setting next_dagrun for ab_test_medallion_pipeline to 2026-05-07 00:00:00+00:00, run_after=2026-05-08 00:00:00+00:00
[2026-05-07T15:13:36.637+0000] {processor.py:183} INFO - Processing /opt/airflow/dags/pipeline_dag.py took 0.296 seconds
[2026-05-07T15:14:07.144+0000] {processor.py:161} INFO - Started process (PID=7393) to work on /opt/airflow/dags/pipeline_dag.py
[2026-05-07T15:14:07.149+0000] {processor.py:830} INFO - Processing file /opt/airflow/dags/pipeline_dag.py for tasks to queue
[2026-05-07T15:14:07.155+0000] {logging_mixin.py:188} INFO - [2026-05-07T15:14:07.152+0000] {dagbag.py:545} INFO - Filling up the DagBag from /opt/airflow/dags/pipeline_dag.py
[2026-05-07T15:14:07.219+0000] {processor.py:840} INFO - DAG(s) 'ab_test_medallion_pipeline' retrieved from /opt/airflow/dags/pipeline_dag.py
[2026-05-07T15:14:07.372+0000] {logging_mixin.py:188} INFO - [2026-05-07T15:14:07.371+0000] {dag.py:3096} INFO - Sync 1 DAGs
[2026-05-07T15:14:07.529+0000] {logging_mixin.py:188} INFO - [2026-05-07T15:14:07.528+0000] {dag.py:3954} INFO - Setting next_dagrun for ab_test_medallion_pipeline to 2026-05-07 00:00:00+00:00, run_after=2026-05-08 00:00:00+00:00
[2026-05-07T15:14:07.641+0000] {processor.py:183} INFO - Processing /opt/airflow/dags/pipeline_dag.py took 0.541 seconds
[2026-05-07T15:14:38.071+0000] {processor.py:161} INFO - Started process (PID=7398) to work on /opt/airflow/dags/pipeline_dag.py
[2026-05-07T15:14:38.074+0000] {processor.py:830} INFO - Processing file /opt/airflow/dags/pipeline_dag.py for tasks to queue
[2026-05-07T15:14:38.076+0000] {logging_mixin.py:188} INFO - [2026-05-07T15:14:38.075+0000] {dagbag.py:545} INFO - Filling up the DagBag from /opt/airflow/dags/pipeline_dag.py
[2026-05-07T15:14:38.111+0000] {processor.py:840} INFO - DAG(s) 'ab_test_medallion_pipeline' retrieved from /opt/airflow/dags/pipeline_dag.py
[2026-05-07T15:14:38.184+0000] {logging_mixin.py:188} INFO - [2026-05-07T15:14:38.184+0000] {dag.py:3096} INFO - Sync 1 DAGs
[2026-05-07T15:14:38.229+0000] {logging_mixin.py:188} INFO - [2026-05-07T15:14:38.229+0000] {dag.py:3954} INFO - Setting next_dagrun for ab_test_medallion_pipeline to 2026-05-07 00:00:00+00:00, run_after=2026-05-08 00:00:00+00:00
[2026-05-07T15:14:38.290+0000] {processor.py:183} INFO - Processing /opt/airflow/dags/pipeline_dag.py took 0.240 seconds
[2026-05-07T15:15:08.478+0000] {processor.py:161} INFO - Started process (PID=7403) to work on /opt/airflow/dags/pipeline_dag.py
[2026-05-07T15:15:08.483+0000] {processor.py:830} INFO - Processing file /opt/airflow/dags/pipeline_dag.py for tasks to queue
[2026-05-07T15:15:08.489+0000] {logging_mixin.py:188} INFO - [2026-05-07T15:15:08.485+0000] {dagbag.py:545} INFO - Filling up the DagBag from /opt/airflow/dags/pipeline_dag.py
[2026-05-07T15:15:08.545+0000] {processor.py:840} INFO - DAG(s) 'ab_test_medallion_pipeline' retrieved from /opt/airflow/dags/pipeline_dag.py
[2026-05-07T15:15:08.620+0000] {logging_mixin.py:188} INFO - [2026-05-07T15:15:08.620+0000] {dag.py:3096} INFO - Sync 1 DAGs
[2026-05-07T15:15:08.678+0000] {logging_mixin.py:188} INFO - [2026-05-07T15:15:08.678+0000] {dag.py:3954} INFO - Setting next_dagrun for ab_test_medallion_pipeline to 2026-05-07 00:00:00+00:00, run_after=2026-05-08 00:00:00+00:00
[2026-05-07T15:15:08.725+0000] {processor.py:183} INFO - Processing /opt/airflow/dags/pipeline_dag.py took 0.290 seconds
[2026-05-07T15:15:39.032+0000] {processor.py:161} INFO - Started process (PID=7408) to work on /opt/airflow/dags/pipeline_dag.py
[2026-05-07T15:15:39.037+0000] {processor.py:830} INFO - Processing file /opt/airflow/dags/pipeline_dag.py for tasks to queue
[2026-05-07T15:15:39.043+0000] {logging_mixin.py:188} INFO - [2026-05-07T15:15:39.041+0000] {dagbag.py:545} INFO - Filling up the DagBag from /opt/airflow/dags/pipeline_dag.py
[2026-05-07T15:15:39.089+0000] {processor.py:840} INFO - DAG(s) 'ab_test_medallion_pipeline' retrieved from /opt/airflow/dags/pipeline_dag.py
[2026-05-07T15:15:39.176+0000] {logging_mixin.py:188} INFO - [2026-05-07T15:15:39.175+0000] {dag.py:3096} INFO - Sync 1 DAGs
[2026-05-07T15:15:39.245+0000] {logging_mixin.py:188} INFO - [2026-05-07T15:15:39.244+0000] {dag.py:3954} INFO - Setting next_dagrun for ab_test_medallion_pipeline to 2026-05-07 00:00:00+00:00, run_after=2026-05-08 00:00:00+00:00
[2026-05-07T15:15:39.302+0000] {processor.py:183} INFO - Processing /opt/airflow/dags/pipeline_dag.py took 0.317 seconds
[2026-05-07T15:16:09.427+0000] {processor.py:161} INFO - Started process (PID=7413) to work on /opt/airflow/dags/pipeline_dag.py
[2026-05-07T15:16:09.429+0000] {processor.py:830} INFO - Processing file /opt/airflow/dags/pipeline_dag.py for tasks to queue
[2026-05-07T15:16:09.431+0000] {logging_mixin.py:188} INFO - [2026-05-07T15:16:09.430+0000] {dagbag.py:545} INFO - Filling up the DagBag from /opt/airflow/dags/pipeline_dag.py
[2026-05-07T15:16:09.471+0000] {processor.py:840} INFO - DAG(s) 'ab_test_medallion_pipeline' retrieved from /opt/airflow/dags/pipeline_dag.py
[2026-05-07T15:16:09.561+0000] {logging_mixin.py:188} INFO - [2026-05-07T15:16:09.561+0000] {dag.py:3096} INFO - Sync 1 DAGs
[2026-05-07T15:16:09.639+0000] {logging_mixin.py:188} INFO - [2026-05-07T15:16:09.638+0000] {dag.py:3954} INFO - Setting next_dagrun for ab_test_medallion_pipeline to 2026-05-07 00:00:00+00:00, run_after=2026-05-08 00:00:00+00:00
[2026-05-07T15:16:09.687+0000] {processor.py:183} INFO - Processing /opt/airflow/dags/pipeline_dag.py took 0.282 seconds
[2026-05-07T15:16:40.049+0000] {processor.py:161} INFO - Started process (PID=7418) to work on /opt/airflow/dags/pipeline_dag.py
[2026-05-07T15:16:40.056+0000] {processor.py:830} INFO - Processing file /opt/airflow/dags/pipeline_dag.py for tasks to queue
[2026-05-07T15:16:40.062+0000] {logging_mixin.py:188} INFO - [2026-05-07T15:16:40.058+0000] {dagbag.py:545} INFO - Filling up the DagBag from /opt/airflow/dags/pipeline_dag.py
[2026-05-07T15:16:40.125+0000] {processor.py:840} INFO - DAG(s) 'ab_test_medallion_pipeline' retrieved from /opt/airflow/dags/pipeline_dag.py
[2026-05-07T15:16:40.265+0000] {logging_mixin.py:188} INFO - [2026-05-07T15:16:40.262+0000] {dag.py:3096} INFO - Sync 1 DAGs
[2026-05-07T15:16:40.321+0000] {logging_mixin.py:188} INFO - [2026-05-07T15:16:40.321+0000] {dag.py:3954} INFO - Setting next_dagrun for ab_test_medallion_pipeline to 2026-05-07 00:00:00+00:00, run_after=2026-05-08 00:00:00+00:00
[2026-05-07T15:16:40.386+0000] {processor.py:183} INFO - Processing /opt/airflow/dags/pipeline_dag.py took 0.371 seconds
[2026-05-07T15:17:10.792+0000] {processor.py:161} INFO - Started process (PID=7423) to work on /opt/airflow/dags/pipeline_dag.py
[2026-05-07T15:17:10.794+0000] {processor.py:830} INFO - Processing file /opt/airflow/dags/pipeline_dag.py for tasks to queue
[2026-05-07T15:17:10.796+0000] {logging_mixin.py:188} INFO - [2026-05-07T15:17:10.795+0000] {dagbag.py:545} INFO - Filling up the DagBag from /opt/airflow/dags/pipeline_dag.py
[2026-05-07T15:17:10.832+0000] {processor.py:840} INFO - DAG(s) 'ab_test_medallion_pipeline' retrieved from /opt/airflow/dags/pipeline_dag.py
[2026-05-07T15:17:10.922+0000] {logging_mixin.py:188} INFO - [2026-05-07T15:17:10.921+0000] {dag.py:3096} INFO - Sync 1 DAGs
[2026-05-07T15:17:11.010+0000] {logging_mixin.py:188} INFO - [2026-05-07T15:17:11.010+0000] {dag.py:3954} INFO - Setting next_dagrun for ab_test_medallion_pipeline to 2026-05-07 00:00:00+00:00, run_after=2026-05-08 00:00:00+00:00
[2026-05-07T15:17:11.085+0000] {processor.py:183} INFO - Processing /opt/airflow/dags/pipeline_dag.py took 0.318 seconds
[2026-05-07T15:17:41.484+0000] {processor.py:161} INFO - Started process (PID=7428) to work on /opt/airflow/dags/pipeline_dag.py
[2026-05-07T15:17:41.486+0000] {processor.py:830} INFO - Processing file /opt/airflow/dags/pipeline_dag.py for tasks to queue
[2026-05-07T15:17:41.489+0000] {logging_mixin.py:188} INFO - [2026-05-07T15:17:41.488+0000] {dagbag.py:545} INFO - Filling up the DagBag from /opt/airflow/dags/pipeline_dag.py
[2026-05-07T15:17:41.528+0000] {processor.py:840} INFO - DAG(s) 'ab_test_medallion_pipeline' retrieved from /opt/airflow/dags/pipeline_dag.py
[2026-05-07T15:17:41.613+0000] {logging_mixin.py:188} INFO - [2026-05-07T15:17:41.612+0000] {dag.py:3096} INFO - Sync 1 DAGs
[2026-05-07T15:17:41.683+0000] {logging_mixin.py:188} INFO - [2026-05-07T15:17:41.683+0000] {dag.py:3954} INFO - Setting next_dagrun for ab_test_medallion_pipeline to 2026-05-07 00:00:00+00:00, run_after=2026-05-08 00:00:00+00:00
[2026-05-07T15:17:41.736+0000] {processor.py:183} INFO - Processing /opt/airflow/dags/pipeline_dag.py took 0.275 seconds
[2026-05-07T15:18:12.914+0000] {processor.py:161} INFO - Started process (PID=7433) to work on /opt/airflow/dags/pipeline_dag.py
[2026-05-07T15:18:12.926+0000] {processor.py:830} INFO - Processing file /opt/airflow/dags/pipeline_dag.py for tasks to queue
[2026-05-07T15:18:12.929+0000] {logging_mixin.py:188} INFO - [2026-05-07T15:18:12.928+0000] {dagbag.py:545} INFO - Filling up the DagBag from /opt/airflow/dags/pipeline_dag.py
[2026-05-07T15:18:13.100+0000] {processor.py:840} INFO - DAG(s) 'ab_test_medallion_pipeline' retrieved from /opt/airflow/dags/pipeline_dag.py
[2026-05-07T15:18:13.486+0000] {logging_mixin.py:188} INFO - [2026-05-07T15:18:13.485+0000] {dag.py:3096} INFO - Sync 1 DAGs
[2026-05-07T15:18:13.754+0000] {logging_mixin.py:188} INFO - [2026-05-07T15:18:13.753+0000] {dag.py:3954} INFO - Setting next_dagrun for ab_test_medallion_pipeline to 2026-05-07 00:00:00+00:00, run_after=2026-05-08 00:00:00+00:00
[2026-05-07T15:18:14.400+0000] {processor.py:183} INFO - Processing /opt/airflow/dags/pipeline_dag.py took 1.691 seconds
[2026-05-07T15:47:38.053+0000] {processor.py:161} INFO - Started process (PID=7438) to work on /opt/airflow/dags/pipeline_dag.py
[2026-05-07T15:47:38.135+0000] {processor.py:830} INFO - Processing file /opt/airflow/dags/pipeline_dag.py for tasks to queue
[2026-05-07T15:47:38.137+0000] {logging_mixin.py:188} INFO - [2026-05-07T15:47:38.136+0000] {dagbag.py:545} INFO - Filling up the DagBag from /opt/airflow/dags/pipeline_dag.py
[2026-05-07T15:47:38.845+0000] {processor.py:840} INFO - DAG(s) 'ab_test_medallion_pipeline' retrieved from /opt/airflow/dags/pipeline_dag.py
[2026-05-07T15:47:40.407+0000] {logging_mixin.py:188} INFO - [2026-05-07T15:47:40.406+0000] {dag.py:3096} INFO - Sync 1 DAGs
[2026-05-07T15:47:41.809+0000] {logging_mixin.py:188} INFO - [2026-05-07T15:47:41.808+0000] {dag.py:3954} INFO - Setting next_dagrun for ab_test_medallion_pipeline to 2026-05-07 00:00:00+00:00, run_after=2026-05-08 00:00:00+00:00
[2026-05-07T15:47:42.361+0000] {processor.py:183} INFO - Processing /opt/airflow/dags/pipeline_dag.py took 4.458 seconds
[2026-05-07T15:48:12.771+0000] {processor.py:161} INFO - Started process (PID=7443) to work on /opt/airflow/dags/pipeline_dag.py
[2026-05-07T15:48:12.772+0000] {processor.py:830} INFO - Processing file /opt/airflow/dags/pipeline_dag.py for tasks to queue
[2026-05-07T15:48:12.774+0000] {logging_mixin.py:188} INFO - [2026-05-07T15:48:12.773+0000] {dagbag.py:545} INFO - Filling up the DagBag from /opt/airflow/dags/pipeline_dag.py
[2026-05-07T15:48:12.809+0000] {processor.py:840} INFO - DAG(s) 'ab_test_medallion_pipeline' retrieved from /opt/airflow/dags/pipeline_dag.py
[2026-05-07T15:48:13.381+0000] {logging_mixin.py:188} INFO - [2026-05-07T15:48:13.380+0000] {dag.py:3096} INFO - Sync 1 DAGs
[2026-05-07T15:48:13.556+0000] {logging_mixin.py:188} INFO - [2026-05-07T15:48:13.554+0000] {dag.py:3954} INFO - Setting next_dagrun for ab_test_medallion_pipeline to 2026-05-07 00:00:00+00:00, run_after=2026-05-08 00:00:00+00:00
[2026-05-07T15:48:13.642+0000] {processor.py:183} INFO - Processing /opt/airflow/dags/pipeline_dag.py took 0.885 seconds
[2026-05-07T15:48:43.849+0000] {processor.py:161} INFO - Started process (PID=7448) to work on /opt/airflow/dags/pipeline_dag.py
[2026-05-07T15:48:43.852+0000] {processor.py:830} INFO - Processing file /opt/airflow/dags/pipeline_dag.py for tasks to queue
[2026-05-07T15:48:43.854+0000] {logging_mixin.py:188} INFO - [2026-05-07T15:48:43.853+0000] {dagbag.py:545} INFO - Filling up the DagBag from /opt/airflow/dags/pipeline_dag.py
[2026-05-07T15:48:43.885+0000] {processor.py:840} INFO - DAG(s) 'ab_test_medallion_pipeline' retrieved from /opt/airflow/dags/pipeline_dag.py
[2026-05-07T15:48:43.942+0000] {logging_mixin.py:188} INFO - [2026-05-07T15:48:43.942+0000] {dag.py:3096} INFO - Sync 1 DAGs
[2026-05-07T15:48:43.983+0000] {logging_mixin.py:188} INFO - [2026-05-07T15:48:43.983+0000] {dag.py:3954} INFO - Setting next_dagrun for ab_test_medallion_pipeline to 2026-05-07 00:00:00+00:00, run_after=2026-05-08 00:00:00+00:00
[2026-05-07T15:48:44.026+0000] {processor.py:183} INFO - Processing /opt/airflow/dags/pipeline_dag.py took 0.190 seconds
[2026-05-07T15:49:14.357+0000] {processor.py:161} INFO - Started process (PID=7453) to work on /opt/airflow/dags/pipeline_dag.py
[2026-05-07T15:49:14.362+0000] {processor.py:830} INFO - Processing file /opt/airflow/dags/pipeline_dag.py for tasks to queue
[2026-05-07T15:49:14.369+0000] {logging_mixin.py:188} INFO - [2026-05-07T15:49:14.366+0000] {dagbag.py:545} INFO - Filling up the DagBag from /opt/airflow/dags/pipeline_dag.py
[2026-05-07T15:49:14.436+0000] {processor.py:840} INFO - DAG(s) 'ab_test_medallion_pipeline' retrieved from /opt/airflow/dags/pipeline_dag.py
[2026-05-07T15:49:14.542+0000] {logging_mixin.py:188} INFO - [2026-05-07T15:49:14.542+0000] {dag.py:3096} INFO - Sync 1 DAGs
[2026-05-07T15:49:14.605+0000] {logging_mixin.py:188} INFO - [2026-05-07T15:49:14.605+0000] {dag.py:3954} INFO - Setting next_dagrun for ab_test_medallion_pipeline to 2026-05-07 00:00:00+00:00, run_after=2026-05-08 00:00:00+00:00
[2026-05-07T15:49:14.736+0000] {processor.py:183} INFO - Processing /opt/airflow/dags/pipeline_dag.py took 0.432 seconds
[2026-05-07T15:49:44.942+0000] {processor.py:161} INFO - Started process (PID=7458) to work on /opt/airflow/dags/pipeline_dag.py
[2026-05-07T15:49:44.947+0000] {processor.py:830} INFO - Processing file /opt/airflow/dags/pipeline_dag.py for tasks to queue
[2026-05-07T15:49:44.952+0000] {logging_mixin.py:188} INFO - [2026-05-07T15:49:44.949+0000] {dagbag.py:545} INFO - Filling up the DagBag from /opt/airflow/dags/pipeline_dag.py
[2026-05-07T15:49:45.016+0000] {processor.py:840} INFO - DAG(s) 'ab_test_medallion_pipeline' retrieved from /opt/airflow/dags/pipeline_dag.py
[2026-05-07T15:49:45.077+0000] {logging_mixin.py:188} INFO - [2026-05-07T15:49:45.076+0000] {dag.py:3096} INFO - Sync 1 DAGs
[2026-05-07T15:49:45.241+0000] {logging_mixin.py:188} INFO - [2026-05-07T15:49:45.241+0000] {dag.py:3954} INFO - Setting next_dagrun for ab_test_medallion_pipeline to 2026-05-07 00:00:00+00:00, run_after=2026-05-08 00:00:00+00:00
[2026-05-07T15:49:45.300+0000] {processor.py:183} INFO - Processing /opt/airflow/dags/pipeline_dag.py took 0.414 seconds
[2026-05-07T15:50:15.717+0000] {processor.py:161} INFO - Started process (PID=7463) to work on /opt/airflow/dags/pipeline_dag.py
[2026-05-07T15:50:15.726+0000] {processor.py:830} INFO - Processing file /opt/airflow/dags/pipeline_dag.py for tasks to queue
[2026-05-07T15:50:15.732+0000] {logging_mixin.py:188} INFO - [2026-05-07T15:50:15.729+0000] {dagbag.py:545} INFO - Filling up the DagBag from /opt/airflow/dags/pipeline_dag.py
[2026-05-07T15:50:15.859+0000] {processor.py:840} INFO - DAG(s) 'ab_test_medallion_pipeline' retrieved from /opt/airflow/dags/pipeline_dag.py
[2026-05-07T15:50:15.957+0000] {logging_mixin.py:188} INFO - [2026-05-07T15:50:15.956+0000] {dag.py:3096} INFO - Sync 1 DAGs
[2026-05-07T15:50:16.018+0000] {logging_mixin.py:188} INFO - [2026-05-07T15:50:16.018+0000] {dag.py:3954} INFO - Setting next_dagrun for ab_test_medallion_pipeline to 2026-05-07 00:00:00+00:00, run_after=2026-05-08 00:00:00+00:00
[2026-05-07T15:50:16.068+0000] {processor.py:183} INFO - Processing /opt/airflow/dags/pipeline_dag.py took 0.408 seconds
[2026-05-07T15:50:46.650+0000] {processor.py:161} INFO - Started process (PID=7468) to work on /opt/airflow/dags/pipeline_dag.py
[2026-05-07T15:50:46.655+0000] {processor.py:830} INFO - Processing file /opt/airflow/dags/pipeline_dag.py for tasks to queue
[2026-05-07T15:50:46.660+0000] {logging_mixin.py:188} INFO - [2026-05-07T15:50:46.658+0000] {dagbag.py:545} INFO - Filling up the DagBag from /opt/airflow/dags/pipeline_dag.py
[2026-05-07T15:50:46.708+0000] {processor.py:840} INFO - DAG(s) 'ab_test_medallion_pipeline' retrieved from /opt/airflow/dags/pipeline_dag.py
[2026-05-07T15:50:46.778+0000] {logging_mixin.py:188} INFO - [2026-05-07T15:50:46.778+0000] {dag.py:3096} INFO - Sync 1 DAGs
[2026-05-07T15:50:46.813+0000] {logging_mixin.py:188} INFO - [2026-05-07T15:50:46.812+0000] {dag.py:3954} INFO - Setting next_dagrun for ab_test_medallion_pipeline to 2026-05-07 00:00:00+00:00, run_after=2026-05-08 00:00:00+00:00
[2026-05-07T15:50:46.848+0000] {processor.py:183} INFO - Processing /opt/airflow/dags/pipeline_dag.py took 0.273 seconds
[2026-05-07T15:51:17.025+0000] {processor.py:161} INFO - Started process (PID=7473) to work on /opt/airflow/dags/pipeline_dag.py
[2026-05-07T15:51:17.095+0000] {processor.py:830} INFO - Processing file /opt/airflow/dags/pipeline_dag.py for tasks to queue
[2026-05-07T15:51:17.099+0000] {logging_mixin.py:188} INFO - [2026-05-07T15:51:17.097+0000] {dagbag.py:545} INFO - Filling up the DagBag from /opt/airflow/dags/pipeline_dag.py
[2026-05-07T15:51:17.153+0000] {processor.py:840} INFO - DAG(s) 'ab_test_medallion_pipeline' retrieved from /opt/airflow/dags/pipeline_dag.py
[2026-05-07T15:51:17.214+0000] {logging_mixin.py:188} INFO - [2026-05-07T15:51:17.213+0000] {dag.py:3096} INFO - Sync 1 DAGs
[2026-05-07T15:51:17.250+0000] {logging_mixin.py:188} INFO - [2026-05-07T15:51:17.250+0000] {dag.py:3954} INFO - Setting next_dagrun for ab_test_medallion_pipeline to 2026-05-07 00:00:00+00:00, run_after=2026-05-08 00:00:00+00:00
[2026-05-07T15:51:17.321+0000] {processor.py:183} INFO - Processing /opt/airflow/dags/pipeline_dag.py took 0.329 seconds
[2026-05-07T15:51:47.708+0000] {processor.py:161} INFO - Started process (PID=7478) to work on /opt/airflow/dags/pipeline_dag.py
[2026-05-07T15:51:47.710+0000] {processor.py:830} INFO - Processing file /opt/airflow/dags/pipeline_dag.py for tasks to queue
[2026-05-07T15:51:47.712+0000] {logging_mixin.py:188} INFO - [2026-05-07T15:51:47.711+0000] {dagbag.py:545} INFO - Filling up the DagBag from /opt/airflow/dags/pipeline_dag.py
[2026-05-07T15:51:47.738+0000] {processor.py:840} INFO - DAG(s) 'ab_test_medallion_pipeline' retrieved from /opt/airflow/dags/pipeline_dag.py
[2026-05-07T15:51:47.785+0000] {logging_mixin.py:188} INFO - [2026-05-07T15:51:47.784+0000] {dag.py:3096} INFO - Sync 1 DAGs
[2026-05-07T15:51:47.822+0000] {logging_mixin.py:188} INFO - [2026-05-07T15:51:47.821+0000] {dag.py:3954} INFO - Setting next_dagrun for ab_test_medallion_pipeline to 2026-05-07 00:00:00+00:00, run_after=2026-05-08 00:00:00+00:00
[2026-05-07T15:51:47.858+0000] {processor.py:183} INFO - Processing /opt/airflow/dags/pipeline_dag.py took 0.169 seconds
[2026-05-07T15:52:18.199+0000] {processor.py:161} INFO - Started process (PID=7483) to work on /opt/airflow/dags/pipeline_dag.py
[2026-05-07T15:52:18.202+0000] {processor.py:830} INFO - Processing file /opt/airflow/dags/pipeline_dag.py for tasks to queue
[2026-05-07T15:52:18.204+0000] {logging_mixin.py:188} INFO - [2026-05-07T15:52:18.203+0000] {dagbag.py:545} INFO - Filling up the DagBag from /opt/airflow/dags/pipeline_dag.py
[2026-05-07T15:52:18.239+0000] {processor.py:840} INFO - DAG(s) 'ab_test_medallion_pipeline' retrieved from /opt/airflow/dags/pipeline_dag.py
[2026-05-07T15:52:18.289+0000] {logging_mixin.py:188} INFO - [2026-05-07T15:52:18.289+0000] {dag.py:3096} INFO - Sync 1 DAGs
[2026-05-07T15:52:18.328+0000] {logging_mixin.py:188} INFO - [2026-05-07T15:52:18.327+0000] {dag.py:3954} INFO - Setting next_dagrun for ab_test_medallion_pipeline to 2026-05-07 00:00:00+00:00, run_after=2026-05-08 00:00:00+00:00
[2026-05-07T15:52:18.358+0000] {processor.py:183} INFO - Processing /opt/airflow/dags/pipeline_dag.py took 0.181 seconds
[2026-05-07T15:52:48.765+0000] {processor.py:161} INFO - Started process (PID=7488) to work on /opt/airflow/dags/pipeline_dag.py
[2026-05-07T15:52:48.770+0000] {processor.py:830} INFO - Processing file /opt/airflow/dags/pipeline_dag.py for tasks to queue
[2026-05-07T15:52:48.772+0000] {logging_mixin.py:188} INFO - [2026-05-07T15:52:48.771+0000] {dagbag.py:545} INFO - Filling up the DagBag from /opt/airflow/dags/pipeline_dag.py
[2026-05-07T15:52:48.803+0000] {processor.py:840} INFO - DAG(s) 'ab_test_medallion_pipeline' retrieved from /opt/airflow/dags/pipeline_dag.py
[2026-05-07T15:52:48.852+0000] {logging_mixin.py:188} INFO - [2026-05-07T15:52:48.851+0000] {dag.py:3096} INFO - Sync 1 DAGs
[2026-05-07T15:52:48.893+0000] {logging_mixin.py:188} INFO - [2026-05-07T15:52:48.893+0000] {dag.py:3954} INFO - Setting next_dagrun for ab_test_medallion_pipeline to 2026-05-07 00:00:00+00:00, run_after=2026-05-08 00:00:00+00:00
[2026-05-07T15:52:48.931+0000] {processor.py:183} INFO - Processing /opt/airflow/dags/pipeline_dag.py took 0.192 seconds
[2026-05-07T15:53:19.111+0000] {processor.py:161} INFO - Started process (PID=7493) to work on /opt/airflow/dags/pipeline_dag.py
[2026-05-07T15:53:19.118+0000] {processor.py:830} INFO - Processing file /opt/airflow/dags/pipeline_dag.py for tasks to queue
[2026-05-07T15:53:19.120+0000] {logging_mixin.py:188} INFO - [2026-05-07T15:53:19.119+0000] {dagbag.py:545} INFO - Filling up the DagBag from /opt/airflow/dags/pipeline_dag.py
[2026-05-07T15:53:19.147+0000] {processor.py:840} INFO - DAG(s) 'ab_test_medallion_pipeline' retrieved from /opt/airflow/dags/pipeline_dag.py
[2026-05-07T15:53:19.201+0000] {logging_mixin.py:188} INFO - [2026-05-07T15:53:19.201+0000] {dag.py:3096} INFO - Sync 1 DAGs
[2026-05-07T15:53:19.242+0000] {logging_mixin.py:188} INFO - [2026-05-07T15:53:19.241+0000] {dag.py:3954} INFO - Setting next_dagrun for ab_test_medallion_pipeline to 2026-05-07 00:00:00+00:00, run_after=2026-05-08 00:00:00+00:00
[2026-05-07T15:53:19.281+0000] {processor.py:183} INFO - Processing /opt/airflow/dags/pipeline_dag.py took 0.191 seconds
[2026-05-07T15:53:49.673+0000] {processor.py:161} INFO - Started process (PID=7498) to work on /opt/airflow/dags/pipeline_dag.py
[2026-05-07T15:53:49.677+0000] {processor.py:830} INFO - Processing file /opt/airflow/dags/pipeline_dag.py for tasks to queue
[2026-05-07T15:53:49.682+0000] {logging_mixin.py:188} INFO - [2026-05-07T15:53:49.679+0000] {dagbag.py:545} INFO - Filling up the DagBag from /opt/airflow/dags/pipeline_dag.py
[2026-05-07T15:53:49.742+0000] {processor.py:840} INFO - DAG(s) 'ab_test_medallion_pipeline' retrieved from /opt/airflow/dags/pipeline_dag.py
[2026-05-07T15:53:49.826+0000] {logging_mixin.py:188} INFO - [2026-05-07T15:53:49.825+0000] {dag.py:3096} INFO - Sync 1 DAGs
[2026-05-07T15:53:49.866+0000] {logging_mixin.py:188} INFO - [2026-05-07T15:53:49.866+0000] {dag.py:3954} INFO - Setting next_dagrun for ab_test_medallion_pipeline to 2026-05-07 00:00:00+00:00, run_after=2026-05-08 00:00:00+00:00
[2026-05-07T15:53:49.900+0000] {processor.py:183} INFO - Processing /opt/airflow/dags/pipeline_dag.py took 0.257 seconds
[2026-05-07T15:54:20.061+0000] {processor.py:161} INFO - Started process (PID=7503) to work on /opt/airflow/dags/pipeline_dag.py
[2026-05-07T15:54:20.064+0000] {processor.py:830} INFO - Processing file /opt/airflow/dags/pipeline_dag.py for tasks to queue
[2026-05-07T15:54:20.067+0000] {logging_mixin.py:188} INFO - [2026-05-07T15:54:20.066+0000] {dagbag.py:545} INFO - Filling up the DagBag from /opt/airflow/dags/pipeline_dag.py
[2026-05-07T15:54:20.105+0000] {processor.py:840} INFO - DAG(s) 'ab_test_medallion_pipeline' retrieved from /opt/airflow/dags/pipeline_dag.py
[2026-05-07T15:54:20.156+0000] {logging_mixin.py:188} INFO - [2026-05-07T15:54:20.156+0000] {dag.py:3096} INFO - Sync 1 DAGs
[2026-05-07T15:54:20.191+0000] {logging_mixin.py:188} INFO - [2026-05-07T15:54:20.191+0000] {dag.py:3954} INFO - Setting next_dagrun for ab_test_medallion_pipeline to 2026-05-07 00:00:00+00:00, run_after=2026-05-08 00:00:00+00:00
[2026-05-07T15:54:20.221+0000] {processor.py:183} INFO - Processing /opt/airflow/dags/pipeline_dag.py took 0.182 seconds
[2026-05-07T15:54:50.488+0000] {processor.py:161} INFO - Started process (PID=7508) to work on /opt/airflow/dags/pipeline_dag.py
[2026-05-07T15:54:50.492+0000] {processor.py:830} INFO - Processing file /opt/airflow/dags/pipeline_dag.py for tasks to queue
[2026-05-07T15:54:50.496+0000] {logging_mixin.py:188} INFO - [2026-05-07T15:54:50.494+0000] {dagbag.py:545} INFO - Filling up the DagBag from /opt/airflow/dags/pipeline_dag.py
[2026-05-07T15:54:50.539+0000] {processor.py:840} INFO - DAG(s) 'ab_test_medallion_pipeline' retrieved from /opt/airflow/dags/pipeline_dag.py
[2026-05-07T15:54:50.625+0000] {logging_mixin.py:188} INFO - [2026-05-07T15:54:50.624+0000] {dag.py:3096} INFO - Sync 1 DAGs
[2026-05-07T15:54:50.692+0000] {logging_mixin.py:188} INFO - [2026-05-07T15:54:50.691+0000] {dag.py:3954} INFO - Setting next_dagrun for ab_test_medallion_pipeline to 2026-05-07 00:00:00+00:00, run_after=2026-05-08 00:00:00+00:00
[2026-05-07T15:54:50.740+0000] {processor.py:183} INFO - Processing /opt/airflow/dags/pipeline_dag.py took 0.283 seconds
[2026-05-07T15:55:21.123+0000] {processor.py:161} INFO - Started process (PID=7513) to work on /opt/airflow/dags/pipeline_dag.py
[2026-05-07T15:55:21.125+0000] {processor.py:830} INFO - Processing file /opt/airflow/dags/pipeline_dag.py for tasks to queue
[2026-05-07T15:55:21.127+0000] {logging_mixin.py:188} INFO - [2026-05-07T15:55:21.126+0000] {dagbag.py:545} INFO - Filling up the DagBag from /opt/airflow/dags/pipeline_dag.py
[2026-05-07T15:55:21.156+0000] {processor.py:840} INFO - DAG(s) 'ab_test_medallion_pipeline' retrieved from /opt/airflow/dags/pipeline_dag.py
[2026-05-07T15:55:21.208+0000] {logging_mixin.py:188} INFO - [2026-05-07T15:55:21.208+0000] {dag.py:3096} INFO - Sync 1 DAGs
[2026-05-07T15:55:21.251+0000] {logging_mixin.py:188} INFO - [2026-05-07T15:55:21.250+0000] {dag.py:3954} INFO - Setting next_dagrun for ab_test_medallion_pipeline to 2026-05-07 00:00:00+00:00, run_after=2026-05-08 00:00:00+00:00
[2026-05-07T15:55:21.286+0000] {processor.py:183} INFO - Processing /opt/airflow/dags/pipeline_dag.py took 0.179 seconds
[2026-05-07T15:55:51.630+0000] {processor.py:161} INFO - Started process (PID=7518) to work on /opt/airflow/dags/pipeline_dag.py
[2026-05-07T15:55:51.633+0000] {processor.py:830} INFO - Processing file /opt/airflow/dags/pipeline_dag.py for tasks to queue
[2026-05-07T15:55:51.636+0000] {logging_mixin.py:188} INFO - [2026-05-07T15:55:51.635+0000] {dagbag.py:545} INFO - Filling up the DagBag from /opt/airflow/dags/pipeline_dag.py
[2026-05-07T15:55:51.676+0000] {processor.py:840} INFO - DAG(s) 'ab_test_medallion_pipeline' retrieved from /opt/airflow/dags/pipeline_dag.py
[2026-05-07T15:55:51.755+0000] {logging_mixin.py:188} INFO - [2026-05-07T15:55:51.754+0000] {dag.py:3096} INFO - Sync 1 DAGs
[2026-05-07T15:55:51.816+0000] {logging_mixin.py:188} INFO - [2026-05-07T15:55:51.815+0000] {dag.py:3954} INFO - Setting next_dagrun for ab_test_medallion_pipeline to 2026-05-07 00:00:00+00:00, run_after=2026-05-08 00:00:00+00:00
[2026-05-07T15:55:51.876+0000] {processor.py:183} INFO - Processing /opt/airflow/dags/pipeline_dag.py took 0.274 seconds
[2026-05-07T15:56:22.180+0000] {processor.py:161} INFO - Started process (PID=7523) to work on /opt/airflow/dags/pipeline_dag.py
[2026-05-07T15:56:22.197+0000] {processor.py:830} INFO - Processing file /opt/airflow/dags/pipeline_dag.py for tasks to queue
[2026-05-07T15:56:22.203+0000] {logging_mixin.py:188} INFO - [2026-05-07T15:56:22.200+0000] {dagbag.py:545} INFO - Filling up the DagBag from /opt/airflow/dags/pipeline_dag.py
[2026-05-07T15:56:22.281+0000] {processor.py:840} INFO - DAG(s) 'ab_test_medallion_pipeline' retrieved from /opt/airflow/dags/pipeline_dag.py
[2026-05-07T15:56:22.399+0000] {logging_mixin.py:188} INFO - [2026-05-07T15:56:22.399+0000] {dag.py:3096} INFO - Sync 1 DAGs
[2026-05-07T15:56:22.455+0000] {logging_mixin.py:188} INFO - [2026-05-07T15:56:22.454+0000] {dag.py:3954} INFO - Setting next_dagrun for ab_test_medallion_pipeline to 2026-05-07 00:00:00+00:00, run_after=2026-05-08 00:00:00+00:00
[2026-05-07T15:56:22.525+0000] {processor.py:183} INFO - Processing /opt/airflow/dags/pipeline_dag.py took 0.391 seconds
[2026-05-07T15:56:52.783+0000] {processor.py:161} INFO - Started process (PID=7528) to work on /opt/airflow/dags/pipeline_dag.py
[2026-05-07T15:56:52.785+0000] {processor.py:830} INFO - Processing file /opt/airflow/dags/pipeline_dag.py for tasks to queue
[2026-05-07T15:56:52.788+0000] {logging_mixin.py:188} INFO - [2026-05-07T15:56:52.787+0000] {dagbag.py:545} INFO - Filling up the DagBag from /opt/airflow/dags/pipeline_dag.py
[2026-05-07T15:56:52.826+0000] {processor.py:840} INFO - DAG(s) 'ab_test_medallion_pipeline' retrieved from /opt/airflow/dags/pipeline_dag.py
[2026-05-07T15:56:52.892+0000] {logging_mixin.py:188} INFO - [2026-05-07T15:56:52.891+0000] {dag.py:3096} INFO - Sync 1 DAGs
[2026-05-07T15:56:52.934+0000] {logging_mixin.py:188} INFO - [2026-05-07T15:56:52.934+0000] {dag.py:3954} INFO - Setting next_dagrun for ab_test_medallion_pipeline to 2026-05-07 00:00:00+00:00, run_after=2026-05-08 00:00:00+00:00
[2026-05-07T15:56:52.998+0000] {processor.py:183} INFO - Processing /opt/airflow/dags/pipeline_dag.py took 0.244 seconds
[2026-05-07T15:57:23.389+0000] {processor.py:161} INFO - Started process (PID=7533) to work on /opt/airflow/dags/pipeline_dag.py
[2026-05-07T15:57:23.394+0000] {processor.py:830} INFO - Processing file /opt/airflow/dags/pipeline_dag.py for tasks to queue
[2026-05-07T15:57:23.397+0000] {logging_mixin.py:188} INFO - [2026-05-07T15:57:23.396+0000] {dagbag.py:545} INFO - Filling up the DagBag from /opt/airflow/dags/pipeline_dag.py
[2026-05-07T15:57:23.455+0000] {processor.py:840} INFO - DAG(s) 'ab_test_medallion_pipeline' retrieved from /opt/airflow/dags/pipeline_dag.py
[2026-05-07T15:57:23.582+0000] {logging_mixin.py:188} INFO - [2026-05-07T15:57:23.581+0000] {dag.py:3096} INFO - Sync 1 DAGs
[2026-05-07T15:57:23.653+0000] {logging_mixin.py:188} INFO - [2026-05-07T15:57:23.652+0000] {dag.py:3954} INFO - Setting next_dagrun for ab_test_medallion_pipeline to 2026-05-07 00:00:00+00:00, run_after=2026-05-08 00:00:00+00:00
[2026-05-07T15:57:23.756+0000] {processor.py:183} INFO - Processing /opt/airflow/dags/pipeline_dag.py took 0.413 seconds
[2026-05-07T15:57:54.282+0000] {processor.py:161} INFO - Started process (PID=7538) to work on /opt/airflow/dags/pipeline_dag.py
[2026-05-07T15:57:54.293+0000] {processor.py:830} INFO - Processing file /opt/airflow/dags/pipeline_dag.py for tasks to queue
[2026-05-07T15:57:54.302+0000] {logging_mixin.py:188} INFO - [2026-05-07T15:57:54.298+0000] {dagbag.py:545} INFO - Filling up the DagBag from /opt/airflow/dags/pipeline_dag.py
[2026-05-07T15:57:54.396+0000] {processor.py:840} INFO - DAG(s) 'ab_test_medallion_pipeline' retrieved from /opt/airflow/dags/pipeline_dag.py
[2026-05-07T15:57:54.522+0000] {logging_mixin.py:188} INFO - [2026-05-07T15:57:54.521+0000] {dag.py:3096} INFO - Sync 1 DAGs
[2026-05-07T15:57:54.605+0000] {logging_mixin.py:188} INFO - [2026-05-07T15:57:54.605+0000] {dag.py:3954} INFO - Setting next_dagrun for ab_test_medallion_pipeline to 2026-05-07 00:00:00+00:00, run_after=2026-05-08 00:00:00+00:00
[2026-05-07T15:57:54.919+0000] {processor.py:183} INFO - Processing /opt/airflow/dags/pipeline_dag.py took 0.685 seconds
[2026-05-07T15:58:25.240+0000] {processor.py:161} INFO - Started process (PID=7543) to work on /opt/airflow/dags/pipeline_dag.py
[2026-05-07T15:58:25.245+0000] {processor.py:830} INFO - Processing file /opt/airflow/dags/pipeline_dag.py for tasks to queue
[2026-05-07T15:58:25.256+0000] {logging_mixin.py:188} INFO - [2026-05-07T15:58:25.253+0000] {dagbag.py:545} INFO - Filling up the DagBag from /opt/airflow/dags/pipeline_dag.py
[2026-05-07T15:58:25.338+0000] {processor.py:840} INFO - DAG(s) 'ab_test_medallion_pipeline' retrieved from /opt/airflow/dags/pipeline_dag.py
[2026-05-07T15:58:25.476+0000] {logging_mixin.py:188} INFO - [2026-05-07T15:58:25.475+0000] {dag.py:3096} INFO - Sync 1 DAGs
[2026-05-07T15:58:25.537+0000] {logging_mixin.py:188} INFO - [2026-05-07T15:58:25.537+0000] {dag.py:3954} INFO - Setting next_dagrun for ab_test_medallion_pipeline to 2026-05-07 00:00:00+00:00, run_after=2026-05-08 00:00:00+00:00
[2026-05-07T15:58:25.587+0000] {processor.py:183} INFO - Processing /opt/airflow/dags/pipeline_dag.py took 0.394 seconds
[2026-05-07T15:58:55.804+0000] {processor.py:161} INFO - Started process (PID=7548) to work on /opt/airflow/dags/pipeline_dag.py
[2026-05-07T15:58:55.808+0000] {processor.py:830} INFO - Processing file /opt/airflow/dags/pipeline_dag.py for tasks to queue
[2026-05-07T15:58:55.810+0000] {logging_mixin.py:188} INFO - [2026-05-07T15:58:55.809+0000] {dagbag.py:545} INFO - Filling up the DagBag from /opt/airflow/dags/pipeline_dag.py
[2026-05-07T15:58:55.851+0000] {processor.py:840} INFO - DAG(s) 'ab_test_medallion_pipeline' retrieved from /opt/airflow/dags/pipeline_dag.py
[2026-05-07T15:58:55.902+0000] {logging_mixin.py:188} INFO - [2026-05-07T15:58:55.902+0000] {dag.py:3096} INFO - Sync 1 DAGs
[2026-05-07T15:58:55.936+0000] {logging_mixin.py:188} INFO - [2026-05-07T15:58:55.936+0000] {dag.py:3954} INFO - Setting next_dagrun for ab_test_medallion_pipeline to 2026-05-07 00:00:00+00:00, run_after=2026-05-08 00:00:00+00:00
[2026-05-07T15:58:56.001+0000] {processor.py:183} INFO - Processing /opt/airflow/dags/pipeline_dag.py took 0.216 seconds
[2026-05-07T15:59:26.373+0000] {processor.py:161} INFO - Started process (PID=7553) to work on /opt/airflow/dags/pipeline_dag.py
[2026-05-07T15:59:26.376+0000] {processor.py:830} INFO - Processing file /opt/airflow/dags/pipeline_dag.py for tasks to queue
[2026-05-07T15:59:26.378+0000] {logging_mixin.py:188} INFO - [2026-05-07T15:59:26.377+0000] {dagbag.py:545} INFO - Filling up the DagBag from /opt/airflow/dags/pipeline_dag.py
[2026-05-07T15:59:26.419+0000] {processor.py:840} INFO - DAG(s) 'ab_test_medallion_pipeline' retrieved from /opt/airflow/dags/pipeline_dag.py
[2026-05-07T15:59:26.507+0000] {logging_mixin.py:188} INFO - [2026-05-07T15:59:26.506+0000] {dag.py:3096} INFO - Sync 1 DAGs
[2026-05-07T15:59:26.570+0000] {logging_mixin.py:188} INFO - [2026-05-07T15:59:26.569+0000] {dag.py:3954} INFO - Setting next_dagrun for ab_test_medallion_pipeline to 2026-05-07 00:00:00+00:00, run_after=2026-05-08 00:00:00+00:00
[2026-05-07T15:59:26.623+0000] {processor.py:183} INFO - Processing /opt/airflow/dags/pipeline_dag.py took 0.288 seconds
[2026-05-07T15:59:56.820+0000] {processor.py:161} INFO - Started process (PID=7558) to work on /opt/airflow/dags/pipeline_dag.py
[2026-05-07T15:59:56.826+0000] {processor.py:830} INFO - Processing file /opt/airflow/dags/pipeline_dag.py for tasks to queue
[2026-05-07T15:59:56.830+0000] {logging_mixin.py:188} INFO - [2026-05-07T15:59:56.828+0000] {dagbag.py:545} INFO - Filling up the DagBag from /opt/airflow/dags/pipeline_dag.py
[2026-05-07T15:59:56.877+0000] {processor.py:840} INFO - DAG(s) 'ab_test_medallion_pipeline' retrieved from /opt/airflow/dags/pipeline_dag.py
[2026-05-07T15:59:56.951+0000] {logging_mixin.py:188} INFO - [2026-05-07T15:59:56.951+0000] {dag.py:3096} INFO - Sync 1 DAGs
[2026-05-07T15:59:56.993+0000] {logging_mixin.py:188} INFO - [2026-05-07T15:59:56.993+0000] {dag.py:3954} INFO - Setting next_dagrun for ab_test_medallion_pipeline to 2026-05-07 00:00:00+00:00, run_after=2026-05-08 00:00:00+00:00
[2026-05-07T15:59:57.084+0000] {processor.py:183} INFO - Processing /opt/airflow/dags/pipeline_dag.py took 0.295 seconds
[2026-05-07T16:00:27.539+0000] {processor.py:161} INFO - Started process (PID=7563) to work on /opt/airflow/dags/pipeline_dag.py
[2026-05-07T16:00:27.542+0000] {processor.py:830} INFO - Processing file /opt/airflow/dags/pipeline_dag.py for tasks to queue
[2026-05-07T16:00:27.547+0000] {logging_mixin.py:188} INFO - [2026-05-07T16:00:27.545+0000] {dagbag.py:545} INFO - Filling up the DagBag from /opt/airflow/dags/pipeline_dag.py
[2026-05-07T16:00:27.596+0000] {processor.py:840} INFO - DAG(s) 'ab_test_medallion_pipeline' retrieved from /opt/airflow/dags/pipeline_dag.py
[2026-05-07T16:00:27.647+0000] {logging_mixin.py:188} INFO - [2026-05-07T16:00:27.646+0000] {dag.py:3096} INFO - Sync 1 DAGs
[2026-05-07T16:00:27.681+0000] {logging_mixin.py:188} INFO - [2026-05-07T16:00:27.680+0000] {dag.py:3954} INFO - Setting next_dagrun for ab_test_medallion_pipeline to 2026-05-07 00:00:00+00:00, run_after=2026-05-08 00:00:00+00:00
[2026-05-07T16:00:27.713+0000] {processor.py:183} INFO - Processing /opt/airflow/dags/pipeline_dag.py took 0.200 seconds
[2026-05-07T16:00:57.984+0000] {processor.py:161} INFO - Started process (PID=7568) to work on /opt/airflow/dags/pipeline_dag.py
[2026-05-07T16:00:57.991+0000] {processor.py:830} INFO - Processing file /opt/airflow/dags/pipeline_dag.py for tasks to queue
[2026-05-07T16:00:57.995+0000] {logging_mixin.py:188} INFO - [2026-05-07T16:00:57.993+0000] {dagbag.py:545} INFO - Filling up the DagBag from /opt/airflow/dags/pipeline_dag.py
[2026-05-07T16:00:58.067+0000] {processor.py:840} INFO - DAG(s) 'ab_test_medallion_pipeline' retrieved from /opt/airflow/dags/pipeline_dag.py
[2026-05-07T16:00:58.142+0000] {logging_mixin.py:188} INFO - [2026-05-07T16:00:58.142+0000] {dag.py:3096} INFO - Sync 1 DAGs
[2026-05-07T16:00:58.192+0000] {logging_mixin.py:188} INFO - [2026-05-07T16:00:58.192+0000] {dag.py:3954} INFO - Setting next_dagrun for ab_test_medallion_pipeline to 2026-05-07 00:00:00+00:00, run_after=2026-05-08 00:00:00+00:00
[2026-05-07T16:00:58.239+0000] {processor.py:183} INFO - Processing /opt/airflow/dags/pipeline_dag.py took 0.291 seconds
[2026-05-07T16:01:28.565+0000] {processor.py:161} INFO - Started process (PID=7573) to work on /opt/airflow/dags/pipeline_dag.py
[2026-05-07T16:01:28.570+0000] {processor.py:830} INFO - Processing file /opt/airflow/dags/pipeline_dag.py for tasks to queue
[2026-05-07T16:01:28.574+0000] {logging_mixin.py:188} INFO - [2026-05-07T16:01:28.572+0000] {dagbag.py:545} INFO - Filling up the DagBag from /opt/airflow/dags/pipeline_dag.py
[2026-05-07T16:01:28.616+0000] {processor.py:840} INFO - DAG(s) 'ab_test_medallion_pipeline' retrieved from /opt/airflow/dags/pipeline_dag.py
[2026-05-07T16:01:28.671+0000] {logging_mixin.py:188} INFO - [2026-05-07T16:01:28.671+0000] {dag.py:3096} INFO - Sync 1 DAGs
[2026-05-07T16:01:28.707+0000] {logging_mixin.py:188} INFO - [2026-05-07T16:01:28.707+0000] {dag.py:3954} INFO - Setting next_dagrun for ab_test_medallion_pipeline to 2026-05-07 00:00:00+00:00, run_after=2026-05-08 00:00:00+00:00
[2026-05-07T16:01:28.742+0000] {processor.py:183} INFO - Processing /opt/airflow/dags/pipeline_dag.py took 0.202 seconds
[2026-05-07T16:01:59.105+0000] {processor.py:161} INFO - Started process (PID=7578) to work on /opt/airflow/dags/pipeline_dag.py
[2026-05-07T16:01:59.111+0000] {processor.py:830} INFO - Processing file /opt/airflow/dags/pipeline_dag.py for tasks to queue
[2026-05-07T16:01:59.118+0000] {logging_mixin.py:188} INFO - [2026-05-07T16:01:59.115+0000] {dagbag.py:545} INFO - Filling up the DagBag from /opt/airflow/dags/pipeline_dag.py
[2026-05-07T16:01:59.177+0000] {processor.py:840} INFO - DAG(s) 'ab_test_medallion_pipeline' retrieved from /opt/airflow/dags/pipeline_dag.py
[2026-05-07T16:01:59.244+0000] {logging_mixin.py:188} INFO - [2026-05-07T16:01:59.244+0000] {dag.py:3096} INFO - Sync 1 DAGs
[2026-05-07T16:01:59.278+0000] {logging_mixin.py:188} INFO - [2026-05-07T16:01:59.277+0000] {dag.py:3954} INFO - Setting next_dagrun for ab_test_medallion_pipeline to 2026-05-07 00:00:00+00:00, run_after=2026-05-08 00:00:00+00:00
[2026-05-07T16:01:59.314+0000] {processor.py:183} INFO - Processing /opt/airflow/dags/pipeline_dag.py took 0.256 seconds
[2026-05-07T16:02:29.644+0000] {processor.py:161} INFO - Started process (PID=7583) to work on /opt/airflow/dags/pipeline_dag.py
[2026-05-07T16:02:29.649+0000] {processor.py:830} INFO - Processing file /opt/airflow/dags/pipeline_dag.py for tasks to queue
[2026-05-07T16:02:29.655+0000] {logging_mixin.py:188} INFO - [2026-05-07T16:02:29.654+0000] {dagbag.py:545} INFO - Filling up the DagBag from /opt/airflow/dags/pipeline_dag.py
[2026-05-07T16:02:29.732+0000] {processor.py:840} INFO - DAG(s) 'ab_test_medallion_pipeline' retrieved from /opt/airflow/dags/pipeline_dag.py
[2026-05-07T16:02:29.805+0000] {logging_mixin.py:188} INFO - [2026-05-07T16:02:29.805+0000] {dag.py:3096} INFO - Sync 1 DAGs
[2026-05-07T16:02:29.839+0000] {logging_mixin.py:188} INFO - [2026-05-07T16:02:29.839+0000] {dag.py:3954} INFO - Setting next_dagrun for ab_test_medallion_pipeline to 2026-05-07 00:00:00+00:00, run_after=2026-05-08 00:00:00+00:00
[2026-05-07T16:02:29.873+0000] {processor.py:183} INFO - Processing /opt/airflow/dags/pipeline_dag.py took 0.270 seconds
[2026-05-07T16:03:00.153+0000] {processor.py:161} INFO - Started process (PID=7588) to work on /opt/airflow/dags/pipeline_dag.py
[2026-05-07T16:03:00.154+0000] {processor.py:830} INFO - Processing file /opt/airflow/dags/pipeline_dag.py for tasks to queue
[2026-05-07T16:03:00.155+0000] {logging_mixin.py:188} INFO - [2026-05-07T16:03:00.155+0000] {dagbag.py:545} INFO - Filling up the DagBag from /opt/airflow/dags/pipeline_dag.py
[2026-05-07T16:03:00.178+0000] {processor.py:840} INFO - DAG(s) 'ab_test_medallion_pipeline' retrieved from /opt/airflow/dags/pipeline_dag.py
[2026-05-07T16:03:00.232+0000] {logging_mixin.py:188} INFO - [2026-05-07T16:03:00.231+0000] {dag.py:3096} INFO - Sync 1 DAGs
[2026-05-07T16:03:00.296+0000] {logging_mixin.py:188} INFO - [2026-05-07T16:03:00.295+0000] {dag.py:3954} INFO - Setting next_dagrun for ab_test_medallion_pipeline to 2026-05-07 00:00:00+00:00, run_after=2026-05-08 00:00:00+00:00
[2026-05-07T16:03:00.350+0000] {processor.py:183} INFO - Processing /opt/airflow/dags/pipeline_dag.py took 0.208 seconds
[2026-05-07T16:03:30.767+0000] {processor.py:161} INFO - Started process (PID=7593) to work on /opt/airflow/dags/pipeline_dag.py
[2026-05-07T16:03:30.993+0000] {processor.py:830} INFO - Processing file /opt/airflow/dags/pipeline_dag.py for tasks to queue
[2026-05-07T16:03:30.996+0000] {logging_mixin.py:188} INFO - [2026-05-07T16:03:30.995+0000] {dagbag.py:545} INFO - Filling up the DagBag from /opt/airflow/dags/pipeline_dag.py
[2026-05-07T16:49:25.418+0000] {processor.py:840} INFO - DAG(s) 'ab_test_medallion_pipeline' retrieved from /opt/airflow/dags/pipeline_dag.py
[2026-05-07T16:49:26.095+0000] {logging_mixin.py:188} INFO - [2026-05-07T16:49:26.095+0000] {dag.py:3096} INFO - Sync 1 DAGs
[2026-05-07T16:49:56.448+0000] {processor.py:161} INFO - Started process (PID=7596) to work on /opt/airflow/dags/pipeline_dag.py
[2026-05-07T16:49:56.450+0000] {processor.py:830} INFO - Processing file /opt/airflow/dags/pipeline_dag.py for tasks to queue
[2026-05-07T16:49:56.453+0000] {logging_mixin.py:188} INFO - [2026-05-07T16:49:56.452+0000] {dagbag.py:545} INFO - Filling up the DagBag from /opt/airflow/dags/pipeline_dag.py
[2026-05-07T16:49:56.506+0000] {processor.py:840} INFO - DAG(s) 'ab_test_medallion_pipeline' retrieved from /opt/airflow/dags/pipeline_dag.py
[2026-05-07T16:49:56.615+0000] {logging_mixin.py:188} INFO - [2026-05-07T16:49:56.615+0000] {dag.py:3096} INFO - Sync 1 DAGs
[2026-05-07T16:49:56.653+0000] {logging_mixin.py:188} INFO - [2026-05-07T16:49:56.653+0000] {dag.py:3954} INFO - Setting next_dagrun for ab_test_medallion_pipeline to 2026-05-07 00:00:00+00:00, run_after=2026-05-08 00:00:00+00:00
[2026-05-07T16:49:56.681+0000] {processor.py:183} INFO - Processing /opt/airflow/dags/pipeline_dag.py took 0.252 seconds
[2026-05-07T16:50:26.856+0000] {processor.py:161} INFO - Started process (PID=7601) to work on /opt/airflow/dags/pipeline_dag.py
[2026-05-07T16:50:26.982+0000] {processor.py:830} INFO - Processing file /opt/airflow/dags/pipeline_dag.py for tasks to queue
[2026-05-07T16:50:26.984+0000] {logging_mixin.py:188} INFO - [2026-05-07T16:50:26.983+0000] {dagbag.py:545} INFO - Filling up the DagBag from /opt/airflow/dags/pipeline_dag.py
[2026-05-07T16:50:27.013+0000] {processor.py:840} INFO - DAG(s) 'ab_test_medallion_pipeline' retrieved from /opt/airflow/dags/pipeline_dag.py
[2026-05-07T16:50:27.082+0000] {logging_mixin.py:188} INFO - [2026-05-07T16:50:27.081+0000] {dag.py:3096} INFO - Sync 1 DAGs
[2026-05-07T16:50:27.121+0000] {logging_mixin.py:188} INFO - [2026-05-07T16:50:27.121+0000] {dag.py:3954} INFO - Setting next_dagrun for ab_test_medallion_pipeline to 2026-05-07 00:00:00+00:00, run_after=2026-05-08 00:00:00+00:00
[2026-05-07T16:50:27.256+0000] {processor.py:183} INFO - Processing /opt/airflow/dags/pipeline_dag.py took 0.413 seconds
[2026-05-07T16:50:57.570+0000] {processor.py:161} INFO - Started process (PID=7606) to work on /opt/airflow/dags/pipeline_dag.py
[2026-05-07T16:50:57.574+0000] {processor.py:830} INFO - Processing file /opt/airflow/dags/pipeline_dag.py for tasks to queue
[2026-05-07T16:50:57.578+0000] {logging_mixin.py:188} INFO - [2026-05-07T16:50:57.576+0000] {dagbag.py:545} INFO - Filling up the DagBag from /opt/airflow/dags/pipeline_dag.py
[2026-05-07T16:50:57.638+0000] {processor.py:840} INFO - DAG(s) 'ab_test_medallion_pipeline' retrieved from /opt/airflow/dags/pipeline_dag.py
[2026-05-07T16:50:57.702+0000] {logging_mixin.py:188} INFO - [2026-05-07T16:50:57.702+0000] {dag.py:3096} INFO - Sync 1 DAGs
[2026-05-07T16:50:57.762+0000] {logging_mixin.py:188} INFO - [2026-05-07T16:50:57.762+0000] {dag.py:3954} INFO - Setting next_dagrun for ab_test_medallion_pipeline to 2026-05-07 00:00:00+00:00, run_after=2026-05-08 00:00:00+00:00
[2026-05-07T16:50:57.803+0000] {processor.py:183} INFO - Processing /opt/airflow/dags/pipeline_dag.py took 0.261 seconds
[2026-05-07T16:51:28.007+0000] {processor.py:161} INFO - Started process (PID=7611) to work on /opt/airflow/dags/pipeline_dag.py
[2026-05-07T16:51:28.010+0000] {processor.py:830} INFO - Processing file /opt/airflow/dags/pipeline_dag.py for tasks to queue
[2026-05-07T16:51:28.012+0000] {logging_mixin.py:188} INFO - [2026-05-07T16:51:28.011+0000] {dagbag.py:545} INFO - Filling up the DagBag from /opt/airflow/dags/pipeline_dag.py
[2026-05-07T16:51:28.047+0000] {processor.py:840} INFO - DAG(s) 'ab_test_medallion_pipeline' retrieved from /opt/airflow/dags/pipeline_dag.py
[2026-05-07T16:51:28.200+0000] {logging_mixin.py:188} INFO - [2026-05-07T16:51:28.199+0000] {dag.py:3096} INFO - Sync 1 DAGs
[2026-05-07T16:51:28.310+0000] {logging_mixin.py:188} INFO - [2026-05-07T16:51:28.309+0000] {dag.py:3954} INFO - Setting next_dagrun for ab_test_medallion_pipeline to 2026-05-07 00:00:00+00:00, run_after=2026-05-08 00:00:00+00:00
[2026-05-07T16:51:28.358+0000] {processor.py:183} INFO - Processing /opt/airflow/dags/pipeline_dag.py took 0.393 seconds
[2026-05-07T16:51:58.818+0000] {processor.py:161} INFO - Started process (PID=7616) to work on /opt/airflow/dags/pipeline_dag.py
[2026-05-07T16:51:58.823+0000] {processor.py:830} INFO - Processing file /opt/airflow/dags/pipeline_dag.py for tasks to queue
[2026-05-07T16:51:58.825+0000] {logging_mixin.py:188} INFO - [2026-05-07T16:51:58.824+0000] {dagbag.py:545} INFO - Filling up the DagBag from /opt/airflow/dags/pipeline_dag.py
[2026-05-07T16:51:58.873+0000] {processor.py:840} INFO - DAG(s) 'ab_test_medallion_pipeline' retrieved from /opt/airflow/dags/pipeline_dag.py
[2026-05-07T16:51:58.939+0000] {logging_mixin.py:188} INFO - [2026-05-07T16:51:58.939+0000] {dag.py:3096} INFO - Sync 1 DAGs
[2026-05-07T16:51:58.988+0000] {logging_mixin.py:188} INFO - [2026-05-07T16:51:58.987+0000] {dag.py:3954} INFO - Setting next_dagrun for ab_test_medallion_pipeline to 2026-05-07 00:00:00+00:00, run_after=2026-05-08 00:00:00+00:00
[2026-05-07T16:51:59.021+0000] {processor.py:183} INFO - Processing /opt/airflow/dags/pipeline_dag.py took 0.257 seconds
[2026-05-07T16:52:29.146+0000] {processor.py:161} INFO - Started process (PID=7621) to work on /opt/airflow/dags/pipeline_dag.py
[2026-05-07T16:52:29.149+0000] {processor.py:830} INFO - Processing file /opt/airflow/dags/pipeline_dag.py for tasks to queue
[2026-05-07T16:52:29.151+0000] {logging_mixin.py:188} INFO - [2026-05-07T16:52:29.150+0000] {dagbag.py:545} INFO - Filling up the DagBag from /opt/airflow/dags/pipeline_dag.py
[2026-05-07T16:52:29.194+0000] {processor.py:840} INFO - DAG(s) 'ab_test_medallion_pipeline' retrieved from /opt/airflow/dags/pipeline_dag.py
[2026-05-07T16:52:29.348+0000] {logging_mixin.py:188} INFO - [2026-05-07T16:52:29.347+0000] {dag.py:3096} INFO - Sync 1 DAGs
[2026-05-07T16:52:29.433+0000] {logging_mixin.py:188} INFO - [2026-05-07T16:52:29.432+0000] {dag.py:3954} INFO - Setting next_dagrun for ab_test_medallion_pipeline to 2026-05-07 00:00:00+00:00, run_after=2026-05-08 00:00:00+00:00
[2026-05-07T16:52:29.512+0000] {processor.py:183} INFO - Processing /opt/airflow/dags/pipeline_dag.py took 0.383 seconds
[2026-05-07T16:52:59.823+0000] {processor.py:161} INFO - Started process (PID=7626) to work on /opt/airflow/dags/pipeline_dag.py
[2026-05-07T16:52:59.828+0000] {processor.py:830} INFO - Processing file /opt/airflow/dags/pipeline_dag.py for tasks to queue
[2026-05-07T16:52:59.832+0000] {logging_mixin.py:188} INFO - [2026-05-07T16:52:59.830+0000] {dagbag.py:545} INFO - Filling up the DagBag from /opt/airflow/dags/pipeline_dag.py
[2026-05-07T16:52:59.883+0000] {processor.py:840} INFO - DAG(s) 'ab_test_medallion_pipeline' retrieved from /opt/airflow/dags/pipeline_dag.py
[2026-05-07T16:52:59.961+0000] {logging_mixin.py:188} INFO - [2026-05-07T16:52:59.960+0000] {dag.py:3096} INFO - Sync 1 DAGs
[2026-05-07T16:53:00.043+0000] {logging_mixin.py:188} INFO - [2026-05-07T16:53:00.042+0000] {dag.py:3954} INFO - Setting next_dagrun for ab_test_medallion_pipeline to 2026-05-07 00:00:00+00:00, run_after=2026-05-08 00:00:00+00:00
[2026-05-07T16:53:00.111+0000] {processor.py:183} INFO - Processing /opt/airflow/dags/pipeline_dag.py took 0.328 seconds
[2026-05-07T16:53:30.354+0000] {processor.py:161} INFO - Started process (PID=7631) to work on /opt/airflow/dags/pipeline_dag.py
[2026-05-07T16:53:30.356+0000] {processor.py:830} INFO - Processing file /opt/airflow/dags/pipeline_dag.py for tasks to queue
[2026-05-07T16:53:30.358+0000] {logging_mixin.py:188} INFO - [2026-05-07T16:53:30.357+0000] {dagbag.py:545} INFO - Filling up the DagBag from /opt/airflow/dags/pipeline_dag.py
[2026-05-07T16:53:30.408+0000] {processor.py:840} INFO - DAG(s) 'ab_test_medallion_pipeline' retrieved from /opt/airflow/dags/pipeline_dag.py
[2026-05-07T16:53:30.509+0000] {logging_mixin.py:188} INFO - [2026-05-07T16:53:30.508+0000] {dag.py:3096} INFO - Sync 1 DAGs
[2026-05-07T16:53:30.561+0000] {logging_mixin.py:188} INFO - [2026-05-07T16:53:30.560+0000] {dag.py:3954} INFO - Setting next_dagrun for ab_test_medallion_pipeline to 2026-05-07 00:00:00+00:00, run_after=2026-05-08 00:00:00+00:00
[2026-05-07T16:53:30.603+0000] {processor.py:183} INFO - Processing /opt/airflow/dags/pipeline_dag.py took 0.271 seconds
[2026-05-07T16:54:00.888+0000] {processor.py:161} INFO - Started process (PID=7636) to work on /opt/airflow/dags/pipeline_dag.py
[2026-05-07T16:54:00.892+0000] {processor.py:830} INFO - Processing file /opt/airflow/dags/pipeline_dag.py for tasks to queue
[2026-05-07T16:54:00.894+0000] {logging_mixin.py:188} INFO - [2026-05-07T16:54:00.893+0000] {dagbag.py:545} INFO - Filling up the DagBag from /opt/airflow/dags/pipeline_dag.py
[2026-05-07T16:54:00.925+0000] {processor.py:840} INFO - DAG(s) 'ab_test_medallion_pipeline' retrieved from /opt/airflow/dags/pipeline_dag.py
[2026-05-07T16:54:00.994+0000] {logging_mixin.py:188} INFO - [2026-05-07T16:54:00.993+0000] {dag.py:3096} INFO - Sync 1 DAGs
[2026-05-07T16:54:01.031+0000] {logging_mixin.py:188} INFO - [2026-05-07T16:54:01.030+0000] {dag.py:3954} INFO - Setting next_dagrun for ab_test_medallion_pipeline to 2026-05-07 00:00:00+00:00, run_after=2026-05-08 00:00:00+00:00
[2026-05-07T16:54:01.064+0000] {processor.py:183} INFO - Processing /opt/airflow/dags/pipeline_dag.py took 0.196 seconds
[2026-05-07T16:54:31.239+0000] {processor.py:161} INFO - Started process (PID=7641) to work on /opt/airflow/dags/pipeline_dag.py
[2026-05-07T16:54:31.242+0000] {processor.py:830} INFO - Processing file /opt/airflow/dags/pipeline_dag.py for tasks to queue
[2026-05-07T16:54:31.245+0000] {logging_mixin.py:188} INFO - [2026-05-07T16:54:31.244+0000] {dagbag.py:545} INFO - Filling up the DagBag from /opt/airflow/dags/pipeline_dag.py
[2026-05-07T16:54:31.306+0000] {processor.py:840} INFO - DAG(s) 'ab_test_medallion_pipeline' retrieved from /opt/airflow/dags/pipeline_dag.py
[2026-05-07T16:54:31.368+0000] {logging_mixin.py:188} INFO - [2026-05-07T16:54:31.367+0000] {dag.py:3096} INFO - Sync 1 DAGs
[2026-05-07T16:54:31.415+0000] {logging_mixin.py:188} INFO - [2026-05-07T16:54:31.414+0000] {dag.py:3954} INFO - Setting next_dagrun for ab_test_medallion_pipeline to 2026-05-07 00:00:00+00:00, run_after=2026-05-08 00:00:00+00:00
[2026-05-07T16:54:31.452+0000] {processor.py:183} INFO - Processing /opt/airflow/dags/pipeline_dag.py took 0.241 seconds
[2026-05-07T16:55:01.756+0000] {processor.py:161} INFO - Started process (PID=7646) to work on /opt/airflow/dags/pipeline_dag.py
[2026-05-07T16:55:01.761+0000] {processor.py:830} INFO - Processing file /opt/airflow/dags/pipeline_dag.py for tasks to queue
[2026-05-07T16:55:01.764+0000] {logging_mixin.py:188} INFO - [2026-05-07T16:55:01.763+0000] {dagbag.py:545} INFO - Filling up the DagBag from /opt/airflow/dags/pipeline_dag.py
[2026-05-07T16:55:01.812+0000] {processor.py:840} INFO - DAG(s) 'ab_test_medallion_pipeline' retrieved from /opt/airflow/dags/pipeline_dag.py
[2026-05-07T16:55:01.886+0000] {logging_mixin.py:188} INFO - [2026-05-07T16:55:01.886+0000] {dag.py:3096} INFO - Sync 1 DAGs
[2026-05-07T16:55:01.974+0000] {logging_mixin.py:188} INFO - [2026-05-07T16:55:01.973+0000] {dag.py:3954} INFO - Setting next_dagrun for ab_test_medallion_pipeline to 2026-05-07 00:00:00+00:00, run_after=2026-05-08 00:00:00+00:00
[2026-05-07T16:55:02.065+0000] {processor.py:183} INFO - Processing /opt/airflow/dags/pipeline_dag.py took 0.348 seconds
[2026-05-07T16:55:32.455+0000] {processor.py:161} INFO - Started process (PID=7651) to work on /opt/airflow/dags/pipeline_dag.py
[2026-05-07T16:55:32.460+0000] {processor.py:830} INFO - Processing file /opt/airflow/dags/pipeline_dag.py for tasks to queue
[2026-05-07T16:55:32.462+0000] {logging_mixin.py:188} INFO - [2026-05-07T16:55:32.461+0000] {dagbag.py:545} INFO - Filling up the DagBag from /opt/airflow/dags/pipeline_dag.py
[2026-05-07T16:55:32.560+0000] {processor.py:840} INFO - DAG(s) 'ab_test_medallion_pipeline' retrieved from /opt/airflow/dags/pipeline_dag.py
[2026-05-07T16:55:32.688+0000] {logging_mixin.py:188} INFO - [2026-05-07T16:55:32.687+0000] {dag.py:3096} INFO - Sync 1 DAGs
[2026-05-07T16:55:32.766+0000] {logging_mixin.py:188} INFO - [2026-05-07T16:55:32.765+0000] {dag.py:3954} INFO - Setting next_dagrun for ab_test_medallion_pipeline to 2026-05-07 00:00:00+00:00, run_after=2026-05-08 00:00:00+00:00
[2026-05-07T16:55:32.805+0000] {processor.py:183} INFO - Processing /opt/airflow/dags/pipeline_dag.py took 0.409 seconds
[2026-05-07T16:56:03.088+0000] {processor.py:161} INFO - Started process (PID=7656) to work on /opt/airflow/dags/pipeline_dag.py
[2026-05-07T16:56:03.091+0000] {processor.py:830} INFO - Processing file /opt/airflow/dags/pipeline_dag.py for tasks to queue
[2026-05-07T16:56:03.092+0000] {logging_mixin.py:188} INFO - [2026-05-07T16:56:03.092+0000] {dagbag.py:545} INFO - Filling up the DagBag from /opt/airflow/dags/pipeline_dag.py
[2026-05-07T16:56:03.117+0000] {processor.py:840} INFO - DAG(s) 'ab_test_medallion_pipeline' retrieved from /opt/airflow/dags/pipeline_dag.py
[2026-05-07T16:56:03.184+0000] {logging_mixin.py:188} INFO - [2026-05-07T16:56:03.183+0000] {dag.py:3096} INFO - Sync 1 DAGs
[2026-05-07T16:56:03.255+0000] {logging_mixin.py:188} INFO - [2026-05-07T16:56:03.254+0000] {dag.py:3954} INFO - Setting next_dagrun for ab_test_medallion_pipeline to 2026-05-07 00:00:00+00:00, run_after=2026-05-08 00:00:00+00:00
[2026-05-07T16:56:03.306+0000] {processor.py:183} INFO - Processing /opt/airflow/dags/pipeline_dag.py took 0.250 seconds
[2026-05-07T16:56:33.596+0000] {processor.py:161} INFO - Started process (PID=7661) to work on /opt/airflow/dags/pipeline_dag.py
[2026-05-07T16:56:33.601+0000] {processor.py:830} INFO - Processing file /opt/airflow/dags/pipeline_dag.py for tasks to queue
[2026-05-07T16:56:33.608+0000] {logging_mixin.py:188} INFO - [2026-05-07T16:56:33.606+0000] {dagbag.py:545} INFO - Filling up the DagBag from /opt/airflow/dags/pipeline_dag.py
[2026-05-07T16:56:33.678+0000] {processor.py:840} INFO - DAG(s) 'ab_test_medallion_pipeline' retrieved from /opt/airflow/dags/pipeline_dag.py
[2026-05-07T16:56:33.779+0000] {logging_mixin.py:188} INFO - [2026-05-07T16:56:33.779+0000] {dag.py:3096} INFO - Sync 1 DAGs
[2026-05-07T16:56:33.859+0000] {logging_mixin.py:188} INFO - [2026-05-07T16:56:33.859+0000] {dag.py:3954} INFO - Setting next_dagrun for ab_test_medallion_pipeline to 2026-05-07 00:00:00+00:00, run_after=2026-05-08 00:00:00+00:00
[2026-05-07T16:56:33.907+0000] {processor.py:183} INFO - Processing /opt/airflow/dags/pipeline_dag.py took 0.354 seconds
[2026-05-07T16:57:04.217+0000] {processor.py:161} INFO - Started process (PID=7666) to work on /opt/airflow/dags/pipeline_dag.py
[2026-05-07T16:57:04.219+0000] {processor.py:830} INFO - Processing file /opt/airflow/dags/pipeline_dag.py for tasks to queue
[2026-05-07T16:57:04.221+0000] {logging_mixin.py:188} INFO - [2026-05-07T16:57:04.220+0000] {dagbag.py:545} INFO - Filling up the DagBag from /opt/airflow/dags/pipeline_dag.py
[2026-05-07T16:57:04.259+0000] {processor.py:840} INFO - DAG(s) 'ab_test_medallion_pipeline' retrieved from /opt/airflow/dags/pipeline_dag.py
[2026-05-07T16:57:04.511+0000] {logging_mixin.py:188} INFO - [2026-05-07T16:57:04.511+0000] {dag.py:3096} INFO - Sync 1 DAGs
[2026-05-07T16:57:04.618+0000] {logging_mixin.py:188} INFO - [2026-05-07T16:57:04.618+0000] {dag.py:3954} INFO - Setting next_dagrun for ab_test_medallion_pipeline to 2026-05-07 00:00:00+00:00, run_after=2026-05-08 00:00:00+00:00
[2026-05-07T16:57:04.779+0000] {processor.py:183} INFO - Processing /opt/airflow/dags/pipeline_dag.py took 0.582 seconds
[2026-05-07T16:57:35.200+0000] {processor.py:161} INFO - Started process (PID=7671) to work on /opt/airflow/dags/pipeline_dag.py
[2026-05-07T16:57:35.203+0000] {processor.py:830} INFO - Processing file /opt/airflow/dags/pipeline_dag.py for tasks to queue
[2026-05-07T16:57:35.205+0000] {logging_mixin.py:188} INFO - [2026-05-07T16:57:35.204+0000] {dagbag.py:545} INFO - Filling up the DagBag from /opt/airflow/dags/pipeline_dag.py
[2026-05-07T16:57:35.247+0000] {processor.py:840} INFO - DAG(s) 'ab_test_medallion_pipeline' retrieved from /opt/airflow/dags/pipeline_dag.py
[2026-05-07T16:57:35.357+0000] {logging_mixin.py:188} INFO - [2026-05-07T16:57:35.356+0000] {dag.py:3096} INFO - Sync 1 DAGs
[2026-05-07T16:57:35.407+0000] {logging_mixin.py:188} INFO - [2026-05-07T16:57:35.407+0000] {dag.py:3954} INFO - Setting next_dagrun for ab_test_medallion_pipeline to 2026-05-07 00:00:00+00:00, run_after=2026-05-08 00:00:00+00:00
[2026-05-07T16:57:35.442+0000] {processor.py:183} INFO - Processing /opt/airflow/dags/pipeline_dag.py took 0.265 seconds
[2026-05-07T16:58:05.641+0000] {processor.py:161} INFO - Started process (PID=7676) to work on /opt/airflow/dags/pipeline_dag.py
[2026-05-07T16:58:05.643+0000] {processor.py:830} INFO - Processing file /opt/airflow/dags/pipeline_dag.py for tasks to queue
[2026-05-07T16:58:05.645+0000] {logging_mixin.py:188} INFO - [2026-05-07T16:58:05.644+0000] {dagbag.py:545} INFO - Filling up the DagBag from /opt/airflow/dags/pipeline_dag.py
[2026-05-07T16:58:05.688+0000] {processor.py:840} INFO - DAG(s) 'ab_test_medallion_pipeline' retrieved from /opt/airflow/dags/pipeline_dag.py
[2026-05-07T16:58:05.762+0000] {logging_mixin.py:188} INFO - [2026-05-07T16:58:05.762+0000] {dag.py:3096} INFO - Sync 1 DAGs
[2026-05-07T16:58:05.814+0000] {logging_mixin.py:188} INFO - [2026-05-07T16:58:05.814+0000] {dag.py:3954} INFO - Setting next_dagrun for ab_test_medallion_pipeline to 2026-05-07 00:00:00+00:00, run_after=2026-05-08 00:00:00+00:00
[2026-05-07T16:58:05.862+0000] {processor.py:183} INFO - Processing /opt/airflow/dags/pipeline_dag.py took 0.234 seconds
[2026-05-07T16:58:36.066+0000] {processor.py:161} INFO - Started process (PID=7681) to work on /opt/airflow/dags/pipeline_dag.py
[2026-05-07T16:58:36.068+0000] {processor.py:830} INFO - Processing file /opt/airflow/dags/pipeline_dag.py for tasks to queue
[2026-05-07T16:58:36.070+0000] {logging_mixin.py:188} INFO - [2026-05-07T16:58:36.069+0000] {dagbag.py:545} INFO - Filling up the DagBag from /opt/airflow/dags/pipeline_dag.py
[2026-05-07T16:58:36.107+0000] {processor.py:840} INFO - DAG(s) 'ab_test_medallion_pipeline' retrieved from /opt/airflow/dags/pipeline_dag.py
[2026-05-07T16:58:36.164+0000] {logging_mixin.py:188} INFO - [2026-05-07T16:58:36.164+0000] {dag.py:3096} INFO - Sync 1 DAGs
[2026-05-07T16:58:36.206+0000] {logging_mixin.py:188} INFO - [2026-05-07T16:58:36.206+0000] {dag.py:3954} INFO - Setting next_dagrun for ab_test_medallion_pipeline to 2026-05-07 00:00:00+00:00, run_after=2026-05-08 00:00:00+00:00
[2026-05-07T16:58:36.247+0000] {processor.py:183} INFO - Processing /opt/airflow/dags/pipeline_dag.py took 0.195 seconds
[2026-05-07T16:59:06.440+0000] {processor.py:161} INFO - Started process (PID=7686) to work on /opt/airflow/dags/pipeline_dag.py
[2026-05-07T16:59:06.441+0000] {processor.py:830} INFO - Processing file /opt/airflow/dags/pipeline_dag.py for tasks to queue
[2026-05-07T16:59:06.443+0000] {logging_mixin.py:188} INFO - [2026-05-07T16:59:06.442+0000] {dagbag.py:545} INFO - Filling up the DagBag from /opt/airflow/dags/pipeline_dag.py
[2026-05-07T16:59:06.468+0000] {processor.py:840} INFO - DAG(s) 'ab_test_medallion_pipeline' retrieved from /opt/airflow/dags/pipeline_dag.py
[2026-05-07T16:59:06.557+0000] {logging_mixin.py:188} INFO - [2026-05-07T16:59:06.557+0000] {dag.py:3096} INFO - Sync 1 DAGs
[2026-05-07T16:59:06.657+0000] {logging_mixin.py:188} INFO - [2026-05-07T16:59:06.657+0000] {dag.py:3954} INFO - Setting next_dagrun for ab_test_medallion_pipeline to 2026-05-07 00:00:00+00:00, run_after=2026-05-08 00:00:00+00:00
[2026-05-07T16:59:06.708+0000] {processor.py:183} INFO - Processing /opt/airflow/dags/pipeline_dag.py took 0.283 seconds
[2026-05-07T16:59:36.998+0000] {processor.py:161} INFO - Started process (PID=7691) to work on /opt/airflow/dags/pipeline_dag.py
[2026-05-07T16:59:37.000+0000] {processor.py:830} INFO - Processing file /opt/airflow/dags/pipeline_dag.py for tasks to queue
[2026-05-07T16:59:37.003+0000] {logging_mixin.py:188} INFO - [2026-05-07T16:59:37.002+0000] {dagbag.py:545} INFO - Filling up the DagBag from /opt/airflow/dags/pipeline_dag.py
[2026-05-07T16:59:37.038+0000] {processor.py:840} INFO - DAG(s) 'ab_test_medallion_pipeline' retrieved from /opt/airflow/dags/pipeline_dag.py
[2026-05-07T16:59:37.159+0000] {logging_mixin.py:188} INFO - [2026-05-07T16:59:37.158+0000] {dag.py:3096} INFO - Sync 1 DAGs
[2026-05-07T16:59:37.226+0000] {logging_mixin.py:188} INFO - [2026-05-07T16:59:37.225+0000] {dag.py:3954} INFO - Setting next_dagrun for ab_test_medallion_pipeline to 2026-05-07 00:00:00+00:00, run_after=2026-05-08 00:00:00+00:00
[2026-05-07T16:59:37.267+0000] {processor.py:183} INFO - Processing /opt/airflow/dags/pipeline_dag.py took 0.290 seconds
[2026-05-07T17:00:07.625+0000] {processor.py:161} INFO - Started process (PID=7696) to work on /opt/airflow/dags/pipeline_dag.py
[2026-05-07T17:00:07.628+0000] {processor.py:830} INFO - Processing file /opt/airflow/dags/pipeline_dag.py for tasks to queue
[2026-05-07T17:00:07.632+0000] {logging_mixin.py:188} INFO - [2026-05-07T17:00:07.631+0000] {dagbag.py:545} INFO - Filling up the DagBag from /opt/airflow/dags/pipeline_dag.py
[2026-05-07T17:00:07.671+0000] {processor.py:840} INFO - DAG(s) 'ab_test_medallion_pipeline' retrieved from /opt/airflow/dags/pipeline_dag.py
[2026-05-07T17:00:07.749+0000] {logging_mixin.py:188} INFO - [2026-05-07T17:00:07.749+0000] {dag.py:3096} INFO - Sync 1 DAGs
[2026-05-07T17:00:07.800+0000] {logging_mixin.py:188} INFO - [2026-05-07T17:00:07.799+0000] {dag.py:3954} INFO - Setting next_dagrun for ab_test_medallion_pipeline to 2026-05-07 00:00:00+00:00, run_after=2026-05-08 00:00:00+00:00
[2026-05-07T17:00:07.847+0000] {processor.py:183} INFO - Processing /opt/airflow/dags/pipeline_dag.py took 0.251 seconds
[2026-05-07T17:00:37.932+0000] {processor.py:161} INFO - Started process (PID=7701) to work on /opt/airflow/dags/pipeline_dag.py
[2026-05-07T17:00:37.935+0000] {processor.py:830} INFO - Processing file /opt/airflow/dags/pipeline_dag.py for tasks to queue
[2026-05-07T17:00:37.936+0000] {logging_mixin.py:188} INFO - [2026-05-07T17:00:37.936+0000] {dagbag.py:545} INFO - Filling up the DagBag from /opt/airflow/dags/pipeline_dag.py
[2026-05-07T17:00:37.976+0000] {processor.py:840} INFO - DAG(s) 'ab_test_medallion_pipeline' retrieved from /opt/airflow/dags/pipeline_dag.py
[2026-05-07T17:00:38.053+0000] {logging_mixin.py:188} INFO - [2026-05-07T17:00:38.053+0000] {dag.py:3096} INFO - Sync 1 DAGs
[2026-05-07T17:00:38.130+0000] {logging_mixin.py:188} INFO - [2026-05-07T17:00:38.130+0000] {dag.py:3954} INFO - Setting next_dagrun for ab_test_medallion_pipeline to 2026-05-07 00:00:00+00:00, run_after=2026-05-08 00:00:00+00:00
[2026-05-07T17:00:38.166+0000] {processor.py:183} INFO - Processing /opt/airflow/dags/pipeline_dag.py took 0.259 seconds
[2026-05-07T17:01:08.487+0000] {processor.py:161} INFO - Started process (PID=7706) to work on /opt/airflow/dags/pipeline_dag.py
[2026-05-07T17:01:08.489+0000] {processor.py:830} INFO - Processing file /opt/airflow/dags/pipeline_dag.py for tasks to queue
[2026-05-07T17:01:08.490+0000] {logging_mixin.py:188} INFO - [2026-05-07T17:01:08.490+0000] {dagbag.py:545} INFO - Filling up the DagBag from /opt/airflow/dags/pipeline_dag.py
[2026-05-07T17:01:08.536+0000] {processor.py:840} INFO - DAG(s) 'ab_test_medallion_pipeline' retrieved from /opt/airflow/dags/pipeline_dag.py
[2026-05-07T17:01:08.607+0000] {logging_mixin.py:188} INFO - [2026-05-07T17:01:08.606+0000] {dag.py:3096} INFO - Sync 1 DAGs
[2026-05-07T17:01:08.652+0000] {logging_mixin.py:188} INFO - [2026-05-07T17:01:08.652+0000] {dag.py:3954} INFO - Setting next_dagrun for ab_test_medallion_pipeline to 2026-05-07 00:00:00+00:00, run_after=2026-05-08 00:00:00+00:00
[2026-05-07T17:01:08.695+0000] {processor.py:183} INFO - Processing /opt/airflow/dags/pipeline_dag.py took 0.221 seconds
[2026-05-07T17:01:38.905+0000] {processor.py:161} INFO - Started process (PID=7711) to work on /opt/airflow/dags/pipeline_dag.py
[2026-05-07T17:01:38.909+0000] {processor.py:830} INFO - Processing file /opt/airflow/dags/pipeline_dag.py for tasks to queue
[2026-05-07T17:01:38.911+0000] {logging_mixin.py:188} INFO - [2026-05-07T17:01:38.910+0000] {dagbag.py:545} INFO - Filling up the DagBag from /opt/airflow/dags/pipeline_dag.py
[2026-05-07T17:01:38.945+0000] {processor.py:840} INFO - DAG(s) 'ab_test_medallion_pipeline' retrieved from /opt/airflow/dags/pipeline_dag.py
[2026-05-07T17:01:39.017+0000] {logging_mixin.py:188} INFO - [2026-05-07T17:01:39.017+0000] {dag.py:3096} INFO - Sync 1 DAGs
[2026-05-07T17:01:39.071+0000] {logging_mixin.py:188} INFO - [2026-05-07T17:01:39.071+0000] {dag.py:3954} INFO - Setting next_dagrun for ab_test_medallion_pipeline to 2026-05-07 00:00:00+00:00, run_after=2026-05-08 00:00:00+00:00
[2026-05-07T17:01:39.114+0000] {processor.py:183} INFO - Processing /opt/airflow/dags/pipeline_dag.py took 0.226 seconds
[2026-05-07T17:02:09.389+0000] {processor.py:161} INFO - Started process (PID=7716) to work on /opt/airflow/dags/pipeline_dag.py
[2026-05-07T17:02:09.391+0000] {processor.py:830} INFO - Processing file /opt/airflow/dags/pipeline_dag.py for tasks to queue
[2026-05-07T17:02:09.395+0000] {logging_mixin.py:188} INFO - [2026-05-07T17:02:09.393+0000] {dagbag.py:545} INFO - Filling up the DagBag from /opt/airflow/dags/pipeline_dag.py
[2026-05-07T17:02:09.445+0000] {processor.py:840} INFO - DAG(s) 'ab_test_medallion_pipeline' retrieved from /opt/airflow/dags/pipeline_dag.py
[2026-05-07T17:02:09.519+0000] {logging_mixin.py:188} INFO - [2026-05-07T17:02:09.518+0000] {dag.py:3096} INFO - Sync 1 DAGs
[2026-05-07T17:02:09.569+0000] {logging_mixin.py:188} INFO - [2026-05-07T17:02:09.569+0000] {dag.py:3954} INFO - Setting next_dagrun for ab_test_medallion_pipeline to 2026-05-07 00:00:00+00:00, run_after=2026-05-08 00:00:00+00:00
[2026-05-07T17:02:09.611+0000] {processor.py:183} INFO - Processing /opt/airflow/dags/pipeline_dag.py took 0.243 seconds
[2026-05-07T17:02:39.896+0000] {processor.py:161} INFO - Started process (PID=7721) to work on /opt/airflow/dags/pipeline_dag.py
[2026-05-07T17:02:39.900+0000] {processor.py:830} INFO - Processing file /opt/airflow/dags/pipeline_dag.py for tasks to queue
[2026-05-07T17:02:39.902+0000] {logging_mixin.py:188} INFO - [2026-05-07T17:02:39.901+0000] {dagbag.py:545} INFO - Filling up the DagBag from /opt/airflow/dags/pipeline_dag.py
[2026-05-07T17:02:39.934+0000] {processor.py:840} INFO - DAG(s) 'ab_test_medallion_pipeline' retrieved from /opt/airflow/dags/pipeline_dag.py
[2026-05-07T17:02:39.995+0000] {logging_mixin.py:188} INFO - [2026-05-07T17:02:39.994+0000] {dag.py:3096} INFO - Sync 1 DAGs
[2026-05-07T17:02:40.042+0000] {logging_mixin.py:188} INFO - [2026-05-07T17:02:40.041+0000] {dag.py:3954} INFO - Setting next_dagrun for ab_test_medallion_pipeline to 2026-05-07 00:00:00+00:00, run_after=2026-05-08 00:00:00+00:00
[2026-05-07T17:02:40.077+0000] {processor.py:183} INFO - Processing /opt/airflow/dags/pipeline_dag.py took 0.194 seconds
[2026-05-07T17:03:10.281+0000] {processor.py:161} INFO - Started process (PID=7726) to work on /opt/airflow/dags/pipeline_dag.py
[2026-05-07T17:03:10.282+0000] {processor.py:830} INFO - Processing file /opt/airflow/dags/pipeline_dag.py for tasks to queue
[2026-05-07T17:03:10.284+0000] {logging_mixin.py:188} INFO - [2026-05-07T17:03:10.284+0000] {dagbag.py:545} INFO - Filling up the DagBag from /opt/airflow/dags/pipeline_dag.py
[2026-05-07T17:03:10.314+0000] {processor.py:840} INFO - DAG(s) 'ab_test_medallion_pipeline' retrieved from /opt/airflow/dags/pipeline_dag.py
[2026-05-07T17:03:10.382+0000] {logging_mixin.py:188} INFO - [2026-05-07T17:03:10.382+0000] {dag.py:3096} INFO - Sync 1 DAGs
[2026-05-07T17:03:10.426+0000] {logging_mixin.py:188} INFO - [2026-05-07T17:03:10.426+0000] {dag.py:3954} INFO - Setting next_dagrun for ab_test_medallion_pipeline to 2026-05-07 00:00:00+00:00, run_after=2026-05-08 00:00:00+00:00
[2026-05-07T17:03:10.466+0000] {processor.py:183} INFO - Processing /opt/airflow/dags/pipeline_dag.py took 0.200 seconds
[2026-05-07T17:03:40.660+0000] {processor.py:161} INFO - Started process (PID=7731) to work on /opt/airflow/dags/pipeline_dag.py
[2026-05-07T17:03:40.662+0000] {processor.py:830} INFO - Processing file /opt/airflow/dags/pipeline_dag.py for tasks to queue
[2026-05-07T17:03:40.664+0000] {logging_mixin.py:188} INFO - [2026-05-07T17:03:40.663+0000] {dagbag.py:545} INFO - Filling up the DagBag from /opt/airflow/dags/pipeline_dag.py
[2026-05-07T17:03:40.732+0000] {processor.py:840} INFO - DAG(s) 'ab_test_medallion_pipeline' retrieved from /opt/airflow/dags/pipeline_dag.py
[2026-05-07T17:03:40.878+0000] {logging_mixin.py:188} INFO - [2026-05-07T17:03:40.877+0000] {dag.py:3096} INFO - Sync 1 DAGs
[2026-05-07T17:03:40.947+0000] {logging_mixin.py:188} INFO - [2026-05-07T17:03:40.946+0000] {dag.py:3954} INFO - Setting next_dagrun for ab_test_medallion_pipeline to 2026-05-07 00:00:00+00:00, run_after=2026-05-08 00:00:00+00:00
[2026-05-07T17:03:41.034+0000] {processor.py:183} INFO - Processing /opt/airflow/dags/pipeline_dag.py took 0.392 seconds
[2026-05-07T17:04:11.540+0000] {processor.py:161} INFO - Started process (PID=7736) to work on /opt/airflow/dags/pipeline_dag.py
[2026-05-07T17:04:11.543+0000] {processor.py:830} INFO - Processing file /opt/airflow/dags/pipeline_dag.py for tasks to queue
[2026-05-07T17:04:11.548+0000] {logging_mixin.py:188} INFO - [2026-05-07T17:04:11.546+0000] {dagbag.py:545} INFO - Filling up the DagBag from /opt/airflow/dags/pipeline_dag.py
[2026-05-07T17:04:11.614+0000] {processor.py:840} INFO - DAG(s) 'ab_test_medallion_pipeline' retrieved from /opt/airflow/dags/pipeline_dag.py
[2026-05-07T17:04:11.717+0000] {logging_mixin.py:188} INFO - [2026-05-07T17:04:11.716+0000] {dag.py:3096} INFO - Sync 1 DAGs
[2026-05-07T17:04:11.793+0000] {logging_mixin.py:188} INFO - [2026-05-07T17:04:11.793+0000] {dag.py:3954} INFO - Setting next_dagrun for ab_test_medallion_pipeline to 2026-05-07 00:00:00+00:00, run_after=2026-05-08 00:00:00+00:00
[2026-05-07T17:04:11.827+0000] {processor.py:183} INFO - Processing /opt/airflow/dags/pipeline_dag.py took 0.322 seconds
[2026-05-07T17:04:42.216+0000] {processor.py:161} INFO - Started process (PID=7741) to work on /opt/airflow/dags/pipeline_dag.py
[2026-05-07T17:04:42.221+0000] {processor.py:830} INFO - Processing file /opt/airflow/dags/pipeline_dag.py for tasks to queue
[2026-05-07T17:04:42.223+0000] {logging_mixin.py:188} INFO - [2026-05-07T17:04:42.222+0000] {dagbag.py:545} INFO - Filling up the DagBag from /opt/airflow/dags/pipeline_dag.py
[2026-05-07T17:04:42.272+0000] {processor.py:840} INFO - DAG(s) 'ab_test_medallion_pipeline' retrieved from /opt/airflow/dags/pipeline_dag.py
[2026-05-07T17:04:42.332+0000] {logging_mixin.py:188} INFO - [2026-05-07T17:04:42.332+0000] {dag.py:3096} INFO - Sync 1 DAGs
[2026-05-07T17:04:42.380+0000] {logging_mixin.py:188} INFO - [2026-05-07T17:04:42.380+0000] {dag.py:3954} INFO - Setting next_dagrun for ab_test_medallion_pipeline to 2026-05-07 00:00:00+00:00, run_after=2026-05-08 00:00:00+00:00
[2026-05-07T17:04:42.418+0000] {processor.py:183} INFO - Processing /opt/airflow/dags/pipeline_dag.py took 0.232 seconds
[2026-05-07T17:05:12.687+0000] {processor.py:161} INFO - Started process (PID=7746) to work on /opt/airflow/dags/pipeline_dag.py
[2026-05-07T17:05:12.689+0000] {processor.py:830} INFO - Processing file /opt/airflow/dags/pipeline_dag.py for tasks to queue
[2026-05-07T17:05:12.692+0000] {logging_mixin.py:188} INFO - [2026-05-07T17:05:12.691+0000] {dagbag.py:545} INFO - Filling up the DagBag from /opt/airflow/dags/pipeline_dag.py
[2026-05-07T17:05:12.737+0000] {processor.py:840} INFO - DAG(s) 'ab_test_medallion_pipeline' retrieved from /opt/airflow/dags/pipeline_dag.py
[2026-05-07T17:05:12.809+0000] {logging_mixin.py:188} INFO - [2026-05-07T17:05:12.809+0000] {dag.py:3096} INFO - Sync 1 DAGs
[2026-05-07T17:05:12.861+0000] {logging_mixin.py:188} INFO - [2026-05-07T17:05:12.861+0000] {dag.py:3954} INFO - Setting next_dagrun for ab_test_medallion_pipeline to 2026-05-07 00:00:00+00:00, run_after=2026-05-08 00:00:00+00:00
[2026-05-07T17:05:12.906+0000] {processor.py:183} INFO - Processing /opt/airflow/dags/pipeline_dag.py took 0.239 seconds
[2026-05-07T17:05:43.218+0000] {processor.py:161} INFO - Started process (PID=7751) to work on /opt/airflow/dags/pipeline_dag.py
[2026-05-07T17:05:43.220+0000] {processor.py:830} INFO - Processing file /opt/airflow/dags/pipeline_dag.py for tasks to queue
[2026-05-07T17:05:43.224+0000] {logging_mixin.py:188} INFO - [2026-05-07T17:05:43.221+0000] {dagbag.py:545} INFO - Filling up the DagBag from /opt/airflow/dags/pipeline_dag.py
[2026-05-07T17:05:43.262+0000] {processor.py:840} INFO - DAG(s) 'ab_test_medallion_pipeline' retrieved from /opt/airflow/dags/pipeline_dag.py
[2026-05-07T17:05:43.324+0000] {logging_mixin.py:188} INFO - [2026-05-07T17:05:43.324+0000] {dag.py:3096} INFO - Sync 1 DAGs
[2026-05-07T17:05:43.405+0000] {logging_mixin.py:188} INFO - [2026-05-07T17:05:43.405+0000] {dag.py:3954} INFO - Setting next_dagrun for ab_test_medallion_pipeline to 2026-05-07 00:00:00+00:00, run_after=2026-05-08 00:00:00+00:00
[2026-05-07T17:05:43.453+0000] {processor.py:183} INFO - Processing /opt/airflow/dags/pipeline_dag.py took 0.257 seconds
[2026-05-07T17:06:13.830+0000] {processor.py:161} INFO - Started process (PID=7756) to work on /opt/airflow/dags/pipeline_dag.py
[2026-05-07T17:06:13.845+0000] {processor.py:830} INFO - Processing file /opt/airflow/dags/pipeline_dag.py for tasks to queue
[2026-05-07T17:06:13.849+0000] {logging_mixin.py:188} INFO - [2026-05-07T17:06:13.848+0000] {dagbag.py:545} INFO - Filling up the DagBag from /opt/airflow/dags/pipeline_dag.py
[2026-05-07T17:06:13.916+0000] {processor.py:840} INFO - DAG(s) 'ab_test_medallion_pipeline' retrieved from /opt/airflow/dags/pipeline_dag.py
[2026-05-07T17:06:13.994+0000] {logging_mixin.py:188} INFO - [2026-05-07T17:06:13.993+0000] {dag.py:3096} INFO - Sync 1 DAGs
[2026-05-07T17:06:14.047+0000] {logging_mixin.py:188} INFO - [2026-05-07T17:06:14.045+0000] {dag.py:3954} INFO - Setting next_dagrun for ab_test_medallion_pipeline to 2026-05-07 00:00:00+00:00, run_after=2026-05-08 00:00:00+00:00
[2026-05-07T17:06:14.086+0000] {processor.py:183} INFO - Processing /opt/airflow/dags/pipeline_dag.py took 0.336 seconds
[2026-05-07T17:06:44.523+0000] {processor.py:161} INFO - Started process (PID=7761) to work on /opt/airflow/dags/pipeline_dag.py
[2026-05-07T17:06:44.530+0000] {processor.py:830} INFO - Processing file /opt/airflow/dags/pipeline_dag.py for tasks to queue
[2026-05-07T17:06:44.537+0000] {logging_mixin.py:188} INFO - [2026-05-07T17:06:44.534+0000] {dagbag.py:545} INFO - Filling up the DagBag from /opt/airflow/dags/pipeline_dag.py
[2026-05-07T17:06:44.628+0000] {processor.py:840} INFO - DAG(s) 'ab_test_medallion_pipeline' retrieved from /opt/airflow/dags/pipeline_dag.py
[2026-05-07T17:06:44.776+0000] {logging_mixin.py:188} INFO - [2026-05-07T17:06:44.775+0000] {dag.py:3096} INFO - Sync 1 DAGs
[2026-05-07T17:06:44.825+0000] {logging_mixin.py:188} INFO - [2026-05-07T17:06:44.825+0000] {dag.py:3954} INFO - Setting next_dagrun for ab_test_medallion_pipeline to 2026-05-07 00:00:00+00:00, run_after=2026-05-08 00:00:00+00:00
[2026-05-07T17:06:44.862+0000] {processor.py:183} INFO - Processing /opt/airflow/dags/pipeline_dag.py took 0.383 seconds
[2026-05-07T17:07:15.202+0000] {processor.py:161} INFO - Started process (PID=7766) to work on /opt/airflow/dags/pipeline_dag.py
[2026-05-07T17:07:15.204+0000] {processor.py:830} INFO - Processing file /opt/airflow/dags/pipeline_dag.py for tasks to queue
[2026-05-07T17:07:15.206+0000] {logging_mixin.py:188} INFO - [2026-05-07T17:07:15.205+0000] {dagbag.py:545} INFO - Filling up the DagBag from /opt/airflow/dags/pipeline_dag.py
[2026-05-07T17:07:15.244+0000] {processor.py:840} INFO - DAG(s) 'ab_test_medallion_pipeline' retrieved from /opt/airflow/dags/pipeline_dag.py
[2026-05-07T17:07:15.347+0000] {logging_mixin.py:188} INFO - [2026-05-07T17:07:15.347+0000] {dag.py:3096} INFO - Sync 1 DAGs
[2026-05-07T17:07:15.403+0000] {logging_mixin.py:188} INFO - [2026-05-07T17:07:15.402+0000] {dag.py:3954} INFO - Setting next_dagrun for ab_test_medallion_pipeline to 2026-05-07 00:00:00+00:00, run_after=2026-05-08 00:00:00+00:00
[2026-05-07T17:07:15.447+0000] {processor.py:183} INFO - Processing /opt/airflow/dags/pipeline_dag.py took 0.260 seconds
[2026-05-07T17:07:45.657+0000] {processor.py:161} INFO - Started process (PID=7771) to work on /opt/airflow/dags/pipeline_dag.py
[2026-05-07T17:07:45.662+0000] {processor.py:830} INFO - Processing file /opt/airflow/dags/pipeline_dag.py for tasks to queue
[2026-05-07T17:07:45.668+0000] {logging_mixin.py:188} INFO - [2026-05-07T17:07:45.666+0000] {dagbag.py:545} INFO - Filling up the DagBag from /opt/airflow/dags/pipeline_dag.py
[2026-05-07T17:07:45.707+0000] {processor.py:840} INFO - DAG(s) 'ab_test_medallion_pipeline' retrieved from /opt/airflow/dags/pipeline_dag.py
[2026-05-07T17:07:45.803+0000] {logging_mixin.py:188} INFO - [2026-05-07T17:07:45.802+0000] {dag.py:3096} INFO - Sync 1 DAGs
[2026-05-07T17:07:45.847+0000] {logging_mixin.py:188} INFO - [2026-05-07T17:07:45.847+0000] {dag.py:3954} INFO - Setting next_dagrun for ab_test_medallion_pipeline to 2026-05-07 00:00:00+00:00, run_after=2026-05-08 00:00:00+00:00
[2026-05-07T17:07:45.878+0000] {processor.py:183} INFO - Processing /opt/airflow/dags/pipeline_dag.py took 0.274 seconds
[2026-05-07T17:08:16.236+0000] {processor.py:161} INFO - Started process (PID=7776) to work on /opt/airflow/dags/pipeline_dag.py
[2026-05-07T17:08:16.240+0000] {processor.py:830} INFO - Processing file /opt/airflow/dags/pipeline_dag.py for tasks to queue
[2026-05-07T17:08:16.244+0000] {logging_mixin.py:188} INFO - [2026-05-07T17:08:16.243+0000] {dagbag.py:545} INFO - Filling up the DagBag from /opt/airflow/dags/pipeline_dag.py
[2026-05-07T17:08:16.303+0000] {processor.py:840} INFO - DAG(s) 'ab_test_medallion_pipeline' retrieved from /opt/airflow/dags/pipeline_dag.py
[2026-05-07T17:08:16.375+0000] {logging_mixin.py:188} INFO - [2026-05-07T17:08:16.375+0000] {dag.py:3096} INFO - Sync 1 DAGs
[2026-05-07T17:08:16.412+0000] {logging_mixin.py:188} INFO - [2026-05-07T17:08:16.412+0000] {dag.py:3954} INFO - Setting next_dagrun for ab_test_medallion_pipeline to 2026-05-07 00:00:00+00:00, run_after=2026-05-08 00:00:00+00:00
[2026-05-07T17:08:16.450+0000] {processor.py:183} INFO - Processing /opt/airflow/dags/pipeline_dag.py took 0.250 seconds
[2026-05-07T17:08:46.559+0000] {processor.py:161} INFO - Started process (PID=7781) to work on /opt/airflow/dags/pipeline_dag.py
[2026-05-07T17:08:46.563+0000] {processor.py:830} INFO - Processing file /opt/airflow/dags/pipeline_dag.py for tasks to queue
[2026-05-07T17:08:46.567+0000] {logging_mixin.py:188} INFO - [2026-05-07T17:08:46.565+0000] {dagbag.py:545} INFO - Filling up the DagBag from /opt/airflow/dags/pipeline_dag.py
[2026-05-07T17:08:46.670+0000] {processor.py:840} INFO - DAG(s) 'ab_test_medallion_pipeline' retrieved from /opt/airflow/dags/pipeline_dag.py
[2026-05-07T17:08:46.810+0000] {logging_mixin.py:188} INFO - [2026-05-07T17:08:46.810+0000] {dag.py:3096} INFO - Sync 1 DAGs
[2026-05-07T17:08:46.866+0000] {logging_mixin.py:188} INFO - [2026-05-07T17:08:46.865+0000] {dag.py:3954} INFO - Setting next_dagrun for ab_test_medallion_pipeline to 2026-05-07 00:00:00+00:00, run_after=2026-05-08 00:00:00+00:00
[2026-05-07T17:08:46.906+0000] {processor.py:183} INFO - Processing /opt/airflow/dags/pipeline_dag.py took 0.375 seconds
[2026-05-07T17:09:17.010+0000] {processor.py:161} INFO - Started process (PID=7786) to work on /opt/airflow/dags/pipeline_dag.py
[2026-05-07T17:09:17.013+0000] {processor.py:830} INFO - Processing file /opt/airflow/dags/pipeline_dag.py for tasks to queue
[2026-05-07T17:09:17.015+0000] {logging_mixin.py:188} INFO - [2026-05-07T17:09:17.014+0000] {dagbag.py:545} INFO - Filling up the DagBag from /opt/airflow/dags/pipeline_dag.py
[2026-05-07T17:09:17.053+0000] {processor.py:840} INFO - DAG(s) 'ab_test_medallion_pipeline' retrieved from /opt/airflow/dags/pipeline_dag.py
[2026-05-07T17:09:17.115+0000] {logging_mixin.py:188} INFO - [2026-05-07T17:09:17.115+0000] {dag.py:3096} INFO - Sync 1 DAGs
[2026-05-07T17:09:17.153+0000] {logging_mixin.py:188} INFO - [2026-05-07T17:09:17.153+0000] {dag.py:3954} INFO - Setting next_dagrun for ab_test_medallion_pipeline to 2026-05-07 00:00:00+00:00, run_after=2026-05-08 00:00:00+00:00
[2026-05-07T17:09:17.195+0000] {processor.py:183} INFO - Processing /opt/airflow/dags/pipeline_dag.py took 0.204 seconds
[2026-05-07T17:09:47.643+0000] {processor.py:161} INFO - Started process (PID=7791) to work on /opt/airflow/dags/pipeline_dag.py
[2026-05-07T17:09:47.645+0000] {processor.py:830} INFO - Processing file /opt/airflow/dags/pipeline_dag.py for tasks to queue
[2026-05-07T17:09:47.648+0000] {logging_mixin.py:188} INFO - [2026-05-07T17:09:47.647+0000] {dagbag.py:545} INFO - Filling up the DagBag from /opt/airflow/dags/pipeline_dag.py
[2026-05-07T17:09:47.707+0000] {processor.py:840} INFO - DAG(s) 'ab_test_medallion_pipeline' retrieved from /opt/airflow/dags/pipeline_dag.py
[2026-05-07T17:09:47.819+0000] {logging_mixin.py:188} INFO - [2026-05-07T17:09:47.819+0000] {dag.py:3096} INFO - Sync 1 DAGs
[2026-05-07T17:09:47.881+0000] {logging_mixin.py:188} INFO - [2026-05-07T17:09:47.880+0000] {dag.py:3954} INFO - Setting next_dagrun for ab_test_medallion_pipeline to 2026-05-07 00:00:00+00:00, run_after=2026-05-08 00:00:00+00:00
[2026-05-07T17:09:47.918+0000] {processor.py:183} INFO - Processing /opt/airflow/dags/pipeline_dag.py took 0.301 seconds
[2026-05-07T17:10:18.260+0000] {processor.py:161} INFO - Started process (PID=7796) to work on /opt/airflow/dags/pipeline_dag.py
[2026-05-07T17:10:18.266+0000] {processor.py:830} INFO - Processing file /opt/airflow/dags/pipeline_dag.py for tasks to queue
[2026-05-07T17:10:18.269+0000] {logging_mixin.py:188} INFO - [2026-05-07T17:10:18.268+0000] {dagbag.py:545} INFO - Filling up the DagBag from /opt/airflow/dags/pipeline_dag.py
[2026-05-07T17:10:18.313+0000] {processor.py:840} INFO - DAG(s) 'ab_test_medallion_pipeline' retrieved from /opt/airflow/dags/pipeline_dag.py
[2026-05-07T17:10:18.374+0000] {logging_mixin.py:188} INFO - [2026-05-07T17:10:18.374+0000] {dag.py:3096} INFO - Sync 1 DAGs
[2026-05-07T17:10:18.456+0000] {logging_mixin.py:188} INFO - [2026-05-07T17:10:18.455+0000] {dag.py:3954} INFO - Setting next_dagrun for ab_test_medallion_pipeline to 2026-05-07 00:00:00+00:00, run_after=2026-05-08 00:00:00+00:00
[2026-05-07T17:10:18.555+0000] {processor.py:183} INFO - Processing /opt/airflow/dags/pipeline_dag.py took 0.327 seconds
[2026-05-07T17:10:48.994+0000] {processor.py:161} INFO - Started process (PID=7801) to work on /opt/airflow/dags/pipeline_dag.py
[2026-05-07T17:10:49.001+0000] {processor.py:830} INFO - Processing file /opt/airflow/dags/pipeline_dag.py for tasks to queue
[2026-05-07T17:10:49.004+0000] {logging_mixin.py:188} INFO - [2026-05-07T17:10:49.003+0000] {dagbag.py:545} INFO - Filling up the DagBag from /opt/airflow/dags/pipeline_dag.py
[2026-05-07T17:10:49.061+0000] {processor.py:840} INFO - DAG(s) 'ab_test_medallion_pipeline' retrieved from /opt/airflow/dags/pipeline_dag.py
[2026-05-07T17:10:49.129+0000] {logging_mixin.py:188} INFO - [2026-05-07T17:10:49.128+0000] {dag.py:3096} INFO - Sync 1 DAGs
[2026-05-07T17:10:49.182+0000] {logging_mixin.py:188} INFO - [2026-05-07T17:10:49.181+0000] {dag.py:3954} INFO - Setting next_dagrun for ab_test_medallion_pipeline to 2026-05-07 00:00:00+00:00, run_after=2026-05-08 00:00:00+00:00
[2026-05-07T17:10:49.271+0000] {processor.py:183} INFO - Processing /opt/airflow/dags/pipeline_dag.py took 0.327 seconds
[2026-05-07T17:11:19.688+0000] {processor.py:161} INFO - Started process (PID=7806) to work on /opt/airflow/dags/pipeline_dag.py
[2026-05-07T17:11:19.692+0000] {processor.py:830} INFO - Processing file /opt/airflow/dags/pipeline_dag.py for tasks to queue
[2026-05-07T17:11:19.695+0000] {logging_mixin.py:188} INFO - [2026-05-07T17:11:19.694+0000] {dagbag.py:545} INFO - Filling up the DagBag from /opt/airflow/dags/pipeline_dag.py
[2026-05-07T17:11:19.738+0000] {processor.py:840} INFO - DAG(s) 'ab_test_medallion_pipeline' retrieved from /opt/airflow/dags/pipeline_dag.py
[2026-05-07T17:11:19.950+0000] {logging_mixin.py:188} INFO - [2026-05-07T17:11:19.950+0000] {dag.py:3096} INFO - Sync 1 DAGs
[2026-05-07T17:11:20.036+0000] {logging_mixin.py:188} INFO - [2026-05-07T17:11:20.035+0000] {dag.py:3954} INFO - Setting next_dagrun for ab_test_medallion_pipeline to 2026-05-07 00:00:00+00:00, run_after=2026-05-08 00:00:00+00:00
[2026-05-07T17:11:20.078+0000] {processor.py:183} INFO - Processing /opt/airflow/dags/pipeline_dag.py took 0.435 seconds
[2026-05-07T17:11:50.583+0000] {processor.py:161} INFO - Started process (PID=7811) to work on /opt/airflow/dags/pipeline_dag.py
[2026-05-07T17:11:50.593+0000] {processor.py:830} INFO - Processing file /opt/airflow/dags/pipeline_dag.py for tasks to queue
[2026-05-07T17:11:50.600+0000] {logging_mixin.py:188} INFO - [2026-05-07T17:11:50.597+0000] {dagbag.py:545} INFO - Filling up the DagBag from /opt/airflow/dags/pipeline_dag.py
[2026-05-07T17:11:50.675+0000] {processor.py:840} INFO - DAG(s) 'ab_test_medallion_pipeline' retrieved from /opt/airflow/dags/pipeline_dag.py
[2026-05-07T17:11:50.777+0000] {logging_mixin.py:188} INFO - [2026-05-07T17:11:50.777+0000] {dag.py:3096} INFO - Sync 1 DAGs
[2026-05-07T17:11:50.835+0000] {logging_mixin.py:188} INFO - [2026-05-07T17:11:50.834+0000] {dag.py:3954} INFO - Setting next_dagrun for ab_test_medallion_pipeline to 2026-05-07 00:00:00+00:00, run_after=2026-05-08 00:00:00+00:00
[2026-05-07T17:11:50.876+0000] {processor.py:183} INFO - Processing /opt/airflow/dags/pipeline_dag.py took 0.352 seconds
[2026-05-07T17:12:21.273+0000] {processor.py:161} INFO - Started process (PID=7816) to work on /opt/airflow/dags/pipeline_dag.py
[2026-05-07T17:12:21.275+0000] {processor.py:830} INFO - Processing file /opt/airflow/dags/pipeline_dag.py for tasks to queue
[2026-05-07T17:12:21.277+0000] {logging_mixin.py:188} INFO - [2026-05-07T17:12:21.276+0000] {dagbag.py:545} INFO - Filling up the DagBag from /opt/airflow/dags/pipeline_dag.py
[2026-05-07T17:12:21.319+0000] {processor.py:840} INFO - DAG(s) 'ab_test_medallion_pipeline' retrieved from /opt/airflow/dags/pipeline_dag.py
[2026-05-07T17:12:21.393+0000] {logging_mixin.py:188} INFO - [2026-05-07T17:12:21.392+0000] {dag.py:3096} INFO - Sync 1 DAGs
[2026-05-07T17:12:21.436+0000] {logging_mixin.py:188} INFO - [2026-05-07T17:12:21.436+0000] {dag.py:3954} INFO - Setting next_dagrun for ab_test_medallion_pipeline to 2026-05-07 00:00:00+00:00, run_after=2026-05-08 00:00:00+00:00
[2026-05-07T17:12:21.475+0000] {processor.py:183} INFO - Processing /opt/airflow/dags/pipeline_dag.py took 0.214 seconds
[2026-05-07T17:12:51.737+0000] {processor.py:161} INFO - Started process (PID=7821) to work on /opt/airflow/dags/pipeline_dag.py
[2026-05-07T17:12:51.743+0000] {processor.py:830} INFO - Processing file /opt/airflow/dags/pipeline_dag.py for tasks to queue
[2026-05-07T17:12:51.746+0000] {logging_mixin.py:188} INFO - [2026-05-07T17:12:51.744+0000] {dagbag.py:545} INFO - Filling up the DagBag from /opt/airflow/dags/pipeline_dag.py
[2026-05-07T17:12:51.801+0000] {processor.py:840} INFO - DAG(s) 'ab_test_medallion_pipeline' retrieved from /opt/airflow/dags/pipeline_dag.py
[2026-05-07T17:12:51.938+0000] {logging_mixin.py:188} INFO - [2026-05-07T17:12:51.937+0000] {dag.py:3096} INFO - Sync 1 DAGs
[2026-05-07T17:12:51.997+0000] {logging_mixin.py:188} INFO - [2026-05-07T17:12:51.997+0000] {dag.py:3954} INFO - Setting next_dagrun for ab_test_medallion_pipeline to 2026-05-07 00:00:00+00:00, run_after=2026-05-08 00:00:00+00:00
[2026-05-07T17:12:52.029+0000] {processor.py:183} INFO - Processing /opt/airflow/dags/pipeline_dag.py took 0.342 seconds
[2026-05-07T17:13:22.375+0000] {processor.py:161} INFO - Started process (PID=7826) to work on /opt/airflow/dags/pipeline_dag.py
[2026-05-07T17:13:22.381+0000] {processor.py:830} INFO - Processing file /opt/airflow/dags/pipeline_dag.py for tasks to queue
[2026-05-07T17:13:22.391+0000] {logging_mixin.py:188} INFO - [2026-05-07T17:13:22.385+0000] {dagbag.py:545} INFO - Filling up the DagBag from /opt/airflow/dags/pipeline_dag.py
[2026-05-07T17:13:22.488+0000] {processor.py:840} INFO - DAG(s) 'ab_test_medallion_pipeline' retrieved from /opt/airflow/dags/pipeline_dag.py
[2026-05-07T17:13:22.554+0000] {logging_mixin.py:188} INFO - [2026-05-07T17:13:22.554+0000] {dag.py:3096} INFO - Sync 1 DAGs
[2026-05-07T17:13:22.608+0000] {logging_mixin.py:188} INFO - [2026-05-07T17:13:22.608+0000] {dag.py:3954} INFO - Setting next_dagrun for ab_test_medallion_pipeline to 2026-05-07 00:00:00+00:00, run_after=2026-05-08 00:00:00+00:00
[2026-05-07T17:13:22.661+0000] {processor.py:183} INFO - Processing /opt/airflow/dags/pipeline_dag.py took 0.343 seconds
[2026-05-07T17:13:52.927+0000] {processor.py:161} INFO - Started process (PID=7831) to work on /opt/airflow/dags/pipeline_dag.py
[2026-05-07T17:13:52.930+0000] {processor.py:830} INFO - Processing file /opt/airflow/dags/pipeline_dag.py for tasks to queue
[2026-05-07T17:13:52.933+0000] {logging_mixin.py:188} INFO - [2026-05-07T17:13:52.932+0000] {dagbag.py:545} INFO - Filling up the DagBag from /opt/airflow/dags/pipeline_dag.py
[2026-05-07T17:13:52.976+0000] {processor.py:840} INFO - DAG(s) 'ab_test_medallion_pipeline' retrieved from /opt/airflow/dags/pipeline_dag.py
[2026-05-07T17:13:53.052+0000] {logging_mixin.py:188} INFO - [2026-05-07T17:13:53.051+0000] {dag.py:3096} INFO - Sync 1 DAGs
[2026-05-07T17:13:53.090+0000] {logging_mixin.py:188} INFO - [2026-05-07T17:13:53.090+0000] {dag.py:3954} INFO - Setting next_dagrun for ab_test_medallion_pipeline to 2026-05-07 00:00:00+00:00, run_after=2026-05-08 00:00:00+00:00
[2026-05-07T17:13:53.122+0000] {processor.py:183} INFO - Processing /opt/airflow/dags/pipeline_dag.py took 0.229 seconds
[2026-05-07T17:14:23.508+0000] {processor.py:161} INFO - Started process (PID=7836) to work on /opt/airflow/dags/pipeline_dag.py
[2026-05-07T17:14:23.509+0000] {processor.py:830} INFO - Processing file /opt/airflow/dags/pipeline_dag.py for tasks to queue
[2026-05-07T17:14:23.515+0000] {logging_mixin.py:188} INFO - [2026-05-07T17:14:23.514+0000] {dagbag.py:545} INFO - Filling up the DagBag from /opt/airflow/dags/pipeline_dag.py
[2026-05-07T17:14:23.551+0000] {processor.py:840} INFO - DAG(s) 'ab_test_medallion_pipeline' retrieved from /opt/airflow/dags/pipeline_dag.py
[2026-05-07T17:14:23.630+0000] {logging_mixin.py:188} INFO - [2026-05-07T17:14:23.629+0000] {dag.py:3096} INFO - Sync 1 DAGs
[2026-05-07T17:14:23.693+0000] {logging_mixin.py:188} INFO - [2026-05-07T17:14:23.692+0000] {dag.py:3954} INFO - Setting next_dagrun for ab_test_medallion_pipeline to 2026-05-07 00:00:00+00:00, run_after=2026-05-08 00:00:00+00:00
[2026-05-07T17:14:23.741+0000] {processor.py:183} INFO - Processing /opt/airflow/dags/pipeline_dag.py took 0.250 seconds
[2026-05-07T17:14:54.072+0000] {processor.py:161} INFO - Started process (PID=7841) to work on /opt/airflow/dags/pipeline_dag.py
[2026-05-07T17:14:54.078+0000] {processor.py:830} INFO - Processing file /opt/airflow/dags/pipeline_dag.py for tasks to queue
[2026-05-07T17:14:54.081+0000] {logging_mixin.py:188} INFO - [2026-05-07T17:14:54.080+0000] {dagbag.py:545} INFO - Filling up the DagBag from /opt/airflow/dags/pipeline_dag.py
[2026-05-07T17:14:54.132+0000] {processor.py:840} INFO - DAG(s) 'ab_test_medallion_pipeline' retrieved from /opt/airflow/dags/pipeline_dag.py
[2026-05-07T17:14:54.200+0000] {logging_mixin.py:188} INFO - [2026-05-07T17:14:54.200+0000] {dag.py:3096} INFO - Sync 1 DAGs
[2026-05-07T17:14:54.238+0000] {logging_mixin.py:188} INFO - [2026-05-07T17:14:54.238+0000] {dag.py:3954} INFO - Setting next_dagrun for ab_test_medallion_pipeline to 2026-05-07 00:00:00+00:00, run_after=2026-05-08 00:00:00+00:00
[2026-05-07T17:14:54.274+0000] {processor.py:183} INFO - Processing /opt/airflow/dags/pipeline_dag.py took 0.255 seconds
[2026-05-07T17:15:24.572+0000] {processor.py:161} INFO - Started process (PID=7846) to work on /opt/airflow/dags/pipeline_dag.py
[2026-05-07T17:15:24.573+0000] {processor.py:830} INFO - Processing file /opt/airflow/dags/pipeline_dag.py for tasks to queue
[2026-05-07T17:15:24.575+0000] {logging_mixin.py:188} INFO - [2026-05-07T17:15:24.574+0000] {dagbag.py:545} INFO - Filling up the DagBag from /opt/airflow/dags/pipeline_dag.py
[2026-05-07T17:15:24.598+0000] {processor.py:840} INFO - DAG(s) 'ab_test_medallion_pipeline' retrieved from /opt/airflow/dags/pipeline_dag.py
[2026-05-07T17:15:24.649+0000] {logging_mixin.py:188} INFO - [2026-05-07T17:15:24.648+0000] {dag.py:3096} INFO - Sync 1 DAGs
[2026-05-07T17:15:24.696+0000] {logging_mixin.py:188} INFO - [2026-05-07T17:15:24.695+0000] {dag.py:3954} INFO - Setting next_dagrun for ab_test_medallion_pipeline to 2026-05-07 00:00:00+00:00, run_after=2026-05-08 00:00:00+00:00
[2026-05-07T17:15:24.735+0000] {processor.py:183} INFO - Processing /opt/airflow/dags/pipeline_dag.py took 0.175 seconds
[2026-05-07T17:15:54.965+0000] {processor.py:161} INFO - Started process (PID=7851) to work on /opt/airflow/dags/pipeline_dag.py
[2026-05-07T17:15:54.968+0000] {processor.py:830} INFO - Processing file /opt/airflow/dags/pipeline_dag.py for tasks to queue
[2026-05-07T17:15:54.970+0000] {logging_mixin.py:188} INFO - [2026-05-07T17:15:54.969+0000] {dagbag.py:545} INFO - Filling up the DagBag from /opt/airflow/dags/pipeline_dag.py
[2026-05-07T17:15:55.021+0000] {processor.py:840} INFO - DAG(s) 'ab_test_medallion_pipeline' retrieved from /opt/airflow/dags/pipeline_dag.py
[2026-05-07T17:15:55.170+0000] {logging_mixin.py:188} INFO - [2026-05-07T17:15:55.170+0000] {dag.py:3096} INFO - Sync 1 DAGs
[2026-05-07T17:15:55.365+0000] {logging_mixin.py:188} INFO - [2026-05-07T17:15:55.365+0000] {dag.py:3954} INFO - Setting next_dagrun for ab_test_medallion_pipeline to 2026-05-07 00:00:00+00:00, run_after=2026-05-08 00:00:00+00:00
[2026-05-07T17:15:55.646+0000] {processor.py:183} INFO - Processing /opt/airflow/dags/pipeline_dag.py took 0.718 seconds
[2026-05-07T17:16:26.068+0000] {processor.py:161} INFO - Started process (PID=7856) to work on /opt/airflow/dags/pipeline_dag.py
[2026-05-07T17:16:26.070+0000] {processor.py:830} INFO - Processing file /opt/airflow/dags/pipeline_dag.py for tasks to queue
[2026-05-07T17:16:26.071+0000] {logging_mixin.py:188} INFO - [2026-05-07T17:16:26.071+0000] {dagbag.py:545} INFO - Filling up the DagBag from /opt/airflow/dags/pipeline_dag.py
[2026-05-07T17:16:26.100+0000] {processor.py:840} INFO - DAG(s) 'ab_test_medallion_pipeline' retrieved from /opt/airflow/dags/pipeline_dag.py
[2026-05-07T17:16:26.165+0000] {logging_mixin.py:188} INFO - [2026-05-07T17:16:26.164+0000] {dag.py:3096} INFO - Sync 1 DAGs
[2026-05-07T17:16:26.235+0000] {logging_mixin.py:188} INFO - [2026-05-07T17:16:26.234+0000] {dag.py:3954} INFO - Setting next_dagrun for ab_test_medallion_pipeline to 2026-05-07 00:00:00+00:00, run_after=2026-05-08 00:00:00+00:00
[2026-05-07T17:16:26.267+0000] {processor.py:183} INFO - Processing /opt/airflow/dags/pipeline_dag.py took 0.214 seconds
[2026-05-07T17:16:56.722+0000] {processor.py:161} INFO - Started process (PID=7861) to work on /opt/airflow/dags/pipeline_dag.py
[2026-05-07T17:16:56.728+0000] {processor.py:830} INFO - Processing file /opt/airflow/dags/pipeline_dag.py for tasks to queue
[2026-05-07T17:16:56.733+0000] {logging_mixin.py:188} INFO - [2026-05-07T17:16:56.731+0000] {dagbag.py:545} INFO - Filling up the DagBag from /opt/airflow/dags/pipeline_dag.py
[2026-05-07T17:16:56.815+0000] {processor.py:840} INFO - DAG(s) 'ab_test_medallion_pipeline' retrieved from /opt/airflow/dags/pipeline_dag.py
[2026-05-07T17:16:56.957+0000] {logging_mixin.py:188} INFO - [2026-05-07T17:16:56.955+0000] {dag.py:3096} INFO - Sync 1 DAGs
[2026-05-07T17:16:57.037+0000] {logging_mixin.py:188} INFO - [2026-05-07T17:16:57.036+0000] {dag.py:3954} INFO - Setting next_dagrun for ab_test_medallion_pipeline to 2026-05-07 00:00:00+00:00, run_after=2026-05-08 00:00:00+00:00
[2026-05-07T17:16:57.102+0000] {processor.py:183} INFO - Processing /opt/airflow/dags/pipeline_dag.py took 0.434 seconds
[2026-05-07T17:17:27.560+0000] {processor.py:161} INFO - Started process (PID=7866) to work on /opt/airflow/dags/pipeline_dag.py
[2026-05-07T17:17:27.563+0000] {processor.py:830} INFO - Processing file /opt/airflow/dags/pipeline_dag.py for tasks to queue
[2026-05-07T17:17:27.568+0000] {logging_mixin.py:188} INFO - [2026-05-07T17:17:27.567+0000] {dagbag.py:545} INFO - Filling up the DagBag from /opt/airflow/dags/pipeline_dag.py
[2026-05-07T17:17:27.613+0000] {processor.py:840} INFO - DAG(s) 'ab_test_medallion_pipeline' retrieved from /opt/airflow/dags/pipeline_dag.py
[2026-05-07T17:17:27.694+0000] {logging_mixin.py:188} INFO - [2026-05-07T17:17:27.693+0000] {dag.py:3096} INFO - Sync 1 DAGs
[2026-05-07T17:17:27.755+0000] {logging_mixin.py:188} INFO - [2026-05-07T17:17:27.754+0000] {dag.py:3954} INFO - Setting next_dagrun for ab_test_medallion_pipeline to 2026-05-07 00:00:00+00:00, run_after=2026-05-08 00:00:00+00:00
[2026-05-07T17:17:27.795+0000] {processor.py:183} INFO - Processing /opt/airflow/dags/pipeline_dag.py took 0.279 seconds
[2026-05-07T17:17:58.194+0000] {processor.py:161} INFO - Started process (PID=7871) to work on /opt/airflow/dags/pipeline_dag.py
[2026-05-07T17:17:58.197+0000] {processor.py:830} INFO - Processing file /opt/airflow/dags/pipeline_dag.py for tasks to queue
[2026-05-07T17:17:58.208+0000] {logging_mixin.py:188} INFO - [2026-05-07T17:17:58.198+0000] {dagbag.py:545} INFO - Filling up the DagBag from /opt/airflow/dags/pipeline_dag.py
[2026-05-07T17:17:58.391+0000] {processor.py:840} INFO - DAG(s) 'ab_test_medallion_pipeline' retrieved from /opt/airflow/dags/pipeline_dag.py
[2026-05-07T17:17:58.577+0000] {logging_mixin.py:188} INFO - [2026-05-07T17:17:58.576+0000] {dag.py:3096} INFO - Sync 1 DAGs
[2026-05-07T17:17:58.871+0000] {logging_mixin.py:188} INFO - [2026-05-07T17:17:58.870+0000] {dag.py:3954} INFO - Setting next_dagrun for ab_test_medallion_pipeline to 2026-05-07 00:00:00+00:00, run_after=2026-05-08 00:00:00+00:00
[2026-05-07T17:17:59.064+0000] {processor.py:183} INFO - Processing /opt/airflow/dags/pipeline_dag.py took 0.904 seconds
[2026-05-07T17:18:29.270+0000] {processor.py:161} INFO - Started process (PID=7876) to work on /opt/airflow/dags/pipeline_dag.py
[2026-05-07T17:18:29.272+0000] {processor.py:830} INFO - Processing file /opt/airflow/dags/pipeline_dag.py for tasks to queue
[2026-05-07T17:18:29.275+0000] {logging_mixin.py:188} INFO - [2026-05-07T17:18:29.274+0000] {dagbag.py:545} INFO - Filling up the DagBag from /opt/airflow/dags/pipeline_dag.py
[2026-05-07T17:18:29.306+0000] {processor.py:840} INFO - DAG(s) 'ab_test_medallion_pipeline' retrieved from /opt/airflow/dags/pipeline_dag.py
[2026-05-07T17:18:29.382+0000] {logging_mixin.py:188} INFO - [2026-05-07T17:18:29.382+0000] {dag.py:3096} INFO - Sync 1 DAGs
[2026-05-07T17:18:29.429+0000] {logging_mixin.py:188} INFO - [2026-05-07T17:18:29.429+0000] {dag.py:3954} INFO - Setting next_dagrun for ab_test_medallion_pipeline to 2026-05-07 00:00:00+00:00, run_after=2026-05-08 00:00:00+00:00
[2026-05-07T17:18:29.474+0000] {processor.py:183} INFO - Processing /opt/airflow/dags/pipeline_dag.py took 0.218 seconds
[2026-05-07T17:18:59.557+0000] {processor.py:161} INFO - Started process (PID=7881) to work on /opt/airflow/dags/pipeline_dag.py
[2026-05-07T17:18:59.560+0000] {processor.py:830} INFO - Processing file /opt/airflow/dags/pipeline_dag.py for tasks to queue
[2026-05-07T17:18:59.563+0000] {logging_mixin.py:188} INFO - [2026-05-07T17:18:59.562+0000] {dagbag.py:545} INFO - Filling up the DagBag from /opt/airflow/dags/pipeline_dag.py
[2026-05-07T17:18:59.596+0000] {processor.py:840} INFO - DAG(s) 'ab_test_medallion_pipeline' retrieved from /opt/airflow/dags/pipeline_dag.py
[2026-05-07T17:18:59.674+0000] {logging_mixin.py:188} INFO - [2026-05-07T17:18:59.674+0000] {dag.py:3096} INFO - Sync 1 DAGs
[2026-05-07T17:18:59.720+0000] {logging_mixin.py:188} INFO - [2026-05-07T17:18:59.720+0000] {dag.py:3954} INFO - Setting next_dagrun for ab_test_medallion_pipeline to 2026-05-07 00:00:00+00:00, run_after=2026-05-08 00:00:00+00:00
[2026-05-07T17:18:59.756+0000] {processor.py:183} INFO - Processing /opt/airflow/dags/pipeline_dag.py took 0.215 seconds
[2026-05-07T17:19:30.159+0000] {processor.py:161} INFO - Started process (PID=7886) to work on /opt/airflow/dags/pipeline_dag.py
[2026-05-07T17:19:30.161+0000] {processor.py:830} INFO - Processing file /opt/airflow/dags/pipeline_dag.py for tasks to queue
[2026-05-07T17:19:30.173+0000] {logging_mixin.py:188} INFO - [2026-05-07T17:19:30.162+0000] {dagbag.py:545} INFO - Filling up the DagBag from /opt/airflow/dags/pipeline_dag.py
[2026-05-07T17:19:30.237+0000] {processor.py:840} INFO - DAG(s) 'ab_test_medallion_pipeline' retrieved from /opt/airflow/dags/pipeline_dag.py
[2026-05-07T17:19:30.340+0000] {logging_mixin.py:188} INFO - [2026-05-07T17:19:30.340+0000] {dag.py:3096} INFO - Sync 1 DAGs
[2026-05-07T17:19:30.412+0000] {logging_mixin.py:188} INFO - [2026-05-07T17:19:30.411+0000] {dag.py:3954} INFO - Setting next_dagrun for ab_test_medallion_pipeline to 2026-05-07 00:00:00+00:00, run_after=2026-05-08 00:00:00+00:00
[2026-05-07T17:19:30.445+0000] {processor.py:183} INFO - Processing /opt/airflow/dags/pipeline_dag.py took 0.324 seconds
[2026-05-07T17:20:00.656+0000] {processor.py:161} INFO - Started process (PID=7891) to work on /opt/airflow/dags/pipeline_dag.py
[2026-05-07T17:20:00.659+0000] {processor.py:830} INFO - Processing file /opt/airflow/dags/pipeline_dag.py for tasks to queue
[2026-05-07T17:20:00.660+0000] {logging_mixin.py:188} INFO - [2026-05-07T17:20:00.659+0000] {dagbag.py:545} INFO - Filling up the DagBag from /opt/airflow/dags/pipeline_dag.py
[2026-05-07T17:20:00.693+0000] {processor.py:840} INFO - DAG(s) 'ab_test_medallion_pipeline' retrieved from /opt/airflow/dags/pipeline_dag.py
[2026-05-07T17:20:00.753+0000] {logging_mixin.py:188} INFO - [2026-05-07T17:20:00.752+0000] {dag.py:3096} INFO - Sync 1 DAGs
[2026-05-07T17:20:00.802+0000] {logging_mixin.py:188} INFO - [2026-05-07T17:20:00.801+0000] {dag.py:3954} INFO - Setting next_dagrun for ab_test_medallion_pipeline to 2026-05-07 00:00:00+00:00, run_after=2026-05-08 00:00:00+00:00
[2026-05-07T17:20:00.842+0000] {processor.py:183} INFO - Processing /opt/airflow/dags/pipeline_dag.py took 0.201 seconds
[2026-05-07T17:20:31.440+0000] {processor.py:161} INFO - Started process (PID=7896) to work on /opt/airflow/dags/pipeline_dag.py
[2026-05-07T17:20:31.453+0000] {processor.py:830} INFO - Processing file /opt/airflow/dags/pipeline_dag.py for tasks to queue
[2026-05-07T17:20:31.462+0000] {logging_mixin.py:188} INFO - [2026-05-07T17:20:31.461+0000] {dagbag.py:545} INFO - Filling up the DagBag from /opt/airflow/dags/pipeline_dag.py
[2026-05-07T17:20:31.576+0000] {processor.py:840} INFO - DAG(s) 'ab_test_medallion_pipeline' retrieved from /opt/airflow/dags/pipeline_dag.py
[2026-05-07T17:20:31.906+0000] {logging_mixin.py:188} INFO - [2026-05-07T17:20:31.906+0000] {dag.py:3096} INFO - Sync 1 DAGs
[2026-05-07T17:20:32.090+0000] {logging_mixin.py:188} INFO - [2026-05-07T17:20:32.089+0000] {dag.py:3954} INFO - Setting next_dagrun for ab_test_medallion_pipeline to 2026-05-07 00:00:00+00:00, run_after=2026-05-08 00:00:00+00:00
[2026-05-07T17:20:32.221+0000] {processor.py:183} INFO - Processing /opt/airflow/dags/pipeline_dag.py took 0.864 seconds
[2026-05-07T20:20:38.718+0000] {processor.py:161} INFO - Started process (PID=7901) to work on /opt/airflow/dags/pipeline_dag.py
[2026-05-07T20:20:38.721+0000] {processor.py:830} INFO - Processing file /opt/airflow/dags/pipeline_dag.py for tasks to queue
[2026-05-07T20:20:38.732+0000] {logging_mixin.py:188} INFO - [2026-05-07T20:20:38.722+0000] {dagbag.py:545} INFO - Filling up the DagBag from /opt/airflow/dags/pipeline_dag.py
[2026-05-07T20:20:38.972+0000] {processor.py:840} INFO - DAG(s) 'ab_test_medallion_pipeline' retrieved from /opt/airflow/dags/pipeline_dag.py
[2026-05-07T20:20:39.434+0000] {logging_mixin.py:188} INFO - [2026-05-07T20:20:39.433+0000] {dag.py:3096} INFO - Sync 1 DAGs
[2026-05-07T20:20:39.669+0000] {logging_mixin.py:188} INFO - [2026-05-07T20:20:39.668+0000] {dag.py:3954} INFO - Setting next_dagrun for ab_test_medallion_pipeline to 2026-05-07 00:00:00+00:00, run_after=2026-05-08 00:00:00+00:00
[2026-05-07T20:20:39.969+0000] {processor.py:183} INFO - Processing /opt/airflow/dags/pipeline_dag.py took 1.473 seconds
